{
  "dataset_revision": "1840e8a5ac6ec752bbdd97d543ead0189bc7c25b",
  "task_name": "ChemHotpotQARetrieval",
  "mteb_version": "1.36.20",
  "scores": {
    "train": [
      {
        "ndcg_at_1": 0.72222,
        "ndcg_at_3": 0.7685,
        "ndcg_at_5": 0.78428,
        "ndcg_at_10": 0.79536,
        "ndcg_at_20": 0.80731,
        "ndcg_at_100": 0.8162,
        "ndcg_at_1000": 0.81911,
        "map_at_1": 0.70278,
        "map_at_3": 0.7537,
        "map_at_5": 0.76231,
        "map_at_10": 0.76707,
        "map_at_20": 0.77044,
        "map_at_100": 0.77152,
        "map_at_1000": 0.77164,
        "recall_at_1": 0.70278,
        "recall_at_3": 0.80278,
        "recall_at_5": 0.84167,
        "recall_at_10": 0.875,
        "recall_at_20": 0.92222,
        "recall_at_100": 0.97222,
        "recall_at_1000": 0.99444,
        "precision_at_1": 0.72222,
        "precision_at_3": 0.27778,
        "precision_at_5": 0.17444,
        "precision_at_10": 0.09056,
        "precision_at_20": 0.04778,
        "precision_at_100": 0.01006,
        "precision_at_1000": 0.00103,
        "mrr_at_1": 0.722222,
        "mrr_at_3": 0.762963,
        "mrr_at_5": 0.771574,
        "mrr_at_10": 0.776325,
        "mrr_at_20": 0.779269,
        "mrr_at_100": 0.780351,
        "mrr_at_1000": 0.78042,
        "nauc_ndcg_at_1_max": 0.6142,
        "nauc_ndcg_at_1_std": -0.00144,
        "nauc_ndcg_at_1_diff1": 0.862541,
        "nauc_ndcg_at_3_max": 0.553629,
        "nauc_ndcg_at_3_std": -0.004253,
        "nauc_ndcg_at_3_diff1": 0.767482,
        "nauc_ndcg_at_5_max": 0.558931,
        "nauc_ndcg_at_5_std": 0.002265,
        "nauc_ndcg_at_5_diff1": 0.760376,
        "nauc_ndcg_at_10_max": 0.541506,
        "nauc_ndcg_at_10_std": -0.040667,
        "nauc_ndcg_at_10_diff1": 0.752152,
        "nauc_ndcg_at_20_max": 0.540966,
        "nauc_ndcg_at_20_std": -0.017185,
        "nauc_ndcg_at_20_diff1": 0.751579,
        "nauc_ndcg_at_100_max": 0.52768,
        "nauc_ndcg_at_100_std": -0.015287,
        "nauc_ndcg_at_100_diff1": 0.751122,
        "nauc_ndcg_at_1000_max": 0.540475,
        "nauc_ndcg_at_1000_std": -0.012369,
        "nauc_ndcg_at_1000_diff1": 0.764444,
        "nauc_map_at_1_max": 0.53604,
        "nauc_map_at_1_std": -0.051296,
        "nauc_map_at_1_diff1": 0.78792,
        "nauc_map_at_3_max": 0.545998,
        "nauc_map_at_3_std": -0.020038,
        "nauc_map_at_3_diff1": 0.763743,
        "nauc_map_at_5_max": 0.548491,
        "nauc_map_at_5_std": -0.016745,
        "nauc_map_at_5_diff1": 0.759906,
        "nauc_map_at_10_max": 0.541659,
        "nauc_map_at_10_std": -0.033438,
        "nauc_map_at_10_diff1": 0.756695,
        "nauc_map_at_20_max": 0.541568,
        "nauc_map_at_20_std": -0.028157,
        "nauc_map_at_20_diff1": 0.756683,
        "nauc_map_at_100_max": 0.540245,
        "nauc_map_at_100_std": -0.027297,
        "nauc_map_at_100_diff1": 0.756782,
        "nauc_map_at_1000_max": 0.540732,
        "nauc_map_at_1000_std": -0.027003,
        "nauc_map_at_1000_diff1": 0.757314,
        "nauc_recall_at_1_max": 0.53604,
        "nauc_recall_at_1_std": -0.051296,
        "nauc_recall_at_1_diff1": 0.78792,
        "nauc_recall_at_3_max": 0.520184,
        "nauc_recall_at_3_std": 0.002937,
        "nauc_recall_at_3_diff1": 0.708341,
        "nauc_recall_at_5_max": 0.527604,
        "nauc_recall_at_5_std": 0.021968,
        "nauc_recall_at_5_diff1": 0.671287,
        "nauc_recall_at_10_max": 0.439981,
        "nauc_recall_at_10_std": -0.170672,
        "nauc_recall_at_10_diff1": 0.612858,
        "nauc_recall_at_20_max": 0.373683,
        "nauc_recall_at_20_std": -0.028645,
        "nauc_recall_at_20_diff1": 0.52621,
        "nauc_recall_at_100_max": -0.372736,
        "nauc_recall_at_100_std": -0.068814,
        "nauc_recall_at_100_diff1": 0.092624,
        "nauc_recall_at_1000_max": -1.151727,
        "nauc_recall_at_1000_std": -0.171335,
        "nauc_recall_at_1000_diff1": 0.358077,
        "nauc_precision_at_1_max": 0.6142,
        "nauc_precision_at_1_std": -0.00144,
        "nauc_precision_at_1_diff1": 0.862541,
        "nauc_precision_at_3_max": 0.519086,
        "nauc_precision_at_3_std": 0.073796,
        "nauc_precision_at_3_diff1": 0.639521,
        "nauc_precision_at_5_max": 0.526188,
        "nauc_precision_at_5_std": 0.102703,
        "nauc_precision_at_5_diff1": 0.597676,
        "nauc_precision_at_10_max": 0.456274,
        "nauc_precision_at_10_std": -0.03514,
        "nauc_precision_at_10_diff1": 0.537307,
        "nauc_precision_at_20_max": 0.363697,
        "nauc_precision_at_20_std": 0.113165,
        "nauc_precision_at_20_diff1": 0.395,
        "nauc_precision_at_100_max": 0.06275,
        "nauc_precision_at_100_std": 0.197846,
        "nauc_precision_at_100_diff1": 0.131309,
        "nauc_precision_at_1000_max": 0.246502,
        "nauc_precision_at_1000_std": 0.335766,
        "nauc_precision_at_1000_diff1": 0.250576,
        "nauc_mrr_at_1_max": 0.6142,
        "nauc_mrr_at_1_std": -0.00144,
        "nauc_mrr_at_1_diff1": 0.862541,
        "nauc_mrr_at_3_max": 0.602005,
        "nauc_mrr_at_3_std": 0.025364,
        "nauc_mrr_at_3_diff1": 0.830841,
        "nauc_mrr_at_5_max": 0.606618,
        "nauc_mrr_at_5_std": 0.030418,
        "nauc_mrr_at_5_diff1": 0.829322,
        "nauc_mrr_at_10_max": 0.600751,
        "nauc_mrr_at_10_std": 0.014137,
        "nauc_mrr_at_10_diff1": 0.827427,
        "nauc_mrr_at_20_max": 0.601829,
        "nauc_mrr_at_20_std": 0.019933,
        "nauc_mrr_at_20_diff1": 0.827993,
        "nauc_mrr_at_100_max": 0.600793,
        "nauc_mrr_at_100_std": 0.021083,
        "nauc_mrr_at_100_diff1": 0.828486,
        "nauc_mrr_at_1000_max": 0.600778,
        "nauc_mrr_at_1000_std": 0.020969,
        "nauc_mrr_at_1000_diff1": 0.828482,
        "main_score": 0.79536,
        "hf_subset": "default",
        "languages": [
          "eng-Latn"
        ]
      }
    ],
    "dev": [
      {
        "ndcg_at_1": 0.75,
        "ndcg_at_3": 0.82887,
        "ndcg_at_5": 0.82887,
        "ndcg_at_10": 0.865,
        "ndcg_at_20": 0.865,
        "ndcg_at_100": 0.865,
        "ndcg_at_1000": 0.865,
        "map_at_1": 0.75,
        "map_at_3": 0.8125,
        "map_at_5": 0.8125,
        "map_at_10": 0.825,
        "map_at_20": 0.825,
        "map_at_100": 0.825,
        "map_at_1000": 0.825,
        "recall_at_1": 0.75,
        "recall_at_3": 0.875,
        "recall_at_5": 0.875,
        "recall_at_10": 1.0,
        "recall_at_20": 1.0,
        "recall_at_100": 1.0,
        "recall_at_1000": 1.0,
        "precision_at_1": 0.75,
        "precision_at_3": 0.29167,
        "precision_at_5": 0.175,
        "precision_at_10": 0.1,
        "precision_at_20": 0.05,
        "precision_at_100": 0.01,
        "precision_at_1000": 0.001,
        "mrr_at_1": 0.75,
        "mrr_at_3": 0.8125,
        "mrr_at_5": 0.8125,
        "mrr_at_10": 0.825,
        "mrr_at_20": 0.825,
        "mrr_at_100": 0.825,
        "mrr_at_1000": 0.825,
        "nauc_ndcg_at_1_max": 0.831832,
        "nauc_ndcg_at_1_std": -0.030631,
        "nauc_ndcg_at_1_diff1": 0.831832,
        "nauc_ndcg_at_3_max": 0.912246,
        "nauc_ndcg_at_3_std": -0.104654,
        "nauc_ndcg_at_3_diff1": 0.697937,
        "nauc_ndcg_at_5_max": 0.912246,
        "nauc_ndcg_at_5_std": -0.104654,
        "nauc_ndcg_at_5_diff1": 0.697937,
        "nauc_ndcg_at_10_max": 0.887627,
        "nauc_ndcg_at_10_std": -0.081992,
        "nauc_ndcg_at_10_diff1": 0.738928,
        "nauc_ndcg_at_20_max": 0.887627,
        "nauc_ndcg_at_20_std": -0.081992,
        "nauc_ndcg_at_20_diff1": 0.738928,
        "nauc_ndcg_at_100_max": 0.887627,
        "nauc_ndcg_at_100_std": -0.081992,
        "nauc_ndcg_at_100_diff1": 0.738928,
        "nauc_ndcg_at_1000_max": 0.887627,
        "nauc_ndcg_at_1000_std": -0.081992,
        "nauc_ndcg_at_1000_diff1": 0.738928,
        "nauc_map_at_1_max": 0.831832,
        "nauc_map_at_1_std": -0.030631,
        "nauc_map_at_1_diff1": 0.831832,