{
  "dataset_revision": "8fae72a2c75530aaaac6920a02622490d923ca98",
  "task_name": "ChemRxivRetrieval",
  "mteb_version": "1.36.29",
  "scores": {
    "test": [
      {
        "ndcg_at_1": 0.821,
        "ndcg_at_3": 0.88736,
        "ndcg_at_5": 0.89752,
        "ndcg_at_10": 0.90282,
        "ndcg_at_20": 0.90614,
        "ndcg_at_100": 0.90784,
        "ndcg_at_1000": 0.9085,
        "map_at_1": 0.821,
        "map_at_3": 0.8717,
        "map_at_5": 0.8774,
        "map_at_10": 0.87963,
        "map_at_20": 0.88055,
        "map_at_100": 0.8808,
        "map_at_1000": 0.88083,
        "recall_at_1": 0.821,
        "recall_at_3": 0.9324,
        "recall_at_5": 0.9568,
        "recall_at_10": 0.973,
        "recall_at_20": 0.986,
        "recall_at_100": 0.995,
        "recall_at_1000": 1.0,
        "precision_at_1": 0.821,
        "precision_at_3": 0.3108,
        "precision_at_5": 0.19136,
        "precision_at_10": 0.0973,
        "precision_at_20": 0.0493,
        "precision_at_100": 0.00995,
        "precision_at_1000": 0.001,
        "mrr_at_1": 0.8214,
        "mrr_at_3": 0.8719,
        "mrr_at_5": 0.87761,
        "mrr_at_10": 0.879838,
        "mrr_at_20": 0.880763,
        "mrr_at_100": 0.881014,
        "mrr_at_1000": 0.881041,
        "nauc_ndcg_at_1_max": 0.521243,
        "nauc_ndcg_at_1_std": -0.253407,
        "nauc_ndcg_at_1_diff1": 0.830529,
        "nauc_ndcg_at_3_max": 0.58116,
        "nauc_ndcg_at_3_std": -0.263721,
        "nauc_ndcg_at_3_diff1": 0.813662,
        "nauc_ndcg_at_5_max": 0.585015,
        "nauc_ndcg_at_5_std": -0.256419,
        "nauc_ndcg_at_5_diff1": 0.814884,
        "nauc_ndcg_at_10_max": 0.580636,
        "nauc_ndcg_at_10_std": -0.253701,
        "nauc_ndcg_at_10_diff1": 0.816779,
        "nauc_ndcg_at_20_max": 0.574119,
        "nauc_ndcg_at_20_std": -0.248583,
        "nauc_ndcg_at_20_diff1": 0.816972,
        "nauc_ndcg_at_100_max": 0.568666,
        "nauc_ndcg_at_100_std": -0.250008,
        "nauc_ndcg_at_100_diff1": 0.817141,
        "nauc_ndcg_at_1000_max": 0.56643,
        "nauc_ndcg_at_1000_std": -0.253349,
        "nauc_ndcg_at_1000_diff1": 0.817786,
        "nauc_map_at_1_max": 0.521243,
        "nauc_map_at_1_std": -0.253407,
        "nauc_map_at_1_diff1": 0.830529,
        "nauc_map_at_3_max": 0.56214,
        "nauc_map_at_3_std": -0.261435,
        "nauc_map_at_3_diff1": 0.81754,
        "nauc_map_at_5_max": 0.563101,
        "nauc_map_at_5_std": -0.257598,
        "nauc_map_at_5_diff1": 0.818335,
        "nauc_map_at_10_max": 0.561121,
        "nauc_map_at_10_std": -0.256657,
        "nauc_map_at_10_diff1": 0.819042,
        "nauc_map_at_20_max": 0.559553,
        "nauc_map_at_20_std": -0.25543,
        "nauc_map_at_20_diff1": 0.819063,
        "nauc_map_at_100_max": 0.558954,
        "nauc_map_at_100_std": -0.255635,
        "nauc_map_at_100_diff1": 0.819108,
        "nauc_map_at_1000_max": 0.558883,
        "nauc_map_at_1000_std": -0.255734,
        "nauc_map_at_1000_diff1": 0.819126,
        "nauc_recall_at_1_max": 0.521243,
        "nauc_recall_at_1_std": -0.253407,
        "nauc_recall_at_1_diff1": 0.830529,
        "nauc_recall_at_3_max": 0.680559,
        "nauc_recall_at_3_std": -0.274895,
        "nauc_recall_at_3_diff1": 0.794555,
        "nauc_recall_at_5_max": 0.757109,
        "nauc_recall_at_5_std": -0.244337,
        "nauc_recall_at_5_diff1": 0.790119,
        "nauc_recall_at_10_max": 0.815659,
        "nauc_recall_at_10_std": -0.208995,
        "nauc_recall_at_10_diff1": 0.795349,
        "nauc_recall_at_20_max": 0.868034,
        "nauc_recall_at_20_std": -0.046058,
        "nauc_recall_at_20_diff1": 0.782846,
        "nauc_recall_at_100_max": 0.872101,
        "nauc_recall_at_100_std": 0.202894,
        "nauc_recall_at_100_diff1": 0.729468,
        "nauc_recall_at_1000_max": NaN,
        "nauc_recall_at_1000_std": NaN,
        "nauc_recall_at_1000_diff1": NaN,
        "nauc_precision_at_1_max": 0.521243,
        "nauc_precision_at_1_std": -0.253407,
        "nauc_precision_at_1_diff1": 0.830529,
        "nauc_precision_at_3_max": 0.680559,
        "nauc_precision_at_3_std": -0.274895,
        "nauc_precision_at_3_diff1": 0.794555,
        "nauc_precision_at_5_max": 0.757109,
        "nauc_precision_at_5_std": -0.244337,
        "nauc_precision_at_5_diff1": 0.790119,
        "nauc_precision_at_10_max": 0.815659,
        "nauc_precision_at_10_std": -0.208995,
        "nauc_precision_at_10_diff1": 0.795349,
        "nauc_precision_at_20_max": 0.868034,
        "nauc_precision_at_20_std": -0.046058,
        "nauc_precision_at_20_diff1": 0.782846,
        "nauc_precision_at_100_max": 0.872101,
        "nauc_precision_at_100_std": 0.202894,
        "nauc_precision_at_100_diff1": 0.729468,
        "nauc_precision_at_1000_max": 1.0,
        "nauc_precision_at_1000_std": 1.0,
        "nauc_precision_at_1000_diff1": 1.0,
        "nauc_mrr_at_1_max": 0.522331,
        "nauc_mrr_at_1_std": -0.255494,
        "nauc_mrr_at_1_diff1": 0.829869,
        "nauc_mrr_at_3_max": 0.562942,
        "nauc_mrr_at_3_std": -0.262874,
        "nauc_mrr_at_3_diff1": 0.817069,
        "nauc_mrr_at_5_max": 0.563906,
        "nauc_mrr_at_5_std": -0.259185,
        "nauc_mrr_at_5_diff1": 0.817827,
        "nauc_mrr_at_10_max": 0.561939,
        "nauc_mrr_at_10_std": -0.258274,
        "nauc_mrr_at_10_diff1": 0.818525,
        "nauc_mrr_at_20_max": 0.560375,
        "nauc_mrr_at_20_std": -0.257058,
        "nauc_mrr_at_20_diff1": 0.818542,
        "nauc_mrr_at_100_max": 0.559777,
        "nauc_mrr_at_100_std": -0.257267,
        "nauc_mrr_at_100_diff1": 0.818586,
        "nauc_mrr_at_1000_max": 0.559706,
        "nauc_mrr_at_1000_std": -0.257367,
        "nauc_mrr_at_1000_diff1": 0.818605,
        "main_score": 0.90282,
        "hf_subset": "default",
        "languages": [
          "eng-Latn"
        ]
      }
    ]
  },
  "evaluation_time": 189.2472960948944,
  "kg_co2_emissions": null
}