{
  "dataset_revision": "1840e8a5ac6ec752bbdd97d543ead0189bc7c25b",
  "task_name": "ChemHotpotQARetrieval",
  "mteb_version": "1.36.29",
  "scores": {
    "train": [
      {
        "ndcg_at_1": 0.71111,
        "ndcg_at_3": 0.7494,
        "ndcg_at_5": 0.75849,
        "ndcg_at_10": 0.77515,
        "ndcg_at_20": 0.78193,
        "ndcg_at_100": 0.79523,
        "ndcg_at_1000": 0.80097,
        "map_at_1": 0.69167,
        "map_at_3": 0.73611,
        "map_at_5": 0.74111,
        "map_at_10": 0.74871,
        "map_at_20": 0.75044,
        "map_at_100": 0.75221,
        "map_at_1000": 0.75243,
        "recall_at_1": 0.69167,
        "recall_at_3": 0.77778,
        "recall_at_5": 0.8,
        "recall_at_10": 0.85,
        "recall_at_20": 0.87778,
        "recall_at_100": 0.95,
        "recall_at_1000": 0.99444,
        "precision_at_1": 0.71111,
        "precision_at_3": 0.26852,
        "precision_at_5": 0.16556,
        "precision_at_10": 0.08833,
        "precision_at_20": 0.04556,
        "precision_at_100": 0.00983,
        "precision_at_1000": 0.00103,
        "mrr_at_1": 0.711111,
        "mrr_at_3": 0.747222,
        "mrr_at_5": 0.752222,
        "mrr_at_10": 0.758102,
        "mrr_at_20": 0.759829,
        "mrr_at_100": 0.761604,
        "mrr_at_1000": 0.76179,
        "nauc_ndcg_at_1_max": 0.423376,
        "nauc_ndcg_at_1_std": 0.047571,
        "nauc_ndcg_at_1_diff1": 0.838862,
        "nauc_ndcg_at_3_max": 0.338567,
        "nauc_ndcg_at_3_std": -0.051569,
        "nauc_ndcg_at_3_diff1": 0.765746,
        "nauc_ndcg_at_5_max": 0.332989,
        "nauc_ndcg_at_5_std": -0.031438,
        "nauc_ndcg_at_5_diff1": 0.764803,
        "nauc_ndcg_at_10_max": 0.315088,
        "nauc_ndcg_at_10_std": -0.034081,
        "nauc_ndcg_at_10_diff1": 0.76019,
        "nauc_ndcg_at_20_max": 0.302443,
        "nauc_ndcg_at_20_std": -0.026073,
        "nauc_ndcg_at_20_diff1": 0.758676,
        "nauc_ndcg_at_100_max": 0.311846,
        "nauc_ndcg_at_100_std": -0.005,
        "nauc_ndcg_at_100_diff1": 0.756836,
        "nauc_ndcg_at_1000_max": 0.31811,
        "nauc_ndcg_at_1000_std": -0.017173,
        "nauc_ndcg_at_1000_diff1": 0.769089,
        "nauc_map_at_1_max": 0.356005,
        "nauc_map_at_1_std": -0.048096,
        "nauc_map_at_1_diff1": 0.78707,
        "nauc_map_at_3_max": 0.34184,
        "nauc_map_at_3_std": -0.048552,
        "nauc_map_at_3_diff1": 0.761275,
        "nauc_map_at_5_max": 0.33889,
        "nauc_map_at_5_std": -0.037575,
        "nauc_map_at_5_diff1": 0.760735,
        "nauc_map_at_10_max": 0.330006,
        "nauc_map_at_10_std": -0.03944,
        "nauc_map_at_10_diff1": 0.759134,
        "nauc_map_at_20_max": 0.327427,
        "nauc_map_at_20_std": -0.037699,
        "nauc_map_at_20_diff1": 0.758724,
        "nauc_map_at_100_max": 0.32837,
        "nauc_map_at_100_std": -0.034365,
        "nauc_map_at_100_diff1": 0.758604,
        "nauc_map_at_1000_max": 0.328404,
        "nauc_map_at_1000_std": -0.034833,
        "nauc_map_at_1000_diff1": 0.759071,
        "nauc_recall_at_1_max": 0.356005,
        "nauc_recall_at_1_std": -0.048096,
        "nauc_recall_at_1_diff1": 0.78707,
        "nauc_recall_at_3_max": 0.290564,
        "nauc_recall_at_3_std": -0.10927,
        "nauc_recall_at_3_diff1": 0.723652,
        "nauc_recall_at_5_max": 0.269458,
        "nauc_recall_at_5_std": -0.059541,
        "nauc_recall_at_5_diff1": 0.713659,
        "nauc_recall_at_10_max": 0.186282,
        "nauc_recall_at_10_std": -0.071501,
        "nauc_recall_at_10_diff1": 0.679774,
        "nauc_recall_at_20_max": 0.072559,
        "nauc_recall_at_20_std": -0.024846,
        "nauc_recall_at_20_diff1": 0.654204,
        "nauc_recall_at_100_max": -0.045804,
        "nauc_recall_at_100_std": 0.325293,
        "nauc_recall_at_100_diff1": 0.45596,
        "nauc_recall_at_1000_max": -1.151727,
        "nauc_recall_at_1000_std": -0.171335,
        "nauc_recall_at_1000_diff1": 0.869281,
        "nauc_precision_at_1_max": 0.423376,
        "nauc_precision_at_1_std": 0.047571,
        "nauc_precision_at_1_diff1": 0.838862,
        "nauc_precision_at_3_max": 0.349277,
        "nauc_precision_at_3_std": 0.068202,
        "nauc_precision_at_3_diff1": 0.65788,
        "nauc_precision_at_5_max": 0.336418,
        "nauc_precision_at_5_std": 0.127853,
        "nauc_precision_at_5_diff1": 0.646091,
        "nauc_precision_at_10_max": 0.227628,
        "nauc_precision_at_10_std": 0.15645,
        "nauc_precision_at_10_diff1": 0.510453,
        "nauc_precision_at_20_max": 0.150421,
        "nauc_precision_at_20_std": 0.224445,
        "nauc_precision_at_20_diff1": 0.466604,
        "nauc_precision_at_100_max": 0.145984,
        "nauc_precision_at_100_std": 0.601157,
        "nauc_precision_at_100_diff1": 0.223253,
        "nauc_precision_at_1000_max": 0.260883,
        "nauc_precision_at_1000_std": 0.658602,
        "nauc_precision_at_1000_diff1": 0.169495,
        "nauc_mrr_at_1_max": 0.423376,
        "nauc_mrr_at_1_std": 0.047571,
        "nauc_mrr_at_1_diff1": 0.838862,
        "nauc_mrr_at_3_max": 0.380415,
        "nauc_mrr_at_3_std": 0.002005,
        "nauc_mrr_at_3_diff1": 0.816955,
        "nauc_mrr_at_5_max": 0.378058,
        "nauc_mrr_at_5_std": 0.014235,
        "nauc_mrr_at_5_diff1": 0.81739,
        "nauc_mrr_at_10_max": 0.373395,
        "nauc_mrr_at_10_std": 0.011602,
        "nauc_mrr_at_10_diff1": 0.817419,
        "nauc_mrr_at_20_max": 0.371045,
        "nauc_mrr_at_20_std": 0.01375,
        "nauc_mrr_at_20_diff1": 0.817405,
        "nauc_mrr_at_100_max": 0.372363,
        "nauc_mrr_at_100_std": 0.01759,
        "nauc_mrr_at_100_diff1": 0.81775,
        "nauc_mrr_at_1000_max": 0.372171,
        "nauc_mrr_at_1000_std": 0.016923,
        "nauc_mrr_at_1000_diff1": 0.817975,
        "main_score": 0.77515,
        "hf_subset": "default",
        "languages": [
          "eng-Latn"
        ]
      }
    ],
    "dev": [
      {
        "ndcg_at_1": 0.875,
        "ndcg_at_3": 0.875,
        "ndcg_at_5": 0.875,
        "ndcg_at_10": 0.875,
        "ndcg_at_20": 0.875,
        "ndcg_at_100": 0.90263,
        "ndcg_at_1000": 0.90263,
        "map_at_1": 0.875,
        "map_at_3": 0.875,
        "map_at_5": 0.875,
        "map_at_10": 0.875,
        "map_at_20": 0.875,
        "map_at_100": 0.88068,
        "map_at_1000": 0.88068,
        "recall_at_1": 0.875,
        "recall_at_3": 0.875,
        "recall_at_5": 0.875,
        "recall_at_10": 0.875,
        "recall_at_20": 0.875,
        "recall_at_100": 1.0,
        "recall_at_1000": 1.0,
        "precision_at_1": 0.875,
        "precision_at_3": 0.29167,
        "precision_at_5": 0.175,
        "precision_at_10": 0.0875,
        "precision_at_20": 0.04375,
        "precision_at_100": 0.01,
        "precision_at_1000": 0.001,
        "mrr_at_1": 0.875,
        "mrr_at_3": 0.875,
        "mrr_at_5": 0.875,
        "mrr_at_10": 0.875,
        "mrr_at_20": 0.875,
        "mrr_at_100": 0.880682,
        "mrr_at_1000": 0.880682,
        "nauc_ndcg_at_1_max": 1.0,
        "nauc_ndcg_at_1_std": -1.597199,
        "nauc_ndcg_at_1_diff1": 1.0,
        "nauc_ndcg_at_3_max": 1.0,
        "nauc_ndcg_at_3_std": -1.597199,
        "nauc_ndcg_at_3_diff1": 1.0,
        "nauc_ndcg_at_5_max": 1.0,
        "nauc_ndcg_at_5_std": -1.597199,
        "nauc_ndcg_at_5_diff1": 1.0,
        "nauc_ndcg_at_10_max": 1.0,
        "nauc_ndcg_at_10_std": -1.597199,
        "nauc_ndcg_at_10_diff1": 1.0,
        "nauc_ndcg_at_20_max": 1.0,
        "nauc_ndcg_at_20_std": -1.597199,
        "nauc_ndcg_at_20_diff1": 1.0,
        "nauc_ndcg_at_100_max": 1.0,
        "nauc_ndcg_at_100_std": -1.597199,
        "nauc_ndcg_at_100_diff1": 1.0,
        "nauc_ndcg_at_1000_max": 1.0,
        "nauc_ndcg_at_1000_std": -1.597199,
        "nauc_ndcg_at_1000_diff1": 1.0,
        "nauc_map_at_1_max": 1.0,
        "nauc_map_at_1_std": -1.597199,
        "nauc_map_at_1_diff1": 1.0,
        "nauc_map_at_3_max": 1.0,
        "nauc_map_at_3_std": -1.597199,