{
  "dataset_revision": "5d958fb6b31055495347724d46431ba41309b03a",
  "task_name": "ChemNQRetrieval",
  "mteb_version": "1.36.29",
  "scores": {
    "test": [
      {
        "ndcg_at_1": 0.55556,
        "ndcg_at_3": 0.57669,
        "ndcg_at_5": 0.6122,
        "ndcg_at_10": 0.638,
        "ndcg_at_20": 0.66181,
        "ndcg_at_100": 0.66915,
        "ndcg_at_1000": 0.68224,
        "map_at_1": 0.43827,
        "map_at_3": 0.53704,
        "map_at_5": 0.56019,
        "map_at_10": 0.57418,
        "map_at_20": 0.58118,
        "map_at_100": 0.58234,
        "map_at_1000": 0.58285,
        "recall_at_1": 0.43827,
        "recall_at_3": 0.62346,
        "recall_at_5": 0.69753,
        "recall_at_10": 0.7716,
        "recall_at_20": 0.8642,
        "recall_at_100": 0.90123,
        "recall_at_1000": 1.0,
        "precision_at_1": 0.55556,
        "precision_at_3": 0.25926,
        "precision_at_5": 0.17778,
        "precision_at_10": 0.1,
        "precision_at_20": 0.05556,
        "precision_at_100": 0.01148,
        "precision_at_1000": 0.0013,
        "mrr_at_1": 0.555556,
        "mrr_at_3": 0.617284,
        "mrr_at_5": 0.635802,
        "mrr_at_10": 0.639918,
        "mrr_at_20": 0.644742,
        "mrr_at_100": 0.645899,
        "mrr_at_1000": 0.646091,
        "nauc_ndcg_at_1_max": 0.099048,
        "nauc_ndcg_at_1_std": -0.135494,
        "nauc_ndcg_at_1_diff1": -0.001556,
        "nauc_ndcg_at_3_max": 0.093967,
        "nauc_ndcg_at_3_std": -0.046305,
        "nauc_ndcg_at_3_diff1": -0.011795,
        "nauc_ndcg_at_5_max": 0.189331,
        "nauc_ndcg_at_5_std": 0.043348,
        "nauc_ndcg_at_5_diff1": -0.027285,
        "nauc_ndcg_at_10_max": 0.221544,
        "nauc_ndcg_at_10_std": 0.052572,
        "nauc_ndcg_at_10_diff1": -0.03127,
        "nauc_ndcg_at_20_max": 0.198912,
        "nauc_ndcg_at_20_std": 0.049332,
        "nauc_ndcg_at_20_diff1": 0.043337,
        "nauc_ndcg_at_100_max": 0.179046,
        "nauc_ndcg_at_100_std": 0.029312,
        "nauc_ndcg_at_100_diff1": 0.023139,
        "nauc_ndcg_at_1000_max": 0.170171,
        "nauc_ndcg_at_1000_std": 0.013439,
        "nauc_ndcg_at_1000_diff1": 0.007692,
        "nauc_map_at_1_max": -0.087199,
        "nauc_map_at_1_std": -0.124111,
        "nauc_map_at_1_diff1": -0.093497,
        "nauc_map_at_3_max": 0.008414,
        "nauc_map_at_3_std": -0.102699,
        "nauc_map_at_3_diff1": -0.016312,
        "nauc_map_at_5_max": 0.074424,
        "nauc_map_at_5_std": -0.054112,
        "nauc_map_at_5_diff1": -0.027675,
        "nauc_map_at_10_max": 0.104276,
        "nauc_map_at_10_std": -0.03588,
        "nauc_map_at_10_diff1": -0.020647,
        "nauc_map_at_20_max": 0.098791,
        "nauc_map_at_20_std": -0.035296,
        "nauc_map_at_20_diff1": -0.004113,
        "nauc_map_at_100_max": 0.095805,
        "nauc_map_at_100_std": -0.038242,
        "nauc_map_at_100_diff1": -0.006939,
        "nauc_map_at_1000_max": 0.09514,
        "nauc_map_at_1000_std": -0.039074,
        "nauc_map_at_1000_diff1": -0.007115,
        "nauc_recall_at_1_max": -0.087199,
        "nauc_recall_at_1_std": -0.124111,
        "nauc_recall_at_1_diff1": -0.093497,
        "nauc_recall_at_3_max": 0.15081,
        "nauc_recall_at_3_std": 0.051624,
        "nauc_recall_at_3_diff1": 0.002844,
        "nauc_recall_at_5_max": 0.370146,
        "nauc_recall_at_5_std": 0.273595,
        "nauc_recall_at_5_diff1": -0.023213,
        "nauc_recall_at_10_max": 0.482803,
        "nauc_recall_at_10_std": 0.304471,
        "nauc_recall_at_10_diff1": -0.07399,
        "nauc_recall_at_20_max": 0.428509,
        "nauc_recall_at_20_std": 0.388161,
        "nauc_recall_at_20_diff1": 0.480204,
        "nauc_recall_at_100_max": 0.249654,
        "nauc_recall_at_100_std": 0.249654,
        "nauc_recall_at_100_diff1": 0.373169,
        "nauc_recall_at_1000_max": NaN,
        "nauc_recall_at_1000_std": NaN,
        "nauc_recall_at_1000_diff1": NaN,
        "nauc_precision_at_1_max": 0.099048,
        "nauc_precision_at_1_std": -0.135494,
        "nauc_precision_at_1_diff1": -0.001556,
        "nauc_precision_at_3_max": 0.270852,
        "nauc_precision_at_3_std": -0.042345,
        "nauc_precision_at_3_diff1": 0.162733,
        "nauc_precision_at_5_max": 0.496403,
        "nauc_precision_at_5_std": 0.179338,
        "nauc_precision_at_5_diff1": 0.107735,
        "nauc_precision_at_10_max": 0.5344,
        "nauc_precision_at_10_std": 0.19621,
        "nauc_precision_at_10_diff1": 0.080882,
        "nauc_precision_at_20_max": 0.51185,
        "nauc_precision_at_20_std": 0.242852,
        "nauc_precision_at_20_diff1": 0.263593,
        "nauc_precision_at_100_max": 0.476969,
        "nauc_precision_at_100_std": 0.195755,
        "nauc_precision_at_100_diff1": 0.21853,
        "nauc_precision_at_1000_max": 0.354203,
        "nauc_precision_at_1000_std": 0.081282,
        "nauc_precision_at_1000_diff1": 0.139678,
        "nauc_mrr_at_1_max": 0.099048,
        "nauc_mrr_at_1_std": -0.135494,
        "nauc_mrr_at_1_diff1": -0.001556,
        "nauc_mrr_at_3_max": 0.229313,
        "nauc_mrr_at_3_std": -0.018787,
        "nauc_mrr_at_3_diff1": -0.012235,
        "nauc_mrr_at_5_max": 0.264185,
        "nauc_mrr_at_5_std": 0.037834,
        "nauc_mrr_at_5_diff1": -0.018683,
        "nauc_mrr_at_10_max": 0.252454,
        "nauc_mrr_at_10_std": 0.025647,
        "nauc_mrr_at_10_diff1": -0.024065,
        "nauc_mrr_at_20_max": 0.243753,
        "nauc_mrr_at_20_std": 0.017983,
        "nauc_mrr_at_20_diff1": -0.003522,
        "nauc_mrr_at_100_max": 0.241159,
        "nauc_mrr_at_100_std": 0.015051,
        "nauc_mrr_at_100_diff1": -0.006544,
        "nauc_mrr_at_1000_max": 0.240902,
        "nauc_mrr_at_1000_std": 0.014638,
        "nauc_mrr_at_1000_diff1": -0.006931,
        "main_score": 0.638,
        "hf_subset": "default",
        "languages": [
          "eng-Latn"
        ]
      }
    ]
  },
  "evaluation_time": 49.28913187980652,
  "kg_co2_emissions": null
}