{
  "dataset_revision": "1840e8a5ac6ec752bbdd97d543ead0189bc7c25b",
  "task_name": "ChemHotpotQARetrieval",
  "mteb_version": "1.36.29",
  "scores": {
    "train": [
      {
        "ndcg_at_1": 0.85556,
        "ndcg_at_3": 0.90336,
        "ndcg_at_5": 0.91029,
        "ndcg_at_10": 0.91474,
        "ndcg_at_20": 0.91775,
        "ndcg_at_100": 0.91844,
        "ndcg_at_1000": 0.92035,
        "map_at_1": 0.83889,
        "map_at_3": 0.88935,
        "map_at_5": 0.89324,
        "map_at_10": 0.89517,
        "map_at_20": 0.8961,
        "map_at_100": 0.89629,
        "map_at_1000": 0.89638,
        "recall_at_1": 0.83889,
        "recall_at_3": 0.93611,
        "recall_at_5": 0.95278,
        "recall_at_10": 0.96667,
        "recall_at_20": 0.97778,
        "recall_at_100": 0.98056,
        "recall_at_1000": 0.99444,
        "precision_at_1": 0.85556,
        "precision_at_3": 0.32222,
        "precision_at_5": 0.19667,
        "precision_at_10": 0.1,
        "precision_at_20": 0.05056,
        "precision_at_100": 0.01017,
        "precision_at_1000": 0.00103,
        "mrr_at_1": 0.855556,
        "mrr_at_3": 0.897222,
        "mrr_at_5": 0.901111,
        "mrr_at_10": 0.902423,
        "mrr_at_20": 0.903355,
        "mrr_at_100": 0.903355,
        "mrr_at_1000": 0.90341,
        "nauc_ndcg_at_1_max": 0.548436,
        "nauc_ndcg_at_1_std": -0.459908,
        "nauc_ndcg_at_1_diff1": 0.921893,
        "nauc_ndcg_at_3_max": 0.341286,
        "nauc_ndcg_at_3_std": -0.669371,
        "nauc_ndcg_at_3_diff1": 0.78304,
        "nauc_ndcg_at_5_max": 0.321,
        "nauc_ndcg_at_5_std": -0.635191,
        "nauc_ndcg_at_5_diff1": 0.769312,
        "nauc_ndcg_at_10_max": 0.300225,
        "nauc_ndcg_at_10_std": -0.594459,
        "nauc_ndcg_at_10_diff1": 0.764055,
        "nauc_ndcg_at_20_max": 0.27613,
        "nauc_ndcg_at_20_std": -0.613603,
        "nauc_ndcg_at_20_diff1": 0.757522,
        "nauc_ndcg_at_100_max": 0.293439,
        "nauc_ndcg_at_100_std": -0.603183,
        "nauc_ndcg_at_100_diff1": 0.778558,
        "nauc_ndcg_at_1000_max": 0.317447,
        "nauc_ndcg_at_1000_std": -0.605839,
        "nauc_ndcg_at_1000_diff1": 0.796234,
        "nauc_map_at_1_max": 0.37901,
        "nauc_map_at_1_std": -0.535706,
        "nauc_map_at_1_diff1": 0.817465,
        "nauc_map_at_3_max": 0.356578,
        "nauc_map_at_3_std": -0.639084,
        "nauc_map_at_3_diff1": 0.770226,
        "nauc_map_at_5_max": 0.347497,
        "nauc_map_at_5_std": -0.622609,
        "nauc_map_at_5_diff1": 0.763302,
        "nauc_map_at_10_max": 0.341815,
        "nauc_map_at_10_std": -0.608407,
        "nauc_map_at_10_diff1": 0.761795,
        "nauc_map_at_20_max": 0.336239,
        "nauc_map_at_20_std": -0.613478,
        "nauc_map_at_20_diff1": 0.760133,
        "nauc_map_at_100_max": 0.340007,
        "nauc_map_at_100_std": -0.611241,
        "nauc_map_at_100_diff1": 0.764584,
        "nauc_map_at_1000_max": 0.341058,
        "nauc_map_at_1000_std": -0.610933,
        "nauc_map_at_1000_diff1": 0.765624,
        "nauc_recall_at_1_max": 0.37901,
        "nauc_recall_at_1_std": -0.535706,
        "nauc_recall_at_1_diff1": 0.817465,
        "nauc_recall_at_3_max": 0.102363,
        "nauc_recall_at_3_std": -0.914728,
        "nauc_recall_at_3_diff1": 0.645333,
        "nauc_recall_at_5_max": -0.071099,
        "nauc_recall_at_5_std": -0.842615,
        "nauc_recall_at_5_diff1": 0.535536,
        "nauc_recall_at_10_max": -0.400716,
        "nauc_recall_at_10_std": -0.61578,
        "nauc_recall_at_10_diff1": 0.400949,
        "nauc_recall_at_20_max": -1.068394,
        "nauc_recall_at_20_std": -0.872316,
        "nauc_recall_at_20_diff1": 0.134104,
        "nauc_recall_at_100_max": -0.972456,
        "nauc_recall_at_100_std": -0.748366,
        "nauc_recall_at_100_diff1": 0.401827,
        "nauc_recall_at_1000_max": -1.739963,
        "nauc_recall_at_1000_std": -1.739963,
        "nauc_recall_at_1000_diff1": 1.0,
        "nauc_precision_at_1_max": 0.548436,
        "nauc_precision_at_1_std": -0.459908,
        "nauc_precision_at_1_diff1": 0.921893,
        "nauc_precision_at_3_max": 0.3012,
        "nauc_precision_at_3_std": -0.427962,
        "nauc_precision_at_3_diff1": 0.355979,
        "nauc_precision_at_5_max": 0.238312,
        "nauc_precision_at_5_std": -0.279446,
        "nauc_precision_at_5_diff1": 0.226941,
        "nauc_precision_at_10_max": 0.106969,
        "nauc_precision_at_10_std": 0.010394,
        "nauc_precision_at_10_diff1": 0.054353,
        "nauc_precision_at_20_max": -0.034516,
        "nauc_precision_at_20_std": 0.029727,
        "nauc_precision_at_20_diff1": -0.096125,
        "nauc_precision_at_100_max": 0.099416,
        "nauc_precision_at_100_std": 0.155343,
        "nauc_precision_at_100_diff1": 0.045783,
        "nauc_precision_at_1000_max": 0.293613,
        "nauc_precision_at_1000_std": 0.291134,
        "nauc_precision_at_1000_diff1": 0.08186,
        "nauc_mrr_at_1_max": 0.548436,
        "nauc_mrr_at_1_std": -0.459908,
        "nauc_mrr_at_1_diff1": 0.921893,
        "nauc_mrr_at_3_max": 0.478407,
        "nauc_mrr_at_3_std": -0.549407,
        "nauc_mrr_at_3_diff1": 0.908393,
        "nauc_mrr_at_5_max": 0.473615,
        "nauc_mrr_at_5_std": -0.528124,
        "nauc_mrr_at_5_diff1": 0.906573,
        "nauc_mrr_at_10_max": 0.468133,
        "nauc_mrr_at_10_std": -0.515648,
        "nauc_mrr_at_10_diff1": 0.906238,
        "nauc_mrr_at_20_max": 0.463438,
        "nauc_mrr_at_20_std": -0.520138,
        "nauc_mrr_at_20_diff1": 0.905901,
        "nauc_mrr_at_100_max": 0.463438,
        "nauc_mrr_at_100_std": -0.520138,
        "nauc_mrr_at_100_diff1": 0.905901,
        "nauc_mrr_at_1000_max": 0.463736,
        "nauc_mrr_at_1000_std": -0.520286,
        "nauc_mrr_at_1000_diff1": 0.906035,
        "main_score": 0.91474,
        "hf_subset": "default",
        "languages": [
          "eng-Latn"
        ]
      }
    ],
    "dev": [
      {
        "ndcg_at_1": 0.875,
        "ndcg_at_3": 0.875,
        "ndcg_at_5": 0.875,
        "ndcg_at_10": 0.875,
        "ndcg_at_20": 0.90625,
        "ndcg_at_100": 0.90625,
        "ndcg_at_1000": 0.90625,
        "map_at_1": 0.875,
        "map_at_3": 0.875,
        "map_at_5": 0.875,
        "map_at_10": 0.875,
        "map_at_20": 0.88333,
        "map_at_100": 0.88333,
        "map_at_1000": 0.88333,
        "recall_at_1": 0.875,
        "recall_at_3": 0.875,
        "recall_at_5": 0.875,
        "recall_at_10": 0.875,
        "recall_at_20": 1.0,
        "recall_at_100": 1.0,
        "recall_at_1000": 1.0,
        "precision_at_1": 0.875,
        "precision_at_3": 0.29167,
        "precision_at_5": 0.175,
        "precision_at_10": 0.0875,
        "precision_at_20": 0.05,
        "precision_at_100": 0.01,
        "precision_at_1000": 0.001,
        "mrr_at_1": 0.875,
        "mrr_at_3": 0.875,
        "mrr_at_5": 0.875,
        "mrr_at_10": 0.875,
        "mrr_at_20": 0.883333,
        "mrr_at_100": 0.883333,
        "mrr_at_1000": 0.883333,
        "nauc_ndcg_at_1_max": 1.0,
        "nauc_ndcg_at_1_std": 0.128291,
        "nauc_ndcg_at_1_diff1": 1.0,
        "nauc_ndcg_at_3_max": 1.0,
        "nauc_ndcg_at_3_std": 0.128291,
        "nauc_ndcg_at_3_diff1": 1.0,
        "nauc_ndcg_at_5_max": 1.0,
        "nauc_ndcg_at_5_std": 0.128291,
        "nauc_ndcg_at_5_diff1": 1.0,
        "nauc_ndcg_at_10_max": 1.0,
        "nauc_ndcg_at_10_std": 0.128291,
        "nauc_ndcg_at_10_diff1": 1.0,
        "nauc_ndcg_at_20_max": 1.0,
        "nauc_ndcg_at_20_std": 0.128291,
        "nauc_ndcg_at_20_diff1": 1.0,
        "nauc_ndcg_at_100_max": 1.0,
        "nauc_ndcg_at_100_std": 0.128291,
        "nauc_ndcg_at_100_diff1": 1.0,
        "nauc_ndcg_at_1000_max": 1.0,
        "nauc_ndcg_at_1000_std": 0.128291,
        "nauc_ndcg_at_1000_diff1": 1.0,
        "nauc_map_at_1_max": 1.0,
        "nauc_map_at_1_std": 0.128291,
        "nauc_map_at_1_diff1": 1.0,
        "nauc_map_at_3_max": 1.0,