{
  "dataset_revision": "617612fa63afcb60e3b134bed8b7216a99707c37",
  "task_name": "HotpotQAHardNegatives",
  "mteb_version": "1.36.29",
  "scores": {
    "test": [
      {
        "ndcg_at_1": 0.744,
        "ndcg_at_3": 0.62502,
        "ndcg_at_5": 0.65927,
        "ndcg_at_10": 0.68399,
        "ndcg_at_20": 0.70409,
        "ndcg_at_100": 0.7254,
        "ndcg_at_1000": 0.73754,
        "map_at_1": 0.372,
        "map_at_3": 0.55383,
        "map_at_5": 0.58083,
        "map_at_10": 0.59546,
        "map_at_20": 0.60325,
        "map_at_100": 0.60795,
        "map_at_1000": 0.60862,
        "recall_at_1": 0.372,
        "recall_at_3": 0.6035,
        "recall_at_5": 0.671,
        "recall_at_10": 0.7325,
        "recall_at_20": 0.797,
        "recall_at_100": 0.8895,
        "recall_at_1000": 0.9685,
        "precision_at_1": 0.744,
        "precision_at_3": 0.40233,
        "precision_at_5": 0.2684,
        "precision_at_10": 0.1465,
        "precision_at_20": 0.0797,
        "precision_at_100": 0.01779,
        "precision_at_1000": 0.00194,
        "mrr_at_1": 0.744,
        "mrr_at_3": 0.800667,
        "mrr_at_5": 0.808967,
        "mrr_at_10": 0.813625,
        "mrr_at_20": 0.816195,
        "mrr_at_100": 0.816707,
        "mrr_at_1000": 0.816774,
        "nauc_ndcg_at_1_max": 0.439957,
        "nauc_ndcg_at_1_std": -0.161289,
        "nauc_ndcg_at_1_diff1": 0.721944,
        "nauc_ndcg_at_3_max": 0.258418,
        "nauc_ndcg_at_3_std": -0.119414,
        "nauc_ndcg_at_3_diff1": 0.288584,
        "nauc_ndcg_at_5_max": 0.242066,
        "nauc_ndcg_at_5_std": -0.125128,
        "nauc_ndcg_at_5_diff1": 0.26908,
        "nauc_ndcg_at_10_max": 0.237479,
        "nauc_ndcg_at_10_std": -0.113868,
        "nauc_ndcg_at_10_diff1": 0.258593,
        "nauc_ndcg_at_20_max": 0.234506,
        "nauc_ndcg_at_20_std": -0.114513,
        "nauc_ndcg_at_20_diff1": 0.257211,
        "nauc_ndcg_at_100_max": 0.250353,
        "nauc_ndcg_at_100_std": -0.090355,
        "nauc_ndcg_at_100_diff1": 0.279462,
        "nauc_ndcg_at_1000_max": 0.254724,
        "nauc_ndcg_at_1000_std": -0.095765,
        "nauc_ndcg_at_1000_diff1": 0.29058,
        "nauc_map_at_1_max": 0.439957,
        "nauc_map_at_1_std": -0.161289,
        "nauc_map_at_1_diff1": 0.721944,
        "nauc_map_at_3_max": 0.224207,
        "nauc_map_at_3_std": -0.113272,
        "nauc_map_at_3_diff1": 0.224639,
        "nauc_map_at_5_max": 0.215194,
        "nauc_map_at_5_std": -0.118223,
        "nauc_map_at_5_diff1": 0.215986,
        "nauc_map_at_10_max": 0.213821,
        "nauc_map_at_10_std": -0.114008,
        "nauc_map_at_10_diff1": 0.212626,
        "nauc_map_at_20_max": 0.213269,
        "nauc_map_at_20_std": -0.113734,
        "nauc_map_at_20_diff1": 0.212558,
        "nauc_map_at_100_max": 0.216512,
        "nauc_map_at_100_std": -0.109408,
        "nauc_map_at_100_diff1": 0.216682,
        "nauc_map_at_1000_max": 0.2165,
        "nauc_map_at_1000_std": -0.109534,
        "nauc_map_at_1000_diff1": 0.216827,
        "nauc_recall_at_1_max": 0.439957,
        "nauc_recall_at_1_std": -0.161289,
        "nauc_recall_at_1_diff1": 0.721944,
        "nauc_recall_at_3_max": 0.19682,
        "nauc_recall_at_3_std": -0.098537,
        "nauc_recall_at_3_diff1": 0.149804,
        "nauc_recall_at_5_max": 0.152956,
        "nauc_recall_at_5_std": -0.103414,
        "nauc_recall_at_5_diff1": 0.094398,
        "nauc_recall_at_10_max": 0.123045,
        "nauc_recall_at_10_std": -0.06536,
        "nauc_recall_at_10_diff1": 0.037071,
        "nauc_recall_at_20_max": 0.082904,
        "nauc_recall_at_20_std": -0.055601,
        "nauc_recall_at_20_diff1": -0.018664,
        "nauc_recall_at_100_max": 0.116244,
        "nauc_recall_at_100_std": 0.162181,
        "nauc_recall_at_100_diff1": -0.007907,
        "nauc_recall_at_1000_max": 0.081722,
        "nauc_recall_at_1000_std": 0.483327,
        "nauc_recall_at_1000_diff1": -0.124539,
        "nauc_precision_at_1_max": 0.439957,
        "nauc_precision_at_1_std": -0.161289,
        "nauc_precision_at_1_diff1": 0.721944,
        "nauc_precision_at_3_max": 0.19682,
        "nauc_precision_at_3_std": -0.098537,
        "nauc_precision_at_3_diff1": 0.149804,
        "nauc_precision_at_5_max": 0.152956,
        "nauc_precision_at_5_std": -0.103414,
        "nauc_precision_at_5_diff1": 0.094398,
        "nauc_precision_at_10_max": 0.123045,
        "nauc_precision_at_10_std": -0.06536,
        "nauc_precision_at_10_diff1": 0.037071,
        "nauc_precision_at_20_max": 0.082904,
        "nauc_precision_at_20_std": -0.055601,
        "nauc_precision_at_20_diff1": -0.018664,
        "nauc_precision_at_100_max": 0.116244,
        "nauc_precision_at_100_std": 0.162181,
        "nauc_precision_at_100_diff1": -0.007907,
        "nauc_precision_at_1000_max": 0.081722,
        "nauc_precision_at_1000_std": 0.483327,
        "nauc_precision_at_1000_diff1": -0.124539,
        "nauc_mrr_at_1_max": 0.439957,
        "nauc_mrr_at_1_std": -0.161289,
        "nauc_mrr_at_1_diff1": 0.721944,
        "nauc_mrr_at_3_max": 0.45603,
        "nauc_mrr_at_3_std": -0.168248,
        "nauc_mrr_at_3_diff1": 0.710673,
        "nauc_mrr_at_5_max": 0.451906,
        "nauc_mrr_at_5_std": -0.17082,
        "nauc_mrr_at_5_diff1": 0.706167,
        "nauc_mrr_at_10_max": 0.451501,
        "nauc_mrr_at_10_std": -0.166775,
        "nauc_mrr_at_10_diff1": 0.706056,
        "nauc_mrr_at_20_max": 0.450956,
        "nauc_mrr_at_20_std": -0.168548,
        "nauc_mrr_at_20_diff1": 0.706955,
        "nauc_mrr_at_100_max": 0.450736,
        "nauc_mrr_at_100_std": -0.168325,
        "nauc_mrr_at_100_diff1": 0.707127,
        "nauc_mrr_at_1000_max": 0.450709,
        "nauc_mrr_at_1000_std": -0.16851,
        "nauc_mrr_at_1000_diff1": 0.707254,
        "main_score": 0.68399,
        "hf_subset": "default",
        "languages": [
          "eng-Latn"
        ]
      }
    ]
  },
  "evaluation_time": 499.81544160842896,
  "kg_co2_emissions": null
}