{
  "dataset_revision": "5037d69d177c9628fb79cb57eea1299178b28c1b",
  "task_name": "PubChemSynonymPC",
  "mteb_version": "1.36.29",
  "scores": {
    "test": [
      {
        "similarity_accuracy": 0.949219,
        "similarity_accuracy_threshold": 0.581489,
        "similarity_f1": 0.690476,
        "similarity_f1_threshold": 0.581489,
        "similarity_precision": 0.878788,
        "similarity_recall": 0.568627,
        "similarity_ap": 0.683812,
        "cosine_accuracy": 0.949219,
        "cosine_accuracy_threshold": 0.581489,
        "cosine_f1": 0.690476,
        "cosine_f1_threshold": 0.581489,
        "cosine_precision": 0.878788,
        "cosine_recall": 0.568627,
        "cosine_ap": 0.683812,
        "manhattan_accuracy": 0.946777,
        "manhattan_accuracy_threshold": 362.839539,
        "manhattan_f1": 0.649518,
        "manhattan_f1_threshold": 362.839539,
        "manhattan_precision": 0.943925,
        "manhattan_recall": 0.495098,
        "manhattan_ap": 0.62878,
        "euclidean_accuracy": 0.946777,
        "euclidean_accuracy_threshold": 16.500931,
        "euclidean_f1": 0.649518,
        "euclidean_f1_threshold": 16.500931,
        "euclidean_precision": 0.943925,
        "euclidean_recall": 0.495098,
        "euclidean_ap": 0.629783,
        "dot_accuracy": 0.946289,
        "dot_accuracy_threshold": 240.884964,
        "dot_f1": 0.65625,
        "dot_f1_threshold": 240.884964,
        "dot_precision": 0.905172,
        "dot_recall": 0.514706,
        "dot_ap": 0.640519,
        "max_accuracy": 0.949219,
        "max_f1": 0.690476,
        "max_precision": 0.943925,
        "max_recall": 0.568627,
        "max_ap": 0.683812,
        "main_score": 0.683812,
        "hf_subset": "default",
        "languages": [
          "eng-Latn"
        ]
      }
    ]
  },
  "evaluation_time": 3.688593864440918,
  "kg_co2_emissions": null
}