{
  "dataset_revision": "1840e8a5ac6ec752bbdd97d543ead0189bc7c25b",
  "task_name": "ChemHotpotQARetrieval",
  "mteb_version": "1.36.29",
  "scores": {
    "train": [
      {
        "ndcg_at_1": 0.77778,
        "ndcg_at_3": 0.81427,
        "ndcg_at_5": 0.82575,
        "ndcg_at_10": 0.83644,
        "ndcg_at_20": 0.84185,
        "ndcg_at_100": 0.8509,
        "ndcg_at_1000": 0.85471,
        "map_at_1": 0.75833,
        "map_at_3": 0.80185,
        "map_at_5": 0.80824,
        "map_at_10": 0.81261,
        "map_at_20": 0.81399,
        "map_at_100": 0.8154,
        "map_at_1000": 0.81558,
        "recall_at_1": 0.75833,
        "recall_at_3": 0.84167,
        "recall_at_5": 0.86944,
        "recall_at_10": 0.90278,
        "recall_at_20": 0.925,
        "recall_at_100": 0.97222,
        "recall_at_1000": 1.0,
        "precision_at_1": 0.77778,
        "precision_at_3": 0.29074,
        "precision_at_5": 0.18,
        "precision_at_10": 0.09333,
        "precision_at_20": 0.04778,
        "precision_at_100": 0.01006,
        "precision_at_1000": 0.00104,
        "mrr_at_1": 0.777778,
        "mrr_at_3": 0.811111,
        "mrr_at_5": 0.8175,
        "mrr_at_10": 0.821874,
        "mrr_at_20": 0.823254,
        "mrr_at_100": 0.824525,
        "mrr_at_1000": 0.824657,
        "nauc_ndcg_at_1_max": 0.718106,
        "nauc_ndcg_at_1_std": -0.097662,
        "nauc_ndcg_at_1_diff1": 0.905635,
        "nauc_ndcg_at_3_max": 0.626614,
        "nauc_ndcg_at_3_std": -0.211947,
        "nauc_ndcg_at_3_diff1": 0.807864,
        "nauc_ndcg_at_5_max": 0.619433,
        "nauc_ndcg_at_5_std": -0.206332,
        "nauc_ndcg_at_5_diff1": 0.798993,
        "nauc_ndcg_at_10_max": 0.616403,
        "nauc_ndcg_at_10_std": -0.194678,
        "nauc_ndcg_at_10_diff1": 0.794771,
        "nauc_ndcg_at_20_max": 0.611497,
        "nauc_ndcg_at_20_std": -0.186943,
        "nauc_ndcg_at_20_diff1": 0.793297,
        "nauc_ndcg_at_100_max": 0.603466,
        "nauc_ndcg_at_100_std": -0.195766,
        "nauc_ndcg_at_100_diff1": 0.790379,
        "nauc_ndcg_at_1000_max": 0.62427,
        "nauc_ndcg_at_1000_std": -0.186412,
        "nauc_ndcg_at_1000_diff1": 0.80815,
        "nauc_map_at_1_max": 0.609875,
        "nauc_map_at_1_std": -0.182051,
        "nauc_map_at_1_diff1": 0.839121,
        "nauc_map_at_3_max": 0.621068,
        "nauc_map_at_3_std": -0.203766,
        "nauc_map_at_3_diff1": 0.804248,
        "nauc_map_at_5_max": 0.617339,
        "nauc_map_at_5_std": -0.199692,
        "nauc_map_at_5_diff1": 0.799649,
        "nauc_map_at_10_max": 0.616476,
        "nauc_map_at_10_std": -0.195828,
        "nauc_map_at_10_diff1": 0.79792,
        "nauc_map_at_20_max": 0.615465,
        "nauc_map_at_20_std": -0.194306,
        "nauc_map_at_20_diff1": 0.79752,
        "nauc_map_at_100_max": 0.614151,
        "nauc_map_at_100_std": -0.195633,
        "nauc_map_at_100_diff1": 0.797171,
        "nauc_map_at_1000_max": 0.614992,
        "nauc_map_at_1000_std": -0.195173,
        "nauc_map_at_1000_diff1": 0.79784,
        "nauc_recall_at_1_max": 0.609875,
        "nauc_recall_at_1_std": -0.182051,
        "nauc_recall_at_1_diff1": 0.839121,
        "nauc_recall_at_3_max": 0.568718,
        "nauc_recall_at_3_std": -0.288115,
        "nauc_recall_at_3_diff1": 0.737785,
        "nauc_recall_at_5_max": 0.534695,
        "nauc_recall_at_5_std": -0.290684,
        "nauc_recall_at_5_diff1": 0.696569,
        "nauc_recall_at_10_max": 0.486638,
        "nauc_recall_at_10_std": -0.253461,
        "nauc_recall_at_10_diff1": 0.640608,
        "nauc_recall_at_20_max": 0.405142,
        "nauc_recall_at_20_std": -0.20405,
        "nauc_recall_at_20_diff1": 0.581855,
        "nauc_recall_at_100_max": -0.106723,
        "nauc_recall_at_100_std": -0.458637,
        "nauc_recall_at_100_diff1": 0.169094,
        "nauc_recall_at_1000_max": NaN,
        "nauc_recall_at_1000_std": NaN,
        "nauc_recall_at_1000_diff1": NaN,
        "nauc_precision_at_1_max": 0.718106,
        "nauc_precision_at_1_std": -0.097662,
        "nauc_precision_at_1_diff1": 0.905635,
        "nauc_precision_at_3_max": 0.566589,
        "nauc_precision_at_3_std": -0.083905,
        "nauc_precision_at_3_diff1": 0.581741,
        "nauc_precision_at_5_max": 0.539007,
        "nauc_precision_at_5_std": -0.054751,
        "nauc_precision_at_5_diff1": 0.524872,
        "nauc_precision_at_10_max": 0.506588,
        "nauc_precision_at_10_std": 0.028142,
        "nauc_precision_at_10_diff1": 0.445384,
        "nauc_precision_at_20_max": 0.454447,
        "nauc_precision_at_20_std": 0.121861,
        "nauc_precision_at_20_diff1": 0.364572,
        "nauc_precision_at_100_max": 0.200934,
        "nauc_precision_at_100_std": 0.240451,
        "nauc_precision_at_100_diff1": -0.021762,
        "nauc_precision_at_1000_max": 0.396182,
        "nauc_precision_at_1000_std": 0.581854,
        "nauc_precision_at_1000_diff1": 0.050749,
        "nauc_mrr_at_1_max": 0.718106,
        "nauc_mrr_at_1_std": -0.097662,
        "nauc_mrr_at_1_diff1": 0.905635,
        "nauc_mrr_at_3_max": 0.693228,
        "nauc_mrr_at_3_std": -0.152847,
        "nauc_mrr_at_3_diff1": 0.87966,
        "nauc_mrr_at_5_max": 0.691708,
        "nauc_mrr_at_5_std": -0.14695,
        "nauc_mrr_at_5_diff1": 0.877343,
        "nauc_mrr_at_10_max": 0.692577,
        "nauc_mrr_at_10_std": -0.141678,
        "nauc_mrr_at_10_diff1": 0.877391,
        "nauc_mrr_at_20_max": 0.692162,
        "nauc_mrr_at_20_std": -0.139641,
        "nauc_mrr_at_20_diff1": 0.87764,
        "nauc_mrr_at_100_max": 0.691119,
        "nauc_mrr_at_100_std": -0.140955,
        "nauc_mrr_at_100_diff1": 0.877714,
        "nauc_mrr_at_1000_max": 0.691527,
        "nauc_mrr_at_1000_std": -0.140819,
        "nauc_mrr_at_1000_diff1": 0.877915,
        "main_score": 0.83644,
        "hf_subset": "default",
        "languages": [
          "eng-Latn"
        ]
      }
    ],
    "dev": [
      {
        "ndcg_at_1": 0.875,
        "ndcg_at_3": 0.875,
        "ndcg_at_5": 0.875,
        "ndcg_at_10": 0.875,
        "ndcg_at_20": 0.90443,
        "ndcg_at_100": 0.90443,
        "ndcg_at_1000": 0.90443,
        "map_at_1": 0.875,
        "map_at_3": 0.875,
        "map_at_5": 0.875,
        "map_at_10": 0.875,
        "map_at_20": 0.88194,
        "map_at_100": 0.88194,
        "map_at_1000": 0.88194,
        "recall_at_1": 0.875,
        "recall_at_3": 0.875,
        "recall_at_5": 0.875,
        "recall_at_10": 0.875,
        "recall_at_20": 1.0,
        "recall_at_100": 1.0,
        "recall_at_1000": 1.0,
        "precision_at_1": 0.875,
        "precision_at_3": 0.29167,
        "precision_at_5": 0.175,
        "precision_at_10": 0.0875,
        "precision_at_20": 0.05,
        "precision_at_100": 0.01,
        "precision_at_1000": 0.001,
        "mrr_at_1": 0.875,
        "mrr_at_3": 0.875,
        "mrr_at_5": 0.875,
        "mrr_at_10": 0.875,
        "mrr_at_20": 0.881944,
        "mrr_at_100": 0.881944,
        "mrr_at_1000": 0.881944,
        "nauc_ndcg_at_1_max": 1.0,
        "nauc_ndcg_at_1_std": -0.185434,
        "nauc_ndcg_at_1_diff1": 1.0,
        "nauc_ndcg_at_3_max": 1.0,
        "nauc_ndcg_at_3_std": -0.185434,
        "nauc_ndcg_at_3_diff1": 1.0,
        "nauc_ndcg_at_5_max": 1.0,
        "nauc_ndcg_at_5_std": -0.185434,
        "nauc_ndcg_at_5_diff1": 1.0,
        "nauc_ndcg_at_10_max": 1.0,
        "nauc_ndcg_at_10_std": -0.185434,
        "nauc_ndcg_at_10_diff1": 1.0,
        "nauc_ndcg_at_20_max": 1.0,
        "nauc_ndcg_at_20_std": -0.185434,
        "nauc_ndcg_at_20_diff1": 1.0,
        "nauc_ndcg_at_100_max": 1.0,
        "nauc_ndcg_at_100_std": -0.185434,
        "nauc_ndcg_at_100_diff1": 1.0,
        "nauc_ndcg_at_1000_max": 1.0,
        "nauc_ndcg_at_1000_std": -0.185434,
        "nauc_ndcg_at_1000_diff1": 1.0,
        "nauc_map_at_1_max": 1.0,
        "nauc_map_at_1_std": -0.185434,
        "nauc_map_at_1_diff1": 1.0,
        "nauc_map_at_3_max": 1.0,
        "nauc_map_at_3_std": -0.185434,