{
  "dataset_revision": "5d958fb6b31055495347724d46431ba41309b03a",
  "task_name": "ChemNQRetrieval",
  "mteb_version": "1.36.29",
  "scores": {
    "test": [
      {
        "ndcg_at_1": 0.51852,
        "ndcg_at_3": 0.56533,
        "ndcg_at_5": 0.60085,
        "ndcg_at_10": 0.62718,
        "ndcg_at_20": 0.6522,
        "ndcg_at_100": 0.65835,
        "ndcg_at_1000": 0.67128,
        "map_at_1": 0.41975,
        "map_at_3": 0.5216,
        "map_at_5": 0.54475,
        "map_at_10": 0.55926,
        "map_at_20": 0.5674,
        "map_at_100": 0.56798,
        "map_at_1000": 0.56843,
        "recall_at_1": 0.41975,
        "recall_at_3": 0.62346,
        "recall_at_5": 0.69753,
        "recall_at_10": 0.7716,
        "recall_at_20": 0.8642,
        "recall_at_100": 0.90123,
        "recall_at_1000": 1.0,
        "precision_at_1": 0.51852,
        "precision_at_3": 0.25926,
        "precision_at_5": 0.17778,
        "precision_at_10": 0.1,
        "precision_at_20": 0.05556,
        "precision_at_100": 0.01148,
        "precision_at_1000": 0.0013,
        "mrr_at_1": 0.518519,
        "mrr_at_3": 0.598765,
        "mrr_at_5": 0.617284,
        "mrr_at_10": 0.621914,
        "mrr_at_20": 0.627408,
        "mrr_at_100": 0.627987,
        "mrr_at_1000": 0.628235,
        "nauc_ndcg_at_1_max": 0.362641,
        "nauc_ndcg_at_1_std": 0.01936,
        "nauc_ndcg_at_1_diff1": 0.271575,
        "nauc_ndcg_at_3_max": 0.325909,
        "nauc_ndcg_at_3_std": 0.052238,
        "nauc_ndcg_at_3_diff1": 0.109456,
        "nauc_ndcg_at_5_max": 0.354877,
        "nauc_ndcg_at_5_std": 0.078721,
        "nauc_ndcg_at_5_diff1": 0.095847,
        "nauc_ndcg_at_10_max": 0.40879,
        "nauc_ndcg_at_10_std": 0.088092,
        "nauc_ndcg_at_10_diff1": 0.0846,
        "nauc_ndcg_at_20_max": 0.39817,
        "nauc_ndcg_at_20_std": 0.109432,
        "nauc_ndcg_at_20_diff1": 0.159543,
        "nauc_ndcg_at_100_max": 0.386595,
        "nauc_ndcg_at_100_std": 0.094298,
        "nauc_ndcg_at_100_diff1": 0.154661,
        "nauc_ndcg_at_1000_max": 0.379533,
        "nauc_ndcg_at_1000_std": 0.080389,
        "nauc_ndcg_at_1000_diff1": 0.146795,
        "nauc_map_at_1_max": 0.239885,
        "nauc_map_at_1_std": -0.001428,
        "nauc_map_at_1_diff1": 0.167483,
        "nauc_map_at_3_max": 0.265513,
        "nauc_map_at_3_std": -0.003046,
        "nauc_map_at_3_diff1": 0.128129,
        "nauc_map_at_5_max": 0.29188,
        "nauc_map_at_5_std": 0.009911,
        "nauc_map_at_5_diff1": 0.11836,
        "nauc_map_at_10_max": 0.332027,
        "nauc_map_at_10_std": 0.027653,
        "nauc_map_at_10_diff1": 0.121217,
        "nauc_map_at_20_max": 0.32931,
        "nauc_map_at_20_std": 0.037308,
        "nauc_map_at_20_diff1": 0.137218,
        "nauc_map_at_100_max": 0.32827,
        "nauc_map_at_100_std": 0.035982,
        "nauc_map_at_100_diff1": 0.136792,
        "nauc_map_at_1000_max": 0.327539,
        "nauc_map_at_1000_std": 0.035148,
        "nauc_map_at_1000_diff1": 0.136397,
        "nauc_recall_at_1_max": 0.239885,
        "nauc_recall_at_1_std": -0.001428,
        "nauc_recall_at_1_diff1": 0.167483,
        "nauc_recall_at_3_max": 0.315537,
        "nauc_recall_at_3_std": 0.15135,
        "nauc_recall_at_3_diff1": -0.018965,
        "nauc_recall_at_5_max": 0.363951,
        "nauc_recall_at_5_std": 0.199373,
        "nauc_recall_at_5_diff1": -0.052102,
        "nauc_recall_at_10_max": 0.532121,
        "nauc_recall_at_10_std": 0.213229,
        "nauc_recall_at_10_diff1": -0.152514,
        "nauc_recall_at_20_max": 0.496642,
        "nauc_recall_at_20_std": 0.388161,
        "nauc_recall_at_20_diff1": 0.297601,
        "nauc_recall_at_100_max": 0.341082,
        "nauc_recall_at_100_std": 0.249654,
        "nauc_recall_at_100_diff1": 0.265273,
        "nauc_recall_at_1000_max": NaN,
        "nauc_recall_at_1000_std": NaN,
        "nauc_recall_at_1000_diff1": NaN,
        "nauc_precision_at_1_max": 0.362641,
        "nauc_precision_at_1_std": 0.01936,
        "nauc_precision_at_1_diff1": 0.271575,
        "nauc_precision_at_3_max": 0.417846,
        "nauc_precision_at_3_std": 0.048529,
        "nauc_precision_at_3_diff1": 0.162364,
        "nauc_precision_at_5_max": 0.468332,
        "nauc_precision_at_5_std": 0.16997,
        "nauc_precision_at_5_diff1": 0.065774,
        "nauc_precision_at_10_max": 0.561558,
        "nauc_precision_at_10_std": 0.188124,
        "nauc_precision_at_10_diff1": 0.047106,
        "nauc_precision_at_20_max": 0.521303,
        "nauc_precision_at_20_std": 0.30301,
        "nauc_precision_at_20_diff1": 0.178405,
        "nauc_precision_at_100_max": 0.487349,
        "nauc_precision_at_100_std": 0.261811,
        "nauc_precision_at_100_diff1": 0.160843,
        "nauc_precision_at_1000_max": 0.294687,
        "nauc_precision_at_1000_std": 0.14539,
        "nauc_precision_at_1000_diff1": 0.111067,
        "nauc_mrr_at_1_max": 0.362641,
        "nauc_mrr_at_1_std": 0.01936,
        "nauc_mrr_at_1_diff1": 0.271575,
        "nauc_mrr_at_3_max": 0.447877,
        "nauc_mrr_at_3_std": 0.08211,
        "nauc_mrr_at_3_diff1": 0.190658,
        "nauc_mrr_at_5_max": 0.451039,
        "nauc_mrr_at_5_std": 0.109132,
        "nauc_mrr_at_5_diff1": 0.185873,
        "nauc_mrr_at_10_max": 0.440282,
        "nauc_mrr_at_10_std": 0.096541,
        "nauc_mrr_at_10_diff1": 0.174168,
        "nauc_mrr_at_20_max": 0.435379,
        "nauc_mrr_at_20_std": 0.09155,
        "nauc_mrr_at_20_diff1": 0.200347,
        "nauc_mrr_at_100_max": 0.4345,
        "nauc_mrr_at_100_std": 0.090266,
        "nauc_mrr_at_100_diff1": 0.200028,
        "nauc_mrr_at_1000_max": 0.434214,
        "nauc_mrr_at_1000_std": 0.08968,
        "nauc_mrr_at_1000_diff1": 0.199485,
        "main_score": 0.62718,
        "hf_subset": "default",
        "languages": [
          "eng-Latn"
        ]
      }
    ]
  },
  "evaluation_time": 37.54288172721863,
  "kg_co2_emissions": null
}