{
  "dataset_revision": "5037d69d177c9628fb79cb57eea1299178b28c1b",
  "task_name": "PubChemSynonymPC",
  "mteb_version": "1.36.29",
  "scores": {
    "test": [
      {
        "similarity_accuracy": 0.941406,
        "similarity_accuracy_threshold": 0.734509,
        "similarity_f1": 0.608434,
        "similarity_f1_threshold": 0.699762,
        "similarity_precision": 0.789062,
        "similarity_recall": 0.495098,
        "similarity_ap": 0.598832,
        "cosine_accuracy": 0.941406,
        "cosine_accuracy_threshold": 0.734509,
        "cosine_f1": 0.608434,
        "cosine_f1_threshold": 0.699762,
        "cosine_precision": 0.789062,
        "cosine_recall": 0.495098,
        "cosine_ap": 0.598832,
        "manhattan_accuracy": 0.94043,
        "manhattan_accuracy_threshold": 344.874268,
        "manhattan_f1": 0.611465,
        "manhattan_f1_threshold": 344.874268,
        "manhattan_precision": 0.872727,
        "manhattan_recall": 0.470588,
        "manhattan_ap": 0.576996,
        "euclidean_accuracy": 0.939941,
        "euclidean_accuracy_threshold": 15.659794,
        "euclidean_f1": 0.609524,
        "euclidean_f1_threshold": 15.659794,
        "euclidean_precision": 0.864865,
        "euclidean_recall": 0.470588,
        "euclidean_ap": 0.578522,
        "dot_accuracy": 0.929688,
        "dot_accuracy_threshold": 360.975739,
        "dot_f1": 0.516854,
        "dot_f1_threshold": 318.189606,
        "dot_precision": 0.605263,
        "dot_recall": 0.45098,
        "dot_ap": 0.521208,
        "max_accuracy": 0.941406,
        "max_f1": 0.611465,
        "max_precision": 0.872727,
        "max_recall": 0.495098,
        "max_ap": 0.598832,
        "main_score": 0.598832,
        "hf_subset": "default",
        "languages": [
          "eng-Latn"
        ]
      }
    ]
  },
  "evaluation_time": 3.637162685394287,
  "kg_co2_emissions": null
}