{
  "dataset_revision": "8fae72a2c75530aaaac6920a02622490d923ca98",
  "task_name": "ChemRxivNC2",
  "mteb_version": "1.36.29",
  "scores": {
    "test": [
      {
        "ndcg_at_1": 0.679,
        "ndcg_at_3": 0.77353,
        "ndcg_at_5": 0.79464,
        "ndcg_at_10": 0.80634,
        "ndcg_at_20": 0.81258,
        "ndcg_at_100": 0.8186,
        "ndcg_at_1000": 0.82042,
        "map_at_1": 0.679,
        "map_at_3": 0.75083,
        "map_at_5": 0.7626,
        "map_at_10": 0.76754,
        "map_at_20": 0.7693,
        "map_at_100": 0.7702,
        "map_at_1000": 0.77028,
        "recall_at_1": 0.679,
        "recall_at_3": 0.839,
        "recall_at_5": 0.89,
        "recall_at_10": 0.9256,
        "recall_at_20": 0.95,
        "recall_at_100": 0.9814,
        "recall_at_1000": 0.9956,
        "precision_at_1": 0.679,
        "precision_at_3": 0.27967,
        "precision_at_5": 0.178,
        "precision_at_10": 0.09256,
        "precision_at_20": 0.0475,
        "precision_at_100": 0.00981,
        "precision_at_1000": 0.001,
        "mrr_at_1": 0.679,
        "mrr_at_3": 0.750767,
        "mrr_at_5": 0.762567,
        "mrr_at_10": 0.767506,
        "mrr_at_20": 0.769259,
        "mrr_at_100": 0.770166,
        "mrr_at_1000": 0.770239,
        "nauc_ndcg_at_1_max": 0.378361,
        "nauc_ndcg_at_1_std": -0.146036,
        "nauc_ndcg_at_1_diff1": 0.732238,
        "nauc_ndcg_at_3_max": 0.422534,
        "nauc_ndcg_at_3_std": -0.112831,
        "nauc_ndcg_at_3_diff1": 0.691314,
        "nauc_ndcg_at_5_max": 0.43316,
        "nauc_ndcg_at_5_std": -0.101486,
        "nauc_ndcg_at_5_diff1": 0.695438,
        "nauc_ndcg_at_10_max": 0.434236,
        "nauc_ndcg_at_10_std": -0.098531,
        "nauc_ndcg_at_10_diff1": 0.700139,
        "nauc_ndcg_at_20_max": 0.431094,
        "nauc_ndcg_at_20_std": -0.096228,
        "nauc_ndcg_at_20_diff1": 0.703461,
        "nauc_ndcg_at_100_max": 0.424869,
        "nauc_ndcg_at_100_std": -0.101887,
        "nauc_ndcg_at_100_diff1": 0.704803,
        "nauc_ndcg_at_1000_max": 0.422068,
        "nauc_ndcg_at_1000_std": -0.10517,
        "nauc_ndcg_at_1000_diff1": 0.704876,
        "nauc_map_at_1_max": 0.378361,
        "nauc_map_at_1_std": -0.146036,
        "nauc_map_at_1_diff1": 0.732238,
        "nauc_map_at_3_max": 0.409856,
        "nauc_map_at_3_std": -0.122978,
        "nauc_map_at_3_diff1": 0.702573,
        "nauc_map_at_5_max": 0.41455,
        "nauc_map_at_5_std": -0.117985,
        "nauc_map_at_5_diff1": 0.705015,
        "nauc_map_at_10_max": 0.414709,
        "nauc_map_at_10_std": -0.117329,
        "nauc_map_at_10_diff1": 0.706826,
        "nauc_map_at_20_max": 0.413866,
        "nauc_map_at_20_std": -0.116897,
        "nauc_map_at_20_diff1": 0.707682,
        "nauc_map_at_100_max": 0.412964,
        "nauc_map_at_100_std": -0.117556,
        "nauc_map_at_100_diff1": 0.70778,
        "nauc_map_at_1000_max": 0.412887,
        "nauc_map_at_1000_std": -0.117642,
        "nauc_map_at_1000_diff1": 0.707792,
        "nauc_recall_at_1_max": 0.378361,
        "nauc_recall_at_1_std": -0.146036,
        "nauc_recall_at_1_diff1": 0.732238,
        "nauc_recall_at_3_max": 0.474537,
        "nauc_recall_at_3_std": -0.070832,
        "nauc_recall_at_3_diff1": 0.645427,
        "nauc_recall_at_5_max": 0.538297,
        "nauc_recall_at_5_std": -0.006794,
        "nauc_recall_at_5_diff1": 0.644616,
        "nauc_recall_at_10_max": 0.591418,
        "nauc_recall_at_10_std": 0.057958,
        "nauc_recall_at_10_diff1": 0.655586,
        "nauc_recall_at_20_max": 0.625907,
        "nauc_recall_at_20_std": 0.162351,
        "nauc_recall_at_20_diff1": 0.676142,
        "nauc_recall_at_100_max": 0.686857,
        "nauc_recall_at_100_std": 0.326742,
        "nauc_recall_at_100_diff1": 0.702916,
        "nauc_recall_at_1000_max": 0.716429,
        "nauc_recall_at_1000_std": 0.737947,
        "nauc_recall_at_1000_diff1": 0.695718,
        "nauc_precision_at_1_max": 0.378361,
        "nauc_precision_at_1_std": -0.146036,
        "nauc_precision_at_1_diff1": 0.732238,
        "nauc_precision_at_3_max": 0.474537,
        "nauc_precision_at_3_std": -0.070832,
        "nauc_precision_at_3_diff1": 0.645427,
        "nauc_precision_at_5_max": 0.538297,
        "nauc_precision_at_5_std": -0.006794,
        "nauc_precision_at_5_diff1": 0.644616,
        "nauc_precision_at_10_max": 0.591418,
        "nauc_precision_at_10_std": 0.057958,
        "nauc_precision_at_10_diff1": 0.655586,
        "nauc_precision_at_20_max": 0.625907,
        "nauc_precision_at_20_std": 0.162351,
        "nauc_precision_at_20_diff1": 0.676142,
        "nauc_precision_at_100_max": 0.686857,
        "nauc_precision_at_100_std": 0.326742,
        "nauc_precision_at_100_diff1": 0.702916,
        "nauc_precision_at_1000_max": 0.716429,
        "nauc_precision_at_1000_std": 0.737947,
        "nauc_precision_at_1000_diff1": 0.695718,
        "nauc_mrr_at_1_max": 0.379275,
        "nauc_mrr_at_1_std": -0.147093,
        "nauc_mrr_at_1_diff1": 0.732238,
        "nauc_mrr_at_3_max": 0.410422,
        "nauc_mrr_at_3_std": -0.124129,
        "nauc_mrr_at_3_diff1": 0.702692,
        "nauc_mrr_at_5_max": 0.415156,
        "nauc_mrr_at_5_std": -0.118875,
        "nauc_mrr_at_5_diff1": 0.705077,
        "nauc_mrr_at_10_max": 0.415329,
        "nauc_mrr_at_10_std": -0.118239,
        "nauc_mrr_at_10_diff1": 0.706889,
        "nauc_mrr_at_20_max": 0.414492,
        "nauc_mrr_at_20_std": -0.117816,
        "nauc_mrr_at_20_diff1": 0.707746,
        "nauc_mrr_at_100_max": 0.413592,
        "nauc_mrr_at_100_std": -0.118478,
        "nauc_mrr_at_100_diff1": 0.707843,
        "nauc_mrr_at_1000_max": 0.413515,
        "nauc_mrr_at_1000_std": -0.118565,
        "nauc_mrr_at_1000_diff1": 0.707856,
        "main_score": 0.80634,
        "hf_subset": "default",
        "languages": [
          "eng-Latn"
        ]
      }
    ]
  },
  "evaluation_time": 173.2497901916504,
  "kg_co2_emissions": null
}