{
  "dataset_revision": "8fae72a2c75530aaaac6920a02622490d923ca98",
  "task_name": "ChemRxivNC2",
  "mteb_version": "1.36.29",
  "scores": {
    "test": [
      {
        "ndcg_at_1": 0.7452,
        "ndcg_at_3": 0.83268,
        "ndcg_at_5": 0.84795,
        "ndcg_at_10": 0.85732,
        "ndcg_at_20": 0.86142,
        "ndcg_at_100": 0.8648,
        "ndcg_at_1000": 0.86566,
        "map_at_1": 0.7452,
        "map_at_3": 0.81157,
        "map_at_5": 0.82016,
        "map_at_10": 0.82413,
        "map_at_20": 0.82529,
        "map_at_100": 0.82579,
        "map_at_1000": 0.82582,
        "recall_at_1": 0.7452,
        "recall_at_3": 0.8936,
        "recall_at_5": 0.9302,
        "recall_at_10": 0.9586,
        "recall_at_20": 0.9746,
        "recall_at_100": 0.9924,
        "recall_at_1000": 0.9992,
        "precision_at_1": 0.7452,
        "precision_at_3": 0.29787,
        "precision_at_5": 0.18604,
        "precision_at_10": 0.09586,
        "precision_at_20": 0.04873,
        "precision_at_100": 0.00992,
        "precision_at_1000": 0.001,
        "mrr_at_1": 0.7438,
        "mrr_at_3": 0.8107,
        "mrr_at_5": 0.81944,
        "mrr_at_10": 0.823414,
        "mrr_at_20": 0.824569,
        "mrr_at_100": 0.825069,
        "mrr_at_1000": 0.8251,
        "nauc_ndcg_at_1_max": 0.40411,
        "nauc_ndcg_at_1_std": -0.201104,
        "nauc_ndcg_at_1_diff1": 0.778742,
        "nauc_ndcg_at_3_max": 0.45502,
        "nauc_ndcg_at_3_std": -0.186121,
        "nauc_ndcg_at_3_diff1": 0.742203,
        "nauc_ndcg_at_5_max": 0.459363,
        "nauc_ndcg_at_5_std": -0.168966,
        "nauc_ndcg_at_5_diff1": 0.746666,
        "nauc_ndcg_at_10_max": 0.460475,
        "nauc_ndcg_at_10_std": -0.16991,
        "nauc_ndcg_at_10_diff1": 0.750205,
        "nauc_ndcg_at_20_max": 0.454623,
        "nauc_ndcg_at_20_std": -0.170207,
        "nauc_ndcg_at_20_diff1": 0.751534,
        "nauc_ndcg_at_100_max": 0.449267,
        "nauc_ndcg_at_100_std": -0.175597,
        "nauc_ndcg_at_100_diff1": 0.754633,
        "nauc_ndcg_at_1000_max": 0.446529,
        "nauc_ndcg_at_1000_std": -0.177558,
        "nauc_ndcg_at_1000_diff1": 0.754254,
        "nauc_map_at_1_max": 0.40411,
        "nauc_map_at_1_std": -0.201104,
        "nauc_map_at_1_diff1": 0.778742,
        "nauc_map_at_3_max": 0.439113,
        "nauc_map_at_3_std": -0.191304,
        "nauc_map_at_3_diff1": 0.752208,
        "nauc_map_at_5_max": 0.440388,
        "nauc_map_at_5_std": -0.183243,
        "nauc_map_at_5_diff1": 0.754791,
        "nauc_map_at_10_max": 0.440617,
        "nauc_map_at_10_std": -0.183566,
        "nauc_map_at_10_diff1": 0.756283,
        "nauc_map_at_20_max": 0.439157,
        "nauc_map_at_20_std": -0.183741,
        "nauc_map_at_20_diff1": 0.756588,
        "nauc_map_at_100_max": 0.438517,
        "nauc_map_at_100_std": -0.1843,
        "nauc_map_at_100_diff1": 0.756958,
        "nauc_map_at_1000_max": 0.438439,
        "nauc_map_at_1000_std": -0.184345,
        "nauc_map_at_1000_diff1": 0.756948,
        "nauc_recall_at_1_max": 0.40411,
        "nauc_recall_at_1_std": -0.201104,
        "nauc_recall_at_1_diff1": 0.778742,
        "nauc_recall_at_3_max": 0.530058,
        "nauc_recall_at_3_std": -0.161332,
        "nauc_recall_at_3_diff1": 0.69597,
        "nauc_recall_at_5_max": 0.58951,
        "nauc_recall_at_5_std": -0.066509,
        "nauc_recall_at_5_diff1": 0.694551,
        "nauc_recall_at_10_max": 0.683142,
        "nauc_recall_at_10_std": -0.012598,
        "nauc_recall_at_10_diff1": 0.691525,
        "nauc_recall_at_20_max": 0.709235,
        "nauc_recall_at_20_std": 0.081442,
        "nauc_recall_at_20_diff1": 0.682367,
        "nauc_recall_at_100_max": 0.8381,
        "nauc_recall_at_100_std": 0.177036,
        "nauc_recall_at_100_diff1": 0.783343,
        "nauc_recall_at_1000_max": 0.786415,
        "nauc_recall_at_1000_std": 0.632937,
        "nauc_recall_at_1000_diff1": 0.576914,
        "nauc_precision_at_1_max": 0.40411,
        "nauc_precision_at_1_std": -0.201104,
        "nauc_precision_at_1_diff1": 0.778742,
        "nauc_precision_at_3_max": 0.530058,
        "nauc_precision_at_3_std": -0.161332,
        "nauc_precision_at_3_diff1": 0.69597,
        "nauc_precision_at_5_max": 0.58951,
        "nauc_precision_at_5_std": -0.066509,
        "nauc_precision_at_5_diff1": 0.694551,
        "nauc_precision_at_10_max": 0.683142,
        "nauc_precision_at_10_std": -0.012598,
        "nauc_precision_at_10_diff1": 0.691525,
        "nauc_precision_at_20_max": 0.709235,
        "nauc_precision_at_20_std": 0.081442,
        "nauc_precision_at_20_diff1": 0.682367,
        "nauc_precision_at_100_max": 0.8381,
        "nauc_precision_at_100_std": 0.177036,
        "nauc_precision_at_100_diff1": 0.783343,
        "nauc_precision_at_1000_max": 0.786415,
        "nauc_precision_at_1000_std": 0.632937,
        "nauc_precision_at_1000_diff1": 0.576914,
        "nauc_mrr_at_1_max": 0.399346,
        "nauc_mrr_at_1_std": -0.204453,
        "nauc_mrr_at_1_diff1": 0.781434,
        "nauc_mrr_at_3_max": 0.436032,
        "nauc_mrr_at_3_std": -0.193878,
        "nauc_mrr_at_3_diff1": 0.754436,
        "nauc_mrr_at_5_max": 0.436936,
        "nauc_mrr_at_5_std": -0.185835,
        "nauc_mrr_at_5_diff1": 0.756812,
        "nauc_mrr_at_10_max": 0.43708,
        "nauc_mrr_at_10_std": -0.186221,
        "nauc_mrr_at_10_diff1": 0.758349,
        "nauc_mrr_at_20_max": 0.435599,
        "nauc_mrr_at_20_std": -0.186414,
        "nauc_mrr_at_20_diff1": 0.758667,
        "nauc_mrr_at_100_max": 0.43495,
        "nauc_mrr_at_100_std": -0.18698,
        "nauc_mrr_at_100_diff1": 0.759043,
        "nauc_mrr_at_1000_max": 0.434871,
        "nauc_mrr_at_1000_std": -0.187025,
        "nauc_mrr_at_1000_diff1": 0.759033,
        "main_score": 0.85732,
        "hf_subset": "default",
        "languages": [
          "eng-Latn"
        ]
      }
    ]
  },
  "evaluation_time": 173.60111474990845,
  "kg_co2_emissions": null
}