{
  "dataset_revision": "1840e8a5ac6ec752bbdd97d543ead0189bc7c25b",
  "task_name": "ChemHotpotQARetrieval",
  "mteb_version": "1.36.29",
  "scores": {
    "train": [
      {
        "ndcg_at_1": 0.87222,
        "ndcg_at_3": 0.90079,
        "ndcg_at_5": 0.90919,
        "ndcg_at_10": 0.91637,
        "ndcg_at_20": 0.92019,
        "ndcg_at_100": 0.92147,
        "ndcg_at_1000": 0.92353,
        "map_at_1": 0.85556,
        "map_at_3": 0.89028,
        "map_at_5": 0.89556,
        "map_at_10": 0.89851,
        "map_at_20": 0.8998,
        "map_at_100": 0.90012,
        "map_at_1000": 0.90019,
        "recall_at_1": 0.85556,
        "recall_at_3": 0.92222,
        "recall_at_5": 0.94167,
        "recall_at_10": 0.96389,
        "recall_at_20": 0.97778,
        "recall_at_100": 0.98333,
        "recall_at_1000": 1.0,
        "precision_at_1": 0.87222,
        "precision_at_3": 0.31667,
        "precision_at_5": 0.19444,
        "precision_at_10": 0.09944,
        "precision_at_20": 0.05056,
        "precision_at_100": 0.01022,
        "precision_at_1000": 0.00104,
        "mrr_at_1": 0.872222,
        "mrr_at_3": 0.9,
        "mrr_at_5": 0.903889,
        "mrr_at_10": 0.906843,
        "mrr_at_20": 0.907703,
        "mrr_at_100": 0.907703,
        "mrr_at_1000": 0.907774,
        "nauc_ndcg_at_1_max": 0.39293,
        "nauc_ndcg_at_1_std": -0.662391,
        "nauc_ndcg_at_1_diff1": 0.893766,
        "nauc_ndcg_at_3_max": 0.214614,
        "nauc_ndcg_at_3_std": -0.810004,
        "nauc_ndcg_at_3_diff1": 0.765392,
        "nauc_ndcg_at_5_max": 0.195343,
        "nauc_ndcg_at_5_std": -0.823008,
        "nauc_ndcg_at_5_diff1": 0.74509,
        "nauc_ndcg_at_10_max": 0.163738,
        "nauc_ndcg_at_10_std": -0.774465,
        "nauc_ndcg_at_10_diff1": 0.731473,
        "nauc_ndcg_at_20_max": 0.138334,
        "nauc_ndcg_at_20_std": -0.801571,
        "nauc_ndcg_at_20_diff1": 0.724698,
        "nauc_ndcg_at_100_max": 0.169534,
        "nauc_ndcg_at_100_std": -0.784371,
        "nauc_ndcg_at_100_diff1": 0.764631,
        "nauc_ndcg_at_1000_max": 0.197091,
        "nauc_ndcg_at_1000_std": -0.783732,
        "nauc_ndcg_at_1000_diff1": 0.767368,
        "nauc_map_at_1_max": 0.216157,
        "nauc_map_at_1_std": -0.713163,
        "nauc_map_at_1_diff1": 0.780803,
        "nauc_map_at_3_max": 0.221157,
        "nauc_map_at_3_std": -0.787906,
        "nauc_map_at_3_diff1": 0.745378,
        "nauc_map_at_5_max": 0.208952,
        "nauc_map_at_5_std": -0.803612,
        "nauc_map_at_5_diff1": 0.733931,
        "nauc_map_at_10_max": 0.198641,
        "nauc_map_at_10_std": -0.785376,
        "nauc_map_at_10_diff1": 0.729057,
        "nauc_map_at_20_max": 0.193606,
        "nauc_map_at_20_std": -0.792241,
        "nauc_map_at_20_diff1": 0.727874,
        "nauc_map_at_100_max": 0.199981,
        "nauc_map_at_100_std": -0.788729,
        "nauc_map_at_100_diff1": 0.7358,
        "nauc_map_at_1000_max": 0.200459,
        "nauc_map_at_1000_std": -0.788759,
        "nauc_map_at_1000_diff1": 0.735848,
        "nauc_recall_at_1_max": 0.216157,
        "nauc_recall_at_1_std": -0.713163,
        "nauc_recall_at_1_diff1": 0.780803,
        "nauc_recall_at_3_max": 0.063592,
        "nauc_recall_at_3_std": -0.912882,
        "nauc_recall_at_3_diff1": 0.677154,
        "nauc_recall_at_5_max": -0.048175,
        "nauc_recall_at_5_std": -0.966853,
        "nauc_recall_at_5_diff1": 0.575764,
        "nauc_recall_at_10_max": -0.41927,
        "nauc_recall_at_10_std": -0.732421,
        "nauc_recall_at_10_diff1": 0.375027,
        "nauc_recall_at_20_max": -1.127218,
        "nauc_recall_at_20_std": -1.068394,
        "nauc_recall_at_20_diff1": 0.064659,
        "nauc_recall_at_100_max": -0.922969,
        "nauc_recall_at_100_std": -0.844538,
        "nauc_recall_at_100_diff1": 0.6662,
        "nauc_recall_at_1000_max": NaN,
        "nauc_recall_at_1000_std": NaN,
        "nauc_recall_at_1000_diff1": NaN,
        "nauc_precision_at_1_max": 0.39293,
        "nauc_precision_at_1_std": -0.662391,
        "nauc_precision_at_1_diff1": 0.893766,
        "nauc_precision_at_3_max": 0.318043,
        "nauc_precision_at_3_std": -0.537048,
        "nauc_precision_at_3_diff1": 0.491338,
        "nauc_precision_at_5_max": 0.233049,
        "nauc_precision_at_5_std": -0.441994,
        "nauc_precision_at_5_diff1": 0.287691,
        "nauc_precision_at_10_max": 0.12542,
        "nauc_precision_at_10_std": -0.139043,
        "nauc_precision_at_10_diff1": 0.082247,
        "nauc_precision_at_20_max": -0.016919,
        "nauc_precision_at_20_std": -0.076414,
        "nauc_precision_at_20_diff1": -0.117473,
        "nauc_precision_at_100_max": 0.216208,
        "nauc_precision_at_100_std": 0.170352,
        "nauc_precision_at_100_diff1": 0.138705,
        "nauc_precision_at_1000_max": 0.496799,
        "nauc_precision_at_1000_std": 0.42033,
        "nauc_precision_at_1000_diff1": 0.008778,
        "nauc_mrr_at_1_max": 0.39293,
        "nauc_mrr_at_1_std": -0.662391,
        "nauc_mrr_at_1_diff1": 0.893766,
        "nauc_mrr_at_3_max": 0.333686,
        "nauc_mrr_at_3_std": -0.755085,
        "nauc_mrr_at_3_diff1": 0.88694,
        "nauc_mrr_at_5_max": 0.332564,
        "nauc_mrr_at_5_std": -0.746236,
        "nauc_mrr_at_5_diff1": 0.882277,
        "nauc_mrr_at_10_max": 0.325433,
        "nauc_mrr_at_10_std": -0.724698,
        "nauc_mrr_at_10_diff1": 0.881814,
        "nauc_mrr_at_20_max": 0.319596,
        "nauc_mrr_at_20_std": -0.730945,
        "nauc_mrr_at_20_diff1": 0.880691,
        "nauc_mrr_at_100_max": 0.319596,
        "nauc_mrr_at_100_std": -0.730945,
        "nauc_mrr_at_100_diff1": 0.880691,
        "nauc_mrr_at_1000_max": 0.320203,
        "nauc_mrr_at_1000_std": -0.73093,
        "nauc_mrr_at_1000_diff1": 0.880857,
        "main_score": 0.91637,
        "hf_subset": "default",
        "languages": [
          "eng-Latn"
        ]
      }
    ],
    "dev": [
      {
        "ndcg_at_1": 0.875,
        "ndcg_at_3": 0.875,
        "ndcg_at_5": 0.875,
        "ndcg_at_10": 0.875,
        "ndcg_at_20": 0.90783,
        "ndcg_at_100": 0.90783,
        "ndcg_at_1000": 0.90783,
        "map_at_1": 0.875,
        "map_at_3": 0.875,
        "map_at_5": 0.875,
        "map_at_10": 0.875,
        "map_at_20": 0.88462,
        "map_at_100": 0.88462,
        "map_at_1000": 0.88462,
        "recall_at_1": 0.875,
        "recall_at_3": 0.875,
        "recall_at_5": 0.875,
        "recall_at_10": 0.875,
        "recall_at_20": 1.0,
        "recall_at_100": 1.0,
        "recall_at_1000": 1.0,
        "precision_at_1": 0.875,
        "precision_at_3": 0.29167,
        "precision_at_5": 0.175,
        "precision_at_10": 0.0875,
        "precision_at_20": 0.05,
        "precision_at_100": 0.01,
        "precision_at_1000": 0.001,
        "mrr_at_1": 0.875,
        "mrr_at_3": 0.875,
        "mrr_at_5": 0.875,
        "mrr_at_10": 0.875,
        "mrr_at_20": 0.884615,
        "mrr_at_100": 0.884615,
        "mrr_at_1000": 0.884615,
        "nauc_ndcg_at_1_max": 1.0,
        "nauc_ndcg_at_1_std": 0.128291,
        "nauc_ndcg_at_1_diff1": 1.0,
        "nauc_ndcg_at_3_max": 1.0,
        "nauc_ndcg_at_3_std": 0.128291,
        "nauc_ndcg_at_3_diff1": 1.0,
        "nauc_ndcg_at_5_max": 1.0,
        "nauc_ndcg_at_5_std": 0.128291,
        "nauc_ndcg_at_5_diff1": 1.0,
        "nauc_ndcg_at_10_max": 1.0,
        "nauc_ndcg_at_10_std": 0.128291,
        "nauc_ndcg_at_10_diff1": 1.0,
        "nauc_ndcg_at_20_max": 1.0,
        "nauc_ndcg_at_20_std": 0.128291,
        "nauc_ndcg_at_20_diff1": 1.0,
        "nauc_ndcg_at_100_max": 1.0,
        "nauc_ndcg_at_100_std": 0.128291,
        "nauc_ndcg_at_100_diff1": 1.0,
        "nauc_ndcg_at_1000_max": 1.0,
        "nauc_ndcg_at_1000_std": 0.128291,
        "nauc_ndcg_at_1000_diff1": 1.0,
        "nauc_map_at_1_max": 1.0,
        "nauc_map_at_1_std": 0.128291,
        "nauc_map_at_1_diff1": 1.0,
        "nauc_map_at_3_max": 1.0,
        "nauc_map_at_3_std": 0.128291,