{
  "dataset_revision": "8fae72a2c75530aaaac6920a02622490d923ca98",
  "task_name": "ChemRxivNC2",
  "mteb_version": "1.36.29",
  "scores": {
    "test": [
      {
        "ndcg_at_1": 0.7056,
        "ndcg_at_3": 0.79701,
        "ndcg_at_5": 0.81681,
        "ndcg_at_10": 0.82834,
        "ndcg_at_20": 0.83342,
        "ndcg_at_100": 0.83786,
        "ndcg_at_1000": 0.83924,
        "map_at_1": 0.7056,
        "map_at_3": 0.7751,
        "map_at_5": 0.78615,
        "map_at_10": 0.79092,
        "map_at_20": 0.79233,
        "map_at_100": 0.79298,
        "map_at_1000": 0.79303,
        "recall_at_1": 0.7056,
        "recall_at_3": 0.8602,
        "recall_at_5": 0.908,
        "recall_at_10": 0.9436,
        "recall_at_20": 0.9636,
        "recall_at_100": 0.987,
        "recall_at_1000": 0.9978,
        "precision_at_1": 0.7056,
        "precision_at_3": 0.28673,
        "precision_at_5": 0.1816,
        "precision_at_10": 0.09436,
        "precision_at_20": 0.04818,
        "precision_at_100": 0.00987,
        "precision_at_1000": 0.001,
        "mrr_at_1": 0.7062,
        "mrr_at_3": 0.775267,
        "mrr_at_5": 0.786417,
        "mrr_at_10": 0.791183,
        "mrr_at_20": 0.792595,
        "mrr_at_100": 0.793244,
        "mrr_at_1000": 0.793298,
        "nauc_ndcg_at_1_max": 0.380274,
        "nauc_ndcg_at_1_std": -0.170637,
        "nauc_ndcg_at_1_diff1": 0.734192,
        "nauc_ndcg_at_3_max": 0.429235,
        "nauc_ndcg_at_3_std": -0.144847,
        "nauc_ndcg_at_3_diff1": 0.700342,
        "nauc_ndcg_at_5_max": 0.437742,
        "nauc_ndcg_at_5_std": -0.136618,
        "nauc_ndcg_at_5_diff1": 0.704772,
        "nauc_ndcg_at_10_max": 0.439397,
        "nauc_ndcg_at_10_std": -0.126313,
        "nauc_ndcg_at_10_diff1": 0.710333,
        "nauc_ndcg_at_20_max": 0.435125,
        "nauc_ndcg_at_20_std": -0.126773,
        "nauc_ndcg_at_20_diff1": 0.70919,
        "nauc_ndcg_at_100_max": 0.428933,
        "nauc_ndcg_at_100_std": -0.131522,
        "nauc_ndcg_at_100_diff1": 0.712426,
        "nauc_ndcg_at_1000_max": 0.425801,
        "nauc_ndcg_at_1000_std": -0.13558,
        "nauc_ndcg_at_1000_diff1": 0.712264,
        "nauc_map_at_1_max": 0.380274,
        "nauc_map_at_1_std": -0.170637,
        "nauc_map_at_1_diff1": 0.734192,
        "nauc_map_at_3_max": 0.414841,
        "nauc_map_at_3_std": -0.152226,
        "nauc_map_at_3_diff1": 0.709698,
        "nauc_map_at_5_max": 0.418466,
        "nauc_map_at_5_std": -0.14832,
        "nauc_map_at_5_diff1": 0.712287,
        "nauc_map_at_10_max": 0.418788,
        "nauc_map_at_10_std": -0.144845,
        "nauc_map_at_10_diff1": 0.714473,
        "nauc_map_at_20_max": 0.417682,
        "nauc_map_at_20_std": -0.145008,
        "nauc_map_at_20_diff1": 0.714226,
        "nauc_map_at_100_max": 0.416832,
        "nauc_map_at_100_std": -0.145527,
        "nauc_map_at_100_diff1": 0.714553,
        "nauc_map_at_1000_max": 0.416738,
        "nauc_map_at_1000_std": -0.145645,
        "nauc_map_at_1000_diff1": 0.714547,
        "nauc_recall_at_1_max": 0.380274,
        "nauc_recall_at_1_std": -0.170637,
        "nauc_recall_at_1_diff1": 0.734192,
        "nauc_recall_at_3_max": 0.491123,
        "nauc_recall_at_3_std": -0.113251,
        "nauc_recall_at_3_diff1": 0.660499,
        "nauc_recall_at_5_max": 0.555011,
        "nauc_recall_at_5_std": -0.065108,
        "nauc_recall_at_5_diff1": 0.661779,
        "nauc_recall_at_10_max": 0.638616,
        "nauc_recall_at_10_std": 0.063419,
        "nauc_recall_at_10_diff1": 0.680419,
        "nauc_recall_at_20_max": 0.678351,
        "nauc_recall_at_20_std": 0.157135,
        "nauc_recall_at_20_diff1": 0.646338,
        "nauc_recall_at_100_max": 0.76495,
        "nauc_recall_at_100_std": 0.369382,
        "nauc_recall_at_100_diff1": 0.737707,
        "nauc_recall_at_1000_max": 0.790765,
        "nauc_recall_at_1000_std": 0.701044,
        "nauc_recall_at_1000_diff1": 0.77782,
        "nauc_precision_at_1_max": 0.380274,
        "nauc_precision_at_1_std": -0.170637,
        "nauc_precision_at_1_diff1": 0.734192,
        "nauc_precision_at_3_max": 0.491123,
        "nauc_precision_at_3_std": -0.113251,
        "nauc_precision_at_3_diff1": 0.660499,
        "nauc_precision_at_5_max": 0.555011,
        "nauc_precision_at_5_std": -0.065108,
        "nauc_precision_at_5_diff1": 0.661779,
        "nauc_precision_at_10_max": 0.638616,
        "nauc_precision_at_10_std": 0.063419,
        "nauc_precision_at_10_diff1": 0.680419,
        "nauc_precision_at_20_max": 0.678351,
        "nauc_precision_at_20_std": 0.157135,
        "nauc_precision_at_20_diff1": 0.646338,
        "nauc_precision_at_100_max": 0.76495,
        "nauc_precision_at_100_std": 0.369382,
        "nauc_precision_at_100_diff1": 0.737707,
        "nauc_precision_at_1000_max": 0.790765,
        "nauc_precision_at_1000_std": 0.701044,
        "nauc_precision_at_1000_diff1": 0.77782,
        "nauc_mrr_at_1_max": 0.382911,
        "nauc_mrr_at_1_std": -0.16803,
        "nauc_mrr_at_1_diff1": 0.733085,
        "nauc_mrr_at_3_max": 0.41688,
        "nauc_mrr_at_3_std": -0.150617,
        "nauc_mrr_at_3_diff1": 0.709226,
        "nauc_mrr_at_5_max": 0.420349,
        "nauc_mrr_at_5_std": -0.146577,
        "nauc_mrr_at_5_diff1": 0.711593,
        "nauc_mrr_at_10_max": 0.420719,
        "nauc_mrr_at_10_std": -0.143055,
        "nauc_mrr_at_10_diff1": 0.713764,
        "nauc_mrr_at_20_max": 0.419627,
        "nauc_mrr_at_20_std": -0.143205,
        "nauc_mrr_at_20_diff1": 0.713511,
        "nauc_mrr_at_100_max": 0.418783,
        "nauc_mrr_at_100_std": -0.143717,
        "nauc_mrr_at_100_diff1": 0.713836,
        "nauc_mrr_at_1000_max": 0.418689,
        "nauc_mrr_at_1000_std": -0.143835,
        "nauc_mrr_at_1000_diff1": 0.71383,
        "main_score": 0.82834,
        "hf_subset": "default",
        "languages": [
          "eng-Latn"
        ]
      }
    ]
  },
  "evaluation_time": 175.78092885017395,
  "kg_co2_emissions": null
}