{
  "dataset_revision": "1840e8a5ac6ec752bbdd97d543ead0189bc7c25b",
  "task_name": "ChemHotpotQARetrieval",
  "mteb_version": "1.36.29",
  "scores": {
    "train": [
      {
        "ndcg_at_1": 0.78889,
        "ndcg_at_3": 0.82626,
        "ndcg_at_5": 0.84394,
        "ndcg_at_10": 0.85321,
        "ndcg_at_20": 0.85675,
        "ndcg_at_100": 0.86464,
        "ndcg_at_1000": 0.86533,
        "map_at_1": 0.76944,
        "map_at_3": 0.81204,
        "map_at_5": 0.82148,
        "map_at_10": 0.82548,
        "map_at_20": 0.82654,
        "map_at_100": 0.82795,
        "map_at_1000": 0.82797,
        "recall_at_1": 0.76944,
        "recall_at_3": 0.85833,
        "recall_at_5": 0.90278,
        "recall_at_10": 0.93056,
        "recall_at_20": 0.94444,
        "recall_at_100": 0.98333,
        "recall_at_1000": 0.98889,
        "precision_at_1": 0.78889,
        "precision_at_3": 0.2963,
        "precision_at_5": 0.18667,
        "precision_at_10": 0.09611,
        "precision_at_20": 0.04889,
        "precision_at_100": 0.01022,
        "precision_at_1000": 0.00103,
        "mrr_at_1": 0.788889,
        "mrr_at_3": 0.822222,
        "mrr_at_5": 0.831667,
        "mrr_at_10": 0.835661,
        "mrr_at_20": 0.836324,
        "mrr_at_100": 0.837374,
        "mrr_at_1000": 0.837394,
        "nauc_ndcg_at_1_max": 0.687931,
        "nauc_ndcg_at_1_std": -0.147899,
        "nauc_ndcg_at_1_diff1": 0.905609,
        "nauc_ndcg_at_3_max": 0.625597,
        "nauc_ndcg_at_3_std": -0.23193,
        "nauc_ndcg_at_3_diff1": 0.827079,
        "nauc_ndcg_at_5_max": 0.607052,
        "nauc_ndcg_at_5_std": -0.239054,
        "nauc_ndcg_at_5_diff1": 0.806868,
        "nauc_ndcg_at_10_max": 0.587819,
        "nauc_ndcg_at_10_std": -0.253232,
        "nauc_ndcg_at_10_diff1": 0.795714,
        "nauc_ndcg_at_20_max": 0.590312,
        "nauc_ndcg_at_20_std": -0.23585,
        "nauc_ndcg_at_20_diff1": 0.798277,
        "nauc_ndcg_at_100_max": 0.611701,
        "nauc_ndcg_at_100_std": -0.217629,
        "nauc_ndcg_at_100_diff1": 0.824512,
        "nauc_ndcg_at_1000_max": 0.612013,
        "nauc_ndcg_at_1000_std": -0.215753,
        "nauc_ndcg_at_1000_diff1": 0.827041,
        "nauc_map_at_1_max": 0.58951,
        "nauc_map_at_1_std": -0.219122,
        "nauc_map_at_1_diff1": 0.856057,
        "nauc_map_at_3_max": 0.620002,
        "nauc_map_at_3_std": -0.223764,
        "nauc_map_at_3_diff1": 0.821037,
        "nauc_map_at_5_max": 0.610517,
        "nauc_map_at_5_std": -0.228552,
        "nauc_map_at_5_diff1": 0.811223,
        "nauc_map_at_10_max": 0.603575,
        "nauc_map_at_10_std": -0.232474,
        "nauc_map_at_10_diff1": 0.807307,
        "nauc_map_at_20_max": 0.603665,
        "nauc_map_at_20_std": -0.22896,
        "nauc_map_at_20_diff1": 0.807638,
        "nauc_map_at_100_max": 0.608548,
        "nauc_map_at_100_std": -0.224962,
        "nauc_map_at_100_diff1": 0.812795,
        "nauc_map_at_1000_max": 0.608555,
        "nauc_map_at_1000_std": -0.22492,
        "nauc_map_at_1000_diff1": 0.812851,
        "nauc_recall_at_1_max": 0.58951,
        "nauc_recall_at_1_std": -0.219122,
        "nauc_recall_at_1_diff1": 0.856057,
        "nauc_recall_at_3_max": 0.572333,
        "nauc_recall_at_3_std": -0.313332,
        "nauc_recall_at_3_diff1": 0.765875,
        "nauc_recall_at_5_max": 0.478551,
        "nauc_recall_at_5_std": -0.358723,
        "nauc_recall_at_5_diff1": 0.657611,
        "nauc_recall_at_10_max": 0.310607,
        "nauc_recall_at_10_std": -0.501158,
        "nauc_recall_at_10_diff1": 0.527675,
        "nauc_recall_at_20_max": 0.282353,
        "nauc_recall_at_20_std": -0.387535,
        "nauc_recall_at_20_diff1": 0.500747,
        "nauc_recall_at_100_max": 0.246965,
        "nauc_recall_at_100_std": -0.204015,
        "nauc_recall_at_100_diff1": 0.742453,
        "nauc_recall_at_1000_max": 0.093371,
        "nauc_recall_at_1000_std": -0.024276,
        "nauc_recall_at_1000_diff1": 0.934641,
        "nauc_precision_at_1_max": 0.687931,
        "nauc_precision_at_1_std": -0.147899,
        "nauc_precision_at_1_diff1": 0.905609,
        "nauc_precision_at_3_max": 0.549508,
        "nauc_precision_at_3_std": -0.112739,
        "nauc_precision_at_3_diff1": 0.548456,
        "nauc_precision_at_5_max": 0.47438,
        "nauc_precision_at_5_std": -0.08595,
        "nauc_precision_at_5_diff1": 0.402277,
        "nauc_precision_at_10_max": 0.358071,
        "nauc_precision_at_10_std": -0.11045,
        "nauc_precision_at_10_diff1": 0.243151,
        "nauc_precision_at_20_max": 0.283096,
        "nauc_precision_at_20_std": 0.027748,
        "nauc_precision_at_20_diff1": 0.136576,
        "nauc_precision_at_100_max": 0.30752,
        "nauc_precision_at_100_std": 0.361956,
        "nauc_precision_at_100_diff1": 0.090727,
        "nauc_precision_at_1000_max": 0.290126,
        "nauc_precision_at_1000_std": 0.427222,
        "nauc_precision_at_1000_diff1": 0.071873,
        "nauc_mrr_at_1_max": 0.687931,
        "nauc_mrr_at_1_std": -0.147899,
        "nauc_mrr_at_1_diff1": 0.905609,
        "nauc_mrr_at_3_max": 0.683712,
        "nauc_mrr_at_3_std": -0.175248,
        "nauc_mrr_at_3_diff1": 0.892796,
        "nauc_mrr_at_5_max": 0.677207,
        "nauc_mrr_at_5_std": -0.177653,
        "nauc_mrr_at_5_diff1": 0.88638,
        "nauc_mrr_at_10_max": 0.67166,
        "nauc_mrr_at_10_std": -0.180444,
        "nauc_mrr_at_10_diff1": 0.884223,
        "nauc_mrr_at_20_max": 0.672788,
        "nauc_mrr_at_20_std": -0.176553,
        "nauc_mrr_at_20_diff1": 0.88526,
        "nauc_mrr_at_100_max": 0.673235,
        "nauc_mrr_at_100_std": -0.175728,
        "nauc_mrr_at_100_diff1": 0.885704,
        "nauc_mrr_at_1000_max": 0.67325,
        "nauc_mrr_at_1000_std": -0.175678,
        "nauc_mrr_at_1000_diff1": 0.885772,
        "main_score": 0.85321,
        "hf_subset": "default",
        "languages": [
          "eng-Latn"
        ]
      }
    ],
    "dev": [
      {
        "ndcg_at_1": 0.875,
        "ndcg_at_3": 0.875,
        "ndcg_at_5": 0.875,
        "ndcg_at_10": 0.875,
        "ndcg_at_20": 0.875,
        "ndcg_at_100": 0.875,
        "ndcg_at_1000": 0.89229,
        "map_at_1": 0.875,
        "map_at_3": 0.875,
        "map_at_5": 0.875,
        "map_at_10": 0.875,
        "map_at_20": 0.875,
        "map_at_100": 0.875,
        "map_at_1000": 0.87584,
        "recall_at_1": 0.875,
        "recall_at_3": 0.875,
        "recall_at_5": 0.875,
        "recall_at_10": 0.875,
        "recall_at_20": 0.875,
        "recall_at_100": 0.875,
        "recall_at_1000": 1.0,
        "precision_at_1": 0.875,
        "precision_at_3": 0.29167,
        "precision_at_5": 0.175,
        "precision_at_10": 0.0875,
        "precision_at_20": 0.04375,
        "precision_at_100": 0.00875,
        "precision_at_1000": 0.001,
        "mrr_at_1": 0.875,
        "mrr_at_3": 0.875,
        "mrr_at_5": 0.875,
        "mrr_at_10": 0.875,
        "mrr_at_20": 0.875,
        "mrr_at_100": 0.875,
        "mrr_at_1000": 0.875839,
        "nauc_ndcg_at_1_max": 0.865546,
        "nauc_ndcg_at_1_std": 0.865546,
        "nauc_ndcg_at_1_diff1": 0.363585,
        "nauc_ndcg_at_3_max": 0.865546,
        "nauc_ndcg_at_3_std": 0.865546,
        "nauc_ndcg_at_3_diff1": 0.363585,
        "nauc_ndcg_at_5_max": 0.865546,
        "nauc_ndcg_at_5_std": 0.865546,
        "nauc_ndcg_at_5_diff1": 0.363585,
        "nauc_ndcg_at_10_max": 0.865546,
        "nauc_ndcg_at_10_std": 0.865546,
        "nauc_ndcg_at_10_diff1": 0.363585,
        "nauc_ndcg_at_20_max": 0.865546,
        "nauc_ndcg_at_20_std": 0.865546,
        "nauc_ndcg_at_20_diff1": 0.363585,
        "nauc_ndcg_at_100_max": 0.865546,
        "nauc_ndcg_at_100_std": 0.865546,
        "nauc_ndcg_at_100_diff1": 0.363585,
        "nauc_ndcg_at_1000_max": 0.865546,
        "nauc_ndcg_at_1000_std": 0.865546,
        "nauc_ndcg_at_1000_diff1": 0.363585,
        "nauc_map_at_1_max": 0.865546,
        "nauc_map_at_1_std": 0.865546,