{
  "dataset_revision": "5d958fb6b31055495347724d46431ba41309b03a",
  "task_name": "ChemNQRetrieval",
  "mteb_version": "1.36.29",
  "scores": {
    "test": [
      {
        "ndcg_at_1": 0.48148,
        "ndcg_at_3": 0.55949,
        "ndcg_at_5": 0.595,
        "ndcg_at_10": 0.62161,
        "ndcg_at_20": 0.64574,
        "ndcg_at_100": 0.65322,
        "ndcg_at_1000": 0.66626,
        "map_at_1": 0.38272,
        "map_at_3": 0.51543,
        "map_at_5": 0.53858,
        "map_at_10": 0.5535,
        "map_at_20": 0.56072,
        "map_at_100": 0.56195,
        "map_at_1000": 0.56246,
        "recall_at_1": 0.38272,
        "recall_at_3": 0.62346,
        "recall_at_5": 0.69753,
        "recall_at_10": 0.7716,
        "recall_at_20": 0.8642,
        "recall_at_100": 0.90123,
        "recall_at_1000": 1.0,
        "precision_at_1": 0.48148,
        "precision_at_3": 0.25926,
        "precision_at_5": 0.17778,
        "precision_at_10": 0.1,
        "precision_at_20": 0.05556,
        "precision_at_100": 0.01148,
        "precision_at_1000": 0.0013,
        "mrr_at_1": 0.481481,
        "mrr_at_3": 0.58642,
        "mrr_at_5": 0.604938,
        "mrr_at_10": 0.609568,
        "mrr_at_20": 0.614732,
        "mrr_at_100": 0.615966,
        "mrr_at_1000": 0.616154,
        "nauc_ndcg_at_1_max": 0.113821,
        "nauc_ndcg_at_1_std": -0.030733,
        "nauc_ndcg_at_1_diff1": 0.16537,
        "nauc_ndcg_at_3_max": 0.175123,
        "nauc_ndcg_at_3_std": 0.015931,
        "nauc_ndcg_at_3_diff1": -0.039223,
        "nauc_ndcg_at_5_max": 0.255506,
        "nauc_ndcg_at_5_std": 0.108904,
        "nauc_ndcg_at_5_diff1": -0.054515,
        "nauc_ndcg_at_10_max": 0.291012,
        "nauc_ndcg_at_10_std": 0.119647,
        "nauc_ndcg_at_10_diff1": -0.046153,
        "nauc_ndcg_at_20_max": 0.279106,
        "nauc_ndcg_at_20_std": 0.120516,
        "nauc_ndcg_at_20_diff1": 0.047852,
        "nauc_ndcg_at_100_max": 0.261307,
        "nauc_ndcg_at_100_std": 0.102289,
        "nauc_ndcg_at_100_diff1": 0.027427,
        "nauc_ndcg_at_1000_max": 0.2498,
        "nauc_ndcg_at_1000_std": 0.0898,
        "nauc_ndcg_at_1000_diff1": 0.015474,
        "nauc_map_at_1_max": -0.004766,
        "nauc_map_at_1_std": -0.04389,
        "nauc_map_at_1_diff1": -0.015346,
        "nauc_map_at_3_max": 0.104774,
        "nauc_map_at_3_std": -0.027024,
        "nauc_map_at_3_diff1": -0.030388,
        "nauc_map_at_5_max": 0.157318,
        "nauc_map_at_5_std": 0.024317,
        "nauc_map_at_5_diff1": -0.037632,
        "nauc_map_at_10_max": 0.188325,
        "nauc_map_at_10_std": 0.042006,
        "nauc_map_at_10_diff1": -0.022156,
        "nauc_map_at_20_max": 0.185124,
        "nauc_map_at_20_std": 0.043091,
        "nauc_map_at_20_diff1": -0.000501,
        "nauc_map_at_100_max": 0.182292,
        "nauc_map_at_100_std": 0.040269,
        "nauc_map_at_100_diff1": -0.003504,
        "nauc_map_at_1000_max": 0.181675,
        "nauc_map_at_1000_std": 0.039537,
        "nauc_map_at_1000_diff1": -0.00364,
        "nauc_recall_at_1_max": -0.004766,
        "nauc_recall_at_1_std": -0.04389,
        "nauc_recall_at_1_diff1": -0.015346,
        "nauc_recall_at_3_max": 0.212551,
        "nauc_recall_at_3_std": 0.051624,
        "nauc_recall_at_3_diff1": -0.124758,
        "nauc_recall_at_5_max": 0.403664,
        "nauc_recall_at_5_std": 0.273595,
        "nauc_recall_at_5_diff1": -0.168912,
        "nauc_recall_at_10_max": 0.524006,
        "nauc_recall_at_10_std": 0.304471,
        "nauc_recall_at_10_diff1": -0.205653,
        "nauc_recall_at_20_max": 0.539468,
        "nauc_recall_at_20_std": 0.388161,
        "nauc_recall_at_20_diff1": 0.424725,
        "nauc_recall_at_100_max": 0.398551,
        "nauc_recall_at_100_std": 0.249654,
        "nauc_recall_at_100_diff1": 0.29872,
        "nauc_recall_at_1000_max": NaN,
        "nauc_recall_at_1000_std": NaN,
        "nauc_recall_at_1000_diff1": NaN,
        "nauc_precision_at_1_max": 0.113821,
        "nauc_precision_at_1_std": -0.030733,
        "nauc_precision_at_1_diff1": 0.16537,
        "nauc_precision_at_3_max": 0.292999,
        "nauc_precision_at_3_std": -0.042345,
        "nauc_precision_at_3_diff1": 0.101528,
        "nauc_precision_at_5_max": 0.468332,
        "nauc_precision_at_5_std": 0.179338,
        "nauc_precision_at_5_diff1": 0.052491,
        "nauc_precision_at_10_max": 0.510171,
        "nauc_precision_at_10_std": 0.19621,
        "nauc_precision_at_10_diff1": 0.076024,
        "nauc_precision_at_20_max": 0.500033,
        "nauc_precision_at_20_std": 0.242852,
        "nauc_precision_at_20_diff1": 0.297226,
        "nauc_precision_at_100_max": 0.463994,
        "nauc_precision_at_100_std": 0.195755,
        "nauc_precision_at_100_diff1": 0.255459,
        "nauc_precision_at_1000_max": 0.303833,
        "nauc_precision_at_1000_std": 0.081282,
        "nauc_precision_at_1000_diff1": 0.194407,
        "nauc_mrr_at_1_max": 0.113821,
        "nauc_mrr_at_1_std": -0.030733,
        "nauc_mrr_at_1_diff1": 0.16537,
        "nauc_mrr_at_3_max": 0.272594,
        "nauc_mrr_at_3_std": 0.070999,
        "nauc_mrr_at_3_diff1": 0.049831,
        "nauc_mrr_at_5_max": 0.308268,
        "nauc_mrr_at_5_std": 0.129802,
        "nauc_mrr_at_5_diff1": 0.0402,
        "nauc_mrr_at_10_max": 0.295998,
        "nauc_mrr_at_10_std": 0.117584,
        "nauc_mrr_at_10_diff1": 0.035013,
        "nauc_mrr_at_20_max": 0.289305,
        "nauc_mrr_at_20_std": 0.111054,
        "nauc_mrr_at_20_diff1": 0.062386,
        "nauc_mrr_at_100_max": 0.286821,
        "nauc_mrr_at_100_std": 0.108425,
        "nauc_mrr_at_100_diff1": 0.059547,
        "nauc_mrr_at_1000_max": 0.286538,
        "nauc_mrr_at_1000_std": 0.108087,
        "nauc_mrr_at_1000_diff1": 0.059254,
        "main_score": 0.62161,
        "hf_subset": "default",
        "languages": [
          "eng-Latn"
        ]
      }
    ]
  },
  "evaluation_time": 37.747838497161865,
  "kg_co2_emissions": null
}