{
  "dataset_revision": "f33a205966ce032f957c3a22f4f9e378f89a2c56",
  "task_name": "PubChemAISentenceParaphrasePC",
  "mteb_version": "1.36.29",
  "scores": {
    "test": [
      {
        "similarity_accuracy": 0.980957,
        "similarity_accuracy_threshold": 0.947038,
        "similarity_f1": 0.903226,
        "similarity_f1_threshold": 0.947038,
        "similarity_precision": 0.919192,
        "similarity_recall": 0.887805,
        "similarity_ap": 0.928302,
        "cosine_accuracy": 0.980957,
        "cosine_accuracy_threshold": 0.947038,
        "cosine_f1": 0.903226,
        "cosine_f1_threshold": 0.947038,
        "cosine_precision": 0.919192,
        "cosine_recall": 0.887805,
        "cosine_ap": 0.928302,
        "manhattan_accuracy": 0.980957,
        "manhattan_accuracy_threshold": 147.715851,
        "manhattan_f1": 0.901763,
        "manhattan_f1_threshold": 147.715851,
        "manhattan_precision": 0.932292,
        "manhattan_recall": 0.873171,
        "manhattan_ap": 0.92195,
        "euclidean_accuracy": 0.980957,
        "euclidean_accuracy_threshold": 6.68426,
        "euclidean_f1": 0.902256,
        "euclidean_f1_threshold": 6.740533,
        "euclidean_precision": 0.927835,
        "euclidean_recall": 0.878049,
        "euclidean_ap": 0.921856,
        "dot_accuracy": 0.929199,
        "dot_accuracy_threshold": 433.557495,
        "dot_f1": 0.593407,
        "dot_f1_threshold": 407.726685,
        "dot_precision": 0.54,
        "dot_recall": 0.658537,
        "dot_ap": 0.620747,
        "max_accuracy": 0.980957,
        "max_f1": 0.903226,
        "max_precision": 0.932292,
        "max_recall": 0.887805,
        "max_ap": 0.928302,
        "main_score": 0.928302,
        "hf_subset": "default",
        "languages": [
          "eng-Latn"
        ]
      }
    ]
  },
  "evaluation_time": 3.319267511367798,
  "kg_co2_emissions": null
}