{
  "dataset_revision": "5037d69d177c9628fb79cb57eea1299178b28c1b",
  "task_name": "PubChemSynonymPC",
  "mteb_version": "1.36.29",
  "scores": {
    "test": [
      {
        "similarity_accuracy": 0.951172,
        "similarity_accuracy_threshold": 0.649604,
        "similarity_f1": 0.692082,
        "similarity_f1_threshold": 0.609784,
        "similarity_precision": 0.861314,
        "similarity_recall": 0.578431,
        "similarity_ap": 0.684079,
        "cosine_accuracy": 0.951172,
        "cosine_accuracy_threshold": 0.649604,
        "cosine_f1": 0.692082,
        "cosine_f1_threshold": 0.609784,
        "cosine_precision": 0.861314,
        "cosine_recall": 0.578431,
        "cosine_ap": 0.684079,
        "manhattan_accuracy": 0.949219,
        "manhattan_accuracy_threshold": 345.052185,
        "manhattan_f1": 0.666667,
        "manhattan_f1_threshold": 356.033112,
        "manhattan_precision": 0.929825,
        "manhattan_recall": 0.519608,
        "manhattan_ap": 0.636613,
        "euclidean_accuracy": 0.948242,
        "euclidean_accuracy_threshold": 15.55817,
        "euclidean_f1": 0.66242,
        "euclidean_f1_threshold": 16.000671,
        "euclidean_precision": 0.945455,
        "euclidean_recall": 0.509804,
        "euclidean_ap": 0.636038,
        "dot_accuracy": 0.945801,
        "dot_accuracy_threshold": 264.985107,
        "dot_f1": 0.668657,
        "dot_f1_threshold": 257.192627,
        "dot_precision": 0.854962,
        "dot_recall": 0.54902,
        "dot_ap": 0.641385,
        "max_accuracy": 0.951172,
        "max_f1": 0.692082,
        "max_precision": 0.945455,
        "max_recall": 0.578431,
        "max_ap": 0.684079,
        "main_score": 0.684079,
        "hf_subset": "default",
        "languages": [
          "eng-Latn"
        ]
      }
    ]
  },
  "evaluation_time": 3.591886281967163,
  "kg_co2_emissions": null
}