{
  "dataset_revision": "5d958fb6b31055495347724d46431ba41309b03a",
  "task_name": "ChemNQRetrieval",
  "mteb_version": "1.36.29",
  "scores": {
    "test": [
      {
        "ndcg_at_1": 0.48148,
        "ndcg_at_3": 0.56787,
        "ndcg_at_5": 0.57665,
        "ndcg_at_10": 0.60398,
        "ndcg_at_20": 0.62488,
        "ndcg_at_100": 0.64585,
        "ndcg_at_1000": 0.65446,
        "map_at_1": 0.3642,
        "map_at_3": 0.51235,
        "map_at_5": 0.51975,
        "map_at_10": 0.53228,
        "map_at_20": 0.54006,
        "map_at_100": 0.54316,
        "map_at_1000": 0.54358,
        "recall_at_1": 0.3642,
        "recall_at_3": 0.66049,
        "recall_at_5": 0.67901,
        "recall_at_10": 0.75309,
        "recall_at_20": 0.82716,
        "recall_at_100": 0.93827,
        "recall_at_1000": 1.0,
        "precision_at_1": 0.48148,
        "precision_at_3": 0.2716,
        "precision_at_5": 0.17037,
        "precision_at_10": 0.0963,
        "precision_at_20": 0.0537,
        "precision_at_100": 0.01185,
        "precision_at_1000": 0.0013,
        "mrr_at_1": 0.481481,
        "mrr_at_3": 0.592593,
        "mrr_at_5": 0.592593,
        "mrr_at_10": 0.604056,
        "mrr_at_20": 0.606526,
        "mrr_at_100": 0.609624,
        "mrr_at_1000": 0.609673,
        "nauc_ndcg_at_1_max": 0.516114,
        "nauc_ndcg_at_1_std": 0.129929,
        "nauc_ndcg_at_1_diff1": 0.412691,
        "nauc_ndcg_at_3_max": 0.280792,
        "nauc_ndcg_at_3_std": -0.014643,
        "nauc_ndcg_at_3_diff1": 0.374882,
        "nauc_ndcg_at_5_max": 0.33246,
        "nauc_ndcg_at_5_std": 0.002829,
        "nauc_ndcg_at_5_diff1": 0.356428,
        "nauc_ndcg_at_10_max": 0.41539,
        "nauc_ndcg_at_10_std": 0.119864,
        "nauc_ndcg_at_10_diff1": 0.395181,
        "nauc_ndcg_at_20_max": 0.421711,
        "nauc_ndcg_at_20_std": 0.148263,
        "nauc_ndcg_at_20_diff1": 0.412803,
        "nauc_ndcg_at_100_max": 0.387256,
        "nauc_ndcg_at_100_std": 0.10188,
        "nauc_ndcg_at_100_diff1": 0.415427,
        "nauc_ndcg_at_1000_max": 0.400489,
        "nauc_ndcg_at_1000_std": 0.102985,
        "nauc_ndcg_at_1000_diff1": 0.408149,
        "nauc_map_at_1_max": 0.355873,
        "nauc_map_at_1_std": 0.143155,
        "nauc_map_at_1_diff1": 0.39413,
        "nauc_map_at_3_max": 0.277823,
        "nauc_map_at_3_std": -0.000408,
        "nauc_map_at_3_diff1": 0.404024,
        "nauc_map_at_5_max": 0.318583,
        "nauc_map_at_5_std": 0.013416,
        "nauc_map_at_5_diff1": 0.388888,
        "nauc_map_at_10_max": 0.35464,
        "nauc_map_at_10_std": 0.06204,
        "nauc_map_at_10_diff1": 0.407826,
        "nauc_map_at_20_max": 0.358949,
        "nauc_map_at_20_std": 0.073317,
        "nauc_map_at_20_diff1": 0.40916,
        "nauc_map_at_100_max": 0.354484,
        "nauc_map_at_100_std": 0.067576,
        "nauc_map_at_100_diff1": 0.410746,
        "nauc_map_at_1000_max": 0.354434,
        "nauc_map_at_1000_std": 0.067023,
        "nauc_map_at_1000_diff1": 0.41053,
        "nauc_recall_at_1_max": 0.355873,
        "nauc_recall_at_1_std": 0.143155,
        "nauc_recall_at_1_diff1": 0.39413,
        "nauc_recall_at_3_max": 0.054229,
        "nauc_recall_at_3_std": -0.152107,
        "nauc_recall_at_3_diff1": 0.262931,
        "nauc_recall_at_5_max": 0.17663,
        "nauc_recall_at_5_std": -0.11831,
        "nauc_recall_at_5_diff1": 0.234547,
        "nauc_recall_at_10_max": 0.438637,
        "nauc_recall_at_10_std": 0.245045,
        "nauc_recall_at_10_diff1": 0.358137,
        "nauc_recall_at_20_max": 0.475086,
        "nauc_recall_at_20_std": 0.42965,
        "nauc_recall_at_20_diff1": 0.49702,
        "nauc_recall_at_100_max": -0.200554,
        "nauc_recall_at_100_std": -0.121142,
        "nauc_recall_at_100_diff1": 0.576977,
        "nauc_recall_at_1000_max": NaN,
        "nauc_recall_at_1000_std": NaN,
        "nauc_recall_at_1000_diff1": NaN,
        "nauc_precision_at_1_max": 0.516114,
        "nauc_precision_at_1_std": 0.129929,
        "nauc_precision_at_1_diff1": 0.412691,
        "nauc_precision_at_3_max": 0.2287,
        "nauc_precision_at_3_std": -0.207506,
        "nauc_precision_at_3_diff1": 0.311189,
        "nauc_precision_at_5_max": 0.346308,
        "nauc_precision_at_5_std": -0.125608,
        "nauc_precision_at_5_diff1": 0.214934,
        "nauc_precision_at_10_max": 0.576528,
        "nauc_precision_at_10_std": 0.234521,
        "nauc_precision_at_10_diff1": 0.307517,
        "nauc_precision_at_20_max": 0.523017,
        "nauc_precision_at_20_std": 0.321733,
        "nauc_precision_at_20_diff1": 0.250428,
        "nauc_precision_at_100_max": 0.42012,
        "nauc_precision_at_100_std": 0.192441,
        "nauc_precision_at_100_diff1": 0.19282,
        "nauc_precision_at_1000_max": 0.354203,
        "nauc_precision_at_1000_std": 0.117123,
        "nauc_precision_at_1000_diff1": 0.031936,
        "nauc_mrr_at_1_max": 0.516114,
        "nauc_mrr_at_1_std": 0.129929,
        "nauc_mrr_at_1_diff1": 0.412691,
        "nauc_mrr_at_3_max": 0.471887,
        "nauc_mrr_at_3_std": 0.088114,
        "nauc_mrr_at_3_diff1": 0.363388,
        "nauc_mrr_at_5_max": 0.471887,
        "nauc_mrr_at_5_std": 0.088114,
        "nauc_mrr_at_5_diff1": 0.363388,
        "nauc_mrr_at_10_max": 0.498989,
        "nauc_mrr_at_10_std": 0.133557,
        "nauc_mrr_at_10_diff1": 0.369179,
        "nauc_mrr_at_20_max": 0.495338,
        "nauc_mrr_at_20_std": 0.131527,
        "nauc_mrr_at_20_diff1": 0.376679,
        "nauc_mrr_at_100_max": 0.492185,
        "nauc_mrr_at_100_std": 0.126308,
        "nauc_mrr_at_100_diff1": 0.377957,
        "nauc_mrr_at_1000_max": 0.492363,
        "nauc_mrr_at_1000_std": 0.126425,
        "nauc_mrr_at_1000_diff1": 0.377899,
        "main_score": 0.60398,
        "hf_subset": "default",
        "languages": [
          "eng-Latn"
        ]
      }
    ]
  },
  "evaluation_time": 29.622920513153076,
  "kg_co2_emissions": null
}