{
  "dataset_revision": "1840e8a5ac6ec752bbdd97d543ead0189bc7c25b",
  "task_name": "ChemHotpotQARetrieval",
  "mteb_version": "1.36.29",
  "scores": {
    "train": [
      {
        "ndcg_at_1": 0.76667,
        "ndcg_at_3": 0.80521,
        "ndcg_at_5": 0.81693,
        "ndcg_at_10": 0.82418,
        "ndcg_at_20": 0.8327,
        "ndcg_at_100": 0.84191,
        "ndcg_at_1000": 0.84642,
        "map_at_1": 0.74722,
        "map_at_3": 0.79167,
        "map_at_5": 0.79833,
        "map_at_10": 0.80136,
        "map_at_20": 0.80375,
        "map_at_100": 0.80519,
        "map_at_1000": 0.80538,
        "recall_at_1": 0.74722,
        "recall_at_3": 0.83611,
        "recall_at_5": 0.86389,
        "recall_at_10": 0.88611,
        "recall_at_20": 0.91944,
        "recall_at_100": 0.96667,
        "recall_at_1000": 1.0,
        "precision_at_1": 0.76667,
        "precision_at_3": 0.28889,
        "precision_at_5": 0.17889,
        "precision_at_10": 0.09167,
        "precision_at_20": 0.0475,
        "precision_at_100": 0.01,
        "precision_at_1000": 0.00104,
        "mrr_at_1": 0.766667,
        "mrr_at_3": 0.800926,
        "mrr_at_5": 0.807593,
        "mrr_at_10": 0.810624,
        "mrr_at_20": 0.813005,
        "mrr_at_100": 0.814359,
        "mrr_at_1000": 0.814522,
        "nauc_ndcg_at_1_max": 0.742643,
        "nauc_ndcg_at_1_std": -0.147073,
        "nauc_ndcg_at_1_diff1": 0.887713,
        "nauc_ndcg_at_3_max": 0.651441,
        "nauc_ndcg_at_3_std": -0.21778,
        "nauc_ndcg_at_3_diff1": 0.806608,
        "nauc_ndcg_at_5_max": 0.645797,
        "nauc_ndcg_at_5_std": -0.209813,
        "nauc_ndcg_at_5_diff1": 0.797583,
        "nauc_ndcg_at_10_max": 0.634151,
        "nauc_ndcg_at_10_std": -0.212928,
        "nauc_ndcg_at_10_diff1": 0.788353,
        "nauc_ndcg_at_20_max": 0.635139,
        "nauc_ndcg_at_20_std": -0.216604,
        "nauc_ndcg_at_20_diff1": 0.785498,
        "nauc_ndcg_at_100_max": 0.639831,
        "nauc_ndcg_at_100_std": -0.211248,
        "nauc_ndcg_at_100_diff1": 0.788252,
        "nauc_ndcg_at_1000_max": 0.649855,
        "nauc_ndcg_at_1000_std": -0.20767,
        "nauc_ndcg_at_1000_diff1": 0.801476,
        "nauc_map_at_1_max": 0.63432,
        "nauc_map_at_1_std": -0.220529,
        "nauc_map_at_1_diff1": 0.826302,
        "nauc_map_at_3_max": 0.647744,
        "nauc_map_at_3_std": -0.217349,
        "nauc_map_at_3_diff1": 0.80042,
        "nauc_map_at_5_max": 0.644736,
        "nauc_map_at_5_std": -0.213077,
        "nauc_map_at_5_diff1": 0.795541,
        "nauc_map_at_10_max": 0.640481,
        "nauc_map_at_10_std": -0.214973,
        "nauc_map_at_10_diff1": 0.792081,
        "nauc_map_at_20_max": 0.640969,
        "nauc_map_at_20_std": -0.215975,
        "nauc_map_at_20_diff1": 0.791474,
        "nauc_map_at_100_max": 0.640734,
        "nauc_map_at_100_std": -0.215973,
        "nauc_map_at_100_diff1": 0.791566,
        "nauc_map_at_1000_max": 0.641011,
        "nauc_map_at_1000_std": -0.215814,
        "nauc_map_at_1000_diff1": 0.791942,
        "nauc_recall_at_1_max": 0.63432,
        "nauc_recall_at_1_std": -0.220529,
        "nauc_recall_at_1_diff1": 0.826302,
        "nauc_recall_at_3_max": 0.587945,
        "nauc_recall_at_3_std": -0.266679,
        "nauc_recall_at_3_diff1": 0.749012,
        "nauc_recall_at_5_max": 0.558706,
        "nauc_recall_at_5_std": -0.25189,
        "nauc_recall_at_5_diff1": 0.710683,
        "nauc_recall_at_10_max": 0.490743,
        "nauc_recall_at_10_std": -0.267305,
        "nauc_recall_at_10_diff1": 0.654336,
        "nauc_recall_at_20_max": 0.430391,
        "nauc_recall_at_20_std": -0.311906,
        "nauc_recall_at_20_diff1": 0.568998,
        "nauc_recall_at_100_max": 0.322829,
        "nauc_recall_at_100_std": -0.280034,
        "nauc_recall_at_100_diff1": 0.362045,
        "nauc_recall_at_1000_max": NaN,
        "nauc_recall_at_1000_std": NaN,
        "nauc_recall_at_1000_diff1": NaN,
        "nauc_precision_at_1_max": 0.742643,
        "nauc_precision_at_1_std": -0.147073,
        "nauc_precision_at_1_diff1": 0.887713,
        "nauc_precision_at_3_max": 0.588466,
        "nauc_precision_at_3_std": -0.083,
        "nauc_precision_at_3_diff1": 0.591227,
        "nauc_precision_at_5_max": 0.564947,
        "nauc_precision_at_5_std": -0.043824,
        "nauc_precision_at_5_diff1": 0.536894,
        "nauc_precision_at_10_max": 0.512707,
        "nauc_precision_at_10_std": -0.027853,
        "nauc_precision_at_10_diff1": 0.46949,
        "nauc_precision_at_20_max": 0.480142,
        "nauc_precision_at_20_std": 0.007531,
        "nauc_precision_at_20_diff1": 0.359569,
        "nauc_precision_at_100_max": 0.380917,
        "nauc_precision_at_100_std": 0.239019,
        "nauc_precision_at_100_diff1": 0.067132,
        "nauc_precision_at_1000_max": 0.412281,
        "nauc_precision_at_1000_std": 0.549657,
        "nauc_precision_at_1000_diff1": 0.040017,
        "nauc_mrr_at_1_max": 0.742643,
        "nauc_mrr_at_1_std": -0.147073,
        "nauc_mrr_at_1_diff1": 0.887713,
        "nauc_mrr_at_3_max": 0.717717,
        "nauc_mrr_at_3_std": -0.169153,
        "nauc_mrr_at_3_diff1": 0.871735,
        "nauc_mrr_at_5_max": 0.716875,
        "nauc_mrr_at_5_std": -0.16315,
        "nauc_mrr_at_5_diff1": 0.868996,
        "nauc_mrr_at_10_max": 0.713543,
        "nauc_mrr_at_10_std": -0.164368,
        "nauc_mrr_at_10_diff1": 0.866508,
        "nauc_mrr_at_20_max": 0.715029,
        "nauc_mrr_at_20_std": -0.16473,
        "nauc_mrr_at_20_diff1": 0.866874,
        "nauc_mrr_at_100_max": 0.715199,
        "nauc_mrr_at_100_std": -0.164527,
        "nauc_mrr_at_100_diff1": 0.867458,
        "nauc_mrr_at_1000_max": 0.715152,
        "nauc_mrr_at_1000_std": -0.164605,
        "nauc_mrr_at_1000_diff1": 0.867495,
        "main_score": 0.82418,
        "hf_subset": "default",
        "languages": [
          "eng-Latn"
        ]
      }
    ],
    "dev": [
      {
        "ndcg_at_1": 0.875,
        "ndcg_at_3": 0.875,
        "ndcg_at_5": 0.875,
        "ndcg_at_10": 0.875,
        "ndcg_at_20": 0.90498,
        "ndcg_at_100": 0.90498,
        "ndcg_at_1000": 0.90498,
        "map_at_1": 0.875,
        "map_at_3": 0.875,
        "map_at_5": 0.875,
        "map_at_10": 0.875,
        "map_at_20": 0.88235,
        "map_at_100": 0.88235,
        "map_at_1000": 0.88235,
        "recall_at_1": 0.875,
        "recall_at_3": 0.875,
        "recall_at_5": 0.875,
        "recall_at_10": 0.875,
        "recall_at_20": 1.0,
        "recall_at_100": 1.0,
        "recall_at_1000": 1.0,
        "precision_at_1": 0.875,
        "precision_at_3": 0.29167,
        "precision_at_5": 0.175,
        "precision_at_10": 0.0875,
        "precision_at_20": 0.05,
        "precision_at_100": 0.01,
        "precision_at_1000": 0.001,
        "mrr_at_1": 0.875,
        "mrr_at_3": 0.875,
        "mrr_at_5": 0.875,
        "mrr_at_10": 0.875,
        "mrr_at_20": 0.882353,
        "mrr_at_100": 0.882353,
        "mrr_at_1000": 0.882353,
        "nauc_ndcg_at_1_max": 1.0,
        "nauc_ndcg_at_1_std": 0.128291,
        "nauc_ndcg_at_1_diff1": 1.0,
        "nauc_ndcg_at_3_max": 1.0,
        "nauc_ndcg_at_3_std": 0.128291,
        "nauc_ndcg_at_3_diff1": 1.0,
        "nauc_ndcg_at_5_max": 1.0,
        "nauc_ndcg_at_5_std": 0.128291,
        "nauc_ndcg_at_5_diff1": 1.0,
        "nauc_ndcg_at_10_max": 1.0,
        "nauc_ndcg_at_10_std": 0.128291,
        "nauc_ndcg_at_10_diff1": 1.0,
        "nauc_ndcg_at_20_max": 1.0,
        "nauc_ndcg_at_20_std": 0.128291,
        "nauc_ndcg_at_20_diff1": 1.0,
        "nauc_ndcg_at_100_max": 1.0,
        "nauc_ndcg_at_100_std": 0.128291,
        "nauc_ndcg_at_100_diff1": 1.0,
        "nauc_ndcg_at_1000_max": 1.0,
        "nauc_ndcg_at_1000_std": 0.128291,
        "nauc_ndcg_at_1000_diff1": 1.0,
        "nauc_map_at_1_max": 1.0,
        "nauc_map_at_1_std": 0.128291,
        "nauc_map_at_1_diff1": 1.0,
        "nauc_map_at_3_max": 1.0,
        "nauc_map_at_3_std": 0.128291,