{
  "dataset_revision": "f33a205966ce032f957c3a22f4f9e378f89a2c56",
  "task_name": "PubChemAISentenceParaphrasePC",
  "mteb_version": "1.36.29",
  "scores": {
    "test": [
      {
        "similarity_accuracy": 0.981934,
        "similarity_accuracy_threshold": 0.975421,
        "similarity_f1": 0.904393,
        "similarity_f1_threshold": 0.975421,
        "similarity_precision": 0.961538,
        "similarity_recall": 0.853659,
        "similarity_ap": 0.921557,
        "cosine_accuracy": 0.981934,
        "cosine_accuracy_threshold": 0.975421,
        "cosine_f1": 0.904393,
        "cosine_f1_threshold": 0.975421,
        "cosine_precision": 0.961538,
        "cosine_recall": 0.853659,
        "cosine_ap": 0.921557,
        "manhattan_accuracy": 0.98291,
        "manhattan_accuracy_threshold": 112.181282,
        "manhattan_f1": 0.910026,
        "manhattan_f1_threshold": 112.181282,
        "manhattan_precision": 0.961957,
        "manhattan_recall": 0.863415,
        "manhattan_ap": 0.92173,
        "euclidean_accuracy": 0.98291,
        "euclidean_accuracy_threshold": 5.108784,
        "euclidean_f1": 0.910026,
        "euclidean_f1_threshold": 5.108784,
        "euclidean_precision": 0.961957,
        "euclidean_recall": 0.863415,
        "euclidean_ap": 0.920739,
        "dot_accuracy": 0.922852,
        "dot_accuracy_threshold": 508.973022,
        "dot_f1": 0.573529,
        "dot_f1_threshold": 496.482971,
        "dot_precision": 0.576355,
        "dot_recall": 0.570732,
        "dot_ap": 0.569466,
        "max_accuracy": 0.98291,
        "max_f1": 0.910026,
        "max_precision": 0.961957,
        "max_recall": 0.863415,
        "max_ap": 0.92173,
        "main_score": 0.92173,
        "hf_subset": "default",
        "languages": [
          "eng-Latn"
        ]
      }
    ]
  },
  "evaluation_time": 3.3637759685516357,
  "kg_co2_emissions": null
}