{
  "dataset_revision": "6c6430d3a6d36f8d2a829195bc5dc94d7e063e53",
  "task_name": "CQADupstackUnixRetrieval",
  "mteb_version": "1.36.29",
  "scores": {
    "test": [
      {
        "ndcg_at_1": 0.27985,
        "ndcg_at_3": 0.31582,
        "ndcg_at_5": 0.3359,
        "ndcg_at_10": 0.35849,
        "ndcg_at_20": 0.37963,
        "ndcg_at_100": 0.41117,
        "ndcg_at_1000": 0.43682,
        "map_at_1": 0.23943,
        "map_at_3": 0.28911,
        "map_at_5": 0.30214,
        "map_at_10": 0.3123,
        "map_at_20": 0.3185,
        "map_at_100": 0.32335,
        "map_at_1000": 0.32442,
        "recall_at_1": 0.23943,
        "recall_at_3": 0.34193,
        "recall_at_5": 0.39356,
        "recall_at_10": 0.46117,
        "recall_at_20": 0.53844,
        "recall_at_100": 0.69278,
        "recall_at_1000": 0.87364,
        "precision_at_1": 0.27985,
        "precision_at_3": 0.14148,
        "precision_at_5": 0.09963,
        "precision_at_10": 0.05942,
        "precision_at_20": 0.03531,
        "precision_at_100": 0.00965,
        "precision_at_1000": 0.0013,
        "mrr_at_1": 0.279851,
        "mrr_at_3": 0.329913,
        "mrr_at_5": 0.3426,
        "mrr_at_10": 0.35173,
        "mrr_at_20": 0.357462,
        "mrr_at_100": 0.361136,
        "mrr_at_1000": 0.361813,
        "nauc_ndcg_at_1_max": 0.436373,
        "nauc_ndcg_at_1_std": 0.010204,
        "nauc_ndcg_at_1_diff1": 0.520588,
        "nauc_ndcg_at_3_max": 0.420532,
        "nauc_ndcg_at_3_std": 0.0374,
        "nauc_ndcg_at_3_diff1": 0.476602,
        "nauc_ndcg_at_5_max": 0.419721,
        "nauc_ndcg_at_5_std": 0.044679,
        "nauc_ndcg_at_5_diff1": 0.459779,
        "nauc_ndcg_at_10_max": 0.418569,
        "nauc_ndcg_at_10_std": 0.056594,
        "nauc_ndcg_at_10_diff1": 0.451727,
        "nauc_ndcg_at_20_max": 0.408655,
        "nauc_ndcg_at_20_std": 0.057005,
        "nauc_ndcg_at_20_diff1": 0.446584,
        "nauc_ndcg_at_100_max": 0.417728,
        "nauc_ndcg_at_100_std": 0.067489,
        "nauc_ndcg_at_100_diff1": 0.450143,
        "nauc_ndcg_at_1000_max": 0.423115,
        "nauc_ndcg_at_1000_std": 0.072483,
        "nauc_ndcg_at_1000_diff1": 0.453085,
        "nauc_map_at_1_max": 0.437632,
        "nauc_map_at_1_std": 0.011286,
        "nauc_map_at_1_diff1": 0.550182,
        "nauc_map_at_3_max": 0.425296,
        "nauc_map_at_3_std": 0.033881,
        "nauc_map_at_3_diff1": 0.501278,
        "nauc_map_at_5_max": 0.425894,
        "nauc_map_at_5_std": 0.038437,
        "nauc_map_at_5_diff1": 0.490483,
        "nauc_map_at_10_max": 0.425344,
        "nauc_map_at_10_std": 0.043319,
        "nauc_map_at_10_diff1": 0.486531,
        "nauc_map_at_20_max": 0.422472,
        "nauc_map_at_20_std": 0.04287,
        "nauc_map_at_20_diff1": 0.484704,
        "nauc_map_at_100_max": 0.423752,
        "nauc_map_at_100_std": 0.044303,
        "nauc_map_at_100_diff1": 0.484728,
        "nauc_map_at_1000_max": 0.424128,
        "nauc_map_at_1000_std": 0.044768,
        "nauc_map_at_1000_diff1": 0.484799,
        "nauc_recall_at_1_max": 0.437632,
        "nauc_recall_at_1_std": 0.011286,
        "nauc_recall_at_1_diff1": 0.550182,
        "nauc_recall_at_3_max": 0.396104,
        "nauc_recall_at_3_std": 0.054213,
        "nauc_recall_at_3_diff1": 0.437832,
        "nauc_recall_at_5_max": 0.391214,
        "nauc_recall_at_5_std": 0.07118,
        "nauc_recall_at_5_diff1": 0.393382,
        "nauc_recall_at_10_max": 0.377934,
        "nauc_recall_at_10_std": 0.098479,
        "nauc_recall_at_10_diff1": 0.364373,
        "nauc_recall_at_20_max": 0.333101,
        "nauc_recall_at_20_std": 0.103004,
        "nauc_recall_at_20_diff1": 0.338096,
        "nauc_recall_at_100_max": 0.364139,
        "nauc_recall_at_100_std": 0.185624,
        "nauc_recall_at_100_diff1": 0.33641,
        "nauc_recall_at_1000_max": 0.416626,
        "nauc_recall_at_1000_std": 0.39344,
        "nauc_recall_at_1000_diff1": 0.314266,
        "nauc_precision_at_1_max": 0.436373,
        "nauc_precision_at_1_std": 0.010204,
        "nauc_precision_at_1_diff1": 0.520588,
        "nauc_precision_at_3_max": 0.37595,
        "nauc_precision_at_3_std": 0.047657,
        "nauc_precision_at_3_diff1": 0.359829,
        "nauc_precision_at_5_max": 0.35638,
        "nauc_precision_at_5_std": 0.056538,
        "nauc_precision_at_5_diff1": 0.289691,
        "nauc_precision_at_10_max": 0.322517,
        "nauc_precision_at_10_std": 0.088123,
        "nauc_precision_at_10_diff1": 0.22442,
        "nauc_precision_at_20_max": 0.255539,
        "nauc_precision_at_20_std": 0.081487,
        "nauc_precision_at_20_diff1": 0.164689,
        "nauc_precision_at_100_max": 0.18545,
        "nauc_precision_at_100_std": 0.096608,
        "nauc_precision_at_100_diff1": 0.044988,
        "nauc_precision_at_1000_max": 0.044034,
        "nauc_precision_at_1000_std": 0.055251,
        "nauc_precision_at_1000_diff1": -0.096814,
        "nauc_mrr_at_1_max": 0.436373,
        "nauc_mrr_at_1_std": 0.010204,
        "nauc_mrr_at_1_diff1": 0.520588,
        "nauc_mrr_at_3_max": 0.422778,
        "nauc_mrr_at_3_std": 0.027346,
        "nauc_mrr_at_3_diff1": 0.468314,
        "nauc_mrr_at_5_max": 0.423468,
        "nauc_mrr_at_5_std": 0.030736,
        "nauc_mrr_at_5_diff1": 0.45796,
        "nauc_mrr_at_10_max": 0.422808,
        "nauc_mrr_at_10_std": 0.035149,
        "nauc_mrr_at_10_diff1": 0.454762,
        "nauc_mrr_at_20_max": 0.420415,
        "nauc_mrr_at_20_std": 0.035325,
        "nauc_mrr_at_20_diff1": 0.45383,
        "nauc_mrr_at_100_max": 0.421826,
        "nauc_mrr_at_100_std": 0.036088,
        "nauc_mrr_at_100_diff1": 0.455544,
        "nauc_mrr_at_1000_max": 0.421945,
        "nauc_mrr_at_1000_std": 0.036212,
        "nauc_mrr_at_1000_diff1": 0.455659,
        "main_score": 0.35849,
        "hf_subset": "default",
        "languages": [
          "eng-Latn"
        ]
      }
    ]
  },
  "evaluation_time": 726.5814528465271,
  "kg_co2_emissions": null
}