{
  "dataset_revision": "080c9ed6267b65029207906e815d44a9240bafca",
  "task_name": "FEVERHardNegatives",
  "mteb_version": "1.36.29",
  "scores": {
    "test": [
      {
        "ndcg_at_1": 0.759,
        "ndcg_at_3": 0.83918,
        "ndcg_at_5": 0.85378,
        "ndcg_at_10": 0.86155,
        "ndcg_at_20": 0.86635,
        "ndcg_at_100": 0.8701,
        "ndcg_at_1000": 0.87161,
        "map_at_1": 0.7203,
        "map_at_3": 0.80732,
        "map_at_5": 0.81737,
        "map_at_10": 0.82147,
        "map_at_20": 0.82338,
        "map_at_100": 0.82419,
        "map_at_1000": 0.8243,
        "recall_at_1": 0.7203,
        "recall_at_3": 0.8936,
        "recall_at_5": 0.9308,
        "recall_at_10": 0.95312,
        "recall_at_20": 0.96888,
        "recall_at_100": 0.98475,
        "recall_at_1000": 0.99332,
        "precision_at_1": 0.759,
        "precision_at_3": 0.32167,
        "precision_at_5": 0.2026,
        "precision_at_10": 0.1048,
        "precision_at_20": 0.0541,
        "precision_at_100": 0.01121,
        "precision_at_1000": 0.00115,
        "mrr_at_1": 0.759,
        "mrr_at_3": 0.839,
        "mrr_at_5": 0.84705,
        "mrr_at_10": 0.849454,
        "mrr_at_20": 0.850084,
        "mrr_at_100": 0.850277,
        "mrr_at_1000": 0.850284,
        "nauc_ndcg_at_1_max": 0.083898,
        "nauc_ndcg_at_1_std": -0.082069,
        "nauc_ndcg_at_1_diff1": 0.708262,
        "nauc_ndcg_at_3_max": 0.209048,
        "nauc_ndcg_at_3_std": -0.055264,
        "nauc_ndcg_at_3_diff1": 0.665743,
        "nauc_ndcg_at_5_max": 0.203344,
        "nauc_ndcg_at_5_std": -0.059692,
        "nauc_ndcg_at_5_diff1": 0.656366,
        "nauc_ndcg_at_10_max": 0.185392,
        "nauc_ndcg_at_10_std": -0.056519,
        "nauc_ndcg_at_10_diff1": 0.656183,
        "nauc_ndcg_at_20_max": 0.190173,
        "nauc_ndcg_at_20_std": -0.05216,
        "nauc_ndcg_at_20_diff1": 0.658808,
        "nauc_ndcg_at_100_max": 0.182491,
        "nauc_ndcg_at_100_std": -0.049685,
        "nauc_ndcg_at_100_diff1": 0.666702,
        "nauc_ndcg_at_1000_max": 0.17881,
        "nauc_ndcg_at_1000_std": -0.051815,
        "nauc_ndcg_at_1000_diff1": 0.667481,
        "nauc_map_at_1_max": 0.088058,
        "nauc_map_at_1_std": -0.091528,
        "nauc_map_at_1_diff1": 0.65528,
        "nauc_map_at_3_max": 0.18108,
        "nauc_map_at_3_std": -0.06212,
        "nauc_map_at_3_diff1": 0.660349,
        "nauc_map_at_5_max": 0.176189,
        "nauc_map_at_5_std": -0.065373,
        "nauc_map_at_5_diff1": 0.66008,
        "nauc_map_at_10_max": 0.169253,
        "nauc_map_at_10_std": -0.063404,
        "nauc_map_at_10_diff1": 0.659791,
        "nauc_map_at_20_max": 0.171965,
        "nauc_map_at_20_std": -0.061298,
        "nauc_map_at_20_diff1": 0.660619,
        "nauc_map_at_100_max": 0.170612,
        "nauc_map_at_100_std": -0.061409,
        "nauc_map_at_100_diff1": 0.661903,
        "nauc_map_at_1000_max": 0.170478,
        "nauc_map_at_1000_std": -0.061299,
        "nauc_map_at_1000_diff1": 0.661982,
        "nauc_recall_at_1_max": 0.088058,
        "nauc_recall_at_1_std": -0.091528,
        "nauc_recall_at_1_diff1": 0.65528,
        "nauc_recall_at_3_max": 0.354241,
        "nauc_recall_at_3_std": -0.025336,
        "nauc_recall_at_3_diff1": 0.602252,
        "nauc_recall_at_5_max": 0.405299,
        "nauc_recall_at_5_std": -0.023941,
        "nauc_recall_at_5_diff1": 0.520612,
        "nauc_recall_at_10_max": 0.366273,
        "nauc_recall_at_10_std": 0.014749,
        "nauc_recall_at_10_diff1": 0.47291,
        "nauc_recall_at_20_max": 0.510602,
        "nauc_recall_at_20_std": 0.099975,
        "nauc_recall_at_20_diff1": 0.428012,
        "nauc_recall_at_100_max": 0.617525,
        "nauc_recall_at_100_std": 0.368837,
        "nauc_recall_at_100_diff1": 0.499129,
        "nauc_recall_at_1000_max": 0.822381,
        "nauc_recall_at_1000_std": 0.5905,
        "nauc_recall_at_1000_diff1": 0.38633,
        "nauc_precision_at_1_max": 0.083898,
        "nauc_precision_at_1_std": -0.082069,
        "nauc_precision_at_1_diff1": 0.708262,
        "nauc_precision_at_3_max": 0.265577,
        "nauc_precision_at_3_std": 0.064991,
        "nauc_precision_at_3_diff1": 0.323937,
        "nauc_precision_at_5_max": 0.188857,
        "nauc_precision_at_5_std": 0.084783,
        "nauc_precision_at_5_diff1": 0.094695,
        "nauc_precision_at_10_max": 0.047504,
        "nauc_precision_at_10_std": 0.110805,
        "nauc_precision_at_10_diff1": -0.083508,
        "nauc_precision_at_20_max": 0.036735,
        "nauc_precision_at_20_std": 0.134457,
        "nauc_precision_at_20_diff1": -0.173926,
        "nauc_precision_at_100_max": -0.038776,
        "nauc_precision_at_100_std": 0.132592,
        "nauc_precision_at_100_diff1": -0.210238,
        "nauc_precision_at_1000_max": -0.081103,
        "nauc_precision_at_1000_std": 0.108828,
        "nauc_precision_at_1000_diff1": -0.235148,
        "nauc_mrr_at_1_max": 0.083898,
        "nauc_mrr_at_1_std": -0.082069,
        "nauc_mrr_at_1_diff1": 0.708262,
        "nauc_mrr_at_3_max": 0.152717,
        "nauc_mrr_at_3_std": -0.071879,
        "nauc_mrr_at_3_diff1": 0.702494,
        "nauc_mrr_at_5_max": 0.146172,
        "nauc_mrr_at_5_std": -0.075619,
        "nauc_mrr_at_5_diff1": 0.697641,
        "nauc_mrr_at_10_max": 0.139416,
        "nauc_mrr_at_10_std": -0.07486,
        "nauc_mrr_at_10_diff1": 0.699105,
        "nauc_mrr_at_20_max": 0.138735,
        "nauc_mrr_at_20_std": -0.074248,
        "nauc_mrr_at_20_diff1": 0.699493,
        "nauc_mrr_at_100_max": 0.137997,
        "nauc_mrr_at_100_std": -0.074499,
        "nauc_mrr_at_100_diff1": 0.700139,
        "nauc_mrr_at_1000_max": 0.137996,
        "nauc_mrr_at_1000_std": -0.074527,
        "nauc_mrr_at_1000_diff1": 0.700124,
        "main_score": 0.86155,
        "hf_subset": "default",
        "languages": [
          "eng-Latn"
        ]
      }
    ]
  },
  "evaluation_time": 782.5155107975006,
  "kg_co2_emissions": null
}