{
  "dataset_revision": "6c6430d3a6d36f8d2a829195bc5dc94d7e063e53",
  "task_name": "CQADupstackUnixRetrieval",
  "mteb_version": "1.36.29",
  "scores": {
    "test": [
      {
        "ndcg_at_1": 0.27799,
        "ndcg_at_3": 0.307,
        "ndcg_at_5": 0.32234,
        "ndcg_at_10": 0.34442,
        "ndcg_at_20": 0.36324,
        "ndcg_at_100": 0.39661,
        "ndcg_at_1000": 0.42371,
        "map_at_1": 0.23431,
        "map_at_3": 0.28026,
        "map_at_5": 0.29116,
        "map_at_10": 0.3013,
        "map_at_20": 0.30689,
        "map_at_100": 0.31219,
        "map_at_1000": 0.31328,
        "recall_at_1": 0.23431,
        "recall_at_3": 0.33035,
        "recall_at_5": 0.37035,
        "recall_at_10": 0.43589,
        "recall_at_20": 0.50381,
        "recall_at_100": 0.66539,
        "recall_at_1000": 0.86011,
        "precision_at_1": 0.27799,
        "precision_at_3": 0.13775,
        "precision_at_5": 0.09515,
        "precision_at_10": 0.0569,
        "precision_at_20": 0.03354,
        "precision_at_100": 0.00924,
        "precision_at_1000": 0.00128,
        "mrr_at_1": 0.277985,
        "mrr_at_3": 0.324005,
        "mrr_at_5": 0.33366,
        "mrr_at_10": 0.342488,
        "mrr_at_20": 0.347708,
        "mrr_at_100": 0.351911,
        "mrr_at_1000": 0.352616,
        "nauc_ndcg_at_1_max": 0.501389,
        "nauc_ndcg_at_1_std": 0.016924,
        "nauc_ndcg_at_1_diff1": 0.569137,
        "nauc_ndcg_at_3_max": 0.48331,
        "nauc_ndcg_at_3_std": 0.027009,
        "nauc_ndcg_at_3_diff1": 0.532701,
        "nauc_ndcg_at_5_max": 0.473901,
        "nauc_ndcg_at_5_std": 0.025166,
        "nauc_ndcg_at_5_diff1": 0.523154,
        "nauc_ndcg_at_10_max": 0.463823,
        "nauc_ndcg_at_10_std": 0.025691,
        "nauc_ndcg_at_10_diff1": 0.516819,
        "nauc_ndcg_at_20_max": 0.462139,
        "nauc_ndcg_at_20_std": 0.028757,
        "nauc_ndcg_at_20_diff1": 0.505621,
        "nauc_ndcg_at_100_max": 0.465299,
        "nauc_ndcg_at_100_std": 0.032905,
        "nauc_ndcg_at_100_diff1": 0.500308,
        "nauc_ndcg_at_1000_max": 0.475078,
        "nauc_ndcg_at_1000_std": 0.047903,
        "nauc_ndcg_at_1000_diff1": 0.503494,
        "nauc_map_at_1_max": 0.492775,
        "nauc_map_at_1_std": 0.014662,
        "nauc_map_at_1_diff1": 0.585676,
        "nauc_map_at_3_max": 0.486658,
        "nauc_map_at_3_std": 0.025237,
        "nauc_map_at_3_diff1": 0.550162,
        "nauc_map_at_5_max": 0.482557,
        "nauc_map_at_5_std": 0.025289,
        "nauc_map_at_5_diff1": 0.540936,
        "nauc_map_at_10_max": 0.477942,
        "nauc_map_at_10_std": 0.025683,
        "nauc_map_at_10_diff1": 0.537777,
        "nauc_map_at_20_max": 0.47747,
        "nauc_map_at_20_std": 0.026472,
        "nauc_map_at_20_diff1": 0.534172,
        "nauc_map_at_100_max": 0.478075,
        "nauc_map_at_100_std": 0.026965,
        "nauc_map_at_100_diff1": 0.533127,
        "nauc_map_at_1000_max": 0.478564,
        "nauc_map_at_1000_std": 0.027774,
        "nauc_map_at_1000_diff1": 0.533332,
        "nauc_recall_at_1_max": 0.492775,
        "nauc_recall_at_1_std": 0.014662,
        "nauc_recall_at_1_diff1": 0.585676,
        "nauc_recall_at_3_max": 0.450318,
        "nauc_recall_at_3_std": 0.025719,
        "nauc_recall_at_3_diff1": 0.499699,
        "nauc_recall_at_5_max": 0.429432,
        "nauc_recall_at_5_std": 0.024837,
        "nauc_recall_at_5_diff1": 0.468424,
        "nauc_recall_at_10_max": 0.391401,
        "nauc_recall_at_10_std": 0.022294,
        "nauc_recall_at_10_diff1": 0.443762,
        "nauc_recall_at_20_max": 0.377467,
        "nauc_recall_at_20_std": 0.033807,
        "nauc_recall_at_20_diff1": 0.397667,
        "nauc_recall_at_100_max": 0.367372,
        "nauc_recall_at_100_std": 0.058249,
        "nauc_recall_at_100_diff1": 0.344052,
        "nauc_recall_at_1000_max": 0.441304,
        "nauc_recall_at_1000_std": 0.310359,
        "nauc_recall_at_1000_diff1": 0.273584,
        "nauc_precision_at_1_max": 0.501389,
        "nauc_precision_at_1_std": 0.016924,
        "nauc_precision_at_1_diff1": 0.569137,
        "nauc_precision_at_3_max": 0.458352,
        "nauc_precision_at_3_std": 0.046795,
        "nauc_precision_at_3_diff1": 0.443351,
        "nauc_precision_at_5_max": 0.426027,
        "nauc_precision_at_5_std": 0.047846,
        "nauc_precision_at_5_diff1": 0.392108,
        "nauc_precision_at_10_max": 0.36589,
        "nauc_precision_at_10_std": 0.044715,
        "nauc_precision_at_10_diff1": 0.329922,
        "nauc_precision_at_20_max": 0.324513,
        "nauc_precision_at_20_std": 0.049962,
        "nauc_precision_at_20_diff1": 0.252537,
        "nauc_precision_at_100_max": 0.244282,
        "nauc_precision_at_100_std": 0.07363,
        "nauc_precision_at_100_diff1": 0.110406,
        "nauc_precision_at_1000_max": 0.120192,
        "nauc_precision_at_1000_std": 0.092632,
        "nauc_precision_at_1000_diff1": -0.040957,
        "nauc_mrr_at_1_max": 0.501389,
        "nauc_mrr_at_1_std": 0.016924,
        "nauc_mrr_at_1_diff1": 0.569137,
        "nauc_mrr_at_3_max": 0.486781,
        "nauc_mrr_at_3_std": 0.022128,
        "nauc_mrr_at_3_diff1": 0.532136,
        "nauc_mrr_at_5_max": 0.482065,
        "nauc_mrr_at_5_std": 0.021702,
        "nauc_mrr_at_5_diff1": 0.528572,
        "nauc_mrr_at_10_max": 0.47888,
        "nauc_mrr_at_10_std": 0.022176,
        "nauc_mrr_at_10_diff1": 0.526695,
        "nauc_mrr_at_20_max": 0.478877,
        "nauc_mrr_at_20_std": 0.022944,
        "nauc_mrr_at_20_diff1": 0.524267,
        "nauc_mrr_at_100_max": 0.479205,
        "nauc_mrr_at_100_std": 0.022624,
        "nauc_mrr_at_100_diff1": 0.524225,
        "nauc_mrr_at_1000_max": 0.479509,
        "nauc_mrr_at_1000_std": 0.023276,
        "nauc_mrr_at_1000_diff1": 0.524291,
        "main_score": 0.34442,
        "hf_subset": "default",
        "languages": [
          "eng-Latn"
        ]
      }
    ]
  },
  "evaluation_time": 153.41059565544128,
  "kg_co2_emissions": null
}