{
  "dataset_revision": "617612fa63afcb60e3b134bed8b7216a99707c37",
  "task_name": "HotpotQAHardNegatives",
  "mteb_version": "1.36.29",
  "scores": {
    "test": [
      {
        "ndcg_at_1": 0.734,
        "ndcg_at_3": 0.61391,
        "ndcg_at_5": 0.64734,
        "ndcg_at_10": 0.67374,
        "ndcg_at_20": 0.69145,
        "ndcg_at_100": 0.71518,
        "ndcg_at_1000": 0.72688,
        "map_at_1": 0.367,
        "map_at_3": 0.54133,
        "map_at_5": 0.56711,
        "map_at_10": 0.58264,
        "map_at_20": 0.58974,
        "map_at_100": 0.59497,
        "map_at_1000": 0.59565,
        "recall_at_1": 0.367,
        "recall_at_3": 0.593,
        "recall_at_5": 0.659,
        "recall_at_10": 0.7255,
        "recall_at_20": 0.782,
        "recall_at_100": 0.8845,
        "recall_at_1000": 0.96,
        "precision_at_1": 0.734,
        "precision_at_3": 0.39533,
        "precision_at_5": 0.2636,
        "precision_at_10": 0.1451,
        "precision_at_20": 0.0782,
        "precision_at_100": 0.01769,
        "precision_at_1000": 0.00192,
        "mrr_at_1": 0.734,
        "mrr_at_3": 0.791667,
        "mrr_at_5": 0.800817,
        "mrr_at_10": 0.805339,
        "mrr_at_20": 0.807324,
        "mrr_at_100": 0.808086,
        "mrr_at_1000": 0.808138,
        "nauc_ndcg_at_1_max": 0.425308,
        "nauc_ndcg_at_1_std": -0.200268,
        "nauc_ndcg_at_1_diff1": 0.716873,
        "nauc_ndcg_at_3_max": 0.260618,
        "nauc_ndcg_at_3_std": -0.130625,
        "nauc_ndcg_at_3_diff1": 0.288038,
        "nauc_ndcg_at_5_max": 0.24443,
        "nauc_ndcg_at_5_std": -0.14094,
        "nauc_ndcg_at_5_diff1": 0.273067,
        "nauc_ndcg_at_10_max": 0.237403,
        "nauc_ndcg_at_10_std": -0.130978,
        "nauc_ndcg_at_10_diff1": 0.265359,
        "nauc_ndcg_at_20_max": 0.241364,
        "nauc_ndcg_at_20_std": -0.121228,
        "nauc_ndcg_at_20_diff1": 0.264748,
        "nauc_ndcg_at_100_max": 0.252366,
        "nauc_ndcg_at_100_std": -0.103619,
        "nauc_ndcg_at_100_diff1": 0.281263,
        "nauc_ndcg_at_1000_max": 0.255785,
        "nauc_ndcg_at_1000_std": -0.108182,
        "nauc_ndcg_at_1000_diff1": 0.292704,
        "nauc_map_at_1_max": 0.425308,
        "nauc_map_at_1_std": -0.200268,
        "nauc_map_at_1_diff1": 0.716873,
        "nauc_map_at_3_max": 0.22639,
        "nauc_map_at_3_std": -0.120645,
        "nauc_map_at_3_diff1": 0.225914,
        "nauc_map_at_5_max": 0.218611,
        "nauc_map_at_5_std": -0.129337,
        "nauc_map_at_5_diff1": 0.221694,
        "nauc_map_at_10_max": 0.214971,
        "nauc_map_at_10_std": -0.125026,
        "nauc_map_at_10_diff1": 0.218868,
        "nauc_map_at_20_max": 0.216893,
        "nauc_map_at_20_std": -0.121294,
        "nauc_map_at_20_diff1": 0.21881,
        "nauc_map_at_100_max": 0.219457,
        "nauc_map_at_100_std": -0.117998,
        "nauc_map_at_100_diff1": 0.221651,
        "nauc_map_at_1000_max": 0.219409,
        "nauc_map_at_1000_std": -0.118021,
        "nauc_map_at_1000_diff1": 0.221889,
        "nauc_recall_at_1_max": 0.425308,
        "nauc_recall_at_1_std": -0.200268,
        "nauc_recall_at_1_diff1": 0.716873,
        "nauc_recall_at_3_max": 0.19972,
        "nauc_recall_at_3_std": -0.105506,
        "nauc_recall_at_3_diff1": 0.142541,
        "nauc_recall_at_5_max": 0.156955,
        "nauc_recall_at_5_std": -0.120622,
        "nauc_recall_at_5_diff1": 0.097275,
        "nauc_recall_at_10_max": 0.120275,
        "nauc_recall_at_10_std": -0.085864,
        "nauc_recall_at_10_diff1": 0.046687,
        "nauc_recall_at_20_max": 0.108802,
        "nauc_recall_at_20_std": -0.043291,
        "nauc_recall_at_20_diff1": 0.005555,
        "nauc_recall_at_100_max": 0.112199,
        "nauc_recall_at_100_std": 0.137162,
        "nauc_recall_at_100_diff1": -0.022453,
        "nauc_recall_at_1000_max": 0.06292,
        "nauc_recall_at_1000_std": 0.349177,
        "nauc_recall_at_1000_diff1": -0.102871,
        "nauc_precision_at_1_max": 0.425308,
        "nauc_precision_at_1_std": -0.200268,
        "nauc_precision_at_1_diff1": 0.716873,
        "nauc_precision_at_3_max": 0.19972,
        "nauc_precision_at_3_std": -0.105506,
        "nauc_precision_at_3_diff1": 0.142541,
        "nauc_precision_at_5_max": 0.156955,
        "nauc_precision_at_5_std": -0.120622,
        "nauc_precision_at_5_diff1": 0.097275,
        "nauc_precision_at_10_max": 0.120275,
        "nauc_precision_at_10_std": -0.085864,
        "nauc_precision_at_10_diff1": 0.046687,
        "nauc_precision_at_20_max": 0.108802,
        "nauc_precision_at_20_std": -0.043291,
        "nauc_precision_at_20_diff1": 0.005555,
        "nauc_precision_at_100_max": 0.112199,
        "nauc_precision_at_100_std": 0.137162,
        "nauc_precision_at_100_diff1": -0.022453,
        "nauc_precision_at_1000_max": 0.06292,
        "nauc_precision_at_1000_std": 0.349177,
        "nauc_precision_at_1000_diff1": -0.102871,
        "nauc_mrr_at_1_max": 0.425308,
        "nauc_mrr_at_1_std": -0.200268,
        "nauc_mrr_at_1_diff1": 0.716873,
        "nauc_mrr_at_3_max": 0.449597,
        "nauc_mrr_at_3_std": -0.196519,
        "nauc_mrr_at_3_diff1": 0.701863,
        "nauc_mrr_at_5_max": 0.441027,
        "nauc_mrr_at_5_std": -0.197181,
        "nauc_mrr_at_5_diff1": 0.69406,
        "nauc_mrr_at_10_max": 0.44207,
        "nauc_mrr_at_10_std": -0.194696,
        "nauc_mrr_at_10_diff1": 0.696048,
        "nauc_mrr_at_20_max": 0.443641,
        "nauc_mrr_at_20_std": -0.193517,
        "nauc_mrr_at_20_diff1": 0.697447,
        "nauc_mrr_at_100_max": 0.442653,
        "nauc_mrr_at_100_std": -0.194168,
        "nauc_mrr_at_100_diff1": 0.697394,
        "nauc_mrr_at_1000_max": 0.442615,
        "nauc_mrr_at_1000_std": -0.194328,
        "nauc_mrr_at_1000_diff1": 0.697502,
        "main_score": 0.67374,
        "hf_subset": "default",
        "languages": [
          "eng-Latn"
        ]
      }
    ]
  },
  "evaluation_time": 276.420681476593,
  "kg_co2_emissions": null
}