{
  "dataset_revision": "3a309e201f3c2c4b13bd4a367a8f37eee2ec1d21",
  "task_name": "ClimateFEVERHardNegatives",
  "mteb_version": "1.36.29",
  "scores": {
    "test": [
      {
        "ndcg_at_1": 0.161,
        "ndcg_at_3": 0.1446,
        "ndcg_at_5": 0.16223,
        "ndcg_at_10": 0.19428,
        "ndcg_at_20": 0.22082,
        "ndcg_at_100": 0.26979,
        "ndcg_at_1000": 0.31442,
        "map_at_1": 0.07413,
        "map_at_3": 0.1044,
        "map_at_5": 0.11632,
        "map_at_10": 0.12952,
        "map_at_20": 0.13751,
        "map_at_100": 0.14555,
        "map_at_1000": 0.14785,
        "recall_at_1": 0.07413,
        "recall_at_3": 0.1357,
        "recall_at_5": 0.18013,
        "recall_at_10": 0.2541,
        "recall_at_20": 0.33137,
        "recall_at_100": 0.52407,
        "recall_at_1000": 0.77615,
        "precision_at_1": 0.161,
        "precision_at_3": 0.10667,
        "precision_at_5": 0.0864,
        "precision_at_10": 0.0634,
        "precision_at_20": 0.04265,
        "precision_at_100": 0.01445,
        "precision_at_1000": 0.00227,
        "mrr_at_1": 0.161,
        "mrr_at_3": 0.2185,
        "mrr_at_5": 0.23885,
        "mrr_at_10": 0.256051,
        "mrr_at_20": 0.263795,
        "mrr_at_100": 0.268772,
        "mrr_at_1000": 0.26936,
        "nauc_ndcg_at_1_max": 0.291643,
        "nauc_ndcg_at_1_std": 0.106729,
        "nauc_ndcg_at_1_diff1": 0.194707,
        "nauc_ndcg_at_3_max": 0.324,
        "nauc_ndcg_at_3_std": 0.145479,
        "nauc_ndcg_at_3_diff1": 0.150317,
        "nauc_ndcg_at_5_max": 0.328461,
        "nauc_ndcg_at_5_std": 0.151551,
        "nauc_ndcg_at_5_diff1": 0.146543,
        "nauc_ndcg_at_10_max": 0.333397,
        "nauc_ndcg_at_10_std": 0.171589,
        "nauc_ndcg_at_10_diff1": 0.130265,
        "nauc_ndcg_at_20_max": 0.33873,
        "nauc_ndcg_at_20_std": 0.191603,
        "nauc_ndcg_at_20_diff1": 0.136828,
        "nauc_ndcg_at_100_max": 0.37079,
        "nauc_ndcg_at_100_std": 0.228881,
        "nauc_ndcg_at_100_diff1": 0.152458,
        "nauc_ndcg_at_1000_max": 0.370668,
        "nauc_ndcg_at_1000_std": 0.236899,
        "nauc_ndcg_at_1000_diff1": 0.143483,
        "nauc_map_at_1_max": 0.296831,
        "nauc_map_at_1_std": 0.101683,
        "nauc_map_at_1_diff1": 0.19253,
        "nauc_map_at_3_max": 0.33175,
        "nauc_map_at_3_std": 0.137291,
        "nauc_map_at_3_diff1": 0.163942,
        "nauc_map_at_5_max": 0.336043,
        "nauc_map_at_5_std": 0.141686,
        "nauc_map_at_5_diff1": 0.161034,
        "nauc_map_at_10_max": 0.333568,
        "nauc_map_at_10_std": 0.147471,
        "nauc_map_at_10_diff1": 0.15066,
        "nauc_map_at_20_max": 0.339639,
        "nauc_map_at_20_std": 0.157436,
        "nauc_map_at_20_diff1": 0.153939,
        "nauc_map_at_100_max": 0.347242,
        "nauc_map_at_100_std": 0.167194,
        "nauc_map_at_100_diff1": 0.15815,
        "nauc_map_at_1000_max": 0.347649,
        "nauc_map_at_1000_std": 0.168606,
        "nauc_map_at_1000_diff1": 0.157549,
        "nauc_recall_at_1_max": 0.296831,
        "nauc_recall_at_1_std": 0.101683,
        "nauc_recall_at_1_diff1": 0.19253,
        "nauc_recall_at_3_max": 0.333084,
        "nauc_recall_at_3_std": 0.148274,
        "nauc_recall_at_3_diff1": 0.130802,
        "nauc_recall_at_5_max": 0.317746,
        "nauc_recall_at_5_std": 0.154754,
        "nauc_recall_at_5_diff1": 0.114279,
        "nauc_recall_at_10_max": 0.310697,
        "nauc_recall_at_10_std": 0.177373,
        "nauc_recall_at_10_diff1": 0.082206,
        "nauc_recall_at_20_max": 0.301739,
        "nauc_recall_at_20_std": 0.204426,
        "nauc_recall_at_20_diff1": 0.092382,
        "nauc_recall_at_100_max": 0.361052,
        "nauc_recall_at_100_std": 0.292576,
        "nauc_recall_at_100_diff1": 0.123814,
        "nauc_recall_at_1000_max": 0.382317,
        "nauc_recall_at_1000_std": 0.387114,
        "nauc_recall_at_1000_diff1": 0.066757,
        "nauc_precision_at_1_max": 0.291643,
        "nauc_precision_at_1_std": 0.106729,
        "nauc_precision_at_1_diff1": 0.194707,
        "nauc_precision_at_3_max": 0.325633,
        "nauc_precision_at_3_std": 0.172828,
        "nauc_precision_at_3_diff1": 0.115778,
        "nauc_precision_at_5_max": 0.320424,
        "nauc_precision_at_5_std": 0.177979,
        "nauc_precision_at_5_diff1": 0.11351,
        "nauc_precision_at_10_max": 0.28847,
        "nauc_precision_at_10_std": 0.213181,
        "nauc_precision_at_10_diff1": 0.057079,
        "nauc_precision_at_20_max": 0.274076,
        "nauc_precision_at_20_std": 0.25243,
        "nauc_precision_at_20_diff1": 0.067134,
        "nauc_precision_at_100_max": 0.292776,
        "nauc_precision_at_100_std": 0.317938,
        "nauc_precision_at_100_diff1": 0.076865,
        "nauc_precision_at_1000_max": 0.146792,
        "nauc_precision_at_1000_std": 0.247437,
        "nauc_precision_at_1000_diff1": -0.009743,
        "nauc_mrr_at_1_max": 0.291643,
        "nauc_mrr_at_1_std": 0.106729,
        "nauc_mrr_at_1_diff1": 0.194707,
        "nauc_mrr_at_3_max": 0.302353,
        "nauc_mrr_at_3_std": 0.139386,
        "nauc_mrr_at_3_diff1": 0.155235,
        "nauc_mrr_at_5_max": 0.301398,
        "nauc_mrr_at_5_std": 0.143893,
        "nauc_mrr_at_5_diff1": 0.154739,
        "nauc_mrr_at_10_max": 0.308752,
        "nauc_mrr_at_10_std": 0.156473,
        "nauc_mrr_at_10_diff1": 0.151103,
        "nauc_mrr_at_20_max": 0.304762,
        "nauc_mrr_at_20_std": 0.157231,
        "nauc_mrr_at_20_diff1": 0.150521,
        "nauc_mrr_at_100_max": 0.307157,
        "nauc_mrr_at_100_std": 0.157393,
        "nauc_mrr_at_100_diff1": 0.152924,
        "nauc_mrr_at_1000_max": 0.306906,
        "nauc_mrr_at_1000_std": 0.156994,
        "nauc_mrr_at_1000_diff1": 0.152935,
        "main_score": 0.19428,
        "hf_subset": "default",
        "languages": [
          "eng-Latn"
        ]
      }
    ]
  },
  "evaluation_time": 138.70164847373962,
  "kg_co2_emissions": null
}