{
  "dataset_revision": "3a309e201f3c2c4b13bd4a367a8f37eee2ec1d21",
  "task_name": "ClimateFEVERHardNegatives",
  "mteb_version": "1.36.29",
  "scores": {
    "test": [
      {
        "ndcg_at_1": 0.171,
        "ndcg_at_3": 0.15518,
        "ndcg_at_5": 0.17077,
        "ndcg_at_10": 0.20437,
        "ndcg_at_20": 0.22968,
        "ndcg_at_100": 0.27991,
        "ndcg_at_1000": 0.32511,
        "map_at_1": 0.07815,
        "map_at_3": 0.11181,
        "map_at_5": 0.12371,
        "map_at_10": 0.13739,
        "map_at_20": 0.14529,
        "map_at_100": 0.15378,
        "map_at_1000": 0.15616,
        "recall_at_1": 0.07815,
        "recall_at_3": 0.14645,
        "recall_at_5": 0.18845,
        "recall_at_10": 0.2639,
        "recall_at_20": 0.33828,
        "recall_at_100": 0.53358,
        "recall_at_1000": 0.7885,
        "precision_at_1": 0.171,
        "precision_at_3": 0.11433,
        "precision_at_5": 0.0896,
        "precision_at_10": 0.0667,
        "precision_at_20": 0.0436,
        "precision_at_100": 0.01477,
        "precision_at_1000": 0.00231,
        "mrr_at_1": 0.171,
        "mrr_at_3": 0.232667,
        "mrr_at_5": 0.250917,
        "mrr_at_10": 0.269635,
        "mrr_at_20": 0.276365,
        "mrr_at_100": 0.281695,
        "mrr_at_1000": 0.282339,
        "nauc_ndcg_at_1_max": 0.291928,
        "nauc_ndcg_at_1_std": 0.108355,
        "nauc_ndcg_at_1_diff1": 0.226486,
        "nauc_ndcg_at_3_max": 0.311628,
        "nauc_ndcg_at_3_std": 0.135814,
        "nauc_ndcg_at_3_diff1": 0.183355,
        "nauc_ndcg_at_5_max": 0.33163,
        "nauc_ndcg_at_5_std": 0.15561,
        "nauc_ndcg_at_5_diff1": 0.176943,
        "nauc_ndcg_at_10_max": 0.343953,
        "nauc_ndcg_at_10_std": 0.18735,
        "nauc_ndcg_at_10_diff1": 0.171767,
        "nauc_ndcg_at_20_max": 0.356127,
        "nauc_ndcg_at_20_std": 0.202569,
        "nauc_ndcg_at_20_diff1": 0.186955,
        "nauc_ndcg_at_100_max": 0.385779,
        "nauc_ndcg_at_100_std": 0.244129,
        "nauc_ndcg_at_100_diff1": 0.190055,
        "nauc_ndcg_at_1000_max": 0.381652,
        "nauc_ndcg_at_1000_std": 0.246228,
        "nauc_ndcg_at_1000_diff1": 0.180121,
        "nauc_map_at_1_max": 0.308832,
        "nauc_map_at_1_std": 0.099582,
        "nauc_map_at_1_diff1": 0.24237,
        "nauc_map_at_3_max": 0.326511,
        "nauc_map_at_3_std": 0.131292,
        "nauc_map_at_3_diff1": 0.203499,
        "nauc_map_at_5_max": 0.335512,
        "nauc_map_at_5_std": 0.139984,
        "nauc_map_at_5_diff1": 0.197182,
        "nauc_map_at_10_max": 0.342476,
        "nauc_map_at_10_std": 0.155243,
        "nauc_map_at_10_diff1": 0.194696,
        "nauc_map_at_20_max": 0.349859,
        "nauc_map_at_20_std": 0.164625,
        "nauc_map_at_20_diff1": 0.199912,
        "nauc_map_at_100_max": 0.35654,
        "nauc_map_at_100_std": 0.174261,
        "nauc_map_at_100_diff1": 0.201774,
        "nauc_map_at_1000_max": 0.35653,
        "nauc_map_at_1000_std": 0.175194,
        "nauc_map_at_1000_diff1": 0.201266,
        "nauc_recall_at_1_max": 0.308832,
        "nauc_recall_at_1_std": 0.099582,
        "nauc_recall_at_1_diff1": 0.24237,
        "nauc_recall_at_3_max": 0.317323,
        "nauc_recall_at_3_std": 0.142548,
        "nauc_recall_at_3_diff1": 0.157207,
        "nauc_recall_at_5_max": 0.322225,
        "nauc_recall_at_5_std": 0.163792,
        "nauc_recall_at_5_diff1": 0.133888,
        "nauc_recall_at_10_max": 0.329963,
        "nauc_recall_at_10_std": 0.210841,
        "nauc_recall_at_10_diff1": 0.121463,
        "nauc_recall_at_20_max": 0.33213,
        "nauc_recall_at_20_std": 0.219744,
        "nauc_recall_at_20_diff1": 0.150093,
        "nauc_recall_at_100_max": 0.388316,
        "nauc_recall_at_100_std": 0.325464,
        "nauc_recall_at_100_diff1": 0.14242,
        "nauc_recall_at_1000_max": 0.405308,
        "nauc_recall_at_1000_std": 0.407227,
        "nauc_recall_at_1000_diff1": 0.068358,
        "nauc_precision_at_1_max": 0.291928,
        "nauc_precision_at_1_std": 0.108355,
        "nauc_precision_at_1_diff1": 0.226486,
        "nauc_precision_at_3_max": 0.302507,
        "nauc_precision_at_3_std": 0.153063,
        "nauc_precision_at_3_diff1": 0.150412,
        "nauc_precision_at_5_max": 0.317932,
        "nauc_precision_at_5_std": 0.187484,
        "nauc_precision_at_5_diff1": 0.126301,
        "nauc_precision_at_10_max": 0.298922,
        "nauc_precision_at_10_std": 0.236945,
        "nauc_precision_at_10_diff1": 0.091028,
        "nauc_precision_at_20_max": 0.300929,
        "nauc_precision_at_20_std": 0.264638,
        "nauc_precision_at_20_diff1": 0.121421,
        "nauc_precision_at_100_max": 0.304056,
        "nauc_precision_at_100_std": 0.339304,
        "nauc_precision_at_100_diff1": 0.077234,
        "nauc_precision_at_1000_max": 0.134552,
        "nauc_precision_at_1000_std": 0.242907,
        "nauc_precision_at_1000_diff1": -0.029911,
        "nauc_mrr_at_1_max": 0.291928,
        "nauc_mrr_at_1_std": 0.108355,
        "nauc_mrr_at_1_diff1": 0.226486,
        "nauc_mrr_at_3_max": 0.295995,
        "nauc_mrr_at_3_std": 0.132395,
        "nauc_mrr_at_3_diff1": 0.189173,
        "nauc_mrr_at_5_max": 0.304942,
        "nauc_mrr_at_5_std": 0.146912,
        "nauc_mrr_at_5_diff1": 0.18476,
        "nauc_mrr_at_10_max": 0.309693,
        "nauc_mrr_at_10_std": 0.162907,
        "nauc_mrr_at_10_diff1": 0.182629,
        "nauc_mrr_at_20_max": 0.309191,
        "nauc_mrr_at_20_std": 0.161855,
        "nauc_mrr_at_20_diff1": 0.185814,
        "nauc_mrr_at_100_max": 0.310635,
        "nauc_mrr_at_100_std": 0.162418,
        "nauc_mrr_at_100_diff1": 0.185983,
        "nauc_mrr_at_1000_max": 0.31027,
        "nauc_mrr_at_1000_std": 0.161829,
        "nauc_mrr_at_1000_diff1": 0.185993,
        "main_score": 0.20437,
        "hf_subset": "default",
        "languages": [
          "eng-Latn"
        ]
      }
    ]
  },
  "evaluation_time": 185.55172562599182,
  "kg_co2_emissions": null
}