{
  "dataset_revision": "7ba40b69f5fe6ffe4cc189aac9e1710913c73c8a",
  "task_name": "PubChemSMILESPC",
  "mteb_version": "1.36.29",
  "scores": {
    "test": [
      {
        "similarity_accuracy": 0.901367,
        "similarity_accuracy_threshold": 0.89615,
        "similarity_f1": 0.184146,
        "similarity_f1_threshold": 0.805942,
        "similarity_precision": 0.102354,
        "similarity_recall": 0.916667,
        "similarity_ap": 0.11369,
        "cosine_accuracy": 0.901367,
        "cosine_accuracy_threshold": 0.89615,
        "cosine_f1": 0.184146,
        "cosine_f1_threshold": 0.805942,
        "cosine_precision": 0.102354,
        "cosine_recall": 0.916667,
        "cosine_ap": 0.11369,
        "manhattan_accuracy": 0.900879,
        "manhattan_accuracy_threshold": 225.927216,
        "manhattan_f1": 0.182609,
        "manhattan_f1_threshold": 309.970184,
        "manhattan_precision": 0.101286,
        "manhattan_recall": 0.926471,
        "manhattan_ap": 0.11289,
        "euclidean_accuracy": 0.900879,
        "euclidean_accuracy_threshold": 10.558843,
        "euclidean_f1": 0.182172,
        "euclidean_f1_threshold": 14.045547,
        "euclidean_precision": 0.101136,
        "euclidean_recall": 0.916667,
        "euclidean_ap": 0.107215,
        "dot_accuracy": 0.900391,
        "dot_accuracy_threshold": 487.807373,
        "dot_f1": 0.186605,
        "dot_f1_threshold": 380.432709,
        "dot_precision": 0.103009,
        "dot_recall": 0.990196,
        "dot_ap": 0.104617,
        "max_accuracy": 0.901367,
        "max_f1": 0.186605,
        "max_precision": 0.103009,
        "max_recall": 0.990196,
        "max_ap": 0.11369,
        "main_score": 0.11369,
        "hf_subset": "default",
        "languages": [
          "eng-Latn"
        ]
      }
    ]
  },
  "evaluation_time": 3.6678333282470703,
  "kg_co2_emissions": null
}