{
  "dataset_revision": "1840e8a5ac6ec752bbdd97d543ead0189bc7c25b",
  "task_name": "ChemHotpotQARetrieval",
  "mteb_version": "1.36.29",
  "scores": {
    "train": [
      {
        "ndcg_at_1": 0.80556,
        "ndcg_at_3": 0.85812,
        "ndcg_at_5": 0.8672,
        "ndcg_at_10": 0.87804,
        "ndcg_at_20": 0.88176,
        "ndcg_at_100": 0.88408,
        "ndcg_at_1000": 0.88558,
        "map_at_1": 0.78611,
        "map_at_3": 0.84167,
        "map_at_5": 0.84667,
        "map_at_10": 0.85118,
        "map_at_20": 0.85233,
        "map_at_100": 0.85277,
        "map_at_1000": 0.85284,
        "recall_at_1": 0.78611,
        "recall_at_3": 0.89722,
        "recall_at_5": 0.91944,
        "recall_at_10": 0.95278,
        "recall_at_20": 0.96667,
        "recall_at_100": 0.97778,
        "recall_at_1000": 0.98889,
        "precision_at_1": 0.80556,
        "precision_at_3": 0.30926,
        "precision_at_5": 0.19,
        "precision_at_10": 0.09833,
        "precision_at_20": 0.05,
        "precision_at_100": 0.01017,
        "precision_at_1000": 0.00103,
        "mrr_at_1": 0.805556,
        "mrr_at_3": 0.850926,
        "mrr_at_5": 0.855926,
        "mrr_at_10": 0.860439,
        "mrr_at_20": 0.861314,
        "mrr_at_100": 0.861457,
        "mrr_at_1000": 0.861522,
        "nauc_ndcg_at_1_max": 0.605355,
        "nauc_ndcg_at_1_std": -0.219043,
        "nauc_ndcg_at_1_diff1": 0.909343,
        "nauc_ndcg_at_3_max": 0.509851,
        "nauc_ndcg_at_3_std": -0.3028,
        "nauc_ndcg_at_3_diff1": 0.781504,
        "nauc_ndcg_at_5_max": 0.487063,
        "nauc_ndcg_at_5_std": -0.348965,
        "nauc_ndcg_at_5_diff1": 0.775752,
        "nauc_ndcg_at_10_max": 0.472857,
        "nauc_ndcg_at_10_std": -0.336677,
        "nauc_ndcg_at_10_diff1": 0.773654,
        "nauc_ndcg_at_20_max": 0.483119,
        "nauc_ndcg_at_20_std": -0.318526,
        "nauc_ndcg_at_20_diff1": 0.788995,
        "nauc_ndcg_at_100_max": 0.493696,
        "nauc_ndcg_at_100_std": -0.295295,
        "nauc_ndcg_at_100_diff1": 0.802333,
        "nauc_ndcg_at_1000_max": 0.491661,
        "nauc_ndcg_at_1000_std": -0.290006,
        "nauc_ndcg_at_1000_diff1": 0.803439,
        "nauc_map_at_1_max": 0.500198,
        "nauc_map_at_1_std": -0.286466,
        "nauc_map_at_1_diff1": 0.847042,
        "nauc_map_at_3_max": 0.508371,
        "nauc_map_at_3_std": -0.294249,
        "nauc_map_at_3_diff1": 0.780705,
        "nauc_map_at_5_max": 0.497423,
        "nauc_map_at_5_std": -0.316944,
        "nauc_map_at_5_diff1": 0.778049,
        "nauc_map_at_10_max": 0.492326,
        "nauc_map_at_10_std": -0.311326,
        "nauc_map_at_10_diff1": 0.777321,
        "nauc_map_at_20_max": 0.495678,
        "nauc_map_at_20_std": -0.306565,
        "nauc_map_at_20_diff1": 0.781736,
        "nauc_map_at_100_max": 0.497045,
        "nauc_map_at_100_std": -0.303615,
        "nauc_map_at_100_diff1": 0.783543,
        "nauc_map_at_1000_max": 0.496971,
        "nauc_map_at_1000_std": -0.303404,
        "nauc_map_at_1000_diff1": 0.783572,
        "nauc_recall_at_1_max": 0.500198,
        "nauc_recall_at_1_std": -0.286466,
        "nauc_recall_at_1_diff1": 0.847042,
        "nauc_recall_at_3_max": 0.413081,
        "nauc_recall_at_3_std": -0.407515,
        "nauc_recall_at_3_diff1": 0.660927,
        "nauc_recall_at_5_max": 0.294778,
        "nauc_recall_at_5_std": -0.603963,
        "nauc_recall_at_5_diff1": 0.598619,
        "nauc_recall_at_10_max": 0.060828,
        "nauc_recall_at_10_std": -0.697287,
        "nauc_recall_at_10_diff1": 0.458642,
        "nauc_recall_at_20_max": 0.018441,
        "nauc_recall_at_20_std": -0.622316,
        "nauc_recall_at_20_diff1": 0.52949,
        "nauc_recall_at_100_max": 0.061858,
        "nauc_recall_at_100_std": -0.210551,
        "nauc_recall_at_100_diff1": 0.74965,
        "nauc_recall_at_1000_max": -0.514472,
        "nauc_recall_at_1000_std": 0.24043,
        "nauc_recall_at_1000_diff1": 0.777077,
        "nauc_precision_at_1_max": 0.605355,
        "nauc_precision_at_1_std": -0.219043,
        "nauc_precision_at_1_diff1": 0.909343,
        "nauc_precision_at_3_max": 0.430654,
        "nauc_precision_at_3_std": -0.150131,
        "nauc_precision_at_3_diff1": 0.428101,
        "nauc_precision_at_5_max": 0.350938,
        "nauc_precision_at_5_std": -0.24393,
        "nauc_precision_at_5_diff1": 0.340506,
        "nauc_precision_at_10_max": 0.232627,
        "nauc_precision_at_10_std": -0.14601,
        "nauc_precision_at_10_diff1": 0.144338,
        "nauc_precision_at_20_max": 0.270881,
        "nauc_precision_at_20_std": 0.0748,
        "nauc_precision_at_20_diff1": 0.157914,
        "nauc_precision_at_100_max": 0.280521,
        "nauc_precision_at_100_std": 0.313241,
        "nauc_precision_at_100_diff1": 0.165392,
        "nauc_precision_at_1000_max": 0.230073,
        "nauc_precision_at_1000_std": 0.450729,
        "nauc_precision_at_1000_diff1": 0.086853,
        "nauc_mrr_at_1_max": 0.605355,
        "nauc_mrr_at_1_std": -0.219043,
        "nauc_mrr_at_1_diff1": 0.909343,
        "nauc_mrr_at_3_max": 0.588089,
        "nauc_mrr_at_3_std": -0.236546,
        "nauc_mrr_at_3_diff1": 0.875798,
        "nauc_mrr_at_5_max": 0.579476,
        "nauc_mrr_at_5_std": -0.258313,
        "nauc_mrr_at_5_diff1": 0.876464,
        "nauc_mrr_at_10_max": 0.576893,
        "nauc_mrr_at_10_std": -0.250405,
        "nauc_mrr_at_10_diff1": 0.879039,
        "nauc_mrr_at_20_max": 0.576572,
        "nauc_mrr_at_20_std": -0.248179,
        "nauc_mrr_at_20_diff1": 0.879517,
        "nauc_mrr_at_100_max": 0.576596,
        "nauc_mrr_at_100_std": -0.246568,
        "nauc_mrr_at_100_diff1": 0.879528,
        "nauc_mrr_at_1000_max": 0.576558,
        "nauc_mrr_at_1000_std": -0.246318,
        "nauc_mrr_at_1000_diff1": 0.879606,
        "main_score": 0.87804,
        "hf_subset": "default",
        "languages": [
          "eng-Latn"
        ]
      }
    ],
    "dev": [
      {
        "ndcg_at_1": 0.875,
        "ndcg_at_3": 0.875,
        "ndcg_at_5": 0.875,
        "ndcg_at_10": 0.875,
        "ndcg_at_20": 0.875,
        "ndcg_at_100": 0.89662,
        "ndcg_at_1000": 0.89662,
        "map_at_1": 0.875,
        "map_at_3": 0.875,
        "map_at_5": 0.875,
        "map_at_10": 0.875,
        "map_at_20": 0.875,
        "map_at_100": 0.87731,
        "map_at_1000": 0.87731,
        "recall_at_1": 0.875,
        "recall_at_3": 0.875,
        "recall_at_5": 0.875,
        "recall_at_10": 0.875,
        "recall_at_20": 0.875,
        "recall_at_100": 1.0,
        "recall_at_1000": 1.0,
        "precision_at_1": 0.875,
        "precision_at_3": 0.29167,
        "precision_at_5": 0.175,
        "precision_at_10": 0.0875,
        "precision_at_20": 0.04375,
        "precision_at_100": 0.01,
        "precision_at_1000": 0.001,
        "mrr_at_1": 0.875,
        "mrr_at_3": 0.875,
        "mrr_at_5": 0.875,
        "mrr_at_10": 0.875,
        "mrr_at_20": 0.875,
        "mrr_at_100": 0.877315,
        "mrr_at_1000": 0.877315,
        "nauc_ndcg_at_1_max": 0.865546,
        "nauc_ndcg_at_1_std": 0.865546,
        "nauc_ndcg_at_1_diff1": 0.551821,
        "nauc_ndcg_at_3_max": 0.865546,
        "nauc_ndcg_at_3_std": 0.865546,
        "nauc_ndcg_at_3_diff1": 0.551821,
        "nauc_ndcg_at_5_max": 0.865546,
        "nauc_ndcg_at_5_std": 0.865546,
        "nauc_ndcg_at_5_diff1": 0.551821,
        "nauc_ndcg_at_10_max": 0.865546,
        "nauc_ndcg_at_10_std": 0.865546,
        "nauc_ndcg_at_10_diff1": 0.551821,
        "nauc_ndcg_at_20_max": 0.865546,
        "nauc_ndcg_at_20_std": 0.865546,
        "nauc_ndcg_at_20_diff1": 0.551821,
        "nauc_ndcg_at_100_max": 0.865546,
        "nauc_ndcg_at_100_std": 0.865546,
        "nauc_ndcg_at_100_diff1": 0.551821,
        "nauc_ndcg_at_1000_max": 0.865546,
        "nauc_ndcg_at_1000_std": 0.865546,
        "nauc_ndcg_at_1000_diff1": 0.551821,
        "nauc_map_at_1_max": 0.865546,
        "nauc_map_at_1_std": 0.865546,