{
  "dataset_revision": "f33a205966ce032f957c3a22f4f9e378f89a2c56",
  "task_name": "PubChemAISentenceParaphrasePC",
  "mteb_version": "1.36.29",
  "scores": {
    "test": [
      {
        "similarity_accuracy": 0.984863,
        "similarity_accuracy_threshold": 0.797288,
        "similarity_f1": 0.923077,
        "similarity_f1_threshold": 0.797288,
        "similarity_precision": 0.939394,
        "similarity_recall": 0.907317,
        "similarity_ap": 0.947259,
        "cosine_accuracy": 0.984863,
        "cosine_accuracy_threshold": 0.797288,
        "cosine_f1": 0.923077,
        "cosine_f1_threshold": 0.797288,
        "cosine_precision": 0.939394,
        "cosine_recall": 0.907317,
        "cosine_ap": 0.947259,
        "manhattan_accuracy": 0.984863,
        "manhattan_accuracy_threshold": 234.027222,
        "manhattan_f1": 0.920308,
        "manhattan_f1_threshold": 234.027222,
        "manhattan_precision": 0.972826,
        "manhattan_recall": 0.873171,
        "manhattan_ap": 0.926145,
        "euclidean_accuracy": 0.984863,
        "euclidean_accuracy_threshold": 10.670868,
        "euclidean_f1": 0.92112,
        "euclidean_f1_threshold": 10.670868,
        "euclidean_precision": 0.962766,
        "euclidean_recall": 0.882927,
        "euclidean_ap": 0.9265,
        "dot_accuracy": 0.939941,
        "dot_accuracy_threshold": 255.988953,
        "dot_f1": 0.678899,
        "dot_f1_threshold": 228.914673,
        "dot_precision": 0.640693,
        "dot_recall": 0.721951,
        "dot_ap": 0.729368,
        "max_accuracy": 0.984863,
        "max_f1": 0.923077,
        "max_precision": 0.972826,
        "max_recall": 0.907317,
        "max_ap": 0.947259,
        "main_score": 0.947259,
        "hf_subset": "default",
        "languages": [
          "eng-Latn"
        ]
      }
    ]
  },
  "evaluation_time": 3.3045010566711426,
  "kg_co2_emissions": null
}