{
  "dataset_revision": "8fae72a2c75530aaaac6920a02622490d923ca98",
  "task_name": "ChemRxivRetrieval",
  "mteb_version": "1.36.29",
  "scores": {
    "test": [
      {
        "ndcg_at_1": 0.8054,
        "ndcg_at_3": 0.87653,
        "ndcg_at_5": 0.8874,
        "ndcg_at_10": 0.89334,
        "ndcg_at_20": 0.89683,
        "ndcg_at_100": 0.89904,
        "ndcg_at_1000": 0.89968,
        "map_at_1": 0.8054,
        "map_at_3": 0.85987,
        "map_at_5": 0.86595,
        "map_at_10": 0.86844,
        "map_at_20": 0.86942,
        "map_at_100": 0.86974,
        "map_at_1000": 0.86976,
        "recall_at_1": 0.8054,
        "recall_at_3": 0.9244,
        "recall_at_5": 0.9506,
        "recall_at_10": 0.9688,
        "recall_at_20": 0.9824,
        "recall_at_100": 0.994,
        "recall_at_1000": 0.9992,
        "precision_at_1": 0.8054,
        "precision_at_3": 0.30813,
        "precision_at_5": 0.19012,
        "precision_at_10": 0.09688,
        "precision_at_20": 0.04912,
        "precision_at_100": 0.00994,
        "precision_at_1000": 0.001,
        "mrr_at_1": 0.805,
        "mrr_at_3": 0.859667,
        "mrr_at_5": 0.865747,
        "mrr_at_10": 0.868236,
        "mrr_at_20": 0.869216,
        "mrr_at_100": 0.869545,
        "mrr_at_1000": 0.869565,
        "nauc_ndcg_at_1_max": 0.532794,
        "nauc_ndcg_at_1_std": -0.218335,
        "nauc_ndcg_at_1_diff1": 0.830899,
        "nauc_ndcg_at_3_max": 0.607169,
        "nauc_ndcg_at_3_std": -0.191074,
        "nauc_ndcg_at_3_diff1": 0.809544,
        "nauc_ndcg_at_5_max": 0.606502,
        "nauc_ndcg_at_5_std": -0.186177,
        "nauc_ndcg_at_5_diff1": 0.811126,
        "nauc_ndcg_at_10_max": 0.599919,
        "nauc_ndcg_at_10_std": -0.187309,
        "nauc_ndcg_at_10_diff1": 0.814567,
        "nauc_ndcg_at_20_max": 0.592823,
        "nauc_ndcg_at_20_std": -0.186717,
        "nauc_ndcg_at_20_diff1": 0.813768,
        "nauc_ndcg_at_100_max": 0.587607,
        "nauc_ndcg_at_100_std": -0.187996,
        "nauc_ndcg_at_100_diff1": 0.814416,
        "nauc_ndcg_at_1000_max": 0.585445,
        "nauc_ndcg_at_1000_std": -0.19259,
        "nauc_ndcg_at_1000_diff1": 0.815063,
        "nauc_map_at_1_max": 0.532794,
        "nauc_map_at_1_std": -0.218335,
        "nauc_map_at_1_diff1": 0.830899,
        "nauc_map_at_3_max": 0.582896,
        "nauc_map_at_3_std": -0.200063,
        "nauc_map_at_3_diff1": 0.81474,
        "nauc_map_at_5_max": 0.581625,
        "nauc_map_at_5_std": -0.198078,
        "nauc_map_at_5_diff1": 0.815706,
        "nauc_map_at_10_max": 0.578849,
        "nauc_map_at_10_std": -0.198897,
        "nauc_map_at_10_diff1": 0.816939,
        "nauc_map_at_20_max": 0.577137,
        "nauc_map_at_20_std": -0.198887,
        "nauc_map_at_20_diff1": 0.816777,
        "nauc_map_at_100_max": 0.57655,
        "nauc_map_at_100_std": -0.198971,
        "nauc_map_at_100_diff1": 0.816853,
        "nauc_map_at_1000_max": 0.576494,
        "nauc_map_at_1000_std": -0.19909,
        "nauc_map_at_1000_diff1": 0.816863,
        "nauc_recall_at_1_max": 0.532794,
        "nauc_recall_at_1_std": -0.218335,
        "nauc_recall_at_1_diff1": 0.830899,
        "nauc_recall_at_3_max": 0.731053,
        "nauc_recall_at_3_std": -0.145132,
        "nauc_recall_at_3_diff1": 0.784327,
        "nauc_recall_at_5_max": 0.791105,
        "nauc_recall_at_5_std": -0.096038,
        "nauc_recall_at_5_diff1": 0.779596,
        "nauc_recall_at_10_max": 0.833806,
        "nauc_recall_at_10_std": -0.050441,
        "nauc_recall_at_10_diff1": 0.79635,
        "nauc_recall_at_20_max": 0.857673,
        "nauc_recall_at_20_std": 0.070336,
        "nauc_recall_at_20_diff1": 0.764982,
        "nauc_recall_at_100_max": 0.914877,
        "nauc_recall_at_100_std": 0.434329,
        "nauc_recall_at_100_diff1": 0.72756,
        "nauc_recall_at_1000_max": 0.96732,
        "nauc_recall_at_1000_std": 0.063025,
        "nauc_recall_at_1000_diff1": 0.855859,
        "nauc_precision_at_1_max": 0.532794,
        "nauc_precision_at_1_std": -0.218335,
        "nauc_precision_at_1_diff1": 0.830899,
        "nauc_precision_at_3_max": 0.731053,
        "nauc_precision_at_3_std": -0.145132,
        "nauc_precision_at_3_diff1": 0.784327,
        "nauc_precision_at_5_max": 0.791105,
        "nauc_precision_at_5_std": -0.096038,
        "nauc_precision_at_5_diff1": 0.779596,
        "nauc_precision_at_10_max": 0.833806,
        "nauc_precision_at_10_std": -0.050441,
        "nauc_precision_at_10_diff1": 0.79635,
        "nauc_precision_at_20_max": 0.857673,
        "nauc_precision_at_20_std": 0.070336,
        "nauc_precision_at_20_diff1": 0.764982,
        "nauc_precision_at_100_max": 0.914877,
        "nauc_precision_at_100_std": 0.434329,
        "nauc_precision_at_100_diff1": 0.72756,
        "nauc_precision_at_1000_max": 0.96732,
        "nauc_precision_at_1000_std": 0.063025,
        "nauc_precision_at_1000_diff1": 0.855859,
        "nauc_mrr_at_1_max": 0.528514,
        "nauc_mrr_at_1_std": -0.219571,
        "nauc_mrr_at_1_diff1": 0.831507,
        "nauc_mrr_at_3_max": 0.579915,
        "nauc_mrr_at_3_std": -0.200929,
        "nauc_mrr_at_3_diff1": 0.815176,
        "nauc_mrr_at_5_max": 0.578504,
        "nauc_mrr_at_5_std": -0.198988,
        "nauc_mrr_at_5_diff1": 0.816161,
        "nauc_mrr_at_10_max": 0.57567,
        "nauc_mrr_at_10_std": -0.199823,
        "nauc_mrr_at_10_diff1": 0.817402,
        "nauc_mrr_at_20_max": 0.573933,
        "nauc_mrr_at_20_std": -0.199819,
        "nauc_mrr_at_20_diff1": 0.817242,
        "nauc_mrr_at_100_max": 0.57334,
        "nauc_mrr_at_100_std": -0.199905,
        "nauc_mrr_at_100_diff1": 0.81732,
        "nauc_mrr_at_1000_max": 0.573282,
        "nauc_mrr_at_1000_std": -0.200024,
        "nauc_mrr_at_1000_diff1": 0.81733,
        "main_score": 0.89334,
        "hf_subset": "default",
        "languages": [
          "eng-Latn"
        ]
      }
    ]
  },
  "evaluation_time": 280.124666929245,
  "kg_co2_emissions": null
}