{
  "dataset_revision": "5d958fb6b31055495347724d46431ba41309b03a",
  "task_name": "ChemNQRetrieval",
  "mteb_version": "1.36.29",
  "scores": {
    "test": [
      {
        "ndcg_at_1": 0.33333,
        "ndcg_at_3": 0.48385,
        "ndcg_at_5": 0.52453,
        "ndcg_at_10": 0.53853,
        "ndcg_at_20": 0.58503,
        "ndcg_at_100": 0.60005,
        "ndcg_at_1000": 0.60407,
        "map_at_1": 0.25926,
        "map_at_3": 0.42901,
        "map_at_5": 0.45494,
        "map_at_10": 0.46137,
        "map_at_20": 0.47482,
        "map_at_100": 0.4781,
        "map_at_1000": 0.47816,
        "recall_at_1": 0.25926,
        "recall_at_3": 0.58642,
        "recall_at_5": 0.67901,
        "recall_at_10": 0.71605,
        "recall_at_20": 0.89506,
        "recall_at_100": 0.96296,
        "recall_at_1000": 1.0,
        "precision_at_1": 0.33333,
        "precision_at_3": 0.24691,
        "precision_at_5": 0.17037,
        "precision_at_10": 0.09259,
        "precision_at_20": 0.05741,
        "precision_at_100": 0.01259,
        "precision_at_1000": 0.0013,
        "mrr_at_1": 0.333333,
        "mrr_at_3": 0.487654,
        "mrr_at_5": 0.506173,
        "mrr_at_10": 0.510802,
        "mrr_at_20": 0.520701,
        "mrr_at_100": 0.521823,
        "mrr_at_1000": 0.521886,
        "nauc_ndcg_at_1_max": 0.202568,
        "nauc_ndcg_at_1_std": -0.067357,
        "nauc_ndcg_at_1_diff1": 0.485399,
        "nauc_ndcg_at_3_max": 0.326201,
        "nauc_ndcg_at_3_std": -0.067576,
        "nauc_ndcg_at_3_diff1": 0.439327,
        "nauc_ndcg_at_5_max": 0.296306,
        "nauc_ndcg_at_5_std": -0.043975,
        "nauc_ndcg_at_5_diff1": 0.382704,
        "nauc_ndcg_at_10_max": 0.395159,
        "nauc_ndcg_at_10_std": 0.042413,
        "nauc_ndcg_at_10_diff1": 0.457907,
        "nauc_ndcg_at_20_max": 0.327033,
        "nauc_ndcg_at_20_std": -0.022332,
        "nauc_ndcg_at_20_diff1": 0.434291,
        "nauc_ndcg_at_100_max": 0.324011,
        "nauc_ndcg_at_100_std": -0.040751,
        "nauc_ndcg_at_100_diff1": 0.450807,
        "nauc_ndcg_at_1000_max": 0.323429,
        "nauc_ndcg_at_1000_std": -0.031524,
        "nauc_ndcg_at_1000_diff1": 0.443575,
        "nauc_map_at_1_max": 0.130592,
        "nauc_map_at_1_std": -0.04789,
        "nauc_map_at_1_diff1": 0.440649,
        "nauc_map_at_3_max": 0.279815,
        "nauc_map_at_3_std": -0.105267,
        "nauc_map_at_3_diff1": 0.466489,
        "nauc_map_at_5_max": 0.263535,
        "nauc_map_at_5_std": -0.089956,
        "nauc_map_at_5_diff1": 0.430457,
        "nauc_map_at_10_max": 0.30516,
        "nauc_map_at_10_std": -0.053852,
        "nauc_map_at_10_diff1": 0.463258,
        "nauc_map_at_20_max": 0.28777,
        "nauc_map_at_20_std": -0.067982,
        "nauc_map_at_20_diff1": 0.454377,
        "nauc_map_at_100_max": 0.287621,
        "nauc_map_at_100_std": -0.070854,
        "nauc_map_at_100_diff1": 0.456872,
        "nauc_map_at_1000_max": 0.287605,
        "nauc_map_at_1000_std": -0.070744,
        "nauc_map_at_1000_diff1": 0.456783,
        "nauc_recall_at_1_max": 0.130592,
        "nauc_recall_at_1_std": -0.04789,
        "nauc_recall_at_1_diff1": 0.440649,
        "nauc_recall_at_3_max": 0.395588,
        "nauc_recall_at_3_std": -0.032549,
        "nauc_recall_at_3_diff1": 0.384299,
        "nauc_recall_at_5_max": 0.321908,
        "nauc_recall_at_5_std": 0.03028,
        "nauc_recall_at_5_diff1": 0.227405,
        "nauc_recall_at_10_max": 0.617216,
        "nauc_recall_at_10_std": 0.297239,
        "nauc_recall_at_10_diff1": 0.433073,
        "nauc_recall_at_20_max": 0.309615,
        "nauc_recall_at_20_std": -0.006619,
        "nauc_recall_at_20_diff1": 0.303092,
        "nauc_recall_at_100_max": 0.35755,
        "nauc_recall_at_100_std": -0.572623,
        "nauc_recall_at_100_diff1": 0.867647,
        "nauc_recall_at_1000_max": NaN,
        "nauc_recall_at_1000_std": NaN,
        "nauc_recall_at_1000_diff1": NaN,
        "nauc_precision_at_1_max": 0.202568,
        "nauc_precision_at_1_std": -0.067357,
        "nauc_precision_at_1_diff1": 0.485399,
        "nauc_precision_at_3_max": 0.421159,
        "nauc_precision_at_3_std": -0.080559,
        "nauc_precision_at_3_diff1": 0.35911,
        "nauc_precision_at_5_max": 0.321936,
        "nauc_precision_at_5_std": -0.008815,
        "nauc_precision_at_5_diff1": 0.159298,
        "nauc_precision_at_10_max": 0.601318,
        "nauc_precision_at_10_std": 0.284062,
        "nauc_precision_at_10_diff1": 0.356178,
        "nauc_precision_at_20_max": 0.407396,
        "nauc_precision_at_20_std": 0.207913,
        "nauc_precision_at_20_diff1": 0.165449,
        "nauc_precision_at_100_max": 0.318138,
        "nauc_precision_at_100_std": 0.141358,
        "nauc_precision_at_100_diff1": 0.11429,
        "nauc_precision_at_1000_max": 0.314389,
        "nauc_precision_at_1000_std": 0.209289,
        "nauc_precision_at_1000_diff1": 0.042612,
        "nauc_mrr_at_1_max": 0.202568,
        "nauc_mrr_at_1_std": -0.067357,
        "nauc_mrr_at_1_diff1": 0.485399,
        "nauc_mrr_at_3_max": 0.319902,
        "nauc_mrr_at_3_std": -0.017532,
        "nauc_mrr_at_3_diff1": 0.407252,
        "nauc_mrr_at_5_max": 0.298843,
        "nauc_mrr_at_5_std": -0.011983,
        "nauc_mrr_at_5_diff1": 0.389568,
        "nauc_mrr_at_10_max": 0.328383,
        "nauc_mrr_at_10_std": 0.014157,
        "nauc_mrr_at_10_diff1": 0.412094,
        "nauc_mrr_at_20_max": 0.308571,
        "nauc_mrr_at_20_std": -0.007879,
        "nauc_mrr_at_20_diff1": 0.40656,
        "nauc_mrr_at_100_max": 0.307634,
        "nauc_mrr_at_100_std": -0.010012,
        "nauc_mrr_at_100_diff1": 0.408762,
        "nauc_mrr_at_1000_max": 0.307623,
        "nauc_mrr_at_1000_std": -0.009893,
        "nauc_mrr_at_1000_diff1": 0.408665,
        "main_score": 0.53853,
        "hf_subset": "default",
        "languages": [
          "eng-Latn"
        ]
      }
    ]
  },
  "evaluation_time": 30.242823362350464,
  "kg_co2_emissions": null
}