{
  "dataset_revision": "6c6430d3a6d36f8d2a829195bc5dc94d7e063e53",
  "task_name": "CQADupstackUnixRetrieval",
  "mteb_version": "1.36.29",
  "scores": {
    "test": [
      {
        "ndcg_at_1": 0.29851,
        "ndcg_at_3": 0.32244,
        "ndcg_at_5": 0.34231,
        "ndcg_at_10": 0.36301,
        "ndcg_at_20": 0.38258,
        "ndcg_at_100": 0.41578,
        "ndcg_at_1000": 0.44151,
        "map_at_1": 0.25142,
        "map_at_3": 0.29624,
        "map_at_5": 0.3099,
        "map_at_10": 0.31918,
        "map_at_20": 0.32502,
        "map_at_100": 0.33017,
        "map_at_1000": 0.33118,
        "recall_at_1": 0.25142,
        "recall_at_3": 0.34353,
        "recall_at_5": 0.39439,
        "recall_at_10": 0.45548,
        "recall_at_20": 0.52762,
        "recall_at_100": 0.6903,
        "recall_at_1000": 0.87441,
        "precision_at_1": 0.29851,
        "precision_at_3": 0.14366,
        "precision_at_5": 0.10093,
        "precision_at_10": 0.05924,
        "precision_at_20": 0.0347,
        "precision_at_100": 0.00956,
        "precision_at_1000": 0.0013,
        "mrr_at_1": 0.298507,
        "mrr_at_3": 0.340485,
        "mrr_at_5": 0.353032,
        "mrr_at_10": 0.361917,
        "mrr_at_20": 0.36702,
        "mrr_at_100": 0.370929,
        "mrr_at_1000": 0.37155,
        "nauc_ndcg_at_1_max": 0.446613,
        "nauc_ndcg_at_1_std": -0.005269,
        "nauc_ndcg_at_1_diff1": 0.519344,
        "nauc_ndcg_at_3_max": 0.439813,
        "nauc_ndcg_at_3_std": 0.009914,
        "nauc_ndcg_at_3_diff1": 0.477257,
        "nauc_ndcg_at_5_max": 0.4332,
        "nauc_ndcg_at_5_std": 0.013084,
        "nauc_ndcg_at_5_diff1": 0.467217,
        "nauc_ndcg_at_10_max": 0.43245,
        "nauc_ndcg_at_10_std": 0.028634,
        "nauc_ndcg_at_10_diff1": 0.457137,
        "nauc_ndcg_at_20_max": 0.424236,
        "nauc_ndcg_at_20_std": 0.023132,
        "nauc_ndcg_at_20_diff1": 0.453737,
        "nauc_ndcg_at_100_max": 0.43158,
        "nauc_ndcg_at_100_std": 0.037019,
        "nauc_ndcg_at_100_diff1": 0.452135,
        "nauc_ndcg_at_1000_max": 0.438751,
        "nauc_ndcg_at_1000_std": 0.042565,
        "nauc_ndcg_at_1000_diff1": 0.456623,
        "nauc_map_at_1_max": 0.446667,
        "nauc_map_at_1_std": -0.028265,
        "nauc_map_at_1_diff1": 0.555302,
        "nauc_map_at_3_max": 0.442677,
        "nauc_map_at_3_std": -0.001485,
        "nauc_map_at_3_diff1": 0.502592,
        "nauc_map_at_5_max": 0.439696,
        "nauc_map_at_5_std": 0.002822,
        "nauc_map_at_5_diff1": 0.492615,
        "nauc_map_at_10_max": 0.440416,
        "nauc_map_at_10_std": 0.009946,
        "nauc_map_at_10_diff1": 0.48839,
        "nauc_map_at_20_max": 0.437956,
        "nauc_map_at_20_std": 0.008593,
        "nauc_map_at_20_diff1": 0.487191,
        "nauc_map_at_100_max": 0.438901,
        "nauc_map_at_100_std": 0.010542,
        "nauc_map_at_100_diff1": 0.486824,
        "nauc_map_at_1000_max": 0.439344,
        "nauc_map_at_1000_std": 0.011018,
        "nauc_map_at_1000_diff1": 0.48697,
        "nauc_recall_at_1_max": 0.446667,
        "nauc_recall_at_1_std": -0.028265,
        "nauc_recall_at_1_diff1": 0.555302,
        "nauc_recall_at_3_max": 0.414843,
        "nauc_recall_at_3_std": 0.019037,
        "nauc_recall_at_3_diff1": 0.436901,
        "nauc_recall_at_5_max": 0.398226,
        "nauc_recall_at_5_std": 0.034485,
        "nauc_recall_at_5_diff1": 0.402669,
        "nauc_recall_at_10_max": 0.383792,
        "nauc_recall_at_10_std": 0.077122,
        "nauc_recall_at_10_diff1": 0.363836,
        "nauc_recall_at_20_max": 0.345226,
        "nauc_recall_at_20_std": 0.055424,
        "nauc_recall_at_20_diff1": 0.342229,
        "nauc_recall_at_100_max": 0.368963,
        "nauc_recall_at_100_std": 0.149198,
        "nauc_recall_at_100_diff1": 0.306329,
        "nauc_recall_at_1000_max": 0.440257,
        "nauc_recall_at_1000_std": 0.355342,
        "nauc_recall_at_1000_diff1": 0.266532,
        "nauc_precision_at_1_max": 0.446613,
        "nauc_precision_at_1_std": -0.005269,
        "nauc_precision_at_1_diff1": 0.519344,
        "nauc_precision_at_3_max": 0.395669,
        "nauc_precision_at_3_std": 0.045103,
        "nauc_precision_at_3_diff1": 0.354956,
        "nauc_precision_at_5_max": 0.357203,
        "nauc_precision_at_5_std": 0.053881,
        "nauc_precision_at_5_diff1": 0.291984,
        "nauc_precision_at_10_max": 0.341544,
        "nauc_precision_at_10_std": 0.096307,
        "nauc_precision_at_10_diff1": 0.242036,
        "nauc_precision_at_20_max": 0.28326,
        "nauc_precision_at_20_std": 0.076986,
        "nauc_precision_at_20_diff1": 0.191282,
        "nauc_precision_at_100_max": 0.198351,
        "nauc_precision_at_100_std": 0.120858,
        "nauc_precision_at_100_diff1": 0.062187,
        "nauc_precision_at_1000_max": 0.05765,
        "nauc_precision_at_1000_std": 0.090423,
        "nauc_precision_at_1000_diff1": -0.073839,
        "nauc_mrr_at_1_max": 0.446613,
        "nauc_mrr_at_1_std": -0.005269,
        "nauc_mrr_at_1_diff1": 0.519344,
        "nauc_mrr_at_3_max": 0.44356,
        "nauc_mrr_at_3_std": 0.009373,
        "nauc_mrr_at_3_diff1": 0.477627,
        "nauc_mrr_at_5_max": 0.439679,
        "nauc_mrr_at_5_std": 0.01114,
        "nauc_mrr_at_5_diff1": 0.471186,
        "nauc_mrr_at_10_max": 0.43752,
        "nauc_mrr_at_10_std": 0.015852,
        "nauc_mrr_at_10_diff1": 0.46712,
        "nauc_mrr_at_20_max": 0.436095,
        "nauc_mrr_at_20_std": 0.01461,
        "nauc_mrr_at_20_diff1": 0.467045,
        "nauc_mrr_at_100_max": 0.436912,
        "nauc_mrr_at_100_std": 0.016188,
        "nauc_mrr_at_100_diff1": 0.467282,
        "nauc_mrr_at_1000_max": 0.437093,
        "nauc_mrr_at_1000_std": 0.016288,
        "nauc_mrr_at_1000_diff1": 0.46746,
        "main_score": 0.36301,
        "hf_subset": "default",
        "languages": [
          "eng-Latn"
        ]
      }
    ]
  },
  "evaluation_time": 151.098224401474,
  "kg_co2_emissions": null
}