{
  "dataset_revision": "617612fa63afcb60e3b134bed8b7216a99707c37",
  "task_name": "HotpotQAHardNegatives",
  "mteb_version": "1.36.29",
  "scores": {
    "test": [
      {
        "ndcg_at_1": 0.79,
        "ndcg_at_3": 0.67746,
        "ndcg_at_5": 0.70862,
        "ndcg_at_10": 0.7332,
        "ndcg_at_20": 0.75013,
        "ndcg_at_100": 0.76897,
        "ndcg_at_1000": 0.77822,
        "map_at_1": 0.395,
        "map_at_3": 0.61408,
        "map_at_5": 0.63878,
        "map_at_10": 0.65327,
        "map_at_20": 0.66015,
        "map_at_100": 0.66403,
        "map_at_1000": 0.66454,
        "recall_at_1": 0.395,
        "recall_at_3": 0.657,
        "recall_at_5": 0.719,
        "recall_at_10": 0.781,
        "recall_at_20": 0.8355,
        "recall_at_100": 0.9175,
        "recall_at_1000": 0.978,
        "precision_at_1": 0.79,
        "precision_at_3": 0.438,
        "precision_at_5": 0.2876,
        "precision_at_10": 0.1562,
        "precision_at_20": 0.08355,
        "precision_at_100": 0.01835,
        "precision_at_1000": 0.00196,
        "mrr_at_1": 0.79,
        "mrr_at_3": 0.835833,
        "mrr_at_5": 0.842533,
        "mrr_at_10": 0.84665,
        "mrr_at_20": 0.848066,
        "mrr_at_100": 0.849027,
        "mrr_at_1000": 0.849041,
        "nauc_ndcg_at_1_max": 0.430834,
        "nauc_ndcg_at_1_std": -0.101041,
        "nauc_ndcg_at_1_diff1": 0.672234,
        "nauc_ndcg_at_3_max": 0.197956,
        "nauc_ndcg_at_3_std": -0.138148,
        "nauc_ndcg_at_3_diff1": 0.220961,
        "nauc_ndcg_at_5_max": 0.193451,
        "nauc_ndcg_at_5_std": -0.121878,
        "nauc_ndcg_at_5_diff1": 0.210642,
        "nauc_ndcg_at_10_max": 0.193117,
        "nauc_ndcg_at_10_std": -0.123925,
        "nauc_ndcg_at_10_diff1": 0.214727,
        "nauc_ndcg_at_20_max": 0.202128,
        "nauc_ndcg_at_20_std": -0.111979,
        "nauc_ndcg_at_20_diff1": 0.21819,
        "nauc_ndcg_at_100_max": 0.196564,
        "nauc_ndcg_at_100_std": -0.092827,
        "nauc_ndcg_at_100_diff1": 0.219999,
        "nauc_ndcg_at_1000_max": 0.207534,
        "nauc_ndcg_at_1000_std": -0.097004,
        "nauc_ndcg_at_1000_diff1": 0.237832,
        "nauc_map_at_1_max": 0.430834,
        "nauc_map_at_1_std": -0.101041,
        "nauc_map_at_1_diff1": 0.672234,
        "nauc_map_at_3_max": 0.15853,
        "nauc_map_at_3_std": -0.142072,
        "nauc_map_at_3_diff1": 0.160782,
        "nauc_map_at_5_max": 0.156945,
        "nauc_map_at_5_std": -0.131558,
        "nauc_map_at_5_diff1": 0.158112,
        "nauc_map_at_10_max": 0.158788,
        "nauc_map_at_10_std": -0.130177,
        "nauc_map_at_10_diff1": 0.161755,
        "nauc_map_at_20_max": 0.161731,
        "nauc_map_at_20_std": -0.126188,
        "nauc_map_at_20_diff1": 0.162937,
        "nauc_map_at_100_max": 0.16091,
        "nauc_map_at_100_std": -0.123984,
        "nauc_map_at_100_diff1": 0.163597,
        "nauc_map_at_1000_max": 0.161283,
        "nauc_map_at_1000_std": -0.124057,
        "nauc_map_at_1000_diff1": 0.16432,
        "nauc_recall_at_1_max": 0.430834,
        "nauc_recall_at_1_std": -0.101041,
        "nauc_recall_at_1_diff1": 0.672234,
        "nauc_recall_at_3_max": 0.138234,
        "nauc_recall_at_3_std": -0.145456,
        "nauc_recall_at_3_diff1": 0.104266,
        "nauc_recall_at_5_max": 0.116969,
        "nauc_recall_at_5_std": -0.109553,
        "nauc_recall_at_5_diff1": 0.064279,
        "nauc_recall_at_10_max": 0.095882,
        "nauc_recall_at_10_std": -0.110332,
        "nauc_recall_at_10_diff1": 0.039527,
        "nauc_recall_at_20_max": 0.108702,
        "nauc_recall_at_20_std": -0.056586,
        "nauc_recall_at_20_diff1": 0.012153,
        "nauc_recall_at_100_max": -0.017812,
        "nauc_recall_at_100_std": 0.179431,
        "nauc_recall_at_100_diff1": -0.13959,
        "nauc_recall_at_1000_max": 0.030271,
        "nauc_recall_at_1000_std": 0.60883,
        "nauc_recall_at_1000_diff1": -0.157075,
        "nauc_precision_at_1_max": 0.430834,
        "nauc_precision_at_1_std": -0.101041,
        "nauc_precision_at_1_diff1": 0.672234,
        "nauc_precision_at_3_max": 0.138234,
        "nauc_precision_at_3_std": -0.145456,
        "nauc_precision_at_3_diff1": 0.104266,
        "nauc_precision_at_5_max": 0.116969,
        "nauc_precision_at_5_std": -0.109553,
        "nauc_precision_at_5_diff1": 0.064279,
        "nauc_precision_at_10_max": 0.095882,
        "nauc_precision_at_10_std": -0.110332,
        "nauc_precision_at_10_diff1": 0.039527,
        "nauc_precision_at_20_max": 0.108702,
        "nauc_precision_at_20_std": -0.056586,
        "nauc_precision_at_20_diff1": 0.012153,
        "nauc_precision_at_100_max": -0.017812,
        "nauc_precision_at_100_std": 0.179431,
        "nauc_precision_at_100_diff1": -0.13959,
        "nauc_precision_at_1000_max": 0.030271,
        "nauc_precision_at_1000_std": 0.60883,
        "nauc_precision_at_1000_diff1": -0.157075,
        "nauc_mrr_at_1_max": 0.430834,
        "nauc_mrr_at_1_std": -0.101041,
        "nauc_mrr_at_1_diff1": 0.672234,
        "nauc_mrr_at_3_max": 0.44786,
        "nauc_mrr_at_3_std": -0.105035,
        "nauc_mrr_at_3_diff1": 0.658836,
        "nauc_mrr_at_5_max": 0.448486,
        "nauc_mrr_at_5_std": -0.098637,
        "nauc_mrr_at_5_diff1": 0.654694,
        "nauc_mrr_at_10_max": 0.446043,
        "nauc_mrr_at_10_std": -0.106732,
        "nauc_mrr_at_10_diff1": 0.660281,
        "nauc_mrr_at_20_max": 0.44691,
        "nauc_mrr_at_20_std": -0.106612,
        "nauc_mrr_at_20_diff1": 0.660538,
        "nauc_mrr_at_100_max": 0.446599,
        "nauc_mrr_at_100_std": -0.105507,
        "nauc_mrr_at_100_diff1": 0.660226,
        "nauc_mrr_at_1000_max": 0.446585,
        "nauc_mrr_at_1000_std": -0.105533,
        "nauc_mrr_at_1000_diff1": 0.66021,
        "main_score": 0.7332,
        "hf_subset": "default",
        "languages": [
          "eng-Latn"
        ]
      }
    ]
  },
  "evaluation_time": 275.1270344257355,
  "kg_co2_emissions": null
}