{
  "dataset_revision": "8fae72a2c75530aaaac6920a02622490d923ca98",
  "task_name": "ChemRxivRetrieval",
  "mteb_version": "1.36.29",
  "scores": {
    "test": [
      {
        "ndcg_at_1": 0.7918,
        "ndcg_at_3": 0.86745,
        "ndcg_at_5": 0.87846,
        "ndcg_at_10": 0.88501,
        "ndcg_at_20": 0.88845,
        "ndcg_at_100": 0.89082,
        "ndcg_at_1000": 0.89176,
        "map_at_1": 0.7918,
        "map_at_3": 0.84953,
        "map_at_5": 0.85563,
        "map_at_10": 0.85838,
        "map_at_20": 0.85933,
        "map_at_100": 0.85969,
        "map_at_1000": 0.85972,
        "recall_at_1": 0.7918,
        "recall_at_3": 0.919,
        "recall_at_5": 0.9458,
        "recall_at_10": 0.9658,
        "recall_at_20": 0.9794,
        "recall_at_100": 0.9918,
        "recall_at_1000": 0.9992,
        "precision_at_1": 0.7918,
        "precision_at_3": 0.30633,
        "precision_at_5": 0.18916,
        "precision_at_10": 0.09658,
        "precision_at_20": 0.04897,
        "precision_at_100": 0.00992,
        "precision_at_1000": 0.001,
        "mrr_at_1": 0.7918,
        "mrr_at_3": 0.849533,
        "mrr_at_5": 0.855633,
        "mrr_at_10": 0.858385,
        "mrr_at_20": 0.859329,
        "mrr_at_100": 0.859685,
        "mrr_at_1000": 0.85972,
        "nauc_ndcg_at_1_max": 0.551922,
        "nauc_ndcg_at_1_std": -0.157253,
        "nauc_ndcg_at_1_diff1": 0.823863,
        "nauc_ndcg_at_3_max": 0.612136,
        "nauc_ndcg_at_3_std": -0.145186,
        "nauc_ndcg_at_3_diff1": 0.797396,
        "nauc_ndcg_at_5_max": 0.616179,
        "nauc_ndcg_at_5_std": -0.14342,
        "nauc_ndcg_at_5_diff1": 0.800742,
        "nauc_ndcg_at_10_max": 0.610261,
        "nauc_ndcg_at_10_std": -0.137413,
        "nauc_ndcg_at_10_diff1": 0.802768,
        "nauc_ndcg_at_20_max": 0.605524,
        "nauc_ndcg_at_20_std": -0.136472,
        "nauc_ndcg_at_20_diff1": 0.803575,
        "nauc_ndcg_at_100_max": 0.600957,
        "nauc_ndcg_at_100_std": -0.136247,
        "nauc_ndcg_at_100_diff1": 0.804342,
        "nauc_ndcg_at_1000_max": 0.598259,
        "nauc_ndcg_at_1000_std": -0.141497,
        "nauc_ndcg_at_1000_diff1": 0.805421,
        "nauc_map_at_1_max": 0.551922,
        "nauc_map_at_1_std": -0.157253,
        "nauc_map_at_1_diff1": 0.823863,
        "nauc_map_at_3_max": 0.592985,
        "nauc_map_at_3_std": -0.1506,
        "nauc_map_at_3_diff1": 0.804629,
        "nauc_map_at_5_max": 0.594257,
        "nauc_map_at_5_std": -0.149541,
        "nauc_map_at_5_diff1": 0.806596,
        "nauc_map_at_10_max": 0.591823,
        "nauc_map_at_10_std": -0.147796,
        "nauc_map_at_10_diff1": 0.807512,
        "nauc_map_at_20_max": 0.590678,
        "nauc_map_at_20_std": -0.147789,
        "nauc_map_at_20_diff1": 0.807728,
        "nauc_map_at_100_max": 0.590145,
        "nauc_map_at_100_std": -0.147798,
        "nauc_map_at_100_diff1": 0.807861,
        "nauc_map_at_1000_max": 0.590064,
        "nauc_map_at_1000_std": -0.147965,
        "nauc_map_at_1000_diff1": 0.80789,
        "nauc_recall_at_1_max": 0.551922,
        "nauc_recall_at_1_std": -0.157253,
        "nauc_recall_at_1_diff1": 0.823863,
        "nauc_recall_at_3_max": 0.708954,
        "nauc_recall_at_3_std": -0.116642,
        "nauc_recall_at_3_diff1": 0.761709,
        "nauc_recall_at_5_max": 0.775399,
        "nauc_recall_at_5_std": -0.098289,
        "nauc_recall_at_5_diff1": 0.760685,
        "nauc_recall_at_10_max": 0.809961,
        "nauc_recall_at_10_std": -0.009444,
        "nauc_recall_at_10_diff1": 0.754856,
        "nauc_recall_at_20_max": 0.844841,
        "nauc_recall_at_20_std": 0.100401,
        "nauc_recall_at_20_diff1": 0.73931,
        "nauc_recall_at_100_max": 0.895527,
        "nauc_recall_at_100_std": 0.474904,
        "nauc_recall_at_100_diff1": 0.684384,
        "nauc_recall_at_1000_max": 0.897876,
        "nauc_recall_at_1000_std": 0.930556,
        "nauc_recall_at_1000_diff1": 0.695378,
        "nauc_precision_at_1_max": 0.551922,
        "nauc_precision_at_1_std": -0.157253,
        "nauc_precision_at_1_diff1": 0.823863,
        "nauc_precision_at_3_max": 0.708954,
        "nauc_precision_at_3_std": -0.116642,
        "nauc_precision_at_3_diff1": 0.761709,
        "nauc_precision_at_5_max": 0.775399,
        "nauc_precision_at_5_std": -0.098289,
        "nauc_precision_at_5_diff1": 0.760685,
        "nauc_precision_at_10_max": 0.809961,
        "nauc_precision_at_10_std": -0.009444,
        "nauc_precision_at_10_diff1": 0.754856,
        "nauc_precision_at_20_max": 0.844841,
        "nauc_precision_at_20_std": 0.100401,
        "nauc_precision_at_20_diff1": 0.73931,
        "nauc_precision_at_100_max": 0.895527,
        "nauc_precision_at_100_std": 0.474904,
        "nauc_precision_at_100_diff1": 0.684384,
        "nauc_precision_at_1000_max": 0.897876,
        "nauc_precision_at_1000_std": 0.930556,
        "nauc_precision_at_1000_diff1": 0.695378,
        "nauc_mrr_at_1_max": 0.548485,
        "nauc_mrr_at_1_std": -0.155557,
        "nauc_mrr_at_1_diff1": 0.823863,
        "nauc_mrr_at_3_max": 0.590659,
        "nauc_mrr_at_3_std": -0.149452,
        "nauc_mrr_at_3_diff1": 0.804629,
        "nauc_mrr_at_5_max": 0.591826,
        "nauc_mrr_at_5_std": -0.148341,
        "nauc_mrr_at_5_diff1": 0.806596,
        "nauc_mrr_at_10_max": 0.589343,
        "nauc_mrr_at_10_std": -0.146571,
        "nauc_mrr_at_10_diff1": 0.807512,
        "nauc_mrr_at_20_max": 0.588183,
        "nauc_mrr_at_20_std": -0.146562,
        "nauc_mrr_at_20_diff1": 0.80773,
        "nauc_mrr_at_100_max": 0.587642,
        "nauc_mrr_at_100_std": -0.146566,
        "nauc_mrr_at_100_diff1": 0.807862,
        "nauc_mrr_at_1000_max": 0.587561,
        "nauc_mrr_at_1000_std": -0.146732,
        "nauc_mrr_at_1000_diff1": 0.807891,
        "main_score": 0.88501,
        "hf_subset": "default",
        "languages": [
          "eng-Latn"
        ]
      }
    ]
  },
  "evaluation_time": 279.86461448669434,
  "kg_co2_emissions": null
}