{
  "dataset_revision": "8fae72a2c75530aaaac6920a02622490d923ca98",
  "task_name": "ChemRxivRetrieval",
  "mteb_version": "1.36.29",
  "scores": {
    "test": [
      {
        "ndcg_at_1": 0.6806,
        "ndcg_at_3": 0.77692,
        "ndcg_at_5": 0.79753,
        "ndcg_at_10": 0.80924,
        "ndcg_at_20": 0.81531,
        "ndcg_at_100": 0.82086,
        "ndcg_at_1000": 0.82263,
        "map_at_1": 0.6806,
        "map_at_3": 0.7538,
        "map_at_5": 0.76529,
        "map_at_10": 0.7702,
        "map_at_20": 0.77187,
        "map_at_100": 0.77269,
        "map_at_1000": 0.77276,
        "recall_at_1": 0.6806,
        "recall_at_3": 0.8436,
        "recall_at_5": 0.8934,
        "recall_at_10": 0.9292,
        "recall_at_20": 0.9532,
        "recall_at_100": 0.9824,
        "recall_at_1000": 0.9962,
        "precision_at_1": 0.6806,
        "precision_at_3": 0.2812,
        "precision_at_5": 0.17868,
        "precision_at_10": 0.09292,
        "precision_at_20": 0.04766,
        "precision_at_100": 0.00982,
        "precision_at_1000": 0.001,
        "mrr_at_1": 0.681,
        "mrr_at_3": 0.753867,
        "mrr_at_5": 0.765447,
        "mrr_at_10": 0.770381,
        "mrr_at_20": 0.77203,
        "mrr_at_100": 0.772848,
        "mrr_at_1000": 0.772918,
        "nauc_ndcg_at_1_max": 0.381808,
        "nauc_ndcg_at_1_std": -0.146668,
        "nauc_ndcg_at_1_diff1": 0.738699,
        "nauc_ndcg_at_3_max": 0.430069,
        "nauc_ndcg_at_3_std": -0.109171,
        "nauc_ndcg_at_3_diff1": 0.701297,
        "nauc_ndcg_at_5_max": 0.437157,
        "nauc_ndcg_at_5_std": -0.099798,
        "nauc_ndcg_at_5_diff1": 0.702113,
        "nauc_ndcg_at_10_max": 0.438262,
        "nauc_ndcg_at_10_std": -0.093906,
        "nauc_ndcg_at_10_diff1": 0.709141,
        "nauc_ndcg_at_20_max": 0.433839,
        "nauc_ndcg_at_20_std": -0.09534,
        "nauc_ndcg_at_20_diff1": 0.711665,
        "nauc_ndcg_at_100_max": 0.428047,
        "nauc_ndcg_at_100_std": -0.101474,
        "nauc_ndcg_at_100_diff1": 0.713281,
        "nauc_ndcg_at_1000_max": 0.42545,
        "nauc_ndcg_at_1000_std": -0.104144,
        "nauc_ndcg_at_1000_diff1": 0.71309,
        "nauc_map_at_1_max": 0.381808,
        "nauc_map_at_1_std": -0.146668,
        "nauc_map_at_1_diff1": 0.738699,
        "nauc_map_at_3_max": 0.415955,
        "nauc_map_at_3_std": -0.120371,
        "nauc_map_at_3_diff1": 0.711265,
        "nauc_map_at_5_max": 0.418806,
        "nauc_map_at_5_std": -0.116327,
        "nauc_map_at_5_diff1": 0.712121,
        "nauc_map_at_10_max": 0.418859,
        "nauc_map_at_10_std": -0.114719,
        "nauc_map_at_10_diff1": 0.71473,
        "nauc_map_at_20_max": 0.417735,
        "nauc_map_at_20_std": -0.115251,
        "nauc_map_at_20_diff1": 0.715362,
        "nauc_map_at_100_max": 0.416917,
        "nauc_map_at_100_std": -0.115952,
        "nauc_map_at_100_diff1": 0.71552,
        "nauc_map_at_1000_max": 0.416845,
        "nauc_map_at_1000_std": -0.116007,
        "nauc_map_at_1000_diff1": 0.715518,
        "nauc_recall_at_1_max": 0.381808,
        "nauc_recall_at_1_std": -0.146668,
        "nauc_recall_at_1_diff1": 0.738699,
        "nauc_recall_at_3_max": 0.489012,
        "nauc_recall_at_3_std": -0.062255,
        "nauc_recall_at_3_diff1": 0.660269,
        "nauc_recall_at_5_max": 0.541988,
        "nauc_recall_at_5_std": -0.004201,
        "nauc_recall_at_5_diff1": 0.647052,
        "nauc_recall_at_10_max": 0.60042,
        "nauc_recall_at_10_std": 0.087542,
        "nauc_recall_at_10_diff1": 0.673038,
        "nauc_recall_at_20_max": 0.621374,
        "nauc_recall_at_20_std": 0.16194,
        "nauc_recall_at_20_diff1": 0.68895,
        "nauc_recall_at_100_max": 0.669866,
        "nauc_recall_at_100_std": 0.280059,
        "nauc_recall_at_100_diff1": 0.735114,
        "nauc_recall_at_1000_max": 0.68566,
        "nauc_recall_at_1000_std": 0.72581,
        "nauc_recall_at_1000_diff1": 0.744828,
        "nauc_precision_at_1_max": 0.381808,
        "nauc_precision_at_1_std": -0.146668,
        "nauc_precision_at_1_diff1": 0.738699,
        "nauc_precision_at_3_max": 0.489012,
        "nauc_precision_at_3_std": -0.062255,
        "nauc_precision_at_3_diff1": 0.660269,
        "nauc_precision_at_5_max": 0.541988,
        "nauc_precision_at_5_std": -0.004201,
        "nauc_precision_at_5_diff1": 0.647052,
        "nauc_precision_at_10_max": 0.60042,
        "nauc_precision_at_10_std": 0.087542,
        "nauc_precision_at_10_diff1": 0.673038,
        "nauc_precision_at_20_max": 0.621374,
        "nauc_precision_at_20_std": 0.16194,
        "nauc_precision_at_20_diff1": 0.68895,
        "nauc_precision_at_100_max": 0.669866,
        "nauc_precision_at_100_std": 0.280059,
        "nauc_precision_at_100_diff1": 0.735114,
        "nauc_precision_at_1000_max": 0.68566,
        "nauc_precision_at_1000_std": 0.72581,
        "nauc_precision_at_1000_diff1": 0.744828,
        "nauc_mrr_at_1_max": 0.382931,
        "nauc_mrr_at_1_std": -0.146025,
        "nauc_mrr_at_1_diff1": 0.737823,
        "nauc_mrr_at_3_max": 0.416669,
        "nauc_mrr_at_3_std": -0.120481,
        "nauc_mrr_at_3_diff1": 0.71094,
        "nauc_mrr_at_5_max": 0.419582,
        "nauc_mrr_at_5_std": -0.116051,
        "nauc_mrr_at_5_diff1": 0.711615,
        "nauc_mrr_at_10_max": 0.419609,
        "nauc_mrr_at_10_std": -0.114484,
        "nauc_mrr_at_10_diff1": 0.714248,
        "nauc_mrr_at_20_max": 0.418532,
        "nauc_mrr_at_20_std": -0.114971,
        "nauc_mrr_at_20_diff1": 0.714844,
        "nauc_mrr_at_100_max": 0.417717,
        "nauc_mrr_at_100_std": -0.11567,
        "nauc_mrr_at_100_diff1": 0.715,
        "nauc_mrr_at_1000_max": 0.417645,
        "nauc_mrr_at_1000_std": -0.115726,
        "nauc_mrr_at_1000_diff1": 0.714997,
        "main_score": 0.80924,
        "hf_subset": "default",
        "languages": [
          "eng-Latn"
        ]
      }
    ]
  },
  "evaluation_time": 266.76220321655273,
  "kg_co2_emissions": null
}