{
  "dataset_revision": "7ba40b69f5fe6ffe4cc189aac9e1710913c73c8a",
  "task_name": "PubChemSMILESPC",
  "mteb_version": "1.36.29",
  "scores": {
    "test": [
      {
        "similarity_accuracy": 0.900879,
        "similarity_accuracy_threshold": 0.554389,
        "similarity_f1": 0.186047,
        "similarity_f1_threshold": 0.196001,
        "similarity_precision": 0.10372,
        "similarity_recall": 0.901961,
        "similarity_ap": 0.120054,
        "cosine_accuracy": 0.900879,
        "cosine_accuracy_threshold": 0.554389,
        "cosine_f1": 0.186047,
        "cosine_f1_threshold": 0.196001,
        "cosine_precision": 0.10372,
        "cosine_recall": 0.901961,
        "cosine_ap": 0.120054,
        "manhattan_accuracy": 0.899902,
        "manhattan_accuracy_threshold": 401.654297,
        "manhattan_f1": 0.189453,
        "manhattan_f1_threshold": 482.738892,
        "manhattan_precision": 0.118293,
        "manhattan_recall": 0.47549,
        "manhattan_ap": 0.11118,
        "euclidean_accuracy": 0.899902,
        "euclidean_accuracy_threshold": 18.156624,
        "euclidean_f1": 0.183865,
        "euclidean_f1_threshold": 21.934162,
        "euclidean_precision": 0.113689,
        "euclidean_recall": 0.480392,
        "euclidean_ap": 0.109804,
        "dot_accuracy": 0.900879,
        "dot_accuracy_threshold": 246.294769,
        "dot_f1": 0.190583,
        "dot_f1_threshold": 72.085892,
        "dot_precision": 0.107595,
        "dot_recall": 0.833333,
        "dot_ap": 0.113682,
        "max_accuracy": 0.900879,
        "max_f1": 0.190583,
        "max_precision": 0.118293,
        "max_recall": 0.901961,
        "max_ap": 0.120054,
        "main_score": 0.120054,
        "hf_subset": "default",
        "languages": [
          "eng-Latn"
        ]
      }
    ]
  },
  "evaluation_time": 3.9356272220611572,
  "kg_co2_emissions": null
}