,epoch_1,step_32,step_64,epoch_0,step_96
ChemRxivNC2,0.81187,0.81187,0.81187,0.81187,0.81187
