{
  "dataset_revision": "8fae72a2c75530aaaac6920a02622490d923ca98",
  "task_name": "ChemRxivRetrieval",
  "mteb_version": "1.36.29",
  "scores": {
    "test": [
      {
        "ndcg_at_1": 0.788,
        "ndcg_at_3": 0.86507,
        "ndcg_at_5": 0.87628,
        "ndcg_at_10": 0.88321,
        "ndcg_at_20": 0.88655,
        "ndcg_at_100": 0.88905,
        "ndcg_at_1000": 0.88997,
        "map_at_1": 0.788,
        "map_at_3": 0.847,
        "map_at_5": 0.85323,
        "map_at_10": 0.85612,
        "map_at_20": 0.85704,
        "map_at_100": 0.85741,
        "map_at_1000": 0.85744,
        "recall_at_1": 0.788,
        "recall_at_3": 0.917,
        "recall_at_5": 0.9442,
        "recall_at_10": 0.9654,
        "recall_at_20": 0.9786,
        "recall_at_100": 0.9918,
        "recall_at_1000": 0.9992,
        "precision_at_1": 0.788,
        "precision_at_3": 0.30567,
        "precision_at_5": 0.18884,
        "precision_at_10": 0.09654,
        "precision_at_20": 0.04893,
        "precision_at_100": 0.00992,
        "precision_at_1000": 0.001,
        "mrr_at_1": 0.7882,
        "mrr_at_3": 0.8471,
        "mrr_at_5": 0.85333,
        "mrr_at_10": 0.856223,
        "mrr_at_20": 0.857144,
        "mrr_at_100": 0.857512,
        "mrr_at_1000": 0.857543,
        "nauc_ndcg_at_1_max": 0.558391,
        "nauc_ndcg_at_1_std": -0.148161,
        "nauc_ndcg_at_1_diff1": 0.829707,
        "nauc_ndcg_at_3_max": 0.615425,
        "nauc_ndcg_at_3_std": -0.13577,
        "nauc_ndcg_at_3_diff1": 0.800551,
        "nauc_ndcg_at_5_max": 0.622961,
        "nauc_ndcg_at_5_std": -0.127378,
        "nauc_ndcg_at_5_diff1": 0.803737,
        "nauc_ndcg_at_10_max": 0.616905,
        "nauc_ndcg_at_10_std": -0.128348,
        "nauc_ndcg_at_10_diff1": 0.807893,
        "nauc_ndcg_at_20_max": 0.611814,
        "nauc_ndcg_at_20_std": -0.124809,
        "nauc_ndcg_at_20_diff1": 0.80802,
        "nauc_ndcg_at_100_max": 0.607409,
        "nauc_ndcg_at_100_std": -0.125024,
        "nauc_ndcg_at_100_diff1": 0.808857,
        "nauc_ndcg_at_1000_max": 0.604923,
        "nauc_ndcg_at_1000_std": -0.129895,
        "nauc_ndcg_at_1000_diff1": 0.809838,
        "nauc_map_at_1_max": 0.558391,
        "nauc_map_at_1_std": -0.148161,
        "nauc_map_at_1_diff1": 0.829707,
        "nauc_map_at_3_max": 0.597969,
        "nauc_map_at_3_std": -0.140667,
        "nauc_map_at_3_diff1": 0.808704,
        "nauc_map_at_5_max": 0.600968,
        "nauc_map_at_5_std": -0.13686,
        "nauc_map_at_5_diff1": 0.810638,
        "nauc_map_at_10_max": 0.598472,
        "nauc_map_at_10_std": -0.13751,
        "nauc_map_at_10_diff1": 0.812337,
        "nauc_map_at_20_max": 0.597276,
        "nauc_map_at_20_std": -0.136767,
        "nauc_map_at_20_diff1": 0.81238,
        "nauc_map_at_100_max": 0.596781,
        "nauc_map_at_100_std": -0.136745,
        "nauc_map_at_100_diff1": 0.812495,
        "nauc_map_at_1000_max": 0.596712,
        "nauc_map_at_1000_std": -0.136885,
        "nauc_map_at_1000_diff1": 0.81252,
        "nauc_recall_at_1_max": 0.558391,
        "nauc_recall_at_1_std": -0.148161,
        "nauc_recall_at_1_diff1": 0.829707,
        "nauc_recall_at_3_max": 0.702252,
        "nauc_recall_at_3_std": -0.110563,
        "nauc_recall_at_3_diff1": 0.760587,
        "nauc_recall_at_5_max": 0.780669,
        "nauc_recall_at_5_std": -0.056155,
        "nauc_recall_at_5_diff1": 0.756716,
        "nauc_recall_at_10_max": 0.817312,
        "nauc_recall_at_10_std": -0.01954,
        "nauc_recall_at_10_diff1": 0.76581,
        "nauc_recall_at_20_max": 0.837862,
        "nauc_recall_at_20_std": 0.116146,
        "nauc_recall_at_20_diff1": 0.743117,
        "nauc_recall_at_100_max": 0.892339,
        "nauc_recall_at_100_std": 0.467491,
        "nauc_recall_at_100_diff1": 0.692469,
        "nauc_recall_at_1000_max": 0.930556,
        "nauc_recall_at_1000_std": 0.930556,
        "nauc_recall_at_1000_diff1": 0.662698,
        "nauc_precision_at_1_max": 0.558391,
        "nauc_precision_at_1_std": -0.148161,
        "nauc_precision_at_1_diff1": 0.829707,
        "nauc_precision_at_3_max": 0.702252,
        "nauc_precision_at_3_std": -0.110563,
        "nauc_precision_at_3_diff1": 0.760587,
        "nauc_precision_at_5_max": 0.780669,
        "nauc_precision_at_5_std": -0.056155,
        "nauc_precision_at_5_diff1": 0.756716,
        "nauc_precision_at_10_max": 0.817312,
        "nauc_precision_at_10_std": -0.01954,
        "nauc_precision_at_10_diff1": 0.76581,
        "nauc_precision_at_20_max": 0.837862,
        "nauc_precision_at_20_std": 0.116146,
        "nauc_precision_at_20_diff1": 0.743117,
        "nauc_precision_at_100_max": 0.892339,
        "nauc_precision_at_100_std": 0.467491,
        "nauc_precision_at_100_diff1": 0.692469,
        "nauc_precision_at_1000_max": 0.930556,
        "nauc_precision_at_1000_std": 0.930556,
        "nauc_precision_at_1000_diff1": 0.662698,
        "nauc_mrr_at_1_max": 0.552037,
        "nauc_mrr_at_1_std": -0.150246,
        "nauc_mrr_at_1_diff1": 0.829297,
        "nauc_mrr_at_3_max": 0.593688,
        "nauc_mrr_at_3_std": -0.142075,
        "nauc_mrr_at_3_diff1": 0.808416,
        "nauc_mrr_at_5_max": 0.596496,
        "nauc_mrr_at_5_std": -0.13833,
        "nauc_mrr_at_5_diff1": 0.810338,
        "nauc_mrr_at_10_max": 0.593903,
        "nauc_mrr_at_10_std": -0.139011,
        "nauc_mrr_at_10_diff1": 0.812031,
        "nauc_mrr_at_20_max": 0.592675,
        "nauc_mrr_at_20_std": -0.138278,
        "nauc_mrr_at_20_diff1": 0.812072,
        "nauc_mrr_at_100_max": 0.592167,
        "nauc_mrr_at_100_std": -0.13826,
        "nauc_mrr_at_100_diff1": 0.812187,
        "nauc_mrr_at_1000_max": 0.592097,
        "nauc_mrr_at_1000_std": -0.138401,
        "nauc_mrr_at_1000_diff1": 0.812212,
        "main_score": 0.88321,
        "hf_subset": "default",
        "languages": [
          "eng-Latn"
        ]
      }
    ]
  },
  "evaluation_time": 281.53231859207153,
  "kg_co2_emissions": null
}