{
  "dataset_revision": "70970daeab8776df92f5ea462b6173c0b46fd2d1",
  "task_name": "TwitterSemEval2015",
  "mteb_version": "1.36.29",
  "scores": {
    "test": [
      {
        "similarity_accuracy": 0.863682,
        "similarity_accuracy_threshold": 0.780511,
        "similarity_f1": 0.695795,
        "similarity_f1_threshold": 0.758458,
        "similarity_precision": 0.669021,
        "similarity_recall": 0.724802,
        "similarity_ap": 0.753799,
        "cosine_accuracy": 0.863682,
        "cosine_accuracy_threshold": 0.780511,
        "cosine_f1": 0.695795,
        "cosine_f1_threshold": 0.758458,
        "cosine_precision": 0.669021,
        "cosine_recall": 0.724802,
        "cosine_ap": 0.753799,
        "manhattan_accuracy": 0.868212,
        "manhattan_accuracy_threshold": 293.07605,
        "manhattan_f1": 0.705106,
        "manhattan_f1_threshold": 315.309814,
        "manhattan_precision": 0.667689,
        "manhattan_recall": 0.746966,
        "manhattan_ap": 0.760646,
        "euclidean_accuracy": 0.86863,
        "euclidean_accuracy_threshold": 13.624547,
        "euclidean_f1": 0.705705,
        "euclidean_f1_threshold": 14.207389,
        "euclidean_precision": 0.673704,
        "euclidean_recall": 0.740897,
        "euclidean_ap": 0.760707,
        "dot_accuracy": 0.820886,
        "dot_accuracy_threshold": 334.251709,
        "dot_f1": 0.591603,
        "dot_f1_threshold": 308.474792,
        "dot_precision": 0.51485,
        "dot_recall": 0.695251,
        "dot_ap": 0.613197,
        "max_accuracy": 0.86863,
        "max_f1": 0.705705,
        "max_precision": 0.673704,
        "max_recall": 0.746966,
        "max_ap": 0.760707,
        "main_score": 0.760707,
        "hf_subset": "default",
        "languages": [
          "eng-Latn"
        ]
      }
    ]
  },
  "evaluation_time": 15.452310800552368,
  "kg_co2_emissions": null
}