{
  "dataset_revision": "5037d69d177c9628fb79cb57eea1299178b28c1b",
  "task_name": "PubChemSynonymPC",
  "mteb_version": "1.36.20",
  "scores": {
    "test": [
      {
        "similarity_accuracy": 0.94873,
        "similarity_accuracy_threshold": 0.524638,
        "similarity_f1": 0.688427,
        "similarity_f1_threshold": 0.524638,
        "similarity_precision": 0.87218,
        "similarity_recall": 0.568627,
        "similarity_ap": 0.701416,
        "cosine_accuracy": 0.94873,
        "cosine_accuracy_threshold": 0.524638,
        "cosine_f1": 0.688427,
        "cosine_f1_threshold": 0.524638,
        "cosine_precision": 0.87218,
        "cosine_recall": 0.568627,
        "cosine_ap": 0.701416,
        "manhattan_accuracy": 0.944824,
        "manhattan_accuracy_threshold": 379.399597,
        "manhattan_f1": 0.638037,
        "manhattan_f1_threshold": 398.7453,
        "manhattan_precision": 0.852459,
        "manhattan_recall": 0.509804,
        "manhattan_ap": 0.644167,
        "euclidean_accuracy": 0.945312,
        "euclidean_accuracy_threshold": 17.119911,
        "euclidean_f1": 0.641509,
        "euclidean_f1_threshold": 17.64661,
        "euclidean_precision": 0.894737,
        "euclidean_recall": 0.5,
        "euclidean_ap": 0.644219,
        "dot_accuracy": 0.95166,
        "dot_accuracy_threshold": 201.312378,
        "dot_f1": 0.702703,
        "dot_f1_threshold": 201.312378,
        "dot_precision": 0.906977,
        "dot_recall": 0.573529,
        "dot_ap": 0.712057,
        "max_accuracy": 0.95166,
        "max_f1": 0.702703,
        "max_precision": 0.906977,
        "max_recall": 0.573529,
        "max_ap": 0.712057,
        "main_score": 0.712057,
        "hf_subset": "default",
        "languages": [
          "eng-Latn"
        ]
      }
    ]
  },
  "evaluation_time": 3.6856625080108643,
  "kg_co2_emissions": null
}