{
  "dataset_revision": "1840e8a5ac6ec752bbdd97d543ead0189bc7c25b",
  "task_name": "ChemHotpotQARetrieval",
  "mteb_version": "1.36.29",
  "scores": {
    "train": [
      {
        "ndcg_at_1": 0.78889,
        "ndcg_at_3": 0.82579,
        "ndcg_at_5": 0.84279,
        "ndcg_at_10": 0.85201,
        "ndcg_at_20": 0.85603,
        "ndcg_at_100": 0.8638,
        "ndcg_at_1000": 0.86531,
        "map_at_1": 0.77222,
        "map_at_3": 0.8125,
        "map_at_5": 0.82222,
        "map_at_10": 0.82616,
        "map_at_20": 0.82716,
        "map_at_100": 0.82877,
        "map_at_1000": 0.82884,
        "recall_at_1": 0.77222,
        "recall_at_3": 0.85556,
        "recall_at_5": 0.89722,
        "recall_at_10": 0.925,
        "recall_at_20": 0.94167,
        "recall_at_100": 0.97778,
        "recall_at_1000": 0.98889,
        "precision_at_1": 0.78889,
        "precision_at_3": 0.29444,
        "precision_at_5": 0.18556,
        "precision_at_10": 0.09556,
        "precision_at_20": 0.04861,
        "precision_at_100": 0.01017,
        "precision_at_1000": 0.00103,
        "mrr_at_1": 0.788889,
        "mrr_at_3": 0.822222,
        "mrr_at_5": 0.830556,
        "mrr_at_10": 0.834491,
        "mrr_at_20": 0.835492,
        "mrr_at_100": 0.836422,
        "mrr_at_1000": 0.836495,
        "nauc_ndcg_at_1_max": 0.686254,
        "nauc_ndcg_at_1_std": -0.153168,
        "nauc_ndcg_at_1_diff1": 0.909334,
        "nauc_ndcg_at_3_max": 0.641998,
        "nauc_ndcg_at_3_std": -0.243931,
        "nauc_ndcg_at_3_diff1": 0.827167,
        "nauc_ndcg_at_5_max": 0.632315,
        "nauc_ndcg_at_5_std": -0.231828,
        "nauc_ndcg_at_5_diff1": 0.806556,
        "nauc_ndcg_at_10_max": 0.611402,
        "nauc_ndcg_at_10_std": -0.26758,
        "nauc_ndcg_at_10_diff1": 0.802376,
        "nauc_ndcg_at_20_max": 0.611082,
        "nauc_ndcg_at_20_std": -0.255745,
        "nauc_ndcg_at_20_diff1": 0.804115,
        "nauc_ndcg_at_100_max": 0.628879,
        "nauc_ndcg_at_100_std": -0.236352,
        "nauc_ndcg_at_100_diff1": 0.82652,
        "nauc_ndcg_at_1000_max": 0.628755,
        "nauc_ndcg_at_1000_std": -0.228551,
        "nauc_ndcg_at_1000_diff1": 0.830845,
        "nauc_map_at_1_max": 0.582198,
        "nauc_map_at_1_std": -0.239628,
        "nauc_map_at_1_diff1": 0.852469,
        "nauc_map_at_3_max": 0.630484,
        "nauc_map_at_3_std": -0.234161,
        "nauc_map_at_3_diff1": 0.820121,
        "nauc_map_at_5_max": 0.623066,
        "nauc_map_at_5_std": -0.234108,
        "nauc_map_at_5_diff1": 0.808935,
        "nauc_map_at_10_max": 0.615075,
        "nauc_map_at_10_std": -0.248139,
        "nauc_map_at_10_diff1": 0.80723,
        "nauc_map_at_20_max": 0.61501,
        "nauc_map_at_20_std": -0.245679,
        "nauc_map_at_20_diff1": 0.807601,
        "nauc_map_at_100_max": 0.619508,
        "nauc_map_at_100_std": -0.241097,
        "nauc_map_at_100_diff1": 0.812973,
        "nauc_map_at_1000_max": 0.619454,
        "nauc_map_at_1000_std": -0.240746,
        "nauc_map_at_1000_diff1": 0.813117,
        "nauc_recall_at_1_max": 0.582198,
        "nauc_recall_at_1_std": -0.239628,
        "nauc_recall_at_1_diff1": 0.852469,
        "nauc_recall_at_3_max": 0.612175,
        "nauc_recall_at_3_std": -0.32097,
        "nauc_recall_at_3_diff1": 0.769298,
        "nauc_recall_at_5_max": 0.572216,
        "nauc_recall_at_5_std": -0.280873,
        "nauc_recall_at_5_diff1": 0.673253,
        "nauc_recall_at_10_max": 0.428814,
        "nauc_recall_at_10_std": -0.486306,
        "nauc_recall_at_10_diff1": 0.596552,
        "nauc_recall_at_20_max": 0.374061,
        "nauc_recall_at_20_std": -0.43264,
        "nauc_recall_at_20_diff1": 0.554866,
        "nauc_recall_at_100_max": 0.427054,
        "nauc_recall_at_100_std": -0.30859,
        "nauc_recall_at_100_diff1": 0.728058,
        "nauc_recall_at_1000_max": 0.24043,
        "nauc_recall_at_1000_std": 0.24043,
        "nauc_recall_at_1000_diff1": 1.0,
        "nauc_precision_at_1_max": 0.686254,
        "nauc_precision_at_1_std": -0.153168,
        "nauc_precision_at_1_diff1": 0.909334,
        "nauc_precision_at_3_max": 0.641843,
        "nauc_precision_at_3_std": -0.113546,
        "nauc_precision_at_3_diff1": 0.619482,
        "nauc_precision_at_5_max": 0.54199,
        "nauc_precision_at_5_std": -0.03667,
        "nauc_precision_at_5_diff1": 0.42927,
        "nauc_precision_at_10_max": 0.435856,
        "nauc_precision_at_10_std": -0.120482,
        "nauc_precision_at_10_diff1": 0.314956,
        "nauc_precision_at_20_max": 0.401158,
        "nauc_precision_at_20_std": -0.01641,
        "nauc_precision_at_20_diff1": 0.234599,
        "nauc_precision_at_100_max": 0.33921,
        "nauc_precision_at_100_std": 0.301122,
        "nauc_precision_at_100_diff1": 0.136538,
        "nauc_precision_at_1000_max": 0.300497,
        "nauc_precision_at_1000_std": 0.464557,
        "nauc_precision_at_1000_diff1": 0.091463,
        "nauc_mrr_at_1_max": 0.686254,
        "nauc_mrr_at_1_std": -0.153168,
        "nauc_mrr_at_1_diff1": 0.909334,
        "nauc_mrr_at_3_max": 0.692949,
        "nauc_mrr_at_3_std": -0.191824,
        "nauc_mrr_at_3_diff1": 0.89325,
        "nauc_mrr_at_5_max": 0.692083,
        "nauc_mrr_at_5_std": -0.179321,
        "nauc_mrr_at_5_diff1": 0.887533,
        "nauc_mrr_at_10_max": 0.68553,
        "nauc_mrr_at_10_std": -0.192508,
        "nauc_mrr_at_10_diff1": 0.887751,
        "nauc_mrr_at_20_max": 0.685919,
        "nauc_mrr_at_20_std": -0.189592,
        "nauc_mrr_at_20_diff1": 0.888659,
        "nauc_mrr_at_100_max": 0.685842,
        "nauc_mrr_at_100_std": -0.188714,
        "nauc_mrr_at_100_diff1": 0.88868,
        "nauc_mrr_at_1000_max": 0.685818,
        "nauc_mrr_at_1000_std": -0.188325,
        "nauc_mrr_at_1000_diff1": 0.888865,
        "main_score": 0.85201,
        "hf_subset": "default",
        "languages": [
          "eng-Latn"
        ]
      }
    ],
    "dev": [
      {
        "ndcg_at_1": 0.875,
        "ndcg_at_3": 0.875,
        "ndcg_at_5": 0.875,
        "ndcg_at_10": 0.875,
        "ndcg_at_20": 0.875,
        "ndcg_at_100": 0.875,
        "ndcg_at_1000": 0.89174,
        "map_at_1": 0.875,
        "map_at_3": 0.875,
        "map_at_5": 0.875,
        "map_at_10": 0.875,
        "map_at_20": 0.875,
        "map_at_100": 0.875,
        "map_at_1000": 0.87571,
        "recall_at_1": 0.875,
        "recall_at_3": 0.875,
        "recall_at_5": 0.875,
        "recall_at_10": 0.875,
        "recall_at_20": 0.875,
        "recall_at_100": 0.875,
        "recall_at_1000": 1.0,
        "precision_at_1": 0.875,
        "precision_at_3": 0.29167,
        "precision_at_5": 0.175,
        "precision_at_10": 0.0875,
        "precision_at_20": 0.04375,
        "precision_at_100": 0.00875,
        "precision_at_1000": 0.001,
        "mrr_at_1": 0.875,
        "mrr_at_3": 0.875,
        "mrr_at_5": 0.875,
        "mrr_at_10": 0.875,
        "mrr_at_20": 0.875,
        "mrr_at_100": 0.875,
        "mrr_at_1000": 0.87571,
        "nauc_ndcg_at_1_max": 1.0,
        "nauc_ndcg_at_1_std": 0.363585,
        "nauc_ndcg_at_1_diff1": 0.865546,
        "nauc_ndcg_at_3_max": 1.0,
        "nauc_ndcg_at_3_std": 0.363585,
        "nauc_ndcg_at_3_diff1": 0.865546,
        "nauc_ndcg_at_5_max": 1.0,
        "nauc_ndcg_at_5_std": 0.363585,
        "nauc_ndcg_at_5_diff1": 0.865546,
        "nauc_ndcg_at_10_max": 1.0,
        "nauc_ndcg_at_10_std": 0.363585,
        "nauc_ndcg_at_10_diff1": 0.865546,
        "nauc_ndcg_at_20_max": 1.0,
        "nauc_ndcg_at_20_std": 0.363585,
        "nauc_ndcg_at_20_diff1": 0.865546,
        "nauc_ndcg_at_100_max": 1.0,
        "nauc_ndcg_at_100_std": 0.363585,
        "nauc_ndcg_at_100_diff1": 0.865546,
        "nauc_ndcg_at_1000_max": 1.0,
        "nauc_ndcg_at_1000_std": 0.363585,
        "nauc_ndcg_at_1000_diff1": 0.865546,
        "nauc_map_at_1_max": 1.0,
        "nauc_map_at_1_std": 0.363585,
        "nauc_map_at_1_diff1": 0.865546,
        "nauc_map_at_3_max": 1.0,