{
  "dataset_revision": "1840e8a5ac6ec752bbdd97d543ead0189bc7c25b",
  "task_name": "ChemHotpotQARetrieval",
  "mteb_version": "1.36.29",
  "scores": {
    "train": [
      {
        "ndcg_at_1": 0.82778,
        "ndcg_at_3": 0.86121,
        "ndcg_at_5": 0.87772,
        "ndcg_at_10": 0.88489,
        "ndcg_at_20": 0.8894,
        "ndcg_at_100": 0.89248,
        "ndcg_at_1000": 0.89395,
        "map_at_1": 0.80833,
        "map_at_3": 0.85,
        "map_at_5": 0.85944,
        "map_at_10": 0.8624,
        "map_at_20": 0.86379,
        "map_at_100": 0.86449,
        "map_at_1000": 0.86455,
        "recall_at_1": 0.80833,
        "recall_at_3": 0.88611,
        "recall_at_5": 0.925,
        "recall_at_10": 0.94722,
        "recall_at_20": 0.96389,
        "recall_at_100": 0.97778,
        "recall_at_1000": 0.98889,
        "precision_at_1": 0.82778,
        "precision_at_3": 0.30556,
        "precision_at_5": 0.19111,
        "precision_at_10": 0.09778,
        "precision_at_20": 0.04972,
        "precision_at_100": 0.01017,
        "precision_at_1000": 0.00103,
        "mrr_at_1": 0.827778,
        "mrr_at_3": 0.858333,
        "mrr_at_5": 0.867778,
        "mrr_at_10": 0.870732,
        "mrr_at_20": 0.872127,
        "mrr_at_100": 0.872277,
        "mrr_at_1000": 0.87234,
        "nauc_ndcg_at_1_max": 0.599933,
        "nauc_ndcg_at_1_std": -0.14547,
        "nauc_ndcg_at_1_diff1": 0.880023,
        "nauc_ndcg_at_3_max": 0.514948,
        "nauc_ndcg_at_3_std": -0.255713,
        "nauc_ndcg_at_3_diff1": 0.766174,
        "nauc_ndcg_at_5_max": 0.462091,
        "nauc_ndcg_at_5_std": -0.329038,
        "nauc_ndcg_at_5_diff1": 0.754013,
        "nauc_ndcg_at_10_max": 0.461648,
        "nauc_ndcg_at_10_std": -0.291847,
        "nauc_ndcg_at_10_diff1": 0.746756,
        "nauc_ndcg_at_20_max": 0.450919,
        "nauc_ndcg_at_20_std": -0.283076,
        "nauc_ndcg_at_20_diff1": 0.741535,
        "nauc_ndcg_at_100_max": 0.478478,
        "nauc_ndcg_at_100_std": -0.247346,
        "nauc_ndcg_at_100_diff1": 0.771772,
        "nauc_ndcg_at_1000_max": 0.474951,
        "nauc_ndcg_at_1000_std": -0.245427,
        "nauc_ndcg_at_1000_diff1": 0.772491,
        "nauc_map_at_1_max": 0.479337,
        "nauc_map_at_1_std": -0.224175,
        "nauc_map_at_1_diff1": 0.806145,
        "nauc_map_at_3_max": 0.502426,
        "nauc_map_at_3_std": -0.253119,
        "nauc_map_at_3_diff1": 0.755309,
        "nauc_map_at_5_max": 0.475184,
        "nauc_map_at_5_std": -0.288938,
        "nauc_map_at_5_diff1": 0.747962,
        "nauc_map_at_10_max": 0.475045,
        "nauc_map_at_10_std": -0.274524,
        "nauc_map_at_10_diff1": 0.745001,
        "nauc_map_at_20_max": 0.472518,
        "nauc_map_at_20_std": -0.272138,
        "nauc_map_at_20_diff1": 0.743666,
        "nauc_map_at_100_max": 0.477788,
        "nauc_map_at_100_std": -0.2663,
        "nauc_map_at_100_diff1": 0.749649,
        "nauc_map_at_1000_max": 0.477651,
        "nauc_map_at_1000_std": -0.266221,
        "nauc_map_at_1000_diff1": 0.749662,
        "nauc_recall_at_1_max": 0.479337,
        "nauc_recall_at_1_std": -0.224175,
        "nauc_recall_at_1_diff1": 0.806145,
        "nauc_recall_at_3_max": 0.463944,
        "nauc_recall_at_3_std": -0.338583,
        "nauc_recall_at_3_diff1": 0.695297,
        "nauc_recall_at_5_max": 0.235277,
        "nauc_recall_at_5_std": -0.65209,
        "nauc_recall_at_5_diff1": 0.607964,
        "nauc_recall_at_10_max": 0.140769,
        "nauc_recall_at_10_std": -0.555236,
        "nauc_recall_at_10_diff1": 0.503587,
        "nauc_recall_at_20_max": -0.124363,
        "nauc_recall_at_20_std": -0.581592,
        "nauc_recall_at_20_diff1": 0.334806,
        "nauc_recall_at_100_max": 0.098623,
        "nauc_recall_at_100_std": -0.004669,
        "nauc_recall_at_100_diff1": 0.71697,
        "nauc_recall_at_1000_max": -0.514472,
        "nauc_recall_at_1000_std": 0.358077,
        "nauc_recall_at_1000_diff1": 0.711718,
        "nauc_precision_at_1_max": 0.599933,
        "nauc_precision_at_1_std": -0.14547,
        "nauc_precision_at_1_diff1": 0.880023,
        "nauc_precision_at_3_max": 0.468062,
        "nauc_precision_at_3_std": -0.113889,
        "nauc_precision_at_3_diff1": 0.46949,
        "nauc_precision_at_5_max": 0.311534,
        "nauc_precision_at_5_std": -0.259209,
        "nauc_precision_at_5_diff1": 0.332685,
        "nauc_precision_at_10_max": 0.271907,
        "nauc_precision_at_10_std": -0.092654,
        "nauc_precision_at_10_diff1": 0.192797,
        "nauc_precision_at_20_max": 0.160707,
        "nauc_precision_at_20_std": 0.009056,
        "nauc_precision_at_20_diff1": 0.023109,
        "nauc_precision_at_100_max": 0.28961,
        "nauc_precision_at_100_std": 0.36414,
        "nauc_precision_at_100_diff1": 0.156303,
        "nauc_precision_at_1000_max": 0.230073,
        "nauc_precision_at_1000_std": 0.467323,
        "nauc_precision_at_1000_diff1": 0.076482,
        "nauc_mrr_at_1_max": 0.599933,
        "nauc_mrr_at_1_std": -0.14547,
        "nauc_mrr_at_1_diff1": 0.880023,
        "nauc_mrr_at_3_max": 0.592804,
        "nauc_mrr_at_3_std": -0.184126,
        "nauc_mrr_at_3_diff1": 0.859136,
        "nauc_mrr_at_5_max": 0.570603,
        "nauc_mrr_at_5_std": -0.216956,
        "nauc_mrr_at_5_diff1": 0.858945,
        "nauc_mrr_at_10_max": 0.572728,
        "nauc_mrr_at_10_std": -0.199985,
        "nauc_mrr_at_10_diff1": 0.858455,
        "nauc_mrr_at_20_max": 0.571164,
        "nauc_mrr_at_20_std": -0.196609,
        "nauc_mrr_at_20_diff1": 0.858332,
        "nauc_mrr_at_100_max": 0.571425,
        "nauc_mrr_at_100_std": -0.194717,
        "nauc_mrr_at_100_diff1": 0.858318,
        "nauc_mrr_at_1000_max": 0.571329,
        "nauc_mrr_at_1000_std": -0.194598,
        "nauc_mrr_at_1000_diff1": 0.858387,
        "main_score": 0.88489,
        "hf_subset": "default",
        "languages": [
          "eng-Latn"
        ]
      }
    ],
    "dev": [
      {
        "ndcg_at_1": 0.875,
        "ndcg_at_3": 0.875,
        "ndcg_at_5": 0.875,
        "ndcg_at_10": 0.875,
        "ndcg_at_20": 0.875,
        "ndcg_at_100": 0.89561,
        "ndcg_at_1000": 0.89561,
        "map_at_1": 0.875,
        "map_at_3": 0.875,
        "map_at_5": 0.875,
        "map_at_10": 0.875,
        "map_at_20": 0.875,
        "map_at_100": 0.87689,
        "map_at_1000": 0.87689,
        "recall_at_1": 0.875,
        "recall_at_3": 0.875,
        "recall_at_5": 0.875,
        "recall_at_10": 0.875,
        "recall_at_20": 0.875,
        "recall_at_100": 1.0,
        "recall_at_1000": 1.0,
        "precision_at_1": 0.875,
        "precision_at_3": 0.29167,
        "precision_at_5": 0.175,
        "precision_at_10": 0.0875,
        "precision_at_20": 0.04375,
        "precision_at_100": 0.01,
        "precision_at_1000": 0.001,
        "mrr_at_1": 0.875,
        "mrr_at_3": 0.875,
        "mrr_at_5": 0.875,
        "mrr_at_10": 0.875,
        "mrr_at_20": 0.875,
        "mrr_at_100": 0.876894,
        "mrr_at_1000": 0.876894,
        "nauc_ndcg_at_1_max": 0.865546,
        "nauc_ndcg_at_1_std": 0.865546,
        "nauc_ndcg_at_1_diff1": 0.128291,
        "nauc_ndcg_at_3_max": 0.865546,
        "nauc_ndcg_at_3_std": 0.865546,
        "nauc_ndcg_at_3_diff1": 0.128291,
        "nauc_ndcg_at_5_max": 0.865546,
        "nauc_ndcg_at_5_std": 0.865546,
        "nauc_ndcg_at_5_diff1": 0.128291,
        "nauc_ndcg_at_10_max": 0.865546,
        "nauc_ndcg_at_10_std": 0.865546,
        "nauc_ndcg_at_10_diff1": 0.128291,
        "nauc_ndcg_at_20_max": 0.865546,
        "nauc_ndcg_at_20_std": 0.865546,
        "nauc_ndcg_at_20_diff1": 0.128291,
        "nauc_ndcg_at_100_max": 0.865546,
        "nauc_ndcg_at_100_std": 0.865546,
        "nauc_ndcg_at_100_diff1": 0.128291,
        "nauc_ndcg_at_1000_max": 0.865546,
        "nauc_ndcg_at_1000_std": 0.865546,
        "nauc_ndcg_at_1000_diff1": 0.128291,
        "nauc_map_at_1_max": 0.865546,
        "nauc_map_at_1_std": 0.865546,