{
  "dataset_revision": "5037d69d177c9628fb79cb57eea1299178b28c1b",
  "task_name": "PubChemSynonymPC",
  "mteb_version": "1.36.29",
  "scores": {
    "test": [
      {
        "similarity_accuracy": 0.948242,
        "similarity_accuracy_threshold": 0.609774,
        "similarity_f1": 0.682493,
        "similarity_f1_threshold": 0.551437,
        "similarity_precision": 0.864662,
        "similarity_recall": 0.563725,
        "similarity_ap": 0.677303,
        "cosine_accuracy": 0.948242,
        "cosine_accuracy_threshold": 0.609774,
        "cosine_f1": 0.682493,
        "cosine_f1_threshold": 0.551437,
        "cosine_precision": 0.864662,
        "cosine_recall": 0.563725,
        "cosine_ap": 0.677303,
        "manhattan_accuracy": 0.944824,
        "manhattan_accuracy_threshold": 354.500122,
        "manhattan_f1": 0.630952,
        "manhattan_f1_threshold": 385.133331,
        "manhattan_precision": 0.80303,
        "manhattan_recall": 0.519608,
        "manhattan_ap": 0.620965,
        "euclidean_accuracy": 0.944824,
        "euclidean_accuracy_threshold": 16.17379,
        "euclidean_f1": 0.625767,
        "euclidean_f1_threshold": 17.307964,
        "euclidean_precision": 0.836066,
        "euclidean_recall": 0.5,
        "euclidean_ap": 0.622687,
        "dot_accuracy": 0.942871,
        "dot_accuracy_threshold": 225.014374,
        "dot_f1": 0.636086,
        "dot_f1_threshold": 219.888702,
        "dot_precision": 0.845528,
        "dot_recall": 0.509804,
        "dot_ap": 0.626634,
        "max_accuracy": 0.948242,
        "max_f1": 0.682493,
        "max_precision": 0.864662,
        "max_recall": 0.563725,
        "max_ap": 0.677303,
        "main_score": 0.677303,
        "hf_subset": "default",
        "languages": [
          "eng-Latn"
        ]
      }
    ]
  },
  "evaluation_time": 3.6048686504364014,
  "kg_co2_emissions": null
}