{
  "dataset_revision": "5d958fb6b31055495347724d46431ba41309b03a",
  "task_name": "ChemNQRetrieval",
  "mteb_version": "1.36.29",
  "scores": {
    "test": [
      {
        "ndcg_at_1": 0.44444,
        "ndcg_at_3": 0.56875,
        "ndcg_at_5": 0.59348,
        "ndcg_at_10": 0.61832,
        "ndcg_at_20": 0.64005,
        "ndcg_at_100": 0.65267,
        "ndcg_at_1000": 0.66136,
        "map_at_1": 0.32716,
        "map_at_3": 0.51235,
        "map_at_5": 0.52901,
        "map_at_10": 0.53907,
        "map_at_20": 0.54799,
        "map_at_100": 0.54935,
        "map_at_1000": 0.54978,
        "recall_at_1": 0.32716,
        "recall_at_3": 0.66049,
        "recall_at_5": 0.71605,
        "recall_at_10": 0.79012,
        "recall_at_20": 0.8642,
        "recall_at_100": 0.93827,
        "recall_at_1000": 1.0,
        "precision_at_1": 0.44444,
        "precision_at_3": 0.2716,
        "precision_at_5": 0.17778,
        "precision_at_10": 0.1,
        "precision_at_20": 0.05556,
        "precision_at_100": 0.01185,
        "precision_at_1000": 0.0013,
        "mrr_at_1": 0.444444,
        "mrr_at_3": 0.592593,
        "mrr_at_5": 0.601852,
        "mrr_at_10": 0.610847,
        "mrr_at_20": 0.613316,
        "mrr_at_100": 0.614676,
        "mrr_at_1000": 0.61473,
        "nauc_ndcg_at_1_max": 0.359338,
        "nauc_ndcg_at_1_std": 0.000334,
        "nauc_ndcg_at_1_diff1": 0.368477,
        "nauc_ndcg_at_3_max": 0.10341,
        "nauc_ndcg_at_3_std": -0.130599,
        "nauc_ndcg_at_3_diff1": 0.180627,
        "nauc_ndcg_at_5_max": 0.175078,
        "nauc_ndcg_at_5_std": -0.082701,
        "nauc_ndcg_at_5_diff1": 0.186435,
        "nauc_ndcg_at_10_max": 0.179782,
        "nauc_ndcg_at_10_std": -0.049315,
        "nauc_ndcg_at_10_diff1": 0.189645,
        "nauc_ndcg_at_20_max": 0.220582,
        "nauc_ndcg_at_20_std": 0.01666,
        "nauc_ndcg_at_20_diff1": 0.245824,
        "nauc_ndcg_at_100_max": 0.186013,
        "nauc_ndcg_at_100_std": -0.024045,
        "nauc_ndcg_at_100_diff1": 0.223868,
        "nauc_ndcg_at_1000_max": 0.20602,
        "nauc_ndcg_at_1000_std": -0.022349,
        "nauc_ndcg_at_1000_diff1": 0.23729,
        "nauc_map_at_1_max": 0.190394,
        "nauc_map_at_1_std": -0.001257,
        "nauc_map_at_1_diff1": 0.269855,
        "nauc_map_at_3_max": 0.082085,
        "nauc_map_at_3_std": -0.135055,
        "nauc_map_at_3_diff1": 0.221238,
        "nauc_map_at_5_max": 0.134202,
        "nauc_map_at_5_std": -0.104299,
        "nauc_map_at_5_diff1": 0.221835,
        "nauc_map_at_10_max": 0.137753,
        "nauc_map_at_10_std": -0.095792,
        "nauc_map_at_10_diff1": 0.220238,
        "nauc_map_at_20_max": 0.159621,
        "nauc_map_at_20_std": -0.061857,
        "nauc_map_at_20_diff1": 0.233903,
        "nauc_map_at_100_max": 0.156464,
        "nauc_map_at_100_std": -0.065513,
        "nauc_map_at_100_diff1": 0.232399,
        "nauc_map_at_1000_max": 0.156397,
        "nauc_map_at_1000_std": -0.065968,
        "nauc_map_at_1000_diff1": 0.233389,
        "nauc_recall_at_1_max": 0.190394,
        "nauc_recall_at_1_std": -0.001257,
        "nauc_recall_at_1_diff1": 0.269855,
        "nauc_recall_at_3_max": -0.056975,
        "nauc_recall_at_3_std": -0.186053,
        "nauc_recall_at_3_diff1": 0.013848,
        "nauc_recall_at_5_max": 0.093767,
        "nauc_recall_at_5_std": -0.081471,
        "nauc_recall_at_5_diff1": 0.015291,
        "nauc_recall_at_10_max": 0.06229,
        "nauc_recall_at_10_std": 0.007849,
        "nauc_recall_at_10_diff1": 0.022665,
        "nauc_recall_at_20_max": 0.210626,
        "nauc_recall_at_20_std": 0.341441,
        "nauc_recall_at_20_diff1": 0.372608,
        "nauc_recall_at_100_max": -0.58173,
        "nauc_recall_at_100_std": -0.200554,
        "nauc_recall_at_100_diff1": -0.014519,
        "nauc_recall_at_1000_max": NaN,
        "nauc_recall_at_1000_std": NaN,
        "nauc_recall_at_1000_diff1": NaN,
        "nauc_precision_at_1_max": 0.359338,
        "nauc_precision_at_1_std": 0.000334,
        "nauc_precision_at_1_diff1": 0.368477,
        "nauc_precision_at_3_max": 0.142351,
        "nauc_precision_at_3_std": -0.217857,
        "nauc_precision_at_3_diff1": 0.230723,
        "nauc_precision_at_5_max": 0.308092,
        "nauc_precision_at_5_std": -0.089826,
        "nauc_precision_at_5_diff1": 0.191741,
        "nauc_precision_at_10_max": 0.346545,
        "nauc_precision_at_10_std": 0.029947,
        "nauc_precision_at_10_diff1": 0.146434,
        "nauc_precision_at_20_max": 0.459963,
        "nauc_precision_at_20_std": 0.288083,
        "nauc_precision_at_20_diff1": 0.243821,
        "nauc_precision_at_100_max": 0.372648,
        "nauc_precision_at_100_std": 0.181576,
        "nauc_precision_at_100_diff1": 0.149271,
        "nauc_precision_at_1000_max": 0.373092,
        "nauc_precision_at_1000_std": 0.14539,
        "nauc_precision_at_1000_diff1": 0.205611,
        "nauc_mrr_at_1_max": 0.359338,
        "nauc_mrr_at_1_std": 0.000334,
        "nauc_mrr_at_1_diff1": 0.368477,
        "nauc_mrr_at_3_max": 0.305182,
        "nauc_mrr_at_3_std": -0.041023,
        "nauc_mrr_at_3_diff1": 0.245349,
        "nauc_mrr_at_5_max": 0.317901,
        "nauc_mrr_at_5_std": -0.023598,
        "nauc_mrr_at_5_diff1": 0.256679,
        "nauc_mrr_at_10_max": 0.325199,
        "nauc_mrr_at_10_std": 0.00698,
        "nauc_mrr_at_10_diff1": 0.260181,
        "nauc_mrr_at_20_max": 0.3213,
        "nauc_mrr_at_20_std": 0.002118,
        "nauc_mrr_at_20_diff1": 0.272854,
        "nauc_mrr_at_100_max": 0.318949,
        "nauc_mrr_at_100_std": -0.001209,
        "nauc_mrr_at_100_diff1": 0.271548,
        "nauc_mrr_at_1000_max": 0.319247,
        "nauc_mrr_at_1000_std": -0.001097,
        "nauc_mrr_at_1000_diff1": 0.271531,
        "main_score": 0.61832,
        "hf_subset": "default",
        "languages": [
          "eng-Latn"
        ]
      }
    ]
  },
  "evaluation_time": 49.057170391082764,
  "kg_co2_emissions": null
}