{
  "dataset_revision": "8fae72a2c75530aaaac6920a02622490d923ca98",
  "task_name": "ChemRxivNC2",
  "mteb_version": "1.36.29",
  "scores": {
    "test": [
      {
        "ndcg_at_1": 0.7438,
        "ndcg_at_3": 0.83009,
        "ndcg_at_5": 0.84784,
        "ndcg_at_10": 0.85662,
        "ndcg_at_20": 0.8609,
        "ndcg_at_100": 0.8642,
        "ndcg_at_1000": 0.865,
        "map_at_1": 0.7438,
        "map_at_3": 0.8095,
        "map_at_5": 0.81942,
        "map_at_10": 0.82319,
        "map_at_20": 0.82438,
        "map_at_100": 0.82485,
        "map_at_1000": 0.82488,
        "recall_at_1": 0.7438,
        "recall_at_3": 0.8894,
        "recall_at_5": 0.9322,
        "recall_at_10": 0.9586,
        "recall_at_20": 0.9754,
        "recall_at_100": 0.993,
        "recall_at_1000": 0.9994,
        "precision_at_1": 0.7438,
        "precision_at_3": 0.29647,
        "precision_at_5": 0.18644,
        "precision_at_10": 0.09586,
        "precision_at_20": 0.04877,
        "precision_at_100": 0.00993,
        "precision_at_1000": 0.001,
        "mrr_at_1": 0.7432,
        "mrr_at_3": 0.809067,
        "mrr_at_5": 0.819087,
        "mrr_at_10": 0.822854,
        "mrr_at_20": 0.824051,
        "mrr_at_100": 0.824517,
        "mrr_at_1000": 0.824545,
        "nauc_ndcg_at_1_max": 0.372167,
        "nauc_ndcg_at_1_std": -0.22788,
        "nauc_ndcg_at_1_diff1": 0.776232,
        "nauc_ndcg_at_3_max": 0.431518,
        "nauc_ndcg_at_3_std": -0.206261,
        "nauc_ndcg_at_3_diff1": 0.73451,
        "nauc_ndcg_at_5_max": 0.43567,
        "nauc_ndcg_at_5_std": -0.195713,
        "nauc_ndcg_at_5_diff1": 0.743624,
        "nauc_ndcg_at_10_max": 0.436448,
        "nauc_ndcg_at_10_std": -0.190418,
        "nauc_ndcg_at_10_diff1": 0.74627,
        "nauc_ndcg_at_20_max": 0.429541,
        "nauc_ndcg_at_20_std": -0.191708,
        "nauc_ndcg_at_20_diff1": 0.746767,
        "nauc_ndcg_at_100_max": 0.424274,
        "nauc_ndcg_at_100_std": -0.198327,
        "nauc_ndcg_at_100_diff1": 0.750301,
        "nauc_ndcg_at_1000_max": 0.42157,
        "nauc_ndcg_at_1000_std": -0.200308,
        "nauc_ndcg_at_1000_diff1": 0.750401,
        "nauc_map_at_1_max": 0.372167,
        "nauc_map_at_1_std": -0.22788,
        "nauc_map_at_1_diff1": 0.776232,
        "nauc_map_at_3_max": 0.414201,
        "nauc_map_at_3_std": -0.212977,
        "nauc_map_at_3_diff1": 0.746488,
        "nauc_map_at_5_max": 0.415503,
        "nauc_map_at_5_std": -0.208068,
        "nauc_map_at_5_diff1": 0.751669,
        "nauc_map_at_10_max": 0.415453,
        "nauc_map_at_10_std": -0.20629,
        "nauc_map_at_10_diff1": 0.752768,
        "nauc_map_at_20_max": 0.413743,
        "nauc_map_at_20_std": -0.206727,
        "nauc_map_at_20_diff1": 0.752921,
        "nauc_map_at_100_max": 0.41315,
        "nauc_map_at_100_std": -0.207389,
        "nauc_map_at_100_diff1": 0.753362,
        "nauc_map_at_1000_max": 0.413075,
        "nauc_map_at_1000_std": -0.207426,
        "nauc_map_at_1000_diff1": 0.753364,
        "nauc_recall_at_1_max": 0.372167,
        "nauc_recall_at_1_std": -0.22788,
        "nauc_recall_at_1_diff1": 0.776232,
        "nauc_recall_at_3_max": 0.510494,
        "nauc_recall_at_3_std": -0.175342,
        "nauc_recall_at_3_diff1": 0.680018,
        "nauc_recall_at_5_max": 0.576176,
        "nauc_recall_at_5_std": -0.106494,
        "nauc_recall_at_5_diff1": 0.690837,
        "nauc_recall_at_10_max": 0.670237,
        "nauc_recall_at_10_std": -0.003126,
        "nauc_recall_at_10_diff1": 0.682862,
        "nauc_recall_at_20_max": 0.69051,
        "nauc_recall_at_20_std": 0.100427,
        "nauc_recall_at_20_diff1": 0.650004,
        "nauc_recall_at_100_max": 0.839016,
        "nauc_recall_at_100_std": 0.17539,
        "nauc_recall_at_100_diff1": 0.729532,
        "nauc_recall_at_1000_max": 0.807812,
        "nauc_recall_at_1000_std": 0.6662,
        "nauc_recall_at_1000_diff1": 0.69888,
        "nauc_precision_at_1_max": 0.372167,
        "nauc_precision_at_1_std": -0.22788,
        "nauc_precision_at_1_diff1": 0.776232,
        "nauc_precision_at_3_max": 0.510494,
        "nauc_precision_at_3_std": -0.175342,
        "nauc_precision_at_3_diff1": 0.680018,
        "nauc_precision_at_5_max": 0.576176,
        "nauc_precision_at_5_std": -0.106494,
        "nauc_precision_at_5_diff1": 0.690837,
        "nauc_precision_at_10_max": 0.670237,
        "nauc_precision_at_10_std": -0.003126,
        "nauc_precision_at_10_diff1": 0.682862,
        "nauc_precision_at_20_max": 0.69051,
        "nauc_precision_at_20_std": 0.100427,
        "nauc_precision_at_20_diff1": 0.650004,
        "nauc_precision_at_100_max": 0.839016,
        "nauc_precision_at_100_std": 0.17539,
        "nauc_precision_at_100_diff1": 0.729532,
        "nauc_precision_at_1000_max": 0.807812,
        "nauc_precision_at_1000_std": 0.6662,
        "nauc_precision_at_1000_diff1": 0.69888,
        "nauc_mrr_at_1_max": 0.372177,
        "nauc_mrr_at_1_std": -0.229412,
        "nauc_mrr_at_1_diff1": 0.777389,
        "nauc_mrr_at_3_max": 0.414293,
        "nauc_mrr_at_3_std": -0.213871,
        "nauc_mrr_at_3_diff1": 0.747547,
        "nauc_mrr_at_5_max": 0.415489,
        "nauc_mrr_at_5_std": -0.209119,
        "nauc_mrr_at_5_diff1": 0.752569,
        "nauc_mrr_at_10_max": 0.415439,
        "nauc_mrr_at_10_std": -0.207368,
        "nauc_mrr_at_10_diff1": 0.753687,
        "nauc_mrr_at_20_max": 0.413729,
        "nauc_mrr_at_20_std": -0.207806,
        "nauc_mrr_at_20_diff1": 0.753846,
        "nauc_mrr_at_100_max": 0.413136,
        "nauc_mrr_at_100_std": -0.208472,
        "nauc_mrr_at_100_diff1": 0.754289,
        "nauc_mrr_at_1000_max": 0.413061,
        "nauc_mrr_at_1000_std": -0.208509,
        "nauc_mrr_at_1000_diff1": 0.754292,
        "main_score": 0.85662,
        "hf_subset": "default",
        "languages": [
          "eng-Latn"
        ]
      }
    ]
  },
  "evaluation_time": 176.8486306667328,
  "kg_co2_emissions": null
}