{
  "dataset_revision": "5037d69d177c9628fb79cb57eea1299178b28c1b",
  "task_name": "PubChemSynonymPC",
  "mteb_version": "1.36.29",
  "scores": {
    "test": [
      {
        "similarity_accuracy": 0.941406,
        "similarity_accuracy_threshold": 0.734036,
        "similarity_f1": 0.608434,
        "similarity_f1_threshold": 0.701732,
        "similarity_precision": 0.789062,
        "similarity_recall": 0.495098,
        "similarity_ap": 0.598104,
        "cosine_accuracy": 0.941406,
        "cosine_accuracy_threshold": 0.734036,
        "cosine_f1": 0.608434,
        "cosine_f1_threshold": 0.701732,
        "cosine_precision": 0.789062,
        "cosine_recall": 0.495098,
        "cosine_ap": 0.598104,
        "manhattan_accuracy": 0.939453,
        "manhattan_accuracy_threshold": 329.461853,
        "manhattan_f1": 0.607595,
        "manhattan_f1_threshold": 345.729279,
        "manhattan_precision": 0.857143,
        "manhattan_recall": 0.470588,
        "manhattan_ap": 0.576314,
        "euclidean_accuracy": 0.939453,
        "euclidean_accuracy_threshold": 15.206189,
        "euclidean_f1": 0.605678,
        "euclidean_f1_threshold": 15.654227,
        "euclidean_precision": 0.849558,
        "euclidean_recall": 0.470588,
        "euclidean_ap": 0.57775,
        "dot_accuracy": 0.929199,
        "dot_accuracy_threshold": 359.098633,
        "dot_f1": 0.51831,
        "dot_f1_threshold": 318.137787,
        "dot_precision": 0.609272,
        "dot_recall": 0.45098,
        "dot_ap": 0.520203,
        "max_accuracy": 0.941406,
        "max_f1": 0.608434,
        "max_precision": 0.857143,
        "max_recall": 0.495098,
        "max_ap": 0.598104,
        "main_score": 0.598104,
        "hf_subset": "default",
        "languages": [
          "eng-Latn"
        ]
      }
    ]
  },
  "evaluation_time": 3.5548312664031982,
  "kg_co2_emissions": null
}