{
  "dataset_revision": "5d958fb6b31055495347724d46431ba41309b03a",
  "task_name": "ChemNQRetrieval",
  "mteb_version": "1.36.29",
  "scores": {
    "test": [
      {
        "ndcg_at_1": 0.37037,
        "ndcg_at_3": 0.4952,
        "ndcg_at_5": 0.5395,
        "ndcg_at_10": 0.57087,
        "ndcg_at_20": 0.6152,
        "ndcg_at_100": 0.62545,
        "ndcg_at_1000": 0.62971,
        "map_at_1": 0.31481,
        "map_at_3": 0.44444,
        "map_at_5": 0.47593,
        "map_at_10": 0.49243,
        "map_at_20": 0.50633,
        "map_at_100": 0.50841,
        "map_at_1000": 0.5085,
        "recall_at_1": 0.31481,
        "recall_at_3": 0.5679,
        "recall_at_5": 0.66049,
        "recall_at_10": 0.74691,
        "recall_at_20": 0.91358,
        "recall_at_100": 0.96296,
        "recall_at_1000": 1.0,
        "precision_at_1": 0.37037,
        "precision_at_3": 0.23457,
        "precision_at_5": 0.17037,
        "precision_at_10": 0.1,
        "precision_at_20": 0.05926,
        "precision_at_100": 0.01259,
        "precision_at_1000": 0.0013,
        "mrr_at_1": 0.37037,
        "mrr_at_3": 0.518519,
        "mrr_at_5": 0.535185,
        "mrr_at_10": 0.540476,
        "mrr_at_20": 0.551289,
        "mrr_at_100": 0.552131,
        "mrr_at_1000": 0.552219,
        "nauc_ndcg_at_1_max": 0.405996,
        "nauc_ndcg_at_1_std": 0.151624,
        "nauc_ndcg_at_1_diff1": 0.448306,
        "nauc_ndcg_at_3_max": 0.396589,
        "nauc_ndcg_at_3_std": 0.141477,
        "nauc_ndcg_at_3_diff1": 0.314351,
        "nauc_ndcg_at_5_max": 0.479665,
        "nauc_ndcg_at_5_std": 0.247275,
        "nauc_ndcg_at_5_diff1": 0.274207,
        "nauc_ndcg_at_10_max": 0.515493,
        "nauc_ndcg_at_10_std": 0.294987,
        "nauc_ndcg_at_10_diff1": 0.30568,
        "nauc_ndcg_at_20_max": 0.470886,
        "nauc_ndcg_at_20_std": 0.222094,
        "nauc_ndcg_at_20_diff1": 0.324532,
        "nauc_ndcg_at_100_max": 0.467022,
        "nauc_ndcg_at_100_std": 0.216987,
        "nauc_ndcg_at_100_diff1": 0.330764,
        "nauc_ndcg_at_1000_max": 0.462311,
        "nauc_ndcg_at_1000_std": 0.224204,
        "nauc_ndcg_at_1000_diff1": 0.320893,
        "nauc_map_at_1_max": 0.320394,
        "nauc_map_at_1_std": 0.152326,
        "nauc_map_at_1_diff1": 0.346058,
        "nauc_map_at_3_max": 0.374981,
        "nauc_map_at_3_std": 0.13078,
        "nauc_map_at_3_diff1": 0.322534,
        "nauc_map_at_5_max": 0.412262,
        "nauc_map_at_5_std": 0.186258,
        "nauc_map_at_5_diff1": 0.286123,
        "nauc_map_at_10_max": 0.437193,
        "nauc_map_at_10_std": 0.218422,
        "nauc_map_at_10_diff1": 0.306809,
        "nauc_map_at_20_max": 0.424005,
        "nauc_map_at_20_std": 0.196516,
        "nauc_map_at_20_diff1": 0.309732,
        "nauc_map_at_100_max": 0.423099,
        "nauc_map_at_100_std": 0.196685,
        "nauc_map_at_100_diff1": 0.308791,
        "nauc_map_at_1000_max": 0.423007,
        "nauc_map_at_1000_std": 0.1968,
        "nauc_map_at_1000_diff1": 0.308619,
        "nauc_recall_at_1_max": 0.320394,
        "nauc_recall_at_1_std": 0.152326,
        "nauc_recall_at_1_diff1": 0.346058,
        "nauc_recall_at_3_max": 0.391018,
        "nauc_recall_at_3_std": 0.11509,
        "nauc_recall_at_3_diff1": 0.257797,
        "nauc_recall_at_5_max": 0.570484,
        "nauc_recall_at_5_std": 0.347623,
        "nauc_recall_at_5_diff1": 0.153686,
        "nauc_recall_at_10_max": 0.711624,
        "nauc_recall_at_10_std": 0.517657,
        "nauc_recall_at_10_diff1": 0.238231,
        "nauc_recall_at_20_max": 0.599368,
        "nauc_recall_at_20_std": 0.137997,
        "nauc_recall_at_20_diff1": 0.39993,
        "nauc_recall_at_100_max": 0.723262,
        "nauc_recall_at_100_std": -0.175564,
        "nauc_recall_at_100_diff1": 0.867647,
        "nauc_recall_at_1000_max": NaN,
        "nauc_recall_at_1000_std": NaN,
        "nauc_recall_at_1000_diff1": NaN,
        "nauc_precision_at_1_max": 0.405996,
        "nauc_precision_at_1_std": 0.151624,
        "nauc_precision_at_1_diff1": 0.448306,
        "nauc_precision_at_3_max": 0.497578,
        "nauc_precision_at_3_std": 0.106995,
        "nauc_precision_at_3_diff1": 0.311182,
        "nauc_precision_at_5_max": 0.543702,
        "nauc_precision_at_5_std": 0.318982,
        "nauc_precision_at_5_diff1": 0.125719,
        "nauc_precision_at_10_max": 0.523262,
        "nauc_precision_at_10_std": 0.42135,
        "nauc_precision_at_10_diff1": 0.156098,
        "nauc_precision_at_20_max": 0.401019,
        "nauc_precision_at_20_std": 0.256267,
        "nauc_precision_at_20_diff1": 0.145245,
        "nauc_precision_at_100_max": 0.295956,
        "nauc_precision_at_100_std": 0.206793,
        "nauc_precision_at_100_diff1": 0.088358,
        "nauc_precision_at_1000_max": 0.2553,
        "nauc_precision_at_1000_std": 0.243172,
        "nauc_precision_at_1000_diff1": 0.014213,
        "nauc_mrr_at_1_max": 0.405996,
        "nauc_mrr_at_1_std": 0.151624,
        "nauc_mrr_at_1_diff1": 0.448306,
        "nauc_mrr_at_3_max": 0.425803,
        "nauc_mrr_at_3_std": 0.185204,
        "nauc_mrr_at_3_diff1": 0.349786,
        "nauc_mrr_at_5_max": 0.487542,
        "nauc_mrr_at_5_std": 0.250682,
        "nauc_mrr_at_5_diff1": 0.353756,
        "nauc_mrr_at_10_max": 0.476253,
        "nauc_mrr_at_10_std": 0.236405,
        "nauc_mrr_at_10_diff1": 0.351983,
        "nauc_mrr_at_20_max": 0.463441,
        "nauc_mrr_at_20_std": 0.219516,
        "nauc_mrr_at_20_diff1": 0.358048,
        "nauc_mrr_at_100_max": 0.463175,
        "nauc_mrr_at_100_std": 0.21855,
        "nauc_mrr_at_100_diff1": 0.35958,
        "nauc_mrr_at_1000_max": 0.463096,
        "nauc_mrr_at_1000_std": 0.21867,
        "nauc_mrr_at_1000_diff1": 0.359426,
        "main_score": 0.57087,
        "hf_subset": "default",
        "languages": [
          "eng-Latn"
        ]
      }
    ]
  },
  "evaluation_time": 29.188117265701294,
  "kg_co2_emissions": null
}