{
  "dataset_revision": "1840e8a5ac6ec752bbdd97d543ead0189bc7c25b",
  "task_name": "ChemHotpotQARetrieval",
  "mteb_version": "1.36.29",
  "scores": {
    "train": [
      {
        "ndcg_at_1": 0.87778,
        "ndcg_at_3": 0.90732,
        "ndcg_at_5": 0.91162,
        "ndcg_at_10": 0.9188,
        "ndcg_at_20": 0.92262,
        "ndcg_at_100": 0.92336,
        "ndcg_at_1000": 0.92592,
        "map_at_1": 0.86111,
        "map_at_3": 0.89676,
        "map_at_5": 0.89898,
        "map_at_10": 0.90194,
        "map_at_20": 0.90321,
        "map_at_100": 0.90345,
        "map_at_1000": 0.90357,
        "recall_at_1": 0.86111,
        "recall_at_3": 0.93056,
        "recall_at_5": 0.94167,
        "recall_at_10": 0.96389,
        "recall_at_20": 0.97778,
        "recall_at_100": 0.98056,
        "recall_at_1000": 1.0,
        "precision_at_1": 0.87778,
        "precision_at_3": 0.32037,
        "precision_at_5": 0.19444,
        "precision_at_10": 0.09944,
        "precision_at_20": 0.05056,
        "precision_at_100": 0.01017,
        "precision_at_1000": 0.00104,
        "mrr_at_1": 0.877778,
        "mrr_at_3": 0.90463,
        "mrr_at_5": 0.906852,
        "mrr_at_10": 0.909806,
        "mrr_at_20": 0.910708,
        "mrr_at_100": 0.910708,
        "mrr_at_1000": 0.910778,
        "nauc_ndcg_at_1_max": 0.367055,
        "nauc_ndcg_at_1_std": -0.673398,
        "nauc_ndcg_at_1_diff1": 0.88338,
        "nauc_ndcg_at_3_max": 0.19449,
        "nauc_ndcg_at_3_std": -0.868728,
        "nauc_ndcg_at_3_diff1": 0.75327,
        "nauc_ndcg_at_5_max": 0.183165,
        "nauc_ndcg_at_5_std": -0.840065,
        "nauc_ndcg_at_5_diff1": 0.741016,
        "nauc_ndcg_at_10_max": 0.146561,
        "nauc_ndcg_at_10_std": -0.791761,
        "nauc_ndcg_at_10_diff1": 0.723616,
        "nauc_ndcg_at_20_max": 0.11888,
        "nauc_ndcg_at_20_std": -0.821148,
        "nauc_ndcg_at_20_diff1": 0.715932,
        "nauc_ndcg_at_100_max": 0.137164,
        "nauc_ndcg_at_100_std": -0.811122,
        "nauc_ndcg_at_100_diff1": 0.73946,
        "nauc_ndcg_at_1000_max": 0.177501,
        "nauc_ndcg_at_1000_std": -0.804119,
        "nauc_ndcg_at_1000_diff1": 0.758259,
        "nauc_map_at_1_max": 0.190773,
        "nauc_map_at_1_std": -0.724811,
        "nauc_map_at_1_diff1": 0.767465,
        "nauc_map_at_3_max": 0.196297,
        "nauc_map_at_3_std": -0.838747,
        "nauc_map_at_3_diff1": 0.731871,
        "nauc_map_at_5_max": 0.191196,
        "nauc_map_at_5_std": -0.825055,
        "nauc_map_at_5_diff1": 0.725824,
        "nauc_map_at_10_max": 0.178926,
        "nauc_map_at_10_std": -0.806909,
        "nauc_map_at_10_diff1": 0.719461,
        "nauc_map_at_20_max": 0.172911,
        "nauc_map_at_20_std": -0.81471,
        "nauc_map_at_20_diff1": 0.717829,
        "nauc_map_at_100_max": 0.177761,
        "nauc_map_at_100_std": -0.812063,
        "nauc_map_at_100_diff1": 0.723894,
        "nauc_map_at_1000_max": 0.179273,
        "nauc_map_at_1000_std": -0.811534,
        "nauc_map_at_1000_diff1": 0.725241,
        "nauc_recall_at_1_max": 0.190773,
        "nauc_recall_at_1_std": -0.724811,
        "nauc_recall_at_1_diff1": 0.767465,
        "nauc_recall_at_3_max": 0.037591,
        "nauc_recall_at_3_std": -1.043492,
        "nauc_recall_at_3_diff1": 0.654099,
        "nauc_recall_at_5_max": -0.035725,
        "nauc_recall_at_5_std": -0.966853,
        "nauc_recall_at_5_diff1": 0.588213,
        "nauc_recall_at_10_max": -0.41927,
        "nauc_recall_at_10_std": -0.732421,
        "nauc_recall_at_10_diff1": 0.375027,
        "nauc_recall_at_20_max": -1.127218,
        "nauc_recall_at_20_std": -1.068394,
        "nauc_recall_at_20_diff1": 0.064659,
        "nauc_recall_at_100_max": -1.039683,
        "nauc_recall_at_100_std": -0.972456,
        "nauc_recall_at_100_diff1": 0.322462,
        "nauc_recall_at_1000_max": NaN,
        "nauc_recall_at_1000_std": NaN,
        "nauc_recall_at_1000_diff1": NaN,
        "nauc_precision_at_1_max": 0.367055,
        "nauc_precision_at_1_std": -0.673398,
        "nauc_precision_at_1_diff1": 0.88338,
        "nauc_precision_at_3_max": 0.250507,
        "nauc_precision_at_3_std": -0.553782,
        "nauc_precision_at_3_diff1": 0.374292,
        "nauc_precision_at_5_max": 0.228953,
        "nauc_precision_at_5_std": -0.441994,
        "nauc_precision_at_5_diff1": 0.295881,
        "nauc_precision_at_10_max": 0.109025,
        "nauc_precision_at_10_std": -0.139043,
        "nauc_precision_at_10_diff1": 0.082247,
        "nauc_precision_at_20_max": -0.033678,
        "nauc_precision_at_20_std": -0.076414,
        "nauc_precision_at_20_diff1": -0.117473,
        "nauc_precision_at_100_max": 0.100146,
        "nauc_precision_at_100_std": 0.062943,
        "nauc_precision_at_100_diff1": 0.027199,
        "nauc_precision_at_1000_max": 0.480701,
        "nauc_precision_at_1000_std": 0.42033,
        "nauc_precision_at_1000_diff1": 0.008778,
        "nauc_mrr_at_1_max": 0.367055,
        "nauc_mrr_at_1_std": -0.673398,
        "nauc_mrr_at_1_diff1": 0.88338,
        "nauc_mrr_at_3_max": 0.322149,
        "nauc_mrr_at_3_std": -0.77597,
        "nauc_mrr_at_3_diff1": 0.881804,
        "nauc_mrr_at_5_max": 0.319717,
        "nauc_mrr_at_5_std": -0.759736,
        "nauc_mrr_at_5_diff1": 0.878939,
        "nauc_mrr_at_10_max": 0.31078,
        "nauc_mrr_at_10_std": -0.738017,
        "nauc_mrr_at_10_diff1": 0.877183,
        "nauc_mrr_at_20_max": 0.304294,
        "nauc_mrr_at_20_std": -0.745107,
        "nauc_mrr_at_20_diff1": 0.875922,
        "nauc_mrr_at_100_max": 0.304294,
        "nauc_mrr_at_100_std": -0.745107,
        "nauc_mrr_at_100_diff1": 0.875922,
        "nauc_mrr_at_1000_max": 0.304894,
        "nauc_mrr_at_1000_std": -0.7451,
        "nauc_mrr_at_1000_diff1": 0.876084,
        "main_score": 0.9188,
        "hf_subset": "default",
        "languages": [
          "eng-Latn"
        ]
      }
    ],
    "dev": [
      {
        "ndcg_at_1": 0.875,
        "ndcg_at_3": 0.875,
        "ndcg_at_5": 0.875,
        "ndcg_at_10": 0.875,
        "ndcg_at_20": 0.90878,
        "ndcg_at_100": 0.90878,
        "ndcg_at_1000": 0.90878,
        "map_at_1": 0.875,
        "map_at_3": 0.875,
        "map_at_5": 0.875,
        "map_at_10": 0.875,
        "map_at_20": 0.88542,
        "map_at_100": 0.88542,
        "map_at_1000": 0.88542,
        "recall_at_1": 0.875,
        "recall_at_3": 0.875,
        "recall_at_5": 0.875,
        "recall_at_10": 0.875,
        "recall_at_20": 1.0,
        "recall_at_100": 1.0,
        "recall_at_1000": 1.0,
        "precision_at_1": 0.875,
        "precision_at_3": 0.29167,
        "precision_at_5": 0.175,
        "precision_at_10": 0.0875,
        "precision_at_20": 0.05,
        "precision_at_100": 0.01,
        "precision_at_1000": 0.001,
        "mrr_at_1": 0.875,
        "mrr_at_3": 0.875,
        "mrr_at_5": 0.875,
        "mrr_at_10": 0.875,
        "mrr_at_20": 0.885417,
        "mrr_at_100": 0.885417,
        "mrr_at_1000": 0.885417,
        "nauc_ndcg_at_1_max": 1.0,
        "nauc_ndcg_at_1_std": 0.363585,
        "nauc_ndcg_at_1_diff1": 1.0,
        "nauc_ndcg_at_3_max": 1.0,
        "nauc_ndcg_at_3_std": 0.363585,
        "nauc_ndcg_at_3_diff1": 1.0,
        "nauc_ndcg_at_5_max": 1.0,
        "nauc_ndcg_at_5_std": 0.363585,
        "nauc_ndcg_at_5_diff1": 1.0,
        "nauc_ndcg_at_10_max": 1.0,
        "nauc_ndcg_at_10_std": 0.363585,
        "nauc_ndcg_at_10_diff1": 1.0,
        "nauc_ndcg_at_20_max": 1.0,
        "nauc_ndcg_at_20_std": 0.363585,
        "nauc_ndcg_at_20_diff1": 1.0,
        "nauc_ndcg_at_100_max": 1.0,
        "nauc_ndcg_at_100_std": 0.363585,
        "nauc_ndcg_at_100_diff1": 1.0,
        "nauc_ndcg_at_1000_max": 1.0,
        "nauc_ndcg_at_1000_std": 0.363585,
        "nauc_ndcg_at_1000_diff1": 1.0,
        "nauc_map_at_1_max": 1.0,
        "nauc_map_at_1_std": 0.363585,
        "nauc_map_at_1_diff1": 1.0,
        "nauc_map_at_3_max": 1.0,
        "nauc_map_at_3_std": 0.363585,