{
  "dataset_revision": "5d958fb6b31055495347724d46431ba41309b03a",
  "task_name": "ChemNQRetrieval",
  "mteb_version": "1.36.29",
  "scores": {
    "test": [
      {
        "ndcg_at_1": 0.44444,
        "ndcg_at_3": 0.5639,
        "ndcg_at_5": 0.58863,
        "ndcg_at_10": 0.60933,
        "ndcg_at_20": 0.63421,
        "ndcg_at_100": 0.65,
        "ndcg_at_1000": 0.65622,
        "map_at_1": 0.32716,
        "map_at_3": 0.50617,
        "map_at_5": 0.52284,
        "map_at_10": 0.53289,
        "map_at_20": 0.54122,
        "map_at_100": 0.54308,
        "map_at_1000": 0.54333,
        "recall_at_1": 0.32716,
        "recall_at_3": 0.66049,
        "recall_at_5": 0.71605,
        "recall_at_10": 0.7716,
        "recall_at_20": 0.8642,
        "recall_at_100": 0.95062,
        "recall_at_1000": 1.0,
        "precision_at_1": 0.44444,
        "precision_at_3": 0.2716,
        "precision_at_5": 0.17778,
        "precision_at_10": 0.1,
        "precision_at_20": 0.05556,
        "precision_at_100": 0.01222,
        "precision_at_1000": 0.0013,
        "mrr_at_1": 0.444444,
        "mrr_at_3": 0.58642,
        "mrr_at_5": 0.595679,
        "mrr_at_10": 0.60097,
        "mrr_at_20": 0.60593,
        "mrr_at_100": 0.607534,
        "mrr_at_1000": 0.607586,
        "nauc_ndcg_at_1_max": 0.429129,
        "nauc_ndcg_at_1_std": 0.000334,
        "nauc_ndcg_at_1_diff1": 0.4448,
        "nauc_ndcg_at_3_max": 0.226282,
        "nauc_ndcg_at_3_std": -0.112097,
        "nauc_ndcg_at_3_diff1": 0.225456,
        "nauc_ndcg_at_5_max": 0.301894,
        "nauc_ndcg_at_5_std": -0.063905,
        "nauc_ndcg_at_5_diff1": 0.203862,
        "nauc_ndcg_at_10_max": 0.348493,
        "nauc_ndcg_at_10_std": 0.019069,
        "nauc_ndcg_at_10_diff1": 0.211859,
        "nauc_ndcg_at_20_max": 0.355328,
        "nauc_ndcg_at_20_std": 0.0395,
        "nauc_ndcg_at_20_diff1": 0.299847,
        "nauc_ndcg_at_100_max": 0.325639,
        "nauc_ndcg_at_100_std": -0.005247,
        "nauc_ndcg_at_100_diff1": 0.292151,
        "nauc_ndcg_at_1000_max": 0.339447,
        "nauc_ndcg_at_1000_std": 0.000919,
        "nauc_ndcg_at_1000_diff1": 0.295107,
        "nauc_map_at_1_max": 0.252847,
        "nauc_map_at_1_std": -0.001257,
        "nauc_map_at_1_diff1": 0.342664,
        "nauc_map_at_3_max": 0.209425,
        "nauc_map_at_3_std": -0.112592,
        "nauc_map_at_3_diff1": 0.267334,
        "nauc_map_at_5_max": 0.263295,
        "nauc_map_at_5_std": -0.081783,
        "nauc_map_at_5_diff1": 0.250223,
        "nauc_map_at_10_max": 0.281903,
        "nauc_map_at_10_std": -0.048984,
        "nauc_map_at_10_diff1": 0.252938,
        "nauc_map_at_20_max": 0.292436,
        "nauc_map_at_20_std": -0.035051,
        "nauc_map_at_20_diff1": 0.280724,
        "nauc_map_at_100_max": 0.289325,
        "nauc_map_at_100_std": -0.039527,
        "nauc_map_at_100_diff1": 0.280065,
        "nauc_map_at_1000_max": 0.289344,
        "nauc_map_at_1000_std": -0.0397,
        "nauc_map_at_1000_diff1": 0.280537,
        "nauc_recall_at_1_max": 0.252847,
        "nauc_recall_at_1_std": -0.001257,
        "nauc_recall_at_1_diff1": 0.342664,
        "nauc_recall_at_3_max": 0.054229,
        "nauc_recall_at_3_std": -0.186053,
        "nauc_recall_at_3_diff1": 0.017121,
        "nauc_recall_at_5_max": 0.22048,
        "nauc_recall_at_5_std": -0.081471,
        "nauc_recall_at_5_diff1": -0.052651,
        "nauc_recall_at_10_max": 0.378421,
        "nauc_recall_at_10_std": 0.183263,
        "nauc_recall_at_10_diff1": -0.062676,
        "nauc_recall_at_20_max": 0.388161,
        "nauc_recall_at_20_std": 0.341441,
        "nauc_recall_at_20_diff1": 0.391101,
        "nauc_recall_at_100_max": -0.34008,
        "nauc_recall_at_100_std": -0.34008,
        "nauc_recall_at_100_diff1": 0.273904,
        "nauc_recall_at_1000_max": NaN,
        "nauc_recall_at_1000_std": NaN,
        "nauc_recall_at_1000_diff1": NaN,
        "nauc_precision_at_1_max": 0.429129,
        "nauc_precision_at_1_std": 0.000334,
        "nauc_precision_at_1_diff1": 0.4448,
        "nauc_precision_at_3_max": 0.27393,
        "nauc_precision_at_3_std": -0.217857,
        "nauc_precision_at_3_diff1": 0.227598,
        "nauc_precision_at_5_max": 0.427166,
        "nauc_precision_at_5_std": -0.089826,
        "nauc_precision_at_5_diff1": 0.127578,
        "nauc_precision_at_10_max": 0.475519,
        "nauc_precision_at_10_std": 0.174602,
        "nauc_precision_at_10_diff1": 0.109593,
        "nauc_precision_at_20_max": 0.537954,
        "nauc_precision_at_20_std": 0.288083,
        "nauc_precision_at_20_diff1": 0.331064,
        "nauc_precision_at_100_max": 0.40361,
        "nauc_precision_at_100_std": 0.134352,
        "nauc_precision_at_100_diff1": 0.312644,
        "nauc_precision_at_1000_max": 0.395759,
        "nauc_precision_at_1000_std": 0.14539,
        "nauc_precision_at_1000_diff1": 0.292286,
        "nauc_mrr_at_1_max": 0.429129,
        "nauc_mrr_at_1_std": 0.000334,
        "nauc_mrr_at_1_diff1": 0.4448,
        "nauc_mrr_at_3_max": 0.402584,
        "nauc_mrr_at_3_std": -0.019813,
        "nauc_mrr_at_3_diff1": 0.318602,
        "nauc_mrr_at_5_max": 0.417335,
        "nauc_mrr_at_5_std": -0.002169,
        "nauc_mrr_at_5_diff1": 0.322307,
        "nauc_mrr_at_10_max": 0.433337,
        "nauc_mrr_at_10_std": 0.029594,
        "nauc_mrr_at_10_diff1": 0.329785,
        "nauc_mrr_at_20_max": 0.426116,
        "nauc_mrr_at_20_std": 0.023956,
        "nauc_mrr_at_20_diff1": 0.34474,
        "nauc_mrr_at_100_max": 0.423964,
        "nauc_mrr_at_100_std": 0.02019,
        "nauc_mrr_at_100_diff1": 0.343801,
        "nauc_mrr_at_1000_max": 0.424147,
        "nauc_mrr_at_1000_std": 0.020299,
        "nauc_mrr_at_1000_diff1": 0.343762,
        "main_score": 0.60933,
        "hf_subset": "default",
        "languages": [
          "eng-Latn"
        ]
      }
    ]
  },
  "evaluation_time": 44.411267042160034,
  "kg_co2_emissions": null
}