{
  "dataset_revision": "f33a205966ce032f957c3a22f4f9e378f89a2c56",
  "task_name": "PubChemAISentenceParaphrasePC",
  "mteb_version": "1.36.29",
  "scores": {
    "test": [
      {
        "similarity_accuracy": 0.977051,
        "similarity_accuracy_threshold": 0.938112,
        "similarity_f1": 0.880407,
        "similarity_f1_threshold": 0.931432,
        "similarity_precision": 0.920213,
        "similarity_recall": 0.843902,
        "similarity_ap": 0.920203,
        "cosine_accuracy": 0.977051,
        "cosine_accuracy_threshold": 0.938112,
        "cosine_f1": 0.880407,
        "cosine_f1_threshold": 0.931432,
        "cosine_precision": 0.920213,
        "cosine_recall": 0.843902,
        "cosine_ap": 0.920203,
        "manhattan_accuracy": 0.975098,
        "manhattan_accuracy_threshold": 168.551819,
        "manhattan_f1": 0.872818,
        "manhattan_f1_threshold": 179.360672,
        "manhattan_precision": 0.892857,
        "manhattan_recall": 0.853659,
        "manhattan_ap": 0.913203,
        "euclidean_accuracy": 0.975586,
        "euclidean_accuracy_threshold": 8.005334,
        "euclidean_f1": 0.875,
        "euclidean_f1_threshold": 8.122812,
        "euclidean_precision": 0.897436,
        "euclidean_recall": 0.853659,
        "euclidean_ap": 0.912546,
        "dot_accuracy": 0.936523,
        "dot_accuracy_threshold": 406.463562,
        "dot_f1": 0.665037,
        "dot_f1_threshold": 395.814087,
        "dot_precision": 0.666667,
        "dot_recall": 0.663415,
        "dot_ap": 0.694038,
        "max_accuracy": 0.977051,
        "max_f1": 0.880407,
        "max_precision": 0.920213,
        "max_recall": 0.853659,
        "max_ap": 0.920203,
        "main_score": 0.920203,
        "hf_subset": "default",
        "languages": [
          "eng-Latn"
        ]
      }
    ]
  },
  "evaluation_time": 3.7893950939178467,
  "kg_co2_emissions": null
}