{
  "dataset_revision": "1840e8a5ac6ec752bbdd97d543ead0189bc7c25b",
  "task_name": "ChemHotpotQARetrieval",
  "mteb_version": "1.36.29",
  "scores": {
    "train": [
      {
        "ndcg_at_1": 0.85,
        "ndcg_at_3": 0.88757,
        "ndcg_at_5": 0.89621,
        "ndcg_at_10": 0.90532,
        "ndcg_at_20": 0.90704,
        "ndcg_at_100": 0.90938,
        "ndcg_at_1000": 0.91179,
        "map_at_1": 0.83056,
        "map_at_3": 0.87407,
        "map_at_5": 0.87963,
        "map_at_10": 0.88345,
        "map_at_20": 0.88422,
        "map_at_100": 0.88465,
        "map_at_1000": 0.88473,
        "recall_at_1": 0.83056,
        "recall_at_3": 0.91667,
        "recall_at_5": 0.93611,
        "recall_at_10": 0.96389,
        "recall_at_20": 0.96944,
        "recall_at_100": 0.98056,
        "recall_at_1000": 1.0,
        "precision_at_1": 0.85,
        "precision_at_3": 0.31481,
        "precision_at_5": 0.19333,
        "precision_at_10": 0.09944,
        "precision_at_20": 0.05028,
        "precision_at_100": 0.01017,
        "precision_at_1000": 0.00104,
        "mrr_at_1": 0.85,
        "mrr_at_3": 0.885185,
        "mrr_at_5": 0.889352,
        "mrr_at_10": 0.893177,
        "mrr_at_20": 0.893177,
        "mrr_at_100": 0.893605,
        "mrr_at_1000": 0.893647,
        "nauc_ndcg_at_1_max": 0.678327,
        "nauc_ndcg_at_1_std": -0.199389,
        "nauc_ndcg_at_1_diff1": 0.887913,
        "nauc_ndcg_at_3_max": 0.50417,
        "nauc_ndcg_at_3_std": -0.300405,
        "nauc_ndcg_at_3_diff1": 0.734275,
        "nauc_ndcg_at_5_max": 0.482444,
        "nauc_ndcg_at_5_std": -0.374112,
        "nauc_ndcg_at_5_diff1": 0.733153,
        "nauc_ndcg_at_10_max": 0.459117,
        "nauc_ndcg_at_10_std": -0.35632,
        "nauc_ndcg_at_10_diff1": 0.72956,
        "nauc_ndcg_at_20_max": 0.482072,
        "nauc_ndcg_at_20_std": -0.334595,
        "nauc_ndcg_at_20_diff1": 0.752838,
        "nauc_ndcg_at_100_max": 0.471729,
        "nauc_ndcg_at_100_std": -0.328481,
        "nauc_ndcg_at_100_diff1": 0.749728,
        "nauc_ndcg_at_1000_max": 0.504819,
        "nauc_ndcg_at_1000_std": -0.318246,
        "nauc_ndcg_at_1000_diff1": 0.764259,
        "nauc_map_at_1_max": 0.515324,
        "nauc_map_at_1_std": -0.273956,
        "nauc_map_at_1_diff1": 0.798782,
        "nauc_map_at_3_max": 0.514041,
        "nauc_map_at_3_std": -0.295583,
        "nauc_map_at_3_diff1": 0.733894,
        "nauc_map_at_5_max": 0.500955,
        "nauc_map_at_5_std": -0.338315,
        "nauc_map_at_5_diff1": 0.73224,
        "nauc_map_at_10_max": 0.494101,
        "nauc_map_at_10_std": -0.330956,
        "nauc_map_at_10_diff1": 0.731193,
        "nauc_map_at_20_max": 0.502411,
        "nauc_map_at_20_std": -0.323046,
        "nauc_map_at_20_diff1": 0.739385,
        "nauc_map_at_100_max": 0.500996,
        "nauc_map_at_100_std": -0.322118,
        "nauc_map_at_100_diff1": 0.738884,
        "nauc_map_at_1000_max": 0.502232,
        "nauc_map_at_1000_std": -0.32163,
        "nauc_map_at_1000_diff1": 0.739791,
        "nauc_recall_at_1_max": 0.515324,
        "nauc_recall_at_1_std": -0.273956,
        "nauc_recall_at_1_diff1": 0.798782,
        "nauc_recall_at_3_max": 0.334376,
        "nauc_recall_at_3_std": -0.371133,
        "nauc_recall_at_3_diff1": 0.588811,
        "nauc_recall_at_5_max": 0.211769,
        "nauc_recall_at_5_std": -0.651058,
        "nauc_recall_at_5_diff1": 0.546888,
        "nauc_recall_at_10_max": -0.184479,
        "nauc_recall_at_10_std": -0.727681,
        "nauc_recall_at_10_diff1": 0.372513,
        "nauc_recall_at_20_max": -0.071004,
        "nauc_recall_at_20_std": -0.597106,
        "nauc_recall_at_20_diff1": 0.548043,
        "nauc_recall_at_100_max": -0.60831,
        "nauc_recall_at_100_std": -0.616313,
        "nauc_recall_at_100_diff1": 0.364479,
        "nauc_recall_at_1000_max": NaN,
        "nauc_recall_at_1000_std": NaN,
        "nauc_recall_at_1000_diff1": NaN,
        "nauc_precision_at_1_max": 0.678327,
        "nauc_precision_at_1_std": -0.199389,
        "nauc_precision_at_1_diff1": 0.887913,
        "nauc_precision_at_3_max": 0.500551,
        "nauc_precision_at_3_std": -0.086197,
        "nauc_precision_at_3_diff1": 0.4142,
        "nauc_precision_at_5_max": 0.356116,
        "nauc_precision_at_5_std": -0.235301,
        "nauc_precision_at_5_diff1": 0.269407,
        "nauc_precision_at_10_max": 0.201109,
        "nauc_precision_at_10_std": -0.103131,
        "nauc_precision_at_10_diff1": 0.058631,
        "nauc_precision_at_20_max": 0.260522,
        "nauc_precision_at_20_std": 0.107402,
        "nauc_precision_at_20_diff1": 0.122218,
        "nauc_precision_at_100_max": 0.169932,
        "nauc_precision_at_100_std": 0.207239,
        "nauc_precision_at_100_diff1": 0.011046,
        "nauc_precision_at_1000_max": 0.433746,
        "nauc_precision_at_1000_std": 0.453065,
        "nauc_precision_at_1000_diff1": -0.02112,
        "nauc_mrr_at_1_max": 0.678327,
        "nauc_mrr_at_1_std": -0.199389,
        "nauc_mrr_at_1_diff1": 0.887913,
        "nauc_mrr_at_3_max": 0.61725,
        "nauc_mrr_at_3_std": -0.245388,
        "nauc_mrr_at_3_diff1": 0.848652,
        "nauc_mrr_at_5_max": 0.614293,
        "nauc_mrr_at_5_std": -0.273279,
        "nauc_mrr_at_5_diff1": 0.854313,
        "nauc_mrr_at_10_max": 0.611066,
        "nauc_mrr_at_10_std": -0.262917,
        "nauc_mrr_at_10_diff1": 0.857689,
        "nauc_mrr_at_20_max": 0.611066,
        "nauc_mrr_at_20_std": -0.262917,
        "nauc_mrr_at_20_diff1": 0.857689,
        "nauc_mrr_at_100_max": 0.609995,
        "nauc_mrr_at_100_std": -0.26167,
        "nauc_mrr_at_100_diff1": 0.857641,
        "nauc_mrr_at_1000_max": 0.6105,
        "nauc_mrr_at_1000_std": -0.261468,
        "nauc_mrr_at_1000_diff1": 0.857714,
        "main_score": 0.90532,
        "hf_subset": "default",
        "languages": [
          "eng-Latn"
        ]
      }
    ],
    "dev": [
      {
        "ndcg_at_1": 0.875,
        "ndcg_at_3": 0.875,
        "ndcg_at_5": 0.875,
        "ndcg_at_10": 0.875,
        "ndcg_at_20": 0.875,
        "ndcg_at_100": 0.90192,
        "ndcg_at_1000": 0.90192,
        "map_at_1": 0.875,
        "map_at_3": 0.875,
        "map_at_5": 0.875,
        "map_at_10": 0.875,
        "map_at_20": 0.875,
        "map_at_100": 0.88021,
        "map_at_1000": 0.88021,
        "recall_at_1": 0.875,
        "recall_at_3": 0.875,
        "recall_at_5": 0.875,
        "recall_at_10": 0.875,
        "recall_at_20": 0.875,
        "recall_at_100": 1.0,
        "recall_at_1000": 1.0,
        "precision_at_1": 0.875,
        "precision_at_3": 0.29167,
        "precision_at_5": 0.175,
        "precision_at_10": 0.0875,
        "precision_at_20": 0.04375,
        "precision_at_100": 0.01,
        "precision_at_1000": 0.001,
        "mrr_at_1": 0.875,
        "mrr_at_3": 0.875,
        "mrr_at_5": 0.875,
        "mrr_at_10": 0.875,
        "mrr_at_20": 0.875,
        "mrr_at_100": 0.880208,
        "mrr_at_1000": 0.880208,
        "nauc_ndcg_at_1_max": 1.0,
        "nauc_ndcg_at_1_std": 0.551821,
        "nauc_ndcg_at_1_diff1": 0.551821,
        "nauc_ndcg_at_3_max": 1.0,
        "nauc_ndcg_at_3_std": 0.551821,
        "nauc_ndcg_at_3_diff1": 0.551821,
        "nauc_ndcg_at_5_max": 1.0,
        "nauc_ndcg_at_5_std": 0.551821,
        "nauc_ndcg_at_5_diff1": 0.551821,
        "nauc_ndcg_at_10_max": 1.0,
        "nauc_ndcg_at_10_std": 0.551821,
        "nauc_ndcg_at_10_diff1": 0.551821,
        "nauc_ndcg_at_20_max": 1.0,
        "nauc_ndcg_at_20_std": 0.551821,
        "nauc_ndcg_at_20_diff1": 0.551821,
        "nauc_ndcg_at_100_max": 1.0,
        "nauc_ndcg_at_100_std": 0.551821,
        "nauc_ndcg_at_100_diff1": 0.551821,
        "nauc_ndcg_at_1000_max": 1.0,
        "nauc_ndcg_at_1000_std": 0.551821,
        "nauc_ndcg_at_1000_diff1": 0.551821,
        "nauc_map_at_1_max": 1.0,
        "nauc_map_at_1_std": 0.551821,
        "nauc_map_at_1_diff1": 0.551821,
        "nauc_map_at_3_max": 1.0,