{
  "dataset_revision": "7ba40b69f5fe6ffe4cc189aac9e1710913c73c8a",
  "task_name": "PubChemSMILESPC",
  "mteb_version": "1.36.29",
  "scores": {
    "test": [
      {
        "similarity_accuracy": 0.900391,
        "similarity_accuracy_threshold": 0.630331,
        "similarity_f1": 0.187058,
        "similarity_f1_threshold": 0.347265,
        "similarity_precision": 0.105199,
        "similarity_recall": 0.843137,
        "similarity_ap": 0.11882,
        "cosine_accuracy": 0.900391,
        "cosine_accuracy_threshold": 0.630331,
        "cosine_f1": 0.187058,
        "cosine_f1_threshold": 0.347265,
        "cosine_precision": 0.105199,
        "cosine_recall": 0.843137,
        "cosine_ap": 0.11882,
        "manhattan_accuracy": 0.899902,
        "manhattan_accuracy_threshold": 367.451416,
        "manhattan_f1": 0.185819,
        "manhattan_f1_threshold": 444.039276,
        "manhattan_precision": 0.123779,
        "manhattan_recall": 0.372549,
        "manhattan_ap": 0.110244,
        "euclidean_accuracy": 0.899902,
        "euclidean_accuracy_threshold": 16.667419,
        "euclidean_f1": 0.184322,
        "euclidean_f1_threshold": 20.358067,
        "euclidean_precision": 0.117568,
        "euclidean_recall": 0.426471,
        "euclidean_ap": 0.109637,
        "dot_accuracy": 0.900879,
        "dot_accuracy_threshold": 283.063171,
        "dot_f1": 0.190005,
        "dot_f1_threshold": 116.563477,
        "dot_precision": 0.106988,
        "dot_recall": 0.848039,
        "dot_ap": 0.113552,
        "max_accuracy": 0.900879,
        "max_f1": 0.190005,
        "max_precision": 0.123779,
        "max_recall": 0.848039,
        "max_ap": 0.11882,
        "main_score": 0.11882,
        "hf_subset": "default",
        "languages": [
          "eng-Latn"
        ]
      }
    ]
  },
  "evaluation_time": 3.773324489593506,
  "kg_co2_emissions": null
}