{
  "dataset_revision": "7fb14716e4106b72f51a16e682e5cd2d67e9bd70",
  "task_name": "PubChemWikiParagraphsPC",
  "mteb_version": "1.36.29",
  "scores": {
    "test": [
      {
        "similarity_accuracy": 0.899414,
        "similarity_accuracy_threshold": 0.979367,
        "similarity_f1": 0.270059,
        "similarity_f1_threshold": 0.933478,
        "similarity_precision": 0.22549,
        "similarity_recall": 0.336585,
        "similarity_ap": 0.176151,
        "cosine_accuracy": 0.899414,
        "cosine_accuracy_threshold": 0.979367,
        "cosine_f1": 0.270059,
        "cosine_f1_threshold": 0.933478,
        "cosine_precision": 0.22549,
        "cosine_recall": 0.336585,
        "cosine_ap": 0.176151,
        "manhattan_accuracy": 0.899414,
        "manhattan_accuracy_threshold": 94.529266,
        "manhattan_f1": 0.286225,
        "manhattan_f1_threshold": 180.084885,
        "manhattan_precision": 0.225989,
        "manhattan_recall": 0.390244,
        "manhattan_ap": 0.180857,
        "euclidean_accuracy": 0.899414,
        "euclidean_accuracy_threshold": 4.304533,
        "euclidean_f1": 0.281369,
        "euclidean_f1_threshold": 8.04953,
        "euclidean_precision": 0.23053,
        "euclidean_recall": 0.360976,
        "euclidean_ap": 0.180983,
        "dot_accuracy": 0.899414,
        "dot_accuracy_threshold": 523.242798,
        "dot_f1": 0.198408,
        "dot_f1_threshold": 420.931152,
        "dot_precision": 0.113445,
        "dot_recall": 0.790244,
        "dot_ap": 0.098286,
        "max_accuracy": 0.899414,
        "max_f1": 0.286225,
        "max_precision": 0.23053,
        "max_recall": 0.790244,
        "max_ap": 0.180983,
        "main_score": 0.180983,
        "hf_subset": "default",
        "languages": [
          "eng-Latn"
        ]
      }
    ]
  },
  "evaluation_time": 3.6734349727630615,
  "kg_co2_emissions": null
}