{
  "dataset_revision": "5d958fb6b31055495347724d46431ba41309b03a",
  "task_name": "ChemNQRetrieval",
  "mteb_version": "1.36.29",
  "scores": {
    "test": [
      {
        "ndcg_at_1": 0.44444,
        "ndcg_at_3": 0.46977,
        "ndcg_at_5": 0.50883,
        "ndcg_at_10": 0.58202,
        "ndcg_at_20": 0.58727,
        "ndcg_at_100": 0.60525,
        "ndcg_at_1000": 0.61565,
        "map_at_1": 0.34568,
        "map_at_3": 0.4321,
        "map_at_5": 0.45617,
        "map_at_10": 0.48919,
        "map_at_20": 0.49114,
        "map_at_100": 0.49433,
        "map_at_1000": 0.49488,
        "recall_at_1": 0.34568,
        "recall_at_3": 0.51235,
        "recall_at_5": 0.60494,
        "recall_at_10": 0.82099,
        "recall_at_20": 0.83951,
        "recall_at_100": 0.92593,
        "recall_at_1000": 1.0,
        "precision_at_1": 0.44444,
        "precision_at_3": 0.22222,
        "precision_at_5": 0.15556,
        "precision_at_10": 0.10741,
        "precision_at_20": 0.05556,
        "precision_at_100": 0.01222,
        "precision_at_1000": 0.0013,
        "mrr_at_1": 0.444444,
        "mrr_at_3": 0.506173,
        "mrr_at_5": 0.52284,
        "mrr_at_10": 0.545209,
        "mrr_at_20": 0.545209,
        "mrr_at_100": 0.547796,
        "mrr_at_1000": 0.54834,
        "nauc_ndcg_at_1_max": 0.531827,
        "nauc_ndcg_at_1_std": 0.240882,
        "nauc_ndcg_at_1_diff1": 0.254694,
        "nauc_ndcg_at_3_max": 0.459263,
        "nauc_ndcg_at_3_std": 0.236979,
        "nauc_ndcg_at_3_diff1": 0.10508,
        "nauc_ndcg_at_5_max": 0.511042,
        "nauc_ndcg_at_5_std": 0.188491,
        "nauc_ndcg_at_5_diff1": 0.07572,
        "nauc_ndcg_at_10_max": 0.557863,
        "nauc_ndcg_at_10_std": 0.224333,
        "nauc_ndcg_at_10_diff1": 0.08874,
        "nauc_ndcg_at_20_max": 0.56984,
        "nauc_ndcg_at_20_std": 0.250702,
        "nauc_ndcg_at_20_diff1": 0.123039,
        "nauc_ndcg_at_100_max": 0.551943,
        "nauc_ndcg_at_100_std": 0.219752,
        "nauc_ndcg_at_100_diff1": 0.14003,
        "nauc_ndcg_at_1000_max": 0.542222,
        "nauc_ndcg_at_1000_std": 0.228136,
        "nauc_ndcg_at_1000_diff1": 0.141531,
        "nauc_map_at_1_max": 0.520158,
        "nauc_map_at_1_std": 0.222591,
        "nauc_map_at_1_diff1": 0.187479,
        "nauc_map_at_3_max": 0.435393,
        "nauc_map_at_3_std": 0.224867,
        "nauc_map_at_3_diff1": 0.094878,
        "nauc_map_at_5_max": 0.477023,
        "nauc_map_at_5_std": 0.193404,
        "nauc_map_at_5_diff1": 0.083763,
        "nauc_map_at_10_max": 0.50414,
        "nauc_map_at_10_std": 0.203225,
        "nauc_map_at_10_diff1": 0.093978,
        "nauc_map_at_20_max": 0.507785,
        "nauc_map_at_20_std": 0.211695,
        "nauc_map_at_20_diff1": 0.105152,
        "nauc_map_at_100_max": 0.504894,
        "nauc_map_at_100_std": 0.207359,
        "nauc_map_at_100_diff1": 0.109396,
        "nauc_map_at_1000_max": 0.504337,
        "nauc_map_at_1000_std": 0.207523,
        "nauc_map_at_1000_diff1": 0.109214,
        "nauc_recall_at_1_max": 0.520158,
        "nauc_recall_at_1_std": 0.222591,
        "nauc_recall_at_1_diff1": 0.187479,
        "nauc_recall_at_3_max": 0.399262,
        "nauc_recall_at_3_std": 0.230074,
        "nauc_recall_at_3_diff1": 0.024138,
        "nauc_recall_at_5_max": 0.497643,
        "nauc_recall_at_5_std": 0.104283,
        "nauc_recall_at_5_diff1": -0.068986,
        "nauc_recall_at_10_max": 0.699692,
        "nauc_recall_at_10_std": 0.214265,
        "nauc_recall_at_10_diff1": -0.19553,
        "nauc_recall_at_20_max": 0.78573,
        "nauc_recall_at_20_std": 0.379438,
        "nauc_recall_at_20_diff1": -0.004701,
        "nauc_recall_at_100_max": 0.77804,
        "nauc_recall_at_100_std": -0.008272,
        "nauc_recall_at_100_diff1": 0.07532,
        "nauc_recall_at_1000_max": NaN,
        "nauc_recall_at_1000_std": NaN,
        "nauc_recall_at_1000_diff1": NaN,
        "nauc_precision_at_1_max": 0.531827,
        "nauc_precision_at_1_std": 0.240882,
        "nauc_precision_at_1_diff1": 0.254694,
        "nauc_precision_at_3_max": 0.339636,
        "nauc_precision_at_3_std": 0.16349,
        "nauc_precision_at_3_diff1": 0.059819,
        "nauc_precision_at_5_max": 0.426246,
        "nauc_precision_at_5_std": 0.021908,
        "nauc_precision_at_5_diff1": 0.016768,
        "nauc_precision_at_10_max": 0.430486,
        "nauc_precision_at_10_std": 0.117841,
        "nauc_precision_at_10_diff1": 0.136372,
        "nauc_precision_at_20_max": 0.424874,
        "nauc_precision_at_20_std": 0.20806,
        "nauc_precision_at_20_diff1": 0.267633,
        "nauc_precision_at_100_max": 0.273553,
        "nauc_precision_at_100_std": 0.076795,
        "nauc_precision_at_100_diff1": 0.277992,
        "nauc_precision_at_1000_max": 0.177555,
        "nauc_precision_at_1000_std": 0.092983,
        "nauc_precision_at_1000_diff1": 0.316558,
        "nauc_mrr_at_1_max": 0.531827,
        "nauc_mrr_at_1_std": 0.240882,
        "nauc_mrr_at_1_diff1": 0.254694,
        "nauc_mrr_at_3_max": 0.544446,
        "nauc_mrr_at_3_std": 0.260163,
        "nauc_mrr_at_3_diff1": 0.211958,
        "nauc_mrr_at_5_max": 0.553233,
        "nauc_mrr_at_5_std": 0.25009,
        "nauc_mrr_at_5_diff1": 0.191925,
        "nauc_mrr_at_10_max": 0.556689,
        "nauc_mrr_at_10_std": 0.265547,
        "nauc_mrr_at_10_diff1": 0.197254,
        "nauc_mrr_at_20_max": 0.556689,
        "nauc_mrr_at_20_std": 0.265547,
        "nauc_mrr_at_20_diff1": 0.197254,
        "nauc_mrr_at_100_max": 0.554524,
        "nauc_mrr_at_100_std": 0.261718,
        "nauc_mrr_at_100_diff1": 0.202299,
        "nauc_mrr_at_1000_max": 0.554056,
        "nauc_mrr_at_1000_std": 0.261975,
        "nauc_mrr_at_1000_diff1": 0.202279,
        "main_score": 0.58202,
        "hf_subset": "default",
        "languages": [
          "eng-Latn"
        ]
      }
    ]
  },
  "evaluation_time": 51.43060851097107,
  "kg_co2_emissions": null
}