{
  "dataset_revision": "7fb14716e4106b72f51a16e682e5cd2d67e9bd70",
  "task_name": "PubChemWikiParagraphsPC",
  "mteb_version": "1.36.29",
  "scores": {
    "test": [
      {
        "similarity_accuracy": 0.899414,
        "similarity_accuracy_threshold": 0.970045,
        "similarity_f1": 0.321725,
        "similarity_f1_threshold": 0.741772,
        "similarity_precision": 0.243719,
        "similarity_recall": 0.473171,
        "similarity_ap": 0.210544,
        "cosine_accuracy": 0.899414,
        "cosine_accuracy_threshold": 0.970045,
        "cosine_f1": 0.321725,
        "cosine_f1_threshold": 0.741772,
        "cosine_precision": 0.243719,
        "cosine_recall": 0.473171,
        "cosine_ap": 0.210544,
        "manhattan_accuracy": 0.899414,
        "manhattan_accuracy_threshold": 112.269485,
        "manhattan_f1": 0.351039,
        "manhattan_f1_threshold": 293.683594,
        "manhattan_precision": 0.333333,
        "manhattan_recall": 0.370732,
        "manhattan_ap": 0.224896,
        "euclidean_accuracy": 0.899414,
        "euclidean_accuracy_threshold": 5.10192,
        "euclidean_f1": 0.347458,
        "euclidean_f1_threshold": 13.485907,
        "euclidean_precision": 0.307116,
        "euclidean_recall": 0.4,
        "euclidean_ap": 0.227935,
        "dot_accuracy": 0.899414,
        "dot_accuracy_threshold": 504.980225,
        "dot_f1": 0.22085,
        "dot_f1_threshold": 248.455521,
        "dot_precision": 0.128492,
        "dot_recall": 0.785366,
        "dot_ap": 0.119226,
        "max_accuracy": 0.899414,
        "max_f1": 0.351039,
        "max_precision": 0.333333,
        "max_recall": 0.785366,
        "max_ap": 0.227935,
        "main_score": 0.227935,
        "hf_subset": "default",
        "languages": [
          "eng-Latn"
        ]
      }
    ]
  },
  "evaluation_time": 3.6393871307373047,
  "kg_co2_emissions": null
}