{
  "dataset_revision": "8fae72a2c75530aaaac6920a02622490d923ca98",
  "task_name": "ChemRxivRetrieval",
  "mteb_version": "1.36.29",
  "scores": {
    "test": [
      {
        "ndcg_at_1": 0.7876,
        "ndcg_at_3": 0.867,
        "ndcg_at_5": 0.87642,
        "ndcg_at_10": 0.8846,
        "ndcg_at_20": 0.88775,
        "ndcg_at_100": 0.89062,
        "ndcg_at_1000": 0.89115,
        "map_at_1": 0.7876,
        "map_at_3": 0.8483,
        "map_at_5": 0.85359,
        "map_at_10": 0.85702,
        "map_at_20": 0.85792,
        "map_at_100": 0.85835,
        "map_at_1000": 0.85837,
        "recall_at_1": 0.7876,
        "recall_at_3": 0.9208,
        "recall_at_5": 0.9434,
        "recall_at_10": 0.9684,
        "recall_at_20": 0.9806,
        "recall_at_100": 0.9956,
        "recall_at_1000": 0.9998,
        "precision_at_1": 0.7876,
        "precision_at_3": 0.30693,
        "precision_at_5": 0.18868,
        "precision_at_10": 0.09684,
        "precision_at_20": 0.04903,
        "precision_at_100": 0.00996,
        "precision_at_1000": 0.001,
        "mrr_at_1": 0.7876,
        "mrr_at_3": 0.848233,
        "mrr_at_5": 0.853573,
        "mrr_at_10": 0.857007,
        "mrr_at_20": 0.857899,
        "mrr_at_100": 0.858332,
        "mrr_at_1000": 0.858352,
        "nauc_ndcg_at_1_max": 0.448017,
        "nauc_ndcg_at_1_std": -0.260701,
        "nauc_ndcg_at_1_diff1": 0.805925,
        "nauc_ndcg_at_3_max": 0.50713,
        "nauc_ndcg_at_3_std": -0.256357,
        "nauc_ndcg_at_3_diff1": 0.785995,
        "nauc_ndcg_at_5_max": 0.507365,
        "nauc_ndcg_at_5_std": -0.260724,
        "nauc_ndcg_at_5_diff1": 0.791268,
        "nauc_ndcg_at_10_max": 0.505789,
        "nauc_ndcg_at_10_std": -0.25359,
        "nauc_ndcg_at_10_diff1": 0.794015,
        "nauc_ndcg_at_20_max": 0.49877,
        "nauc_ndcg_at_20_std": -0.252195,
        "nauc_ndcg_at_20_diff1": 0.793464,
        "nauc_ndcg_at_100_max": 0.492753,
        "nauc_ndcg_at_100_std": -0.255093,
        "nauc_ndcg_at_100_diff1": 0.79372,
        "nauc_ndcg_at_1000_max": 0.491044,
        "nauc_ndcg_at_1000_std": -0.257039,
        "nauc_ndcg_at_1000_diff1": 0.793834,
        "nauc_map_at_1_max": 0.448017,
        "nauc_map_at_1_std": -0.260701,
        "nauc_map_at_1_diff1": 0.805925,
        "nauc_map_at_3_max": 0.487652,
        "nauc_map_at_3_std": -0.26007,
        "nauc_map_at_3_diff1": 0.79138,
        "nauc_map_at_5_max": 0.486903,
        "nauc_map_at_5_std": -0.262277,
        "nauc_map_at_5_diff1": 0.794048,
        "nauc_map_at_10_max": 0.486158,
        "nauc_map_at_10_std": -0.259668,
        "nauc_map_at_10_diff1": 0.795072,
        "nauc_map_at_20_max": 0.484474,
        "nauc_map_at_20_std": -0.259429,
        "nauc_map_at_20_diff1": 0.794957,
        "nauc_map_at_100_max": 0.483728,
        "nauc_map_at_100_std": -0.259791,
        "nauc_map_at_100_diff1": 0.794971,
        "nauc_map_at_1000_max": 0.483675,
        "nauc_map_at_1000_std": -0.25986,
        "nauc_map_at_1000_diff1": 0.794975,
        "nauc_recall_at_1_max": 0.448017,
        "nauc_recall_at_1_std": -0.260701,
        "nauc_recall_at_1_diff1": 0.805925,
        "nauc_recall_at_3_max": 0.60868,
        "nauc_recall_at_3_std": -0.235293,
        "nauc_recall_at_3_diff1": 0.758798,
        "nauc_recall_at_5_max": 0.651546,
        "nauc_recall_at_5_std": -0.248811,
        "nauc_recall_at_5_diff1": 0.774734,
        "nauc_recall_at_10_max": 0.741948,
        "nauc_recall_at_10_std": -0.168841,
        "nauc_recall_at_10_diff1": 0.790132,
        "nauc_recall_at_20_max": 0.740242,
        "nauc_recall_at_20_std": -0.084342,
        "nauc_recall_at_20_diff1": 0.77591,
        "nauc_recall_at_100_max": 0.827285,
        "nauc_recall_at_100_std": 0.146083,
        "nauc_recall_at_100_diff1": 0.75556,
        "nauc_recall_at_1000_max": 1.0,
        "nauc_recall_at_1000_std": 1.0,
        "nauc_recall_at_1000_diff1": 0.358077,
        "nauc_precision_at_1_max": 0.448017,
        "nauc_precision_at_1_std": -0.260701,
        "nauc_precision_at_1_diff1": 0.805925,
        "nauc_precision_at_3_max": 0.60868,
        "nauc_precision_at_3_std": -0.235293,
        "nauc_precision_at_3_diff1": 0.758798,
        "nauc_precision_at_5_max": 0.651546,
        "nauc_precision_at_5_std": -0.248811,
        "nauc_precision_at_5_diff1": 0.774734,
        "nauc_precision_at_10_max": 0.741948,
        "nauc_precision_at_10_std": -0.168841,
        "nauc_precision_at_10_diff1": 0.790132,
        "nauc_precision_at_20_max": 0.740242,
        "nauc_precision_at_20_std": -0.084342,
        "nauc_precision_at_20_diff1": 0.77591,
        "nauc_precision_at_100_max": 0.827285,
        "nauc_precision_at_100_std": 0.146083,
        "nauc_precision_at_100_diff1": 0.75556,
        "nauc_precision_at_1000_max": 1.0,
        "nauc_precision_at_1000_std": 1.0,
        "nauc_precision_at_1000_diff1": 0.358077,
        "nauc_mrr_at_1_max": 0.448009,
        "nauc_mrr_at_1_std": -0.261873,
        "nauc_mrr_at_1_diff1": 0.805925,
        "nauc_mrr_at_3_max": 0.487756,
        "nauc_mrr_at_3_std": -0.260584,
        "nauc_mrr_at_3_diff1": 0.791477,
        "nauc_mrr_at_5_max": 0.486926,
        "nauc_mrr_at_5_std": -0.263035,
        "nauc_mrr_at_5_diff1": 0.794073,
        "nauc_mrr_at_10_max": 0.486181,
        "nauc_mrr_at_10_std": -0.260446,
        "nauc_mrr_at_10_diff1": 0.795098,
        "nauc_mrr_at_20_max": 0.484497,
        "nauc_mrr_at_20_std": -0.260212,
        "nauc_mrr_at_20_diff1": 0.794983,
        "nauc_mrr_at_100_max": 0.483752,
        "nauc_mrr_at_100_std": -0.260577,
        "nauc_mrr_at_100_diff1": 0.794996,
        "nauc_mrr_at_1000_max": 0.483699,
        "nauc_mrr_at_1000_std": -0.260645,
        "nauc_mrr_at_1000_diff1": 0.795001,
        "main_score": 0.8846,
        "hf_subset": "default",
        "languages": [
          "eng-Latn"
        ]
      }
    ]
  },
  "evaluation_time": 189.43110966682434,
  "kg_co2_emissions": null
}