{
  "dataset_revision": "1840e8a5ac6ec752bbdd97d543ead0189bc7c25b",
  "task_name": "ChemHotpotQARetrieval",
  "mteb_version": "1.36.29",
  "scores": {
    "train": [
      {
        "ndcg_at_1": 0.84444,
        "ndcg_at_3": 0.88056,
        "ndcg_at_5": 0.8892,
        "ndcg_at_10": 0.89658,
        "ndcg_at_20": 0.90134,
        "ndcg_at_100": 0.90401,
        "ndcg_at_1000": 0.90581,
        "map_at_1": 0.825,
        "map_at_3": 0.86667,
        "map_at_5": 0.87222,
        "map_at_10": 0.87539,
        "map_at_20": 0.8771,
        "map_at_100": 0.87748,
        "map_at_1000": 0.87751,
        "recall_at_1": 0.825,
        "recall_at_3": 0.91111,
        "recall_at_5": 0.93056,
        "recall_at_10": 0.95278,
        "recall_at_20": 0.96944,
        "recall_at_100": 0.98333,
        "recall_at_1000": 1.0,
        "precision_at_1": 0.84444,
        "precision_at_3": 0.31296,
        "precision_at_5": 0.19222,
        "precision_at_10": 0.09833,
        "precision_at_20": 0.05028,
        "precision_at_100": 0.01022,
        "precision_at_1000": 0.00104,
        "mrr_at_1": 0.844444,
        "mrr_at_3": 0.877778,
        "mrr_at_5": 0.881944,
        "mrr_at_10": 0.885108,
        "mrr_at_20": 0.886076,
        "mrr_at_100": 0.886395,
        "mrr_at_1000": 0.886425,
        "nauc_ndcg_at_1_max": 0.632258,
        "nauc_ndcg_at_1_std": -0.350497,
        "nauc_ndcg_at_1_diff1": 0.884217,
        "nauc_ndcg_at_3_max": 0.489907,
        "nauc_ndcg_at_3_std": -0.395212,
        "nauc_ndcg_at_3_diff1": 0.741641,
        "nauc_ndcg_at_5_max": 0.460708,
        "nauc_ndcg_at_5_std": -0.478481,
        "nauc_ndcg_at_5_diff1": 0.740334,
        "nauc_ndcg_at_10_max": 0.450538,
        "nauc_ndcg_at_10_std": -0.491407,
        "nauc_ndcg_at_10_diff1": 0.736909,
        "nauc_ndcg_at_20_max": 0.461401,
        "nauc_ndcg_at_20_std": -0.457723,
        "nauc_ndcg_at_20_diff1": 0.754837,
        "nauc_ndcg_at_100_max": 0.464469,
        "nauc_ndcg_at_100_std": -0.441313,
        "nauc_ndcg_at_100_diff1": 0.764129,
        "nauc_ndcg_at_1000_max": 0.481404,
        "nauc_ndcg_at_1000_std": -0.442869,
        "nauc_ndcg_at_1000_diff1": 0.767543,
        "nauc_map_at_1_max": 0.488625,
        "nauc_map_at_1_std": -0.423908,
        "nauc_map_at_1_diff1": 0.794773,
        "nauc_map_at_3_max": 0.49331,
        "nauc_map_at_3_std": -0.41143,
        "nauc_map_at_3_diff1": 0.739407,
        "nauc_map_at_5_max": 0.476156,
        "nauc_map_at_5_std": -0.4602,
        "nauc_map_at_5_diff1": 0.737663,
        "nauc_map_at_10_max": 0.473001,
        "nauc_map_at_10_std": -0.465367,
        "nauc_map_at_10_diff1": 0.736367,
        "nauc_map_at_20_max": 0.478469,
        "nauc_map_at_20_std": -0.454363,
        "nauc_map_at_20_diff1": 0.743559,
        "nauc_map_at_100_max": 0.478654,
        "nauc_map_at_100_std": -0.452755,
        "nauc_map_at_100_diff1": 0.744251,
        "nauc_map_at_1000_max": 0.478822,
        "nauc_map_at_1000_std": -0.45273,
        "nauc_map_at_1000_diff1": 0.744291,
        "nauc_recall_at_1_max": 0.488625,
        "nauc_recall_at_1_std": -0.423908,
        "nauc_recall_at_1_diff1": 0.794773,
        "nauc_recall_at_3_max": 0.356165,
        "nauc_recall_at_3_std": -0.378341,
        "nauc_recall_at_3_diff1": 0.605319,
        "nauc_recall_at_5_max": 0.222017,
        "nauc_recall_at_5_std": -0.661419,
        "nauc_recall_at_5_diff1": 0.568385,
        "nauc_recall_at_10_max": 0.044241,
        "nauc_recall_at_10_std": -0.815922,
        "nauc_recall_at_10_diff1": 0.465782,
        "nauc_recall_at_20_max": -0.073975,
        "nauc_recall_at_20_std": -0.650581,
        "nauc_recall_at_20_diff1": 0.505602,
        "nauc_recall_at_100_max": -0.419701,
        "nauc_recall_at_100_std": -0.330999,
        "nauc_recall_at_100_diff1": 0.593838,
        "nauc_recall_at_1000_max": NaN,
        "nauc_recall_at_1000_std": NaN,
        "nauc_recall_at_1000_diff1": NaN,
        "nauc_precision_at_1_max": 0.632258,
        "nauc_precision_at_1_std": -0.350497,
        "nauc_precision_at_1_diff1": 0.884217,
        "nauc_precision_at_3_max": 0.479438,
        "nauc_precision_at_3_std": -0.071316,
        "nauc_precision_at_3_diff1": 0.442129,
        "nauc_precision_at_5_max": 0.322459,
        "nauc_precision_at_5_std": -0.22745,
        "nauc_precision_at_5_diff1": 0.305277,
        "nauc_precision_at_10_max": 0.242994,
        "nauc_precision_at_10_std": -0.197177,
        "nauc_precision_at_10_diff1": 0.167414,
        "nauc_precision_at_20_max": 0.221366,
        "nauc_precision_at_20_std": 0.132801,
        "nauc_precision_at_20_diff1": 0.119799,
        "nauc_precision_at_100_max": 0.226326,
        "nauc_precision_at_100_std": 0.362694,
        "nauc_precision_at_100_diff1": 0.113332,
        "nauc_precision_at_1000_max": 0.38545,
        "nauc_precision_at_1000_std": 0.533558,
        "nauc_precision_at_1000_diff1": -0.005021,
        "nauc_mrr_at_1_max": 0.632258,
        "nauc_mrr_at_1_std": -0.350497,
        "nauc_mrr_at_1_diff1": 0.884217,
        "nauc_mrr_at_3_max": 0.588895,
        "nauc_mrr_at_3_std": -0.359769,
        "nauc_mrr_at_3_diff1": 0.852621,
        "nauc_mrr_at_5_max": 0.580906,
        "nauc_mrr_at_5_std": -0.39375,
        "nauc_mrr_at_5_diff1": 0.857635,
        "nauc_mrr_at_10_max": 0.580497,
        "nauc_mrr_at_10_std": -0.397416,
        "nauc_mrr_at_10_diff1": 0.859659,
        "nauc_mrr_at_20_max": 0.578631,
        "nauc_mrr_at_20_std": -0.392206,
        "nauc_mrr_at_20_diff1": 0.858974,
        "nauc_mrr_at_100_max": 0.577908,
        "nauc_mrr_at_100_std": -0.391061,
        "nauc_mrr_at_100_diff1": 0.858708,
        "nauc_mrr_at_1000_max": 0.578114,
        "nauc_mrr_at_1000_std": -0.391018,
        "nauc_mrr_at_1000_diff1": 0.858781,
        "main_score": 0.89658,
        "hf_subset": "default",
        "languages": [
          "eng-Latn"
        ]
      }
    ],
    "dev": [
      {
        "ndcg_at_1": 0.75,
        "ndcg_at_3": 0.82887,
        "ndcg_at_5": 0.82887,
        "ndcg_at_10": 0.82887,
        "ndcg_at_20": 0.82887,
        "ndcg_at_100": 0.85304,
        "ndcg_at_1000": 0.85304,
        "map_at_1": 0.75,
        "map_at_3": 0.8125,
        "map_at_5": 0.8125,
        "map_at_10": 0.8125,
        "map_at_20": 0.8125,
        "map_at_100": 0.81607,
        "map_at_1000": 0.81607,
        "recall_at_1": 0.75,
        "recall_at_3": 0.875,
        "recall_at_5": 0.875,
        "recall_at_10": 0.875,
        "recall_at_20": 0.875,
        "recall_at_100": 1.0,
        "recall_at_1000": 1.0,
        "precision_at_1": 0.75,
        "precision_at_3": 0.29167,
        "precision_at_5": 0.175,
        "precision_at_10": 0.0875,
        "precision_at_20": 0.04375,
        "precision_at_100": 0.01,
        "precision_at_1000": 0.001,
        "mrr_at_1": 0.75,
        "mrr_at_3": 0.8125,
        "mrr_at_5": 0.8125,
        "mrr_at_10": 0.8125,
        "mrr_at_20": 0.8125,
        "mrr_at_100": 0.816071,
        "mrr_at_1000": 0.816071,
        "nauc_ndcg_at_1_max": 0.831832,
        "nauc_ndcg_at_1_std": -0.13994,
        "nauc_ndcg_at_1_diff1": 1.0,
        "nauc_ndcg_at_3_max": 0.912246,
        "nauc_ndcg_at_3_std": 0.340861,
        "nauc_ndcg_at_3_diff1": 0.935707,
        "nauc_ndcg_at_5_max": 0.912246,
        "nauc_ndcg_at_5_std": 0.340861,
        "nauc_ndcg_at_5_diff1": 0.935707,
        "nauc_ndcg_at_10_max": 0.912246,
        "nauc_ndcg_at_10_std": 0.340861,
        "nauc_ndcg_at_10_diff1": 0.935707,
        "nauc_ndcg_at_20_max": 0.912246,
        "nauc_ndcg_at_20_std": 0.340861,
        "nauc_ndcg_at_20_diff1": 0.935707,
        "nauc_ndcg_at_100_max": 0.897172,
        "nauc_ndcg_at_100_std": 0.250731,
        "nauc_ndcg_at_100_diff1": 0.947759,
        "nauc_ndcg_at_1000_max": 0.897172,
        "nauc_ndcg_at_1000_std": 0.250731,
        "nauc_ndcg_at_1000_diff1": 0.947759,
        "nauc_map_at_1_max": 0.831832,
        "nauc_map_at_1_std": -0.13994,
        "nauc_map_at_1_diff1": 1.0,