{
  "dataset_revision": "7fb14716e4106b72f51a16e682e5cd2d67e9bd70",
  "task_name": "PubChemWikiParagraphsPC",
  "mteb_version": "1.36.29",
  "scores": {
    "test": [
      {
        "similarity_accuracy": 0.899414,
        "similarity_accuracy_threshold": 0.927602,
        "similarity_f1": 0.352531,
        "similarity_f1_threshold": 0.565106,
        "similarity_precision": 0.274457,
        "similarity_recall": 0.492683,
        "similarity_ap": 0.214993,
        "cosine_accuracy": 0.899414,
        "cosine_accuracy_threshold": 0.927602,
        "cosine_f1": 0.352531,
        "cosine_f1_threshold": 0.565106,
        "cosine_precision": 0.274457,
        "cosine_recall": 0.492683,
        "cosine_ap": 0.214993,
        "manhattan_accuracy": 0.899414,
        "manhattan_accuracy_threshold": 140.234512,
        "manhattan_f1": 0.352174,
        "manhattan_f1_threshold": 326.824249,
        "manhattan_precision": 0.317647,
        "manhattan_recall": 0.395122,
        "manhattan_ap": 0.233784,
        "euclidean_accuracy": 0.899414,
        "euclidean_accuracy_threshold": 6.370175,
        "euclidean_f1": 0.356234,
        "euclidean_f1_threshold": 14.370272,
        "euclidean_precision": 0.37234,
        "euclidean_recall": 0.341463,
        "euclidean_ap": 0.23502,
        "dot_accuracy": 0.899414,
        "dot_accuracy_threshold": 361.749939,
        "dot_f1": 0.235627,
        "dot_f1_threshold": 137.708191,
        "dot_precision": 0.146028,
        "dot_recall": 0.609756,
        "dot_ap": 0.130787,
        "max_accuracy": 0.899414,
        "max_f1": 0.356234,
        "max_precision": 0.37234,
        "max_recall": 0.609756,
        "max_ap": 0.23502,
        "main_score": 0.23502,
        "hf_subset": "default",
        "languages": [
          "eng-Latn"
        ]
      }
    ]
  },
  "evaluation_time": 3.7490246295928955,
  "kg_co2_emissions": null
}