{
  "dataset_revision": "1840e8a5ac6ec752bbdd97d543ead0189bc7c25b",
  "task_name": "ChemHotpotQARetrieval",
  "mteb_version": "1.36.29",
  "scores": {
    "train": [
      {
        "ndcg_at_1": 0.84444,
        "ndcg_at_3": 0.88052,
        "ndcg_at_5": 0.8877,
        "ndcg_at_10": 0.8932,
        "ndcg_at_20": 0.89945,
        "ndcg_at_100": 0.90113,
        "ndcg_at_1000": 0.90279,
        "map_at_1": 0.825,
        "map_at_3": 0.86667,
        "map_at_5": 0.87083,
        "map_at_10": 0.87317,
        "map_at_20": 0.87488,
        "map_at_100": 0.8752,
        "map_at_1000": 0.87526,
        "recall_at_1": 0.825,
        "recall_at_3": 0.91389,
        "recall_at_5": 0.93056,
        "recall_at_10": 0.94722,
        "recall_at_20": 0.97222,
        "recall_at_100": 0.98056,
        "recall_at_1000": 0.99444,
        "precision_at_1": 0.84444,
        "precision_at_3": 0.31481,
        "precision_at_5": 0.19222,
        "precision_at_10": 0.09778,
        "precision_at_20": 0.05028,
        "precision_at_100": 0.01017,
        "precision_at_1000": 0.00103,
        "mrr_at_1": 0.844444,
        "mrr_at_3": 0.875,
        "mrr_at_5": 0.879167,
        "mrr_at_10": 0.881504,
        "mrr_at_20": 0.882902,
        "mrr_at_100": 0.883005,
        "mrr_at_1000": 0.883022,
        "nauc_ndcg_at_1_max": 0.692773,
        "nauc_ndcg_at_1_std": -0.082587,
        "nauc_ndcg_at_1_diff1": 0.902756,
        "nauc_ndcg_at_3_max": 0.520808,
        "nauc_ndcg_at_3_std": -0.283627,
        "nauc_ndcg_at_3_diff1": 0.763744,
        "nauc_ndcg_at_5_max": 0.504674,
        "nauc_ndcg_at_5_std": -0.295288,
        "nauc_ndcg_at_5_diff1": 0.760823,
        "nauc_ndcg_at_10_max": 0.50046,
        "nauc_ndcg_at_10_std": -0.301464,
        "nauc_ndcg_at_10_diff1": 0.760277,
        "nauc_ndcg_at_20_max": 0.486479,
        "nauc_ndcg_at_20_std": -0.272563,
        "nauc_ndcg_at_20_diff1": 0.75488,
        "nauc_ndcg_at_100_max": 0.499097,
        "nauc_ndcg_at_100_std": -0.258165,
        "nauc_ndcg_at_100_diff1": 0.773476,
        "nauc_ndcg_at_1000_max": 0.512119,
        "nauc_ndcg_at_1000_std": -0.257222,
        "nauc_ndcg_at_1000_diff1": 0.786734,
        "nauc_map_at_1_max": 0.535883,
        "nauc_map_at_1_std": -0.183411,
        "nauc_map_at_1_diff1": 0.809657,
        "nauc_map_at_3_max": 0.529649,
        "nauc_map_at_3_std": -0.254734,
        "nauc_map_at_3_diff1": 0.756842,
        "nauc_map_at_5_max": 0.521757,
        "nauc_map_at_5_std": -0.259682,
        "nauc_map_at_5_diff1": 0.755127,
        "nauc_map_at_10_max": 0.519927,
        "nauc_map_at_10_std": -0.261787,
        "nauc_map_at_10_diff1": 0.754497,
        "nauc_map_at_20_max": 0.517587,
        "nauc_map_at_20_std": -0.253969,
        "nauc_map_at_20_diff1": 0.753741,
        "nauc_map_at_100_max": 0.521355,
        "nauc_map_at_100_std": -0.250878,
        "nauc_map_at_100_diff1": 0.758221,
        "nauc_map_at_1000_max": 0.522115,
        "nauc_map_at_1000_std": -0.250577,
        "nauc_map_at_1000_diff1": 0.759049,
        "nauc_recall_at_1_max": 0.535883,
        "nauc_recall_at_1_std": -0.183411,
        "nauc_recall_at_1_diff1": 0.809657,
        "nauc_recall_at_3_max": 0.340667,
        "nauc_recall_at_3_std": -0.499127,
        "nauc_recall_at_3_diff1": 0.630629,
        "nauc_recall_at_5_max": 0.23901,
        "nauc_recall_at_5_std": -0.593072,
        "nauc_recall_at_5_diff1": 0.588105,
        "nauc_recall_at_10_max": 0.137967,
        "nauc_recall_at_10_std": -0.717111,
        "nauc_recall_at_10_diff1": 0.534203,
        "nauc_recall_at_20_max": -0.386741,
        "nauc_recall_at_20_std": -0.718114,
        "nauc_recall_at_20_diff1": 0.254995,
        "nauc_recall_at_100_max": -0.552288,
        "nauc_recall_at_100_std": -0.616313,
        "nauc_recall_at_100_diff1": 0.406496,
        "nauc_recall_at_1000_max": -1.739963,
        "nauc_recall_at_1000_std": -1.739963,
        "nauc_recall_at_1000_diff1": 0.869281,
        "nauc_precision_at_1_max": 0.692773,
        "nauc_precision_at_1_std": -0.082587,
        "nauc_precision_at_1_diff1": 0.902756,
        "nauc_precision_at_3_max": 0.415872,
        "nauc_precision_at_3_std": -0.155515,
        "nauc_precision_at_3_diff1": 0.388342,
        "nauc_precision_at_5_max": 0.357681,
        "nauc_precision_at_5_std": -0.163504,
        "nauc_precision_at_5_diff1": 0.318274,
        "nauc_precision_at_10_max": 0.317314,
        "nauc_precision_at_10_std": -0.156129,
        "nauc_precision_at_10_diff1": 0.229934,
        "nauc_precision_at_20_max": 0.11348,
        "nauc_precision_at_20_std": 0.115134,
        "nauc_precision_at_20_diff1": -0.033195,
        "nauc_precision_at_100_max": 0.172016,
        "nauc_precision_at_100_std": 0.280186,
        "nauc_precision_at_100_diff1": 0.044359,
        "nauc_precision_at_1000_max": 0.256066,
        "nauc_precision_at_1000_std": 0.361057,
        "nauc_precision_at_1000_diff1": 0.06925,
        "nauc_mrr_at_1_max": 0.692773,
        "nauc_mrr_at_1_std": -0.082587,
        "nauc_mrr_at_1_diff1": 0.902756,
        "nauc_mrr_at_3_max": 0.638641,
        "nauc_mrr_at_3_std": -0.177009,
        "nauc_mrr_at_3_diff1": 0.879461,
        "nauc_mrr_at_5_max": 0.634152,
        "nauc_mrr_at_5_std": -0.179486,
        "nauc_mrr_at_5_diff1": 0.882021,
        "nauc_mrr_at_10_max": 0.634506,
        "nauc_mrr_at_10_std": -0.180084,
        "nauc_mrr_at_10_diff1": 0.883947,
        "nauc_mrr_at_20_max": 0.63254,
        "nauc_mrr_at_20_std": -0.173298,
        "nauc_mrr_at_20_diff1": 0.88329,
        "nauc_mrr_at_100_max": 0.632324,
        "nauc_mrr_at_100_std": -0.172942,
        "nauc_mrr_at_100_diff1": 0.883437,
        "nauc_mrr_at_1000_max": 0.632357,
        "nauc_mrr_at_1000_std": -0.172947,
        "nauc_mrr_at_1000_diff1": 0.883471,
        "main_score": 0.8932,
        "hf_subset": "default",
        "languages": [
          "eng-Latn"
        ]
      }
    ],
    "dev": [
      {
        "ndcg_at_1": 0.875,
        "ndcg_at_3": 0.875,
        "ndcg_at_5": 0.875,
        "ndcg_at_10": 0.875,
        "ndcg_at_20": 0.875,
        "ndcg_at_100": 0.89804,
        "ndcg_at_1000": 0.89804,
        "map_at_1": 0.875,
        "map_at_3": 0.875,
        "map_at_5": 0.875,
        "map_at_10": 0.875,
        "map_at_20": 0.875,
        "map_at_100": 0.87798,
        "map_at_1000": 0.87798,
        "recall_at_1": 0.875,
        "recall_at_3": 0.875,
        "recall_at_5": 0.875,
        "recall_at_10": 0.875,
        "recall_at_20": 0.875,
        "recall_at_100": 1.0,
        "recall_at_1000": 1.0,
        "precision_at_1": 0.875,
        "precision_at_3": 0.29167,
        "precision_at_5": 0.175,
        "precision_at_10": 0.0875,
        "precision_at_20": 0.04375,
        "precision_at_100": 0.01,
        "precision_at_1000": 0.001,
        "mrr_at_1": 0.875,
        "mrr_at_3": 0.875,
        "mrr_at_5": 0.875,
        "mrr_at_10": 0.875,
        "mrr_at_20": 0.875,
        "mrr_at_100": 0.877976,
        "mrr_at_1000": 0.877976,
        "nauc_ndcg_at_1_max": 0.865546,
        "nauc_ndcg_at_1_std": 0.865546,
        "nauc_ndcg_at_1_diff1": 0.551821,
        "nauc_ndcg_at_3_max": 0.865546,
        "nauc_ndcg_at_3_std": 0.865546,
        "nauc_ndcg_at_3_diff1": 0.551821,
        "nauc_ndcg_at_5_max": 0.865546,
        "nauc_ndcg_at_5_std": 0.865546,
        "nauc_ndcg_at_5_diff1": 0.551821,
        "nauc_ndcg_at_10_max": 0.865546,
        "nauc_ndcg_at_10_std": 0.865546,
        "nauc_ndcg_at_10_diff1": 0.551821,
        "nauc_ndcg_at_20_max": 0.865546,
        "nauc_ndcg_at_20_std": 0.865546,
        "nauc_ndcg_at_20_diff1": 0.551821,
        "nauc_ndcg_at_100_max": 0.865546,
        "nauc_ndcg_at_100_std": 0.865546,
        "nauc_ndcg_at_100_diff1": 0.551821,
        "nauc_ndcg_at_1000_max": 0.865546,
        "nauc_ndcg_at_1000_std": 0.865546,
        "nauc_ndcg_at_1000_diff1": 0.551821,
        "nauc_map_at_1_max": 0.865546,
        "nauc_map_at_1_std": 0.865546,