{
  "dataset_revision": "f8c2fcf00f625baaa80f62ec5bd9e1fff3b8ae88",
  "task_name": "SCIDOCS",
  "mteb_version": "1.36.29",
  "scores": {
    "test": [
      {
        "ndcg_at_1": 0.183,
        "ndcg_at_3": 0.1464,
        "ndcg_at_5": 0.12745,
        "ndcg_at_10": 0.15506,
        "ndcg_at_20": 0.17857,
        "ndcg_at_100": 0.22039,
        "ndcg_at_1000": 0.27152,
        "map_at_1": 0.03713,
        "map_at_3": 0.06353,
        "map_at_5": 0.07542,
        "map_at_10": 0.08812,
        "map_at_20": 0.0961,
        "map_at_100": 0.10368,
        "map_at_1000": 0.10622,
        "recall_at_1": 0.03713,
        "recall_at_3": 0.08283,
        "recall_at_5": 0.11323,
        "recall_at_10": 0.16382,
        "recall_at_20": 0.21932,
        "recall_at_100": 0.35535,
        "recall_at_1000": 0.60618,
        "precision_at_1": 0.183,
        "precision_at_3": 0.13633,
        "precision_at_5": 0.1118,
        "precision_at_10": 0.0809,
        "precision_at_20": 0.05415,
        "precision_at_100": 0.0175,
        "precision_at_1000": 0.00298,
        "mrr_at_1": 0.183,
        "mrr_at_3": 0.247333,
        "mrr_at_5": 0.261733,
        "mrr_at_10": 0.275901,
        "mrr_at_20": 0.281811,
        "mrr_at_100": 0.286415,
        "mrr_at_1000": 0.287252,
        "nauc_ndcg_at_1_max": 0.122078,
        "nauc_ndcg_at_1_std": -0.0071,
        "nauc_ndcg_at_1_diff1": 0.267346,
        "nauc_ndcg_at_3_max": 0.150081,
        "nauc_ndcg_at_3_std": 0.013066,
        "nauc_ndcg_at_3_diff1": 0.204354,
        "nauc_ndcg_at_5_max": 0.154411,
        "nauc_ndcg_at_5_std": 0.04222,
        "nauc_ndcg_at_5_diff1": 0.194081,
        "nauc_ndcg_at_10_max": 0.170343,
        "nauc_ndcg_at_10_std": 0.076675,
        "nauc_ndcg_at_10_diff1": 0.206346,
        "nauc_ndcg_at_20_max": 0.1857,
        "nauc_ndcg_at_20_std": 0.109749,
        "nauc_ndcg_at_20_diff1": 0.206361,
        "nauc_ndcg_at_100_max": 0.208371,
        "nauc_ndcg_at_100_std": 0.164751,
        "nauc_ndcg_at_100_diff1": 0.193541,
        "nauc_ndcg_at_1000_max": 0.206465,
        "nauc_ndcg_at_1000_std": 0.18478,
        "nauc_ndcg_at_1000_diff1": 0.194908,
        "nauc_map_at_1_max": 0.122322,
        "nauc_map_at_1_std": -0.009312,
        "nauc_map_at_1_diff1": 0.269025,
        "nauc_map_at_3_max": 0.156513,
        "nauc_map_at_3_std": 0.001683,
        "nauc_map_at_3_diff1": 0.214829,
        "nauc_map_at_5_max": 0.158389,
        "nauc_map_at_5_std": 0.022295,
        "nauc_map_at_5_diff1": 0.201766,
        "nauc_map_at_10_max": 0.170831,
        "nauc_map_at_10_std": 0.052385,
        "nauc_map_at_10_diff1": 0.210731,
        "nauc_map_at_20_max": 0.180945,
        "nauc_map_at_20_std": 0.073626,
        "nauc_map_at_20_diff1": 0.211579,
        "nauc_map_at_100_max": 0.188523,
        "nauc_map_at_100_std": 0.092537,
        "nauc_map_at_100_diff1": 0.208274,
        "nauc_map_at_1000_max": 0.189011,
        "nauc_map_at_1000_std": 0.096171,
        "nauc_map_at_1000_diff1": 0.208365,
        "nauc_recall_at_1_max": 0.122322,
        "nauc_recall_at_1_std": -0.009312,
        "nauc_recall_at_1_diff1": 0.269025,
        "nauc_recall_at_3_max": 0.15922,
        "nauc_recall_at_3_std": 0.020531,
        "nauc_recall_at_3_diff1": 0.176267,
        "nauc_recall_at_5_max": 0.158689,
        "nauc_recall_at_5_std": 0.068614,
        "nauc_recall_at_5_diff1": 0.157361,
        "nauc_recall_at_10_max": 0.179347,
        "nauc_recall_at_10_std": 0.124124,
        "nauc_recall_at_10_diff1": 0.178283,
        "nauc_recall_at_20_max": 0.202037,
        "nauc_recall_at_20_std": 0.182959,
        "nauc_recall_at_20_diff1": 0.173724,
        "nauc_recall_at_100_max": 0.230053,
        "nauc_recall_at_100_std": 0.294758,
        "nauc_recall_at_100_diff1": 0.124335,
        "nauc_recall_at_1000_max": 0.193714,
        "nauc_recall_at_1000_std": 0.352458,
        "nauc_recall_at_1000_diff1": 0.096886,
        "nauc_precision_at_1_max": 0.122078,
        "nauc_precision_at_1_std": -0.0071,
        "nauc_precision_at_1_diff1": 0.267346,
        "nauc_precision_at_3_max": 0.159939,
        "nauc_precision_at_3_std": 0.022465,
        "nauc_precision_at_3_diff1": 0.17541,
        "nauc_precision_at_5_max": 0.161001,
        "nauc_precision_at_5_std": 0.071971,
        "nauc_precision_at_5_diff1": 0.15809,
        "nauc_precision_at_10_max": 0.182497,
        "nauc_precision_at_10_std": 0.126576,
        "nauc_precision_at_10_diff1": 0.181042,
        "nauc_precision_at_20_max": 0.205893,
        "nauc_precision_at_20_std": 0.186427,
        "nauc_precision_at_20_diff1": 0.176467,
        "nauc_precision_at_100_max": 0.237837,
        "nauc_precision_at_100_std": 0.296316,
        "nauc_precision_at_100_diff1": 0.127828,
        "nauc_precision_at_1000_max": 0.203226,
        "nauc_precision_at_1000_std": 0.347583,
        "nauc_precision_at_1000_diff1": 0.103025,
        "nauc_mrr_at_1_max": 0.122078,
        "nauc_mrr_at_1_std": -0.0071,
        "nauc_mrr_at_1_diff1": 0.267346,
        "nauc_mrr_at_3_max": 0.130025,
        "nauc_mrr_at_3_std": 0.014234,
        "nauc_mrr_at_3_diff1": 0.219771,
        "nauc_mrr_at_5_max": 0.13492,
        "nauc_mrr_at_5_std": 0.031325,
        "nauc_mrr_at_5_diff1": 0.219956,
        "nauc_mrr_at_10_max": 0.137188,
        "nauc_mrr_at_10_std": 0.036434,
        "nauc_mrr_at_10_diff1": 0.220472,
        "nauc_mrr_at_20_max": 0.13969,
        "nauc_mrr_at_20_std": 0.038885,
        "nauc_mrr_at_20_diff1": 0.222139,
        "nauc_mrr_at_100_max": 0.140881,
        "nauc_mrr_at_100_std": 0.041455,
        "nauc_mrr_at_100_diff1": 0.221234,
        "nauc_mrr_at_1000_max": 0.140562,
        "nauc_mrr_at_1000_std": 0.041015,
        "nauc_mrr_at_1000_diff1": 0.221333,
        "main_score": 0.15506,
        "hf_subset": "default",
        "languages": [
          "eng-Latn"
        ]
      }
    ]
  },
  "evaluation_time": 70.58181118965149,
  "kg_co2_emissions": null
}