{
  "dataset_revision": "bb9466bac8153a0349341eb1b22e06409e78ef4e",
  "task_name": "TRECCOVID",
  "mteb_version": "1.36.29",
  "scores": {
    "test": [
      {
        "ndcg_at_1": 0.74,
        "ndcg_at_3": 0.72469,
        "ndcg_at_5": 0.69653,
        "ndcg_at_10": 0.66203,
        "ndcg_at_20": 0.61631,
        "ndcg_at_100": 0.45809,
        "ndcg_at_1000": 0.40699,
        "map_at_1": 0.00217,
        "map_at_3": 0.00558,
        "map_at_5": 0.00878,
        "map_at_10": 0.01526,
        "map_at_20": 0.02621,
        "map_at_100": 0.07626,
        "map_at_1000": 0.17818,
        "recall_at_1": 0.00217,
        "recall_at_3": 0.00596,
        "recall_at_5": 0.00976,
        "recall_at_10": 0.01762,
        "recall_at_20": 0.03151,
        "recall_at_100": 0.10807,
        "recall_at_1000": 0.3817,
        "precision_at_1": 0.8,
        "precision_at_3": 0.78667,
        "precision_at_5": 0.76,
        "precision_at_10": 0.706,
        "precision_at_20": 0.648,
        "precision_at_100": 0.4652,
        "precision_at_1000": 0.18148,
        "mrr_at_1": 0.8,
        "mrr_at_3": 0.873333,
        "mrr_at_5": 0.877333,
        "mrr_at_10": 0.877333,
        "mrr_at_20": 0.877333,
        "mrr_at_100": 0.878242,
        "mrr_at_1000": 0.878242,
        "nauc_ndcg_at_1_max": 0.334606,
        "nauc_ndcg_at_1_std": 0.417855,
        "nauc_ndcg_at_1_diff1": 0.496079,
        "nauc_ndcg_at_3_max": 0.42941,
        "nauc_ndcg_at_3_std": 0.56475,
        "nauc_ndcg_at_3_diff1": 0.296344,
        "nauc_ndcg_at_5_max": 0.388911,
        "nauc_ndcg_at_5_std": 0.611894,
        "nauc_ndcg_at_5_diff1": 0.166795,
        "nauc_ndcg_at_10_max": 0.366655,
        "nauc_ndcg_at_10_std": 0.714823,
        "nauc_ndcg_at_10_diff1": 0.081898,
        "nauc_ndcg_at_20_max": 0.3522,
        "nauc_ndcg_at_20_std": 0.747603,
        "nauc_ndcg_at_20_diff1": 0.035853,
        "nauc_ndcg_at_100_max": 0.365762,
        "nauc_ndcg_at_100_std": 0.847466,
        "nauc_ndcg_at_100_diff1": -0.060398,
        "nauc_ndcg_at_1000_max": 0.289411,
        "nauc_ndcg_at_1000_std": 0.761744,
        "nauc_ndcg_at_1000_diff1": 0.058686,
        "nauc_map_at_1_max": 0.021849,
        "nauc_map_at_1_std": -0.066495,
        "nauc_map_at_1_diff1": 0.419145,
        "nauc_map_at_3_max": 0.156349,
        "nauc_map_at_3_std": 0.072128,
        "nauc_map_at_3_diff1": 0.485487,
        "nauc_map_at_5_max": 0.117821,
        "nauc_map_at_5_std": 0.120262,
        "nauc_map_at_5_diff1": 0.40437,
        "nauc_map_at_10_max": 0.093499,
        "nauc_map_at_10_std": 0.24036,
        "nauc_map_at_10_diff1": 0.314991,
        "nauc_map_at_20_max": 0.137581,
        "nauc_map_at_20_std": 0.365574,
        "nauc_map_at_20_diff1": 0.297009,
        "nauc_map_at_100_max": 0.227345,
        "nauc_map_at_100_std": 0.688787,
        "nauc_map_at_100_diff1": 0.151097,
        "nauc_map_at_1000_max": 0.32419,
        "nauc_map_at_1000_std": 0.832195,
        "nauc_map_at_1000_diff1": -0.019898,
        "nauc_recall_at_1_max": 0.021849,
        "nauc_recall_at_1_std": -0.066495,
        "nauc_recall_at_1_diff1": 0.419145,
        "nauc_recall_at_3_max": 0.09392,
        "nauc_recall_at_3_std": 0.012262,
        "nauc_recall_at_3_diff1": 0.431629,
        "nauc_recall_at_5_max": 0.01764,
        "nauc_recall_at_5_std": 0.012523,
        "nauc_recall_at_5_diff1": 0.341398,
        "nauc_recall_at_10_max": 0.001431,
        "nauc_recall_at_10_std": 0.114758,
        "nauc_recall_at_10_diff1": 0.289127,
        "nauc_recall_at_20_max": 0.048548,
        "nauc_recall_at_20_std": 0.215115,
        "nauc_recall_at_20_diff1": 0.309729,
        "nauc_recall_at_100_max": 0.135236,
        "nauc_recall_at_100_std": 0.540962,
        "nauc_recall_at_100_diff1": 0.210086,
        "nauc_recall_at_1000_max": 0.224898,
        "nauc_recall_at_1000_std": 0.674264,
        "nauc_recall_at_1000_diff1": 0.087577,
        "nauc_precision_at_1_max": 0.64975,
        "nauc_precision_at_1_std": 0.553047,
        "nauc_precision_at_1_diff1": 0.632967,
        "nauc_precision_at_3_max": 0.610118,
        "nauc_precision_at_3_std": 0.67746,
        "nauc_precision_at_3_diff1": 0.27636,
        "nauc_precision_at_5_max": 0.460904,
        "nauc_precision_at_5_std": 0.694422,
        "nauc_precision_at_5_diff1": 0.100105,
        "nauc_precision_at_10_max": 0.401588,
        "nauc_precision_at_10_std": 0.731632,
        "nauc_precision_at_10_diff1": 0.016014,
        "nauc_precision_at_20_max": 0.368421,
        "nauc_precision_at_20_std": 0.750165,
        "nauc_precision_at_20_diff1": -0.016521,
        "nauc_precision_at_100_max": 0.358309,
        "nauc_precision_at_100_std": 0.863429,
        "nauc_precision_at_100_diff1": -0.098574,
        "nauc_precision_at_1000_max": 0.338509,
        "nauc_precision_at_1000_std": 0.711032,
        "nauc_precision_at_1000_diff1": -0.195113,
        "nauc_mrr_at_1_max": 0.64975,
        "nauc_mrr_at_1_std": 0.553047,
        "nauc_mrr_at_1_diff1": 0.632967,
        "nauc_mrr_at_3_max": 0.671874,
        "nauc_mrr_at_3_std": 0.630046,
        "nauc_mrr_at_3_diff1": 0.575211,
        "nauc_mrr_at_5_max": 0.67014,
        "nauc_mrr_at_5_std": 0.617303,
        "nauc_mrr_at_5_diff1": 0.575936,
        "nauc_mrr_at_10_max": 0.67014,
        "nauc_mrr_at_10_std": 0.617303,
        "nauc_mrr_at_10_diff1": 0.575936,
        "nauc_mrr_at_20_max": 0.67014,
        "nauc_mrr_at_20_std": 0.617303,
        "nauc_mrr_at_20_diff1": 0.575936,
        "nauc_mrr_at_100_max": 0.667537,
        "nauc_mrr_at_100_std": 0.615315,
        "nauc_mrr_at_100_diff1": 0.577655,
        "nauc_mrr_at_1000_max": 0.667537,
        "nauc_mrr_at_1000_std": 0.615315,
        "nauc_mrr_at_1000_diff1": 0.577655,
        "main_score": 0.66203,
        "hf_subset": "default",
        "languages": [
          "eng-Latn"
        ]
      }
    ]
  },
  "evaluation_time": 453.7744777202606,
  "kg_co2_emissions": null
}