{
  "dataset_revision": "080c9ed6267b65029207906e815d44a9240bafca",
  "task_name": "FEVERHardNegatives",
  "mteb_version": "1.36.29",
  "scores": {
    "test": [
      {
        "ndcg_at_1": 0.624,
        "ndcg_at_3": 0.71607,
        "ndcg_at_5": 0.74325,
        "ndcg_at_10": 0.75869,
        "ndcg_at_20": 0.76747,
        "ndcg_at_100": 0.77623,
        "ndcg_at_1000": 0.77886,
        "map_at_1": 0.58995,
        "map_at_3": 0.68159,
        "map_at_5": 0.69836,
        "map_at_10": 0.70521,
        "map_at_20": 0.70793,
        "map_at_100": 0.70933,
        "map_at_1000": 0.70947,
        "recall_at_1": 0.58995,
        "recall_at_3": 0.78185,
        "recall_at_5": 0.84743,
        "recall_at_10": 0.8939,
        "recall_at_20": 0.92671,
        "recall_at_100": 0.96973,
        "recall_at_1000": 0.98669,
        "precision_at_1": 0.624,
        "precision_at_3": 0.27933,
        "precision_at_5": 0.1832,
        "precision_at_10": 0.0972,
        "precision_at_20": 0.05085,
        "precision_at_100": 0.01084,
        "precision_at_1000": 0.00113,
        "mrr_at_1": 0.624,
        "mrr_at_3": 0.712333,
        "mrr_at_5": 0.727983,
        "mrr_at_10": 0.734244,
        "mrr_at_20": 0.736292,
        "mrr_at_100": 0.737119,
        "mrr_at_1000": 0.737153,
        "nauc_ndcg_at_1_max": 0.242089,
        "nauc_ndcg_at_1_std": -0.044679,
        "nauc_ndcg_at_1_diff1": 0.662985,
        "nauc_ndcg_at_3_max": 0.311814,
        "nauc_ndcg_at_3_std": 0.010675,
        "nauc_ndcg_at_3_diff1": 0.615717,
        "nauc_ndcg_at_5_max": 0.320747,
        "nauc_ndcg_at_5_std": 0.036129,
        "nauc_ndcg_at_5_diff1": 0.618014,
        "nauc_ndcg_at_10_max": 0.311207,
        "nauc_ndcg_at_10_std": 0.03809,
        "nauc_ndcg_at_10_diff1": 0.617241,
        "nauc_ndcg_at_20_max": 0.311175,
        "nauc_ndcg_at_20_std": 0.037381,
        "nauc_ndcg_at_20_diff1": 0.616798,
        "nauc_ndcg_at_100_max": 0.304615,
        "nauc_ndcg_at_100_std": 0.024688,
        "nauc_ndcg_at_100_diff1": 0.624877,
        "nauc_ndcg_at_1000_max": 0.304027,
        "nauc_ndcg_at_1000_std": 0.024238,
        "nauc_ndcg_at_1000_diff1": 0.624679,
        "nauc_map_at_1_max": 0.252338,
        "nauc_map_at_1_std": -0.045889,
        "nauc_map_at_1_diff1": 0.647846,
        "nauc_map_at_3_max": 0.300333,
        "nauc_map_at_3_std": -0.007459,
        "nauc_map_at_3_diff1": 0.625483,
        "nauc_map_at_5_max": 0.303702,
        "nauc_map_at_5_std": 0.005245,
        "nauc_map_at_5_diff1": 0.625478,
        "nauc_map_at_10_max": 0.299374,
        "nauc_map_at_10_std": 0.004764,
        "nauc_map_at_10_diff1": 0.625407,
        "nauc_map_at_20_max": 0.299503,
        "nauc_map_at_20_std": 0.004709,
        "nauc_map_at_20_diff1": 0.62541,
        "nauc_map_at_100_max": 0.298669,
        "nauc_map_at_100_std": 0.003195,
        "nauc_map_at_100_diff1": 0.626677,
        "nauc_map_at_1000_max": 0.298677,
        "nauc_map_at_1000_std": 0.003299,
        "nauc_map_at_1000_diff1": 0.626669,
        "nauc_recall_at_1_max": 0.252338,
        "nauc_recall_at_1_std": -0.045889,
        "nauc_recall_at_1_diff1": 0.647846,
        "nauc_recall_at_3_max": 0.375166,
        "nauc_recall_at_3_std": 0.07752,
        "nauc_recall_at_3_diff1": 0.561464,
        "nauc_recall_at_5_max": 0.415073,
        "nauc_recall_at_5_std": 0.17921,
        "nauc_recall_at_5_diff1": 0.542604,
        "nauc_recall_at_10_max": 0.393982,
        "nauc_recall_at_10_std": 0.245914,
        "nauc_recall_at_10_diff1": 0.505872,
        "nauc_recall_at_20_max": 0.422313,
        "nauc_recall_at_20_std": 0.322161,
        "nauc_recall_at_20_diff1": 0.449138,
        "nauc_recall_at_100_max": 0.437445,
        "nauc_recall_at_100_std": 0.325262,
        "nauc_recall_at_100_diff1": 0.533873,
        "nauc_recall_at_1000_max": 0.574718,
        "nauc_recall_at_1000_std": 0.541194,
        "nauc_recall_at_1000_diff1": 0.513655,
        "nauc_precision_at_1_max": 0.242089,
        "nauc_precision_at_1_std": -0.044679,
        "nauc_precision_at_1_diff1": 0.662985,
        "nauc_precision_at_3_max": 0.303731,
        "nauc_precision_at_3_std": 0.087379,
        "nauc_precision_at_3_diff1": 0.475409,
        "nauc_precision_at_5_max": 0.285493,
        "nauc_precision_at_5_std": 0.194218,
        "nauc_precision_at_5_diff1": 0.351215,
        "nauc_precision_at_10_max": 0.191909,
        "nauc_precision_at_10_std": 0.236679,
        "nauc_precision_at_10_diff1": 0.191984,
        "nauc_precision_at_20_max": 0.115494,
        "nauc_precision_at_20_std": 0.253711,
        "nauc_precision_at_20_diff1": 0.010147,
        "nauc_precision_at_100_max": -0.072016,
        "nauc_precision_at_100_std": 0.126437,
        "nauc_precision_at_100_diff1": -0.16397,
        "nauc_precision_at_1000_max": -0.106167,
        "nauc_precision_at_1000_std": 0.126308,
        "nauc_precision_at_1000_diff1": -0.236112,
        "nauc_mrr_at_1_max": 0.242089,
        "nauc_mrr_at_1_std": -0.044679,
        "nauc_mrr_at_1_diff1": 0.662985,
        "nauc_mrr_at_3_max": 0.279774,
        "nauc_mrr_at_3_std": -0.00404,
        "nauc_mrr_at_3_diff1": 0.632183,
        "nauc_mrr_at_5_max": 0.282577,
        "nauc_mrr_at_5_std": 0.005542,
        "nauc_mrr_at_5_diff1": 0.635507,
        "nauc_mrr_at_10_max": 0.278155,
        "nauc_mrr_at_10_std": 0.006158,
        "nauc_mrr_at_10_diff1": 0.635429,
        "nauc_mrr_at_20_max": 0.277726,
        "nauc_mrr_at_20_std": 0.005155,
        "nauc_mrr_at_20_diff1": 0.63526,
        "nauc_mrr_at_100_max": 0.276916,
        "nauc_mrr_at_100_std": 0.003069,
        "nauc_mrr_at_100_diff1": 0.636075,
        "nauc_mrr_at_1000_max": 0.276886,
        "nauc_mrr_at_1000_std": 0.002991,
        "nauc_mrr_at_1000_diff1": 0.636069,
        "main_score": 0.75869,
        "hf_subset": "default",
        "languages": [
          "eng-Latn"
        ]
      }
    ]
  },
  "evaluation_time": 390.22584533691406,
  "kg_co2_emissions": null
}