{
  "dataset_revision": "617612fa63afcb60e3b134bed8b7216a99707c37",
  "task_name": "HotpotQAHardNegatives",
  "mteb_version": "1.36.29",
  "scores": {
    "test": [
      {
        "ndcg_at_1": 0.737,
        "ndcg_at_3": 0.61465,
        "ndcg_at_5": 0.64621,
        "ndcg_at_10": 0.67284,
        "ndcg_at_20": 0.69016,
        "ndcg_at_100": 0.71285,
        "ndcg_at_1000": 0.72473,
        "map_at_1": 0.3685,
        "map_at_3": 0.5415,
        "map_at_5": 0.5666,
        "map_at_10": 0.58203,
        "map_at_20": 0.58867,
        "map_at_100": 0.59335,
        "map_at_1000": 0.59404,
        "recall_at_1": 0.3685,
        "recall_at_3": 0.5935,
        "recall_at_5": 0.656,
        "recall_at_10": 0.7235,
        "recall_at_20": 0.7795,
        "recall_at_100": 0.8795,
        "recall_at_1000": 0.9565,
        "precision_at_1": 0.737,
        "precision_at_3": 0.39567,
        "precision_at_5": 0.2624,
        "precision_at_10": 0.1447,
        "precision_at_20": 0.07795,
        "precision_at_100": 0.01759,
        "precision_at_1000": 0.00191,
        "mrr_at_1": 0.737,
        "mrr_at_3": 0.794,
        "mrr_at_5": 0.8009,
        "mrr_at_10": 0.805614,
        "mrr_at_20": 0.807792,
        "mrr_at_100": 0.808583,
        "mrr_at_1000": 0.808622,
        "nauc_ndcg_at_1_max": 0.472815,
        "nauc_ndcg_at_1_std": -0.178437,
        "nauc_ndcg_at_1_diff1": 0.745985,
        "nauc_ndcg_at_3_max": 0.284004,
        "nauc_ndcg_at_3_std": -0.141389,
        "nauc_ndcg_at_3_diff1": 0.30581,
        "nauc_ndcg_at_5_max": 0.263588,
        "nauc_ndcg_at_5_std": -0.136053,
        "nauc_ndcg_at_5_diff1": 0.294511,
        "nauc_ndcg_at_10_max": 0.266581,
        "nauc_ndcg_at_10_std": -0.121737,
        "nauc_ndcg_at_10_diff1": 0.287862,
        "nauc_ndcg_at_20_max": 0.264016,
        "nauc_ndcg_at_20_std": -0.112771,
        "nauc_ndcg_at_20_diff1": 0.284076,
        "nauc_ndcg_at_100_max": 0.274174,
        "nauc_ndcg_at_100_std": -0.102457,
        "nauc_ndcg_at_100_diff1": 0.297574,
        "nauc_ndcg_at_1000_max": 0.280566,
        "nauc_ndcg_at_1000_std": -0.103326,
        "nauc_ndcg_at_1000_diff1": 0.308624,
        "nauc_map_at_1_max": 0.472815,
        "nauc_map_at_1_std": -0.178437,
        "nauc_map_at_1_diff1": 0.745985,
        "nauc_map_at_3_max": 0.248738,
        "nauc_map_at_3_std": -0.134712,
        "nauc_map_at_3_diff1": 0.245685,
        "nauc_map_at_5_max": 0.234887,
        "nauc_map_at_5_std": -0.134214,
        "nauc_map_at_5_diff1": 0.241568,
        "nauc_map_at_10_max": 0.238647,
        "nauc_map_at_10_std": -0.127846,
        "nauc_map_at_10_diff1": 0.240054,
        "nauc_map_at_20_max": 0.238531,
        "nauc_map_at_20_std": -0.124787,
        "nauc_map_at_20_diff1": 0.239588,
        "nauc_map_at_100_max": 0.240473,
        "nauc_map_at_100_std": -0.123031,
        "nauc_map_at_100_diff1": 0.241988,
        "nauc_map_at_1000_max": 0.240574,
        "nauc_map_at_1000_std": -0.122927,
        "nauc_map_at_1000_diff1": 0.242252,
        "nauc_recall_at_1_max": 0.472815,
        "nauc_recall_at_1_std": -0.178437,
        "nauc_recall_at_1_diff1": 0.745985,
        "nauc_recall_at_3_max": 0.21511,
        "nauc_recall_at_3_std": -0.12388,
        "nauc_recall_at_3_diff1": 0.153378,
        "nauc_recall_at_5_max": 0.161626,
        "nauc_recall_at_5_std": -0.106924,
        "nauc_recall_at_5_diff1": 0.112762,
        "nauc_recall_at_10_max": 0.145599,
        "nauc_recall_at_10_std": -0.058643,
        "nauc_recall_at_10_diff1": 0.061823,
        "nauc_recall_at_20_max": 0.111346,
        "nauc_recall_at_20_std": -0.012367,
        "nauc_recall_at_20_diff1": 0.008049,
        "nauc_recall_at_100_max": 0.104403,
        "nauc_recall_at_100_std": 0.124833,
        "nauc_recall_at_100_diff1": -0.049647,
        "nauc_recall_at_1000_max": 0.095099,
        "nauc_recall_at_1000_std": 0.40056,
        "nauc_recall_at_1000_diff1": -0.20211,
        "nauc_precision_at_1_max": 0.472815,
        "nauc_precision_at_1_std": -0.178437,
        "nauc_precision_at_1_diff1": 0.745985,
        "nauc_precision_at_3_max": 0.21511,
        "nauc_precision_at_3_std": -0.12388,
        "nauc_precision_at_3_diff1": 0.153378,
        "nauc_precision_at_5_max": 0.161626,
        "nauc_precision_at_5_std": -0.106924,
        "nauc_precision_at_5_diff1": 0.112762,
        "nauc_precision_at_10_max": 0.145599,
        "nauc_precision_at_10_std": -0.058643,
        "nauc_precision_at_10_diff1": 0.061823,
        "nauc_precision_at_20_max": 0.111346,
        "nauc_precision_at_20_std": -0.012367,
        "nauc_precision_at_20_diff1": 0.008049,
        "nauc_precision_at_100_max": 0.104403,
        "nauc_precision_at_100_std": 0.124833,
        "nauc_precision_at_100_diff1": -0.049647,
        "nauc_precision_at_1000_max": 0.095099,
        "nauc_precision_at_1000_std": 0.40056,
        "nauc_precision_at_1000_diff1": -0.20211,
        "nauc_mrr_at_1_max": 0.472815,
        "nauc_mrr_at_1_std": -0.178437,
        "nauc_mrr_at_1_diff1": 0.745985,
        "nauc_mrr_at_3_max": 0.491089,
        "nauc_mrr_at_3_std": -0.184467,
        "nauc_mrr_at_3_diff1": 0.728085,
        "nauc_mrr_at_5_max": 0.489713,
        "nauc_mrr_at_5_std": -0.175621,
        "nauc_mrr_at_5_diff1": 0.727484,
        "nauc_mrr_at_10_max": 0.488815,
        "nauc_mrr_at_10_std": -0.173214,
        "nauc_mrr_at_10_diff1": 0.728342,
        "nauc_mrr_at_20_max": 0.4888,
        "nauc_mrr_at_20_std": -0.173922,
        "nauc_mrr_at_20_diff1": 0.728404,
        "nauc_mrr_at_100_max": 0.488086,
        "nauc_mrr_at_100_std": -0.174679,
        "nauc_mrr_at_100_diff1": 0.728711,
        "nauc_mrr_at_1000_max": 0.48805,
        "nauc_mrr_at_1000_std": -0.17474,
        "nauc_mrr_at_1000_diff1": 0.728718,
        "main_score": 0.67284,
        "hf_subset": "default",
        "languages": [
          "eng-Latn"
        ]
      }
    ]
  },
  "evaluation_time": 352.9887263774872,
  "kg_co2_emissions": null
}