{
  "dataset_revision": "8fae72a2c75530aaaac6920a02622490d923ca98",
  "task_name": "ChemRxivNC2",
  "mteb_version": "1.36.29",
  "scores": {
    "test": [
      {
        "ndcg_at_1": 0.7392,
        "ndcg_at_3": 0.82576,
        "ndcg_at_5": 0.8447,
        "ndcg_at_10": 0.85354,
        "ndcg_at_20": 0.85763,
        "ndcg_at_100": 0.86122,
        "ndcg_at_1000": 0.862,
        "map_at_1": 0.7392,
        "map_at_3": 0.80507,
        "map_at_5": 0.81567,
        "map_at_10": 0.81942,
        "map_at_20": 0.82056,
        "map_at_100": 0.82108,
        "map_at_1000": 0.82111,
        "recall_at_1": 0.7392,
        "recall_at_3": 0.8854,
        "recall_at_5": 0.931,
        "recall_at_10": 0.9578,
        "recall_at_20": 0.9738,
        "recall_at_100": 0.9928,
        "recall_at_1000": 0.999,
        "precision_at_1": 0.7392,
        "precision_at_3": 0.29513,
        "precision_at_5": 0.1862,
        "precision_at_10": 0.09578,
        "precision_at_20": 0.04869,
        "precision_at_100": 0.00993,
        "precision_at_1000": 0.001,
        "mrr_at_1": 0.7386,
        "mrr_at_3": 0.8047,
        "mrr_at_5": 0.81535,
        "mrr_at_10": 0.8191,
        "mrr_at_20": 0.820256,
        "mrr_at_100": 0.820768,
        "mrr_at_1000": 0.820796,
        "nauc_ndcg_at_1_max": 0.372454,
        "nauc_ndcg_at_1_std": -0.222097,
        "nauc_ndcg_at_1_diff1": 0.773312,
        "nauc_ndcg_at_3_max": 0.431052,
        "nauc_ndcg_at_3_std": -0.198414,
        "nauc_ndcg_at_3_diff1": 0.730298,
        "nauc_ndcg_at_5_max": 0.436134,
        "nauc_ndcg_at_5_std": -0.18946,
        "nauc_ndcg_at_5_diff1": 0.739018,
        "nauc_ndcg_at_10_max": 0.434354,
        "nauc_ndcg_at_10_std": -0.186352,
        "nauc_ndcg_at_10_diff1": 0.742769,
        "nauc_ndcg_at_20_max": 0.428915,
        "nauc_ndcg_at_20_std": -0.186125,
        "nauc_ndcg_at_20_diff1": 0.742627,
        "nauc_ndcg_at_100_max": 0.422853,
        "nauc_ndcg_at_100_std": -0.194526,
        "nauc_ndcg_at_100_diff1": 0.746242,
        "nauc_ndcg_at_1000_max": 0.420287,
        "nauc_ndcg_at_1000_std": -0.196386,
        "nauc_ndcg_at_1000_diff1": 0.746171,
        "nauc_map_at_1_max": 0.372454,
        "nauc_map_at_1_std": -0.222097,
        "nauc_map_at_1_diff1": 0.773312,
        "nauc_map_at_3_max": 0.413512,
        "nauc_map_at_3_std": -0.207399,
        "nauc_map_at_3_diff1": 0.74221,
        "nauc_map_at_5_max": 0.415125,
        "nauc_map_at_5_std": -0.203584,
        "nauc_map_at_5_diff1": 0.747188,
        "nauc_map_at_10_max": 0.414029,
        "nauc_map_at_10_std": -0.202812,
        "nauc_map_at_10_diff1": 0.748615,
        "nauc_map_at_20_max": 0.412658,
        "nauc_map_at_20_std": -0.202931,
        "nauc_map_at_20_diff1": 0.748609,
        "nauc_map_at_100_max": 0.411905,
        "nauc_map_at_100_std": -0.203911,
        "nauc_map_at_100_diff1": 0.749065,
        "nauc_map_at_1000_max": 0.411832,
        "nauc_map_at_1000_std": -0.203949,
        "nauc_map_at_1000_diff1": 0.749063,
        "nauc_recall_at_1_max": 0.372454,
        "nauc_recall_at_1_std": -0.222097,
        "nauc_recall_at_1_diff1": 0.773312,
        "nauc_recall_at_3_max": 0.510519,
        "nauc_recall_at_3_std": -0.156415,
        "nauc_recall_at_3_diff1": 0.676989,
        "nauc_recall_at_5_max": 0.583732,
        "nauc_recall_at_5_std": -0.085957,
        "nauc_recall_at_5_diff1": 0.685763,
        "nauc_recall_at_10_max": 0.660354,
        "nauc_recall_at_10_std": 0.009541,
        "nauc_recall_at_10_diff1": 0.689403,
        "nauc_recall_at_20_max": 0.693274,
        "nauc_recall_at_20_std": 0.136371,
        "nauc_recall_at_20_diff1": 0.654806,
        "nauc_recall_at_100_max": 0.832011,
        "nauc_recall_at_100_std": 0.197116,
        "nauc_recall_at_100_diff1": 0.749429,
        "nauc_recall_at_1000_max": 0.802988,
        "nauc_recall_at_1000_std": 0.65789,
        "nauc_recall_at_1000_diff1": 0.700747,
        "nauc_precision_at_1_max": 0.372454,
        "nauc_precision_at_1_std": -0.222097,
        "nauc_precision_at_1_diff1": 0.773312,
        "nauc_precision_at_3_max": 0.510519,
        "nauc_precision_at_3_std": -0.156415,
        "nauc_precision_at_3_diff1": 0.676989,
        "nauc_precision_at_5_max": 0.583732,
        "nauc_precision_at_5_std": -0.085957,
        "nauc_precision_at_5_diff1": 0.685763,
        "nauc_precision_at_10_max": 0.660354,
        "nauc_precision_at_10_std": 0.009541,
        "nauc_precision_at_10_diff1": 0.689403,
        "nauc_precision_at_20_max": 0.693274,
        "nauc_precision_at_20_std": 0.136371,
        "nauc_precision_at_20_diff1": 0.654806,
        "nauc_precision_at_100_max": 0.832011,
        "nauc_precision_at_100_std": 0.197116,
        "nauc_precision_at_100_diff1": 0.749429,
        "nauc_precision_at_1000_max": 0.802988,
        "nauc_precision_at_1000_std": 0.65789,
        "nauc_precision_at_1000_diff1": 0.700747,
        "nauc_mrr_at_1_max": 0.372076,
        "nauc_mrr_at_1_std": -0.224085,
        "nauc_mrr_at_1_diff1": 0.774457,
        "nauc_mrr_at_3_max": 0.413216,
        "nauc_mrr_at_3_std": -0.20885,
        "nauc_mrr_at_3_diff1": 0.743123,
        "nauc_mrr_at_5_max": 0.41481,
        "nauc_mrr_at_5_std": -0.205013,
        "nauc_mrr_at_5_diff1": 0.748044,
        "nauc_mrr_at_10_max": 0.413708,
        "nauc_mrr_at_10_std": -0.204275,
        "nauc_mrr_at_10_diff1": 0.749488,
        "nauc_mrr_at_20_max": 0.412301,
        "nauc_mrr_at_20_std": -0.204451,
        "nauc_mrr_at_20_diff1": 0.749501,
        "nauc_mrr_at_100_max": 0.411582,
        "nauc_mrr_at_100_std": -0.205389,
        "nauc_mrr_at_100_diff1": 0.749948,
        "nauc_mrr_at_1000_max": 0.41151,
        "nauc_mrr_at_1000_std": -0.205428,
        "nauc_mrr_at_1000_diff1": 0.749946,
        "main_score": 0.85354,
        "hf_subset": "default",
        "languages": [
          "eng-Latn"
        ]
      }
    ]
  },
  "evaluation_time": 176.751704454422,
  "kg_co2_emissions": null
}