{
  "dataset_revision": "f8c2fcf00f625baaa80f62ec5bd9e1fff3b8ae88",
  "task_name": "SCIDOCS",
  "mteb_version": "1.36.29",
  "scores": {
    "test": [
      {
        "ndcg_at_1": 0.173,
        "ndcg_at_3": 0.13606,
        "ndcg_at_5": 0.11652,
        "ndcg_at_10": 0.14172,
        "ndcg_at_20": 0.16229,
        "ndcg_at_100": 0.20285,
        "ndcg_at_1000": 0.25253,
        "map_at_1": 0.03518,
        "map_at_3": 0.05978,
        "map_at_5": 0.06915,
        "map_at_10": 0.08028,
        "map_at_20": 0.08699,
        "map_at_100": 0.094,
        "map_at_1000": 0.09631,
        "recall_at_1": 0.03518,
        "recall_at_3": 0.07672,
        "recall_at_5": 0.10122,
        "recall_at_10": 0.14763,
        "recall_at_20": 0.19558,
        "recall_at_100": 0.32713,
        "recall_at_1000": 0.57263,
        "precision_at_1": 0.173,
        "precision_at_3": 0.12567,
        "precision_at_5": 0.0998,
        "precision_at_10": 0.0727,
        "precision_at_20": 0.04825,
        "precision_at_100": 0.01614,
        "precision_at_1000": 0.00282,
        "mrr_at_1": 0.173,
        "mrr_at_3": 0.228167,
        "mrr_at_5": 0.243067,
        "mrr_at_10": 0.256878,
        "mrr_at_20": 0.263501,
        "mrr_at_100": 0.268562,
        "mrr_at_1000": 0.269351,
        "nauc_ndcg_at_1_max": 0.177132,
        "nauc_ndcg_at_1_std": -0.01252,
        "nauc_ndcg_at_1_diff1": 0.196796,
        "nauc_ndcg_at_3_max": 0.199167,
        "nauc_ndcg_at_3_std": 0.008789,
        "nauc_ndcg_at_3_diff1": 0.178039,
        "nauc_ndcg_at_5_max": 0.186592,
        "nauc_ndcg_at_5_std": 0.020298,
        "nauc_ndcg_at_5_diff1": 0.154147,
        "nauc_ndcg_at_10_max": 0.195976,
        "nauc_ndcg_at_10_std": 0.057053,
        "nauc_ndcg_at_10_diff1": 0.155961,
        "nauc_ndcg_at_20_max": 0.21701,
        "nauc_ndcg_at_20_std": 0.088328,
        "nauc_ndcg_at_20_diff1": 0.161266,
        "nauc_ndcg_at_100_max": 0.239605,
        "nauc_ndcg_at_100_std": 0.13149,
        "nauc_ndcg_at_100_diff1": 0.16856,
        "nauc_ndcg_at_1000_max": 0.244974,
        "nauc_ndcg_at_1000_std": 0.148185,
        "nauc_ndcg_at_1000_diff1": 0.177264,
        "nauc_map_at_1_max": 0.174679,
        "nauc_map_at_1_std": -0.014992,
        "nauc_map_at_1_diff1": 0.193436,
        "nauc_map_at_3_max": 0.19713,
        "nauc_map_at_3_std": -0.000265,
        "nauc_map_at_3_diff1": 0.174133,
        "nauc_map_at_5_max": 0.196991,
        "nauc_map_at_5_std": 0.014498,
        "nauc_map_at_5_diff1": 0.156683,
        "nauc_map_at_10_max": 0.199686,
        "nauc_map_at_10_std": 0.035931,
        "nauc_map_at_10_diff1": 0.154734,
        "nauc_map_at_20_max": 0.214435,
        "nauc_map_at_20_std": 0.055153,
        "nauc_map_at_20_diff1": 0.161605,
        "nauc_map_at_100_max": 0.221995,
        "nauc_map_at_100_std": 0.071026,
        "nauc_map_at_100_diff1": 0.162795,
        "nauc_map_at_1000_max": 0.222548,
        "nauc_map_at_1000_std": 0.073307,
        "nauc_map_at_1000_diff1": 0.164008,
        "nauc_recall_at_1_max": 0.174679,
        "nauc_recall_at_1_std": -0.014992,
        "nauc_recall_at_1_diff1": 0.193436,
        "nauc_recall_at_3_max": 0.206946,
        "nauc_recall_at_3_std": 0.020442,
        "nauc_recall_at_3_diff1": 0.169556,
        "nauc_recall_at_5_max": 0.183126,
        "nauc_recall_at_5_std": 0.042607,
        "nauc_recall_at_5_diff1": 0.127722,
        "nauc_recall_at_10_max": 0.190965,
        "nauc_recall_at_10_std": 0.106313,
        "nauc_recall_at_10_diff1": 0.130715,
        "nauc_recall_at_20_max": 0.228633,
        "nauc_recall_at_20_std": 0.164588,
        "nauc_recall_at_20_diff1": 0.137855,
        "nauc_recall_at_100_max": 0.261514,
        "nauc_recall_at_100_std": 0.246815,
        "nauc_recall_at_100_diff1": 0.146773,
        "nauc_recall_at_1000_max": 0.25264,
        "nauc_recall_at_1000_std": 0.29589,
        "nauc_recall_at_1000_diff1": 0.155146,
        "nauc_precision_at_1_max": 0.177132,
        "nauc_precision_at_1_std": -0.01252,
        "nauc_precision_at_1_diff1": 0.196796,
        "nauc_precision_at_3_max": 0.212678,
        "nauc_precision_at_3_std": 0.026321,
        "nauc_precision_at_3_diff1": 0.172656,
        "nauc_precision_at_5_max": 0.185456,
        "nauc_precision_at_5_std": 0.047363,
        "nauc_precision_at_5_diff1": 0.128958,
        "nauc_precision_at_10_max": 0.195436,
        "nauc_precision_at_10_std": 0.109643,
        "nauc_precision_at_10_diff1": 0.133916,
        "nauc_precision_at_20_max": 0.231535,
        "nauc_precision_at_20_std": 0.16633,
        "nauc_precision_at_20_diff1": 0.140982,
        "nauc_precision_at_100_max": 0.267226,
        "nauc_precision_at_100_std": 0.250924,
        "nauc_precision_at_100_diff1": 0.149105,
        "nauc_precision_at_1000_max": 0.258601,
        "nauc_precision_at_1000_std": 0.294567,
        "nauc_precision_at_1000_diff1": 0.157241,
        "nauc_mrr_at_1_max": 0.177132,
        "nauc_mrr_at_1_std": -0.01252,
        "nauc_mrr_at_1_diff1": 0.196796,
        "nauc_mrr_at_3_max": 0.183136,
        "nauc_mrr_at_3_std": -0.003993,
        "nauc_mrr_at_3_diff1": 0.18486,
        "nauc_mrr_at_5_max": 0.170665,
        "nauc_mrr_at_5_std": -0.001985,
        "nauc_mrr_at_5_diff1": 0.173886,
        "nauc_mrr_at_10_max": 0.177044,
        "nauc_mrr_at_10_std": 0.013604,
        "nauc_mrr_at_10_diff1": 0.174757,
        "nauc_mrr_at_20_max": 0.178923,
        "nauc_mrr_at_20_std": 0.016306,
        "nauc_mrr_at_20_diff1": 0.175814,
        "nauc_mrr_at_100_max": 0.179546,
        "nauc_mrr_at_100_std": 0.017394,
        "nauc_mrr_at_100_diff1": 0.176553,
        "nauc_mrr_at_1000_max": 0.179447,
        "nauc_mrr_at_1000_std": 0.01697,
        "nauc_mrr_at_1000_diff1": 0.176395,
        "main_score": 0.14172,
        "hf_subset": "default",
        "languages": [
          "eng-Latn"
        ]
      }
    ]
  },
  "evaluation_time": 71.36295437812805,
  "kg_co2_emissions": null
}