{
  "dataset_revision": "70970daeab8776df92f5ea462b6173c0b46fd2d1",
  "task_name": "TwitterSemEval2015",
  "mteb_version": "1.36.29",
  "scores": {
    "test": [
      {
        "similarity_accuracy": 0.857722,
        "similarity_accuracy_threshold": 0.705778,
        "similarity_f1": 0.676139,
        "similarity_f1_threshold": 0.68597,
        "similarity_precision": 0.680567,
        "similarity_recall": 0.671768,
        "similarity_ap": 0.731348,
        "cosine_accuracy": 0.857722,
        "cosine_accuracy_threshold": 0.705778,
        "cosine_f1": 0.676139,
        "cosine_f1_threshold": 0.68597,
        "cosine_precision": 0.680567,
        "cosine_recall": 0.671768,
        "cosine_ap": 0.731348,
        "manhattan_accuracy": 0.861954,
        "manhattan_accuracy_threshold": 333.987061,
        "manhattan_f1": 0.684224,
        "manhattan_f1_threshold": 354.398804,
        "manhattan_precision": 0.646479,
        "manhattan_recall": 0.726649,
        "manhattan_ap": 0.740467,
        "euclidean_accuracy": 0.863027,
        "euclidean_accuracy_threshold": 15.158538,
        "euclidean_f1": 0.686589,
        "euclidean_f1_threshold": 16.03495,
        "euclidean_precision": 0.650083,
        "euclidean_recall": 0.727441,
        "euclidean_ap": 0.741107,
        "dot_accuracy": 0.821959,
        "dot_accuracy_threshold": 287.390747,
        "dot_f1": 0.600824,
        "dot_f1_threshold": 257.121033,
        "dot_precision": 0.530517,
        "dot_recall": 0.692612,
        "dot_ap": 0.621735,
        "max_accuracy": 0.863027,
        "max_f1": 0.686589,
        "max_precision": 0.680567,
        "max_recall": 0.727441,
        "max_ap": 0.741107,
        "main_score": 0.741107,
        "hf_subset": "default",
        "languages": [
          "eng-Latn"
        ]
      }
    ]
  },
  "evaluation_time": 26.53032946586609,
  "kg_co2_emissions": null
}