{
  "dataset_revision": "f33a205966ce032f957c3a22f4f9e378f89a2c56",
  "task_name": "PubChemAISentenceParaphrasePC",
  "mteb_version": "1.36.29",
  "scores": {
    "test": [
      {
        "similarity_accuracy": 0.980957,
        "similarity_accuracy_threshold": 0.920694,
        "similarity_f1": 0.900256,
        "similarity_f1_threshold": 0.920694,
        "similarity_precision": 0.946237,
        "similarity_recall": 0.858537,
        "similarity_ap": 0.928336,
        "cosine_accuracy": 0.980957,
        "cosine_accuracy_threshold": 0.920694,
        "cosine_f1": 0.900256,
        "cosine_f1_threshold": 0.920694,
        "cosine_precision": 0.946237,
        "cosine_recall": 0.858537,
        "cosine_ap": 0.928336,
        "manhattan_accuracy": 0.977539,
        "manhattan_accuracy_threshold": 187.957855,
        "manhattan_f1": 0.885,
        "manhattan_f1_threshold": 187.957855,
        "manhattan_precision": 0.907692,
        "manhattan_recall": 0.863415,
        "manhattan_ap": 0.919338,
        "euclidean_accuracy": 0.978027,
        "euclidean_accuracy_threshold": 8.488289,
        "euclidean_f1": 0.887218,
        "euclidean_f1_threshold": 8.488289,
        "euclidean_precision": 0.912371,
        "euclidean_recall": 0.863415,
        "euclidean_ap": 0.918698,
        "dot_accuracy": 0.933594,
        "dot_accuracy_threshold": 380.713135,
        "dot_f1": 0.645161,
        "dot_f1_threshold": 368.701416,
        "dot_precision": 0.656566,
        "dot_recall": 0.634146,
        "dot_ap": 0.677922,
        "max_accuracy": 0.980957,
        "max_f1": 0.900256,
        "max_precision": 0.946237,
        "max_recall": 0.863415,
        "max_ap": 0.928336,
        "main_score": 0.928336,
        "hf_subset": "default",
        "languages": [
          "eng-Latn"
        ]
      }
    ]
  },
  "evaluation_time": 3.272404670715332,
  "kg_co2_emissions": null
}