{
  "dataset_revision": "8fae72a2c75530aaaac6920a02622490d923ca98",
  "task_name": "ChemRxivNC2",
  "mteb_version": "1.36.29",
  "scores": {
    "test": [
      {
        "ndcg_at_1": 0.7456,
        "ndcg_at_3": 0.83356,
        "ndcg_at_5": 0.84885,
        "ndcg_at_10": 0.85836,
        "ndcg_at_20": 0.86187,
        "ndcg_at_100": 0.86539,
        "ndcg_at_1000": 0.86626,
        "map_at_1": 0.7456,
        "map_at_3": 0.81247,
        "map_at_5": 0.82107,
        "map_at_10": 0.82503,
        "map_at_20": 0.82601,
        "map_at_100": 0.82654,
        "map_at_1000": 0.82657,
        "recall_at_1": 0.7456,
        "recall_at_3": 0.8944,
        "recall_at_5": 0.931,
        "recall_at_10": 0.9602,
        "recall_at_20": 0.974,
        "recall_at_100": 0.9924,
        "recall_at_1000": 0.9992,
        "precision_at_1": 0.7456,
        "precision_at_3": 0.29813,
        "precision_at_5": 0.1862,
        "precision_at_10": 0.09602,
        "precision_at_20": 0.0487,
        "precision_at_100": 0.00992,
        "precision_at_1000": 0.001,
        "mrr_at_1": 0.7446,
        "mrr_at_3": 0.811933,
        "mrr_at_5": 0.820583,
        "mrr_at_10": 0.824551,
        "mrr_at_20": 0.825525,
        "mrr_at_100": 0.826052,
        "mrr_at_1000": 0.826085,
        "nauc_ndcg_at_1_max": 0.398003,
        "nauc_ndcg_at_1_std": -0.207618,
        "nauc_ndcg_at_1_diff1": 0.783276,
        "nauc_ndcg_at_3_max": 0.450976,
        "nauc_ndcg_at_3_std": -0.190077,
        "nauc_ndcg_at_3_diff1": 0.743903,
        "nauc_ndcg_at_5_max": 0.457173,
        "nauc_ndcg_at_5_std": -0.172973,
        "nauc_ndcg_at_5_diff1": 0.750948,
        "nauc_ndcg_at_10_max": 0.456313,
        "nauc_ndcg_at_10_std": -0.173488,
        "nauc_ndcg_at_10_diff1": 0.753366,
        "nauc_ndcg_at_20_max": 0.451368,
        "nauc_ndcg_at_20_std": -0.173678,
        "nauc_ndcg_at_20_diff1": 0.755765,
        "nauc_ndcg_at_100_max": 0.445588,
        "nauc_ndcg_at_100_std": -0.180604,
        "nauc_ndcg_at_100_diff1": 0.758582,
        "nauc_ndcg_at_1000_max": 0.442807,
        "nauc_ndcg_at_1000_std": -0.182805,
        "nauc_ndcg_at_1000_diff1": 0.75823,
        "nauc_map_at_1_max": 0.398003,
        "nauc_map_at_1_std": -0.207618,
        "nauc_map_at_1_diff1": 0.783276,
        "nauc_map_at_3_max": 0.435066,
        "nauc_map_at_3_std": -0.196251,
        "nauc_map_at_3_diff1": 0.755096,
        "nauc_map_at_5_max": 0.437134,
        "nauc_map_at_5_std": -0.188492,
        "nauc_map_at_5_diff1": 0.759129,
        "nauc_map_at_10_max": 0.436572,
        "nauc_map_at_10_std": -0.188881,
        "nauc_map_at_10_diff1": 0.760237,
        "nauc_map_at_20_max": 0.435343,
        "nauc_map_at_20_std": -0.1891,
        "nauc_map_at_20_diff1": 0.760782,
        "nauc_map_at_100_max": 0.434661,
        "nauc_map_at_100_std": -0.18986,
        "nauc_map_at_100_diff1": 0.761132,
        "nauc_map_at_1000_max": 0.434575,
        "nauc_map_at_1000_std": -0.189924,
        "nauc_map_at_1000_diff1": 0.76112,
        "nauc_recall_at_1_max": 0.398003,
        "nauc_recall_at_1_std": -0.207618,
        "nauc_recall_at_1_diff1": 0.783276,
        "nauc_recall_at_3_max": 0.525724,
        "nauc_recall_at_3_std": -0.160426,
        "nauc_recall_at_3_diff1": 0.691773,
        "nauc_recall_at_5_max": 0.595575,
        "nauc_recall_at_5_std": -0.060538,
        "nauc_recall_at_5_diff1": 0.698179,
        "nauc_recall_at_10_max": 0.683628,
        "nauc_recall_at_10_std": 0.013267,
        "nauc_recall_at_10_diff1": 0.682024,
        "nauc_recall_at_20_max": 0.710163,
        "nauc_recall_at_20_std": 0.112803,
        "nauc_recall_at_20_diff1": 0.691496,
        "nauc_recall_at_100_max": 0.83036,
        "nauc_recall_at_100_std": 0.187528,
        "nauc_recall_at_100_diff1": 0.771008,
        "nauc_recall_at_1000_max": 0.786415,
        "nauc_recall_at_1000_std": 0.638189,
        "nauc_recall_at_1000_diff1": 0.476074,
        "nauc_precision_at_1_max": 0.398003,
        "nauc_precision_at_1_std": -0.207618,
        "nauc_precision_at_1_diff1": 0.783276,
        "nauc_precision_at_3_max": 0.525724,
        "nauc_precision_at_3_std": -0.160426,
        "nauc_precision_at_3_diff1": 0.691773,
        "nauc_precision_at_5_max": 0.595575,
        "nauc_precision_at_5_std": -0.060538,
        "nauc_precision_at_5_diff1": 0.698179,
        "nauc_precision_at_10_max": 0.683628,
        "nauc_precision_at_10_std": 0.013267,
        "nauc_precision_at_10_diff1": 0.682024,
        "nauc_precision_at_20_max": 0.710163,
        "nauc_precision_at_20_std": 0.112803,
        "nauc_precision_at_20_diff1": 0.691496,
        "nauc_precision_at_100_max": 0.83036,
        "nauc_precision_at_100_std": 0.187528,
        "nauc_precision_at_100_diff1": 0.771008,
        "nauc_precision_at_1000_max": 0.786415,
        "nauc_precision_at_1000_std": 0.638189,
        "nauc_precision_at_1000_diff1": 0.476074,
        "nauc_mrr_at_1_max": 0.398048,
        "nauc_mrr_at_1_std": -0.207505,
        "nauc_mrr_at_1_diff1": 0.78519,
        "nauc_mrr_at_3_max": 0.43503,
        "nauc_mrr_at_3_std": -0.196719,
        "nauc_mrr_at_3_diff1": 0.75648,
        "nauc_mrr_at_5_max": 0.436988,
        "nauc_mrr_at_5_std": -0.188702,
        "nauc_mrr_at_5_diff1": 0.760472,
        "nauc_mrr_at_10_max": 0.436423,
        "nauc_mrr_at_10_std": -0.189095,
        "nauc_mrr_at_10_diff1": 0.761611,
        "nauc_mrr_at_20_max": 0.435195,
        "nauc_mrr_at_20_std": -0.189315,
        "nauc_mrr_at_20_diff1": 0.762163,
        "nauc_mrr_at_100_max": 0.434514,
        "nauc_mrr_at_100_std": -0.190076,
        "nauc_mrr_at_100_diff1": 0.762517,
        "nauc_mrr_at_1000_max": 0.434428,
        "nauc_mrr_at_1000_std": -0.19014,
        "nauc_mrr_at_1000_diff1": 0.762505,
        "main_score": 0.85836,
        "hf_subset": "default",
        "languages": [
          "eng-Latn"
        ]
      }
    ]
  },
  "evaluation_time": 173.70014643669128,
  "kg_co2_emissions": null
}