{
  "dataset_revision": "8fae72a2c75530aaaac6920a02622490d923ca98",
  "task_name": "ChemRxivNC2",
  "mteb_version": "1.36.29",
  "scores": {
    "test": [
      {
        "ndcg_at_1": 0.6546,
        "ndcg_at_3": 0.75894,
        "ndcg_at_5": 0.78014,
        "ndcg_at_10": 0.7951,
        "ndcg_at_20": 0.80206,
        "ndcg_at_100": 0.80763,
        "ndcg_at_1000": 0.80922,
        "map_at_1": 0.6546,
        "map_at_3": 0.734,
        "map_at_5": 0.74584,
        "map_at_10": 0.7521,
        "map_at_20": 0.754,
        "map_at_100": 0.75479,
        "map_at_1000": 0.75485,
        "recall_at_1": 0.6546,
        "recall_at_3": 0.8308,
        "recall_at_5": 0.882,
        "recall_at_10": 0.9278,
        "recall_at_20": 0.9554,
        "recall_at_100": 0.9852,
        "recall_at_1000": 0.9978,
        "precision_at_1": 0.6546,
        "precision_at_3": 0.27693,
        "precision_at_5": 0.1764,
        "precision_at_10": 0.09278,
        "precision_at_20": 0.04777,
        "precision_at_100": 0.00985,
        "precision_at_1000": 0.001,
        "mrr_at_1": 0.6544,
        "mrr_at_3": 0.733833,
        "mrr_at_5": 0.745723,
        "mrr_at_10": 0.751985,
        "mrr_at_20": 0.753886,
        "mrr_at_100": 0.754672,
        "mrr_at_1000": 0.75473,
        "nauc_ndcg_at_1_max": 0.411238,
        "nauc_ndcg_at_1_std": -0.124397,
        "nauc_ndcg_at_1_diff1": 0.710883,
        "nauc_ndcg_at_3_max": 0.44377,
        "nauc_ndcg_at_3_std": -0.107015,
        "nauc_ndcg_at_3_diff1": 0.665723,
        "nauc_ndcg_at_5_max": 0.456519,
        "nauc_ndcg_at_5_std": -0.096334,
        "nauc_ndcg_at_5_diff1": 0.669068,
        "nauc_ndcg_at_10_max": 0.457161,
        "nauc_ndcg_at_10_std": -0.08985,
        "nauc_ndcg_at_10_diff1": 0.673717,
        "nauc_ndcg_at_20_max": 0.45407,
        "nauc_ndcg_at_20_std": -0.086419,
        "nauc_ndcg_at_20_diff1": 0.675606,
        "nauc_ndcg_at_100_max": 0.447525,
        "nauc_ndcg_at_100_std": -0.092018,
        "nauc_ndcg_at_100_diff1": 0.677623,
        "nauc_ndcg_at_1000_max": 0.446046,
        "nauc_ndcg_at_1000_std": -0.096496,
        "nauc_ndcg_at_1000_diff1": 0.678919,
        "nauc_map_at_1_max": 0.411238,
        "nauc_map_at_1_std": -0.124397,
        "nauc_map_at_1_diff1": 0.710883,
        "nauc_map_at_3_max": 0.434283,
        "nauc_map_at_3_std": -0.11239,
        "nauc_map_at_3_diff1": 0.678109,
        "nauc_map_at_5_max": 0.440395,
        "nauc_map_at_5_std": -0.107467,
        "nauc_map_at_5_diff1": 0.68026,
        "nauc_map_at_10_max": 0.440065,
        "nauc_map_at_10_std": -0.105322,
        "nauc_map_at_10_diff1": 0.681953,
        "nauc_map_at_20_max": 0.43936,
        "nauc_map_at_20_std": -0.104648,
        "nauc_map_at_20_diff1": 0.682555,
        "nauc_map_at_100_max": 0.438577,
        "nauc_map_at_100_std": -0.10532,
        "nauc_map_at_100_diff1": 0.682746,
        "nauc_map_at_1000_max": 0.438548,
        "nauc_map_at_1000_std": -0.105436,
        "nauc_map_at_1000_diff1": 0.68279,
        "nauc_recall_at_1_max": 0.411238,
        "nauc_recall_at_1_std": -0.124397,
        "nauc_recall_at_1_diff1": 0.710883,
        "nauc_recall_at_3_max": 0.482818,
        "nauc_recall_at_3_std": -0.084704,
        "nauc_recall_at_3_diff1": 0.615219,
        "nauc_recall_at_5_max": 0.547017,
        "nauc_recall_at_5_std": -0.032431,
        "nauc_recall_at_5_diff1": 0.609869,
        "nauc_recall_at_10_max": 0.608115,
        "nauc_recall_at_10_std": 0.052595,
        "nauc_recall_at_10_diff1": 0.613325,
        "nauc_recall_at_20_max": 0.649512,
        "nauc_recall_at_20_std": 0.191286,
        "nauc_recall_at_20_diff1": 0.601112,
        "nauc_recall_at_100_max": 0.649538,
        "nauc_recall_at_100_std": 0.409298,
        "nauc_recall_at_100_diff1": 0.583157,
        "nauc_recall_at_1000_max": 0.840209,
        "nauc_recall_at_1000_std": 0.531746,
        "nauc_recall_at_1000_diff1": 0.786308,
        "nauc_precision_at_1_max": 0.411238,
        "nauc_precision_at_1_std": -0.124397,
        "nauc_precision_at_1_diff1": 0.710883,
        "nauc_precision_at_3_max": 0.482818,
        "nauc_precision_at_3_std": -0.084704,
        "nauc_precision_at_3_diff1": 0.615219,
        "nauc_precision_at_5_max": 0.547017,
        "nauc_precision_at_5_std": -0.032431,
        "nauc_precision_at_5_diff1": 0.609869,
        "nauc_precision_at_10_max": 0.608115,
        "nauc_precision_at_10_std": 0.052595,
        "nauc_precision_at_10_diff1": 0.613325,
        "nauc_precision_at_20_max": 0.649512,
        "nauc_precision_at_20_std": 0.191286,
        "nauc_precision_at_20_diff1": 0.601112,
        "nauc_precision_at_100_max": 0.649538,
        "nauc_precision_at_100_std": 0.409298,
        "nauc_precision_at_100_diff1": 0.583157,
        "nauc_precision_at_1000_max": 0.840209,
        "nauc_precision_at_1000_std": 0.531746,
        "nauc_precision_at_1000_diff1": 0.786308,
        "nauc_mrr_at_1_max": 0.40923,
        "nauc_mrr_at_1_std": -0.122373,
        "nauc_mrr_at_1_diff1": 0.711309,
        "nauc_mrr_at_3_max": 0.43276,
        "nauc_mrr_at_3_std": -0.111616,
        "nauc_mrr_at_3_diff1": 0.6785,
        "nauc_mrr_at_5_max": 0.439012,
        "nauc_mrr_at_5_std": -0.106283,
        "nauc_mrr_at_5_diff1": 0.680575,
        "nauc_mrr_at_10_max": 0.438645,
        "nauc_mrr_at_10_std": -0.104105,
        "nauc_mrr_at_10_diff1": 0.682277,
        "nauc_mrr_at_20_max": 0.437926,
        "nauc_mrr_at_20_std": -0.103421,
        "nauc_mrr_at_20_diff1": 0.682881,
        "nauc_mrr_at_100_max": 0.437138,
        "nauc_mrr_at_100_std": -0.104085,
        "nauc_mrr_at_100_diff1": 0.683073,
        "nauc_mrr_at_1000_max": 0.437108,
        "nauc_mrr_at_1000_std": -0.104201,
        "nauc_mrr_at_1000_diff1": 0.683117,
        "main_score": 0.7951,
        "hf_subset": "default",
        "languages": [
          "eng-Latn"
        ]
      }
    ]
  },
  "evaluation_time": 175.2574269771576,
  "kg_co2_emissions": null
}