{
  "dataset_revision": "8fae72a2c75530aaaac6920a02622490d923ca98",
  "task_name": "ChemRxivNC2",
  "mteb_version": "1.36.29",
  "scores": {
    "test": [
      {
        "ndcg_at_1": 0.7074,
        "ndcg_at_3": 0.80195,
        "ndcg_at_5": 0.82057,
        "ndcg_at_10": 0.83196,
        "ndcg_at_20": 0.83718,
        "ndcg_at_100": 0.84162,
        "ndcg_at_1000": 0.84269,
        "map_at_1": 0.7074,
        "map_at_3": 0.77943,
        "map_at_5": 0.78982,
        "map_at_10": 0.7946,
        "map_at_20": 0.79609,
        "map_at_100": 0.79675,
        "map_at_1000": 0.79679,
        "recall_at_1": 0.7074,
        "recall_at_3": 0.8668,
        "recall_at_5": 0.9118,
        "recall_at_10": 0.9466,
        "recall_at_20": 0.9668,
        "recall_at_100": 0.9902,
        "recall_at_1000": 0.9984,
        "precision_at_1": 0.7074,
        "precision_at_3": 0.28893,
        "precision_at_5": 0.18236,
        "precision_at_10": 0.09466,
        "precision_at_20": 0.04834,
        "precision_at_100": 0.0099,
        "precision_at_1000": 0.001,
        "mrr_at_1": 0.708,
        "mrr_at_3": 0.7796,
        "mrr_at_5": 0.79009,
        "mrr_at_10": 0.794864,
        "mrr_at_20": 0.796354,
        "mrr_at_100": 0.79701,
        "mrr_at_1000": 0.797053,
        "nauc_ndcg_at_1_max": 0.420861,
        "nauc_ndcg_at_1_std": -0.155648,
        "nauc_ndcg_at_1_diff1": 0.738718,
        "nauc_ndcg_at_3_max": 0.463254,
        "nauc_ndcg_at_3_std": -0.154934,
        "nauc_ndcg_at_3_diff1": 0.707148,
        "nauc_ndcg_at_5_max": 0.472192,
        "nauc_ndcg_at_5_std": -0.142436,
        "nauc_ndcg_at_5_diff1": 0.710075,
        "nauc_ndcg_at_10_max": 0.471328,
        "nauc_ndcg_at_10_std": -0.142188,
        "nauc_ndcg_at_10_diff1": 0.713174,
        "nauc_ndcg_at_20_max": 0.468515,
        "nauc_ndcg_at_20_std": -0.138159,
        "nauc_ndcg_at_20_diff1": 0.715999,
        "nauc_ndcg_at_100_max": 0.462396,
        "nauc_ndcg_at_100_std": -0.140701,
        "nauc_ndcg_at_100_diff1": 0.71783,
        "nauc_ndcg_at_1000_max": 0.459743,
        "nauc_ndcg_at_1000_std": -0.143679,
        "nauc_ndcg_at_1000_diff1": 0.717586,
        "nauc_map_at_1_max": 0.420861,
        "nauc_map_at_1_std": -0.155648,
        "nauc_map_at_1_diff1": 0.738718,
        "nauc_map_at_3_max": 0.450352,
        "nauc_map_at_3_std": -0.155945,
        "nauc_map_at_3_diff1": 0.715593,
        "nauc_map_at_5_max": 0.454188,
        "nauc_map_at_5_std": -0.150087,
        "nauc_map_at_5_diff1": 0.717261,
        "nauc_map_at_10_max": 0.453534,
        "nauc_map_at_10_std": -0.150208,
        "nauc_map_at_10_diff1": 0.718537,
        "nauc_map_at_20_max": 0.452781,
        "nauc_map_at_20_std": -0.149244,
        "nauc_map_at_20_diff1": 0.719244,
        "nauc_map_at_100_max": 0.451936,
        "nauc_map_at_100_std": -0.149441,
        "nauc_map_at_100_diff1": 0.719411,
        "nauc_map_at_1000_max": 0.451856,
        "nauc_map_at_1000_std": -0.149509,
        "nauc_map_at_1000_diff1": 0.719404,
        "nauc_recall_at_1_max": 0.420861,
        "nauc_recall_at_1_std": -0.155648,
        "nauc_recall_at_1_diff1": 0.738718,
        "nauc_recall_at_3_max": 0.520337,
        "nauc_recall_at_3_std": -0.149949,
        "nauc_recall_at_3_diff1": 0.670541,
        "nauc_recall_at_5_max": 0.585272,
        "nauc_recall_at_5_std": -0.090548,
        "nauc_recall_at_5_diff1": 0.668216,
        "nauc_recall_at_10_max": 0.649449,
        "nauc_recall_at_10_std": -0.054396,
        "nauc_recall_at_10_diff1": 0.667562,
        "nauc_recall_at_20_max": 0.708118,
        "nauc_recall_at_20_std": 0.064057,
        "nauc_recall_at_20_diff1": 0.687622,
        "nauc_recall_at_100_max": 0.83381,
        "nauc_recall_at_100_std": 0.319728,
        "nauc_recall_at_100_diff1": 0.774091,
        "nauc_recall_at_1000_max": 0.899918,
        "nauc_recall_at_1000_std": 0.487687,
        "nauc_recall_at_1000_diff1": 0.899918,
        "nauc_precision_at_1_max": 0.420861,
        "nauc_precision_at_1_std": -0.155648,
        "nauc_precision_at_1_diff1": 0.738718,
        "nauc_precision_at_3_max": 0.520337,
        "nauc_precision_at_3_std": -0.149949,
        "nauc_precision_at_3_diff1": 0.670541,
        "nauc_precision_at_5_max": 0.585272,
        "nauc_precision_at_5_std": -0.090548,
        "nauc_precision_at_5_diff1": 0.668216,
        "nauc_precision_at_10_max": 0.649449,
        "nauc_precision_at_10_std": -0.054396,
        "nauc_precision_at_10_diff1": 0.667562,
        "nauc_precision_at_20_max": 0.708118,
        "nauc_precision_at_20_std": 0.064057,
        "nauc_precision_at_20_diff1": 0.687622,
        "nauc_precision_at_100_max": 0.83381,
        "nauc_precision_at_100_std": 0.319728,
        "nauc_precision_at_100_diff1": 0.774091,
        "nauc_precision_at_1000_max": 0.899918,
        "nauc_precision_at_1000_std": 0.487687,
        "nauc_precision_at_1000_diff1": 0.899918,
        "nauc_mrr_at_1_max": 0.420709,
        "nauc_mrr_at_1_std": -0.153419,
        "nauc_mrr_at_1_diff1": 0.737613,
        "nauc_mrr_at_3_max": 0.450396,
        "nauc_mrr_at_3_std": -0.154695,
        "nauc_mrr_at_3_diff1": 0.715115,
        "nauc_mrr_at_5_max": 0.454152,
        "nauc_mrr_at_5_std": -0.148629,
        "nauc_mrr_at_5_diff1": 0.716561,
        "nauc_mrr_at_10_max": 0.453501,
        "nauc_mrr_at_10_std": -0.148718,
        "nauc_mrr_at_10_diff1": 0.717823,
        "nauc_mrr_at_20_max": 0.452748,
        "nauc_mrr_at_20_std": -0.14774,
        "nauc_mrr_at_20_diff1": 0.718525,
        "nauc_mrr_at_100_max": 0.451901,
        "nauc_mrr_at_100_std": -0.147931,
        "nauc_mrr_at_100_diff1": 0.718689,
        "nauc_mrr_at_1000_max": 0.451821,
        "nauc_mrr_at_1000_std": -0.147999,
        "nauc_mrr_at_1000_diff1": 0.718682,
        "main_score": 0.83196,
        "hf_subset": "default",
        "languages": [
          "eng-Latn"
        ]
      }
    ]
  },
  "evaluation_time": 174.09512639045715,
  "kg_co2_emissions": null
}