{
  "dataset_revision": "1840e8a5ac6ec752bbdd97d543ead0189bc7c25b",
  "task_name": "ChemHotpotQARetrieval",
  "mteb_version": "1.36.29",
  "scores": {
    "train": [
      {
        "ndcg_at_1": 0.87778,
        "ndcg_at_3": 0.90635,
        "ndcg_at_5": 0.91211,
        "ndcg_at_10": 0.91916,
        "ndcg_at_20": 0.92299,
        "ndcg_at_100": 0.92373,
        "ndcg_at_1000": 0.92629,
        "map_at_1": 0.86111,
        "map_at_3": 0.89583,
        "map_at_5": 0.89944,
        "map_at_10": 0.90227,
        "map_at_20": 0.90354,
        "map_at_100": 0.90378,
        "map_at_1000": 0.9039,
        "recall_at_1": 0.86111,
        "recall_at_3": 0.92778,
        "recall_at_5": 0.94167,
        "recall_at_10": 0.96389,
        "recall_at_20": 0.97778,
        "recall_at_100": 0.98056,
        "recall_at_1000": 1.0,
        "precision_at_1": 0.87778,
        "precision_at_3": 0.31852,
        "precision_at_5": 0.19444,
        "precision_at_10": 0.09944,
        "precision_at_20": 0.05056,
        "precision_at_100": 0.01017,
        "precision_at_1000": 0.00104,
        "mrr_at_1": 0.877778,
        "mrr_at_3": 0.905556,
        "mrr_at_5": 0.907778,
        "mrr_at_10": 0.9106,
        "mrr_at_20": 0.911502,
        "mrr_at_100": 0.911502,
        "mrr_at_1000": 0.911571,
        "nauc_ndcg_at_1_max": 0.360969,
        "nauc_ndcg_at_1_std": -0.673398,
        "nauc_ndcg_at_1_diff1": 0.877293,
        "nauc_ndcg_at_3_max": 0.19517,
        "nauc_ndcg_at_3_std": -0.829998,
        "nauc_ndcg_at_3_diff1": 0.748128,
        "nauc_ndcg_at_5_max": 0.17479,
        "nauc_ndcg_at_5_std": -0.828065,
        "nauc_ndcg_at_5_diff1": 0.733351,
        "nauc_ndcg_at_10_max": 0.140602,
        "nauc_ndcg_at_10_std": -0.779897,
        "nauc_ndcg_at_10_diff1": 0.718451,
        "nauc_ndcg_at_20_max": 0.11248,
        "nauc_ndcg_at_20_std": -0.80885,
        "nauc_ndcg_at_20_diff1": 0.710471,
        "nauc_ndcg_at_100_max": 0.130804,
        "nauc_ndcg_at_100_std": -0.798663,
        "nauc_ndcg_at_100_diff1": 0.734076,
        "nauc_ndcg_at_1000_max": 0.171202,
        "nauc_ndcg_at_1000_std": -0.791188,
        "nauc_ndcg_at_1000_diff1": 0.752794,
        "nauc_map_at_1_max": 0.181275,
        "nauc_map_at_1_std": -0.724811,
        "nauc_map_at_1_diff1": 0.762037,
        "nauc_map_at_3_max": 0.197378,
        "nauc_map_at_3_std": -0.799911,
        "nauc_map_at_3_diff1": 0.727753,
        "nauc_map_at_5_max": 0.184836,
        "nauc_map_at_5_std": -0.808919,
        "nauc_map_at_5_diff1": 0.719575,
        "nauc_map_at_10_max": 0.173649,
        "nauc_map_at_10_std": -0.791491,
        "nauc_map_at_10_diff1": 0.714289,
        "nauc_map_at_20_max": 0.167541,
        "nauc_map_at_20_std": -0.799123,
        "nauc_map_at_20_diff1": 0.712583,
        "nauc_map_at_100_max": 0.172399,
        "nauc_map_at_100_std": -0.79643,
        "nauc_map_at_100_diff1": 0.718661,
        "nauc_map_at_1000_max": 0.173916,
        "nauc_map_at_1000_std": -0.795882,
        "nauc_map_at_1000_diff1": 0.720008,
        "nauc_recall_at_1_max": 0.181275,
        "nauc_recall_at_1_std": -0.724811,
        "nauc_recall_at_1_diff1": 0.762037,
        "nauc_recall_at_3_max": 0.053868,
        "nauc_recall_at_3_std": -0.969924,
        "nauc_recall_at_3_diff1": 0.65232,
        "nauc_recall_at_5_max": -0.048175,
        "nauc_recall_at_5_std": -0.966853,
        "nauc_recall_at_5_diff1": 0.575764,
        "nauc_recall_at_10_max": -0.41927,
        "nauc_recall_at_10_std": -0.732421,
        "nauc_recall_at_10_diff1": 0.375027,
        "nauc_recall_at_20_max": -1.127218,
        "nauc_recall_at_20_std": -1.068394,
        "nauc_recall_at_20_diff1": 0.064659,
        "nauc_recall_at_100_max": -1.039683,
        "nauc_recall_at_100_std": -0.972456,
        "nauc_recall_at_100_diff1": 0.322462,
        "nauc_recall_at_1000_max": NaN,
        "nauc_recall_at_1000_std": NaN,
        "nauc_recall_at_1000_diff1": NaN,
        "nauc_precision_at_1_max": 0.360969,
        "nauc_precision_at_1_std": -0.673398,
        "nauc_precision_at_1_diff1": 0.877293,
        "nauc_precision_at_3_max": 0.325936,
        "nauc_precision_at_3_std": -0.559595,
        "nauc_precision_at_3_diff1": 0.459978,
        "nauc_precision_at_5_max": 0.233049,
        "nauc_precision_at_5_std": -0.441994,
        "nauc_precision_at_5_diff1": 0.287691,
        "nauc_precision_at_10_max": 0.12542,
        "nauc_precision_at_10_std": -0.139043,
        "nauc_precision_at_10_diff1": 0.082247,
        "nauc_precision_at_20_max": -0.016919,
        "nauc_precision_at_20_std": -0.076414,
        "nauc_precision_at_20_diff1": -0.117473,
        "nauc_precision_at_100_max": 0.114735,
        "nauc_precision_at_100_std": 0.062943,
        "nauc_precision_at_100_diff1": 0.027199,
        "nauc_precision_at_1000_max": 0.496799,
        "nauc_precision_at_1000_std": 0.42033,
        "nauc_precision_at_1000_diff1": 0.008778,
        "nauc_mrr_at_1_max": 0.360969,
        "nauc_mrr_at_1_std": -0.673398,
        "nauc_mrr_at_1_diff1": 0.877293,
        "nauc_mrr_at_3_max": 0.313982,
        "nauc_mrr_at_3_std": -0.766372,
        "nauc_mrr_at_3_diff1": 0.875583,
        "nauc_mrr_at_5_max": 0.311325,
        "nauc_mrr_at_5_std": -0.749737,
        "nauc_mrr_at_5_diff1": 0.872537,
        "nauc_mrr_at_10_max": 0.303275,
        "nauc_mrr_at_10_std": -0.728975,
        "nauc_mrr_at_10_diff1": 0.871724,
        "nauc_mrr_at_20_max": 0.296652,
        "nauc_mrr_at_20_std": -0.736036,
        "nauc_mrr_at_20_diff1": 0.870395,
        "nauc_mrr_at_100_max": 0.296652,
        "nauc_mrr_at_100_std": -0.736036,
        "nauc_mrr_at_100_diff1": 0.870395,
        "nauc_mrr_at_1000_max": 0.297257,
        "nauc_mrr_at_1000_std": -0.736023,
        "nauc_mrr_at_1000_diff1": 0.870556,
        "main_score": 0.91916,
        "hf_subset": "default",
        "languages": [
          "eng-Latn"
        ]
      }
    ],
    "dev": [
      {
        "ndcg_at_1": 0.875,
        "ndcg_at_3": 0.875,
        "ndcg_at_5": 0.875,
        "ndcg_at_10": 0.875,
        "ndcg_at_20": 0.90878,
        "ndcg_at_100": 0.90878,
        "ndcg_at_1000": 0.90878,
        "map_at_1": 0.875,
        "map_at_3": 0.875,
        "map_at_5": 0.875,
        "map_at_10": 0.875,
        "map_at_20": 0.88542,
        "map_at_100": 0.88542,
        "map_at_1000": 0.88542,
        "recall_at_1": 0.875,
        "recall_at_3": 0.875,
        "recall_at_5": 0.875,
        "recall_at_10": 0.875,
        "recall_at_20": 1.0,
        "recall_at_100": 1.0,
        "recall_at_1000": 1.0,
        "precision_at_1": 0.875,
        "precision_at_3": 0.29167,
        "precision_at_5": 0.175,
        "precision_at_10": 0.0875,
        "precision_at_20": 0.05,
        "precision_at_100": 0.01,
        "precision_at_1000": 0.001,
        "mrr_at_1": 0.875,
        "mrr_at_3": 0.875,
        "mrr_at_5": 0.875,
        "mrr_at_10": 0.875,
        "mrr_at_20": 0.885417,
        "mrr_at_100": 0.885417,
        "mrr_at_1000": 0.885417,
        "nauc_ndcg_at_1_max": 1.0,
        "nauc_ndcg_at_1_std": 0.363585,
        "nauc_ndcg_at_1_diff1": 1.0,
        "nauc_ndcg_at_3_max": 1.0,
        "nauc_ndcg_at_3_std": 0.363585,
        "nauc_ndcg_at_3_diff1": 1.0,
        "nauc_ndcg_at_5_max": 1.0,
        "nauc_ndcg_at_5_std": 0.363585,
        "nauc_ndcg_at_5_diff1": 1.0,
        "nauc_ndcg_at_10_max": 1.0,
        "nauc_ndcg_at_10_std": 0.363585,
        "nauc_ndcg_at_10_diff1": 1.0,
        "nauc_ndcg_at_20_max": 1.0,
        "nauc_ndcg_at_20_std": 0.363585,
        "nauc_ndcg_at_20_diff1": 1.0,
        "nauc_ndcg_at_100_max": 1.0,
        "nauc_ndcg_at_100_std": 0.363585,
        "nauc_ndcg_at_100_diff1": 1.0,
        "nauc_ndcg_at_1000_max": 1.0,
        "nauc_ndcg_at_1000_std": 0.363585,
        "nauc_ndcg_at_1000_diff1": 1.0,
        "nauc_map_at_1_max": 1.0,
        "nauc_map_at_1_std": 0.363585,
        "nauc_map_at_1_diff1": 1.0,
        "nauc_map_at_3_max": 1.0,
        "nauc_map_at_3_std": 0.363585,