{
  "dataset_revision": "1840e8a5ac6ec752bbdd97d543ead0189bc7c25b",
  "task_name": "ChemHotpotQARetrieval",
  "mteb_version": "1.36.20",
  "scores": {
    "train": [
      {
        "ndcg_at_1": 0.74444,
        "ndcg_at_3": 0.79281,
        "ndcg_at_5": 0.79882,
        "ndcg_at_10": 0.80961,
        "ndcg_at_20": 0.82468,
        "ndcg_at_100": 0.83276,
        "ndcg_at_1000": 0.83554,
        "map_at_1": 0.725,
        "map_at_3": 0.77685,
        "map_at_5": 0.78074,
        "map_at_10": 0.7852,
        "map_at_20": 0.78958,
        "map_at_100": 0.79064,
        "map_at_1000": 0.79073,
        "recall_at_1": 0.725,
        "recall_at_3": 0.82778,
        "recall_at_5": 0.84167,
        "recall_at_10": 0.875,
        "recall_at_20": 0.93333,
        "recall_at_100": 0.97778,
        "recall_at_1000": 1.0,
        "precision_at_1": 0.74444,
        "precision_at_3": 0.28519,
        "precision_at_5": 0.17444,
        "precision_at_10": 0.09056,
        "precision_at_20": 0.04833,
        "precision_at_100": 0.01011,
        "precision_at_1000": 0.00104,
        "mrr_at_1": 0.744444,
        "mrr_at_3": 0.788889,
        "mrr_at_5": 0.791389,
        "mrr_at_10": 0.795847,
        "mrr_at_20": 0.799798,
        "mrr_at_100": 0.80086,
        "mrr_at_1000": 0.800907,
        "nauc_ndcg_at_1_max": 0.734185,
        "nauc_ndcg_at_1_std": 0.001485,
        "nauc_ndcg_at_1_diff1": 0.882514,
        "nauc_ndcg_at_3_max": 0.62396,
        "nauc_ndcg_at_3_std": -0.100016,
        "nauc_ndcg_at_3_diff1": 0.772371,
        "nauc_ndcg_at_5_max": 0.628284,
        "nauc_ndcg_at_5_std": -0.081498,
        "nauc_ndcg_at_5_diff1": 0.769487,
        "nauc_ndcg_at_10_max": 0.634005,
        "nauc_ndcg_at_10_std": -0.100033,
        "nauc_ndcg_at_10_diff1": 0.765416,
        "nauc_ndcg_at_20_max": 0.620769,
        "nauc_ndcg_at_20_std": -0.097431,
        "nauc_ndcg_at_20_diff1": 0.76029,
        "nauc_ndcg_at_100_max": 0.611767,
        "nauc_ndcg_at_100_std": -0.086547,
        "nauc_ndcg_at_100_diff1": 0.758314,
        "nauc_ndcg_at_1000_max": 0.631674,
        "nauc_ndcg_at_1000_std": -0.079816,
        "nauc_ndcg_at_1000_diff1": 0.774609,
        "nauc_map_at_1_max": 0.633565,
        "nauc_map_at_1_std": -0.05608,
        "nauc_map_at_1_diff1": 0.795603,
        "nauc_map_at_3_max": 0.627337,
        "nauc_map_at_3_std": -0.089106,
        "nauc_map_at_3_diff1": 0.766896,
        "nauc_map_at_5_max": 0.628433,
        "nauc_map_at_5_std": -0.082183,
        "nauc_map_at_5_diff1": 0.766628,
        "nauc_map_at_10_max": 0.630636,
        "nauc_map_at_10_std": -0.088431,
        "nauc_map_at_10_diff1": 0.765239,
        "nauc_map_at_20_max": 0.627364,
        "nauc_map_at_20_std": -0.087341,
        "nauc_map_at_20_diff1": 0.763885,
        "nauc_map_at_100_max": 0.626351,
        "nauc_map_at_100_std": -0.085186,
        "nauc_map_at_100_diff1": 0.763525,
        "nauc_map_at_1000_max": 0.626928,
        "nauc_map_at_1000_std": -0.084962,
        "nauc_map_at_1000_diff1": 0.764056,
        "nauc_recall_at_1_max": 0.633565,
        "nauc_recall_at_1_std": -0.05608,
        "nauc_recall_at_1_diff1": 0.795603,
        "nauc_recall_at_3_max": 0.545147,
        "nauc_recall_at_3_std": -0.175767,
        "nauc_recall_at_3_diff1": 0.701555,
        "nauc_recall_at_5_max": 0.555071,
        "nauc_recall_at_5_std": -0.123367,
        "nauc_recall_at_5_diff1": 0.686587,
        "nauc_recall_at_10_max": 0.562171,
        "nauc_recall_at_10_std": -0.221018,
        "nauc_recall_at_10_diff1": 0.647246,
        "nauc_recall_at_20_max": 0.377256,
        "nauc_recall_at_20_std": -0.296646,
        "nauc_recall_at_20_diff1": 0.501478,
        "nauc_recall_at_100_max": -0.438142,
        "nauc_recall_at_100_std": -0.403828,
        "nauc_recall_at_100_diff1": -0.068394,
        "nauc_recall_at_1000_max": NaN,
        "nauc_recall_at_1000_std": NaN,
        "nauc_recall_at_1000_diff1": NaN,
        "nauc_precision_at_1_max": 0.734185,
        "nauc_precision_at_1_std": 0.001485,
        "nauc_precision_at_1_diff1": 0.882514,
        "nauc_precision_at_3_max": 0.606075,
        "nauc_precision_at_3_std": -0.051339,
        "nauc_precision_at_3_diff1": 0.675316,
        "nauc_precision_at_5_max": 0.564866,
        "nauc_precision_at_5_std": -0.011578,
        "nauc_precision_at_5_diff1": 0.614523,
        "nauc_precision_at_10_max": 0.572362,
        "nauc_precision_at_10_std": -0.068044,
        "nauc_precision_at_10_diff1": 0.569619,
        "nauc_precision_at_20_max": 0.396379,
        "nauc_precision_at_20_std": -0.015783,
        "nauc_precision_at_20_diff1": 0.373581,
        "nauc_precision_at_100_max": 0.130681,
        "nauc_precision_at_100_std": 0.139619,
        "nauc_precision_at_100_diff1": 0.091297,
        "nauc_precision_at_1000_max": 0.412281,
        "nauc_precision_at_1000_std": 0.409598,
        "nauc_precision_at_1000_diff1": 0.253019,
        "nauc_mrr_at_1_max": 0.734185,
        "nauc_mrr_at_1_std": 0.001485,
        "nauc_mrr_at_1_diff1": 0.882514,
        "nauc_mrr_at_3_max": 0.687582,
        "nauc_mrr_at_3_std": -0.050936,
        "nauc_mrr_at_3_diff1": 0.847516,
        "nauc_mrr_at_5_max": 0.692446,
        "nauc_mrr_at_5_std": -0.035531,
        "nauc_mrr_at_5_diff1": 0.845012,
        "nauc_mrr_at_10_max": 0.696071,
        "nauc_mrr_at_10_std": -0.041067,
        "nauc_mrr_at_10_diff1": 0.845195,
        "nauc_mrr_at_20_max": 0.693787,
        "nauc_mrr_at_20_std": -0.040126,
        "nauc_mrr_at_20_diff1": 0.844978,
        "nauc_mrr_at_100_max": 0.693122,
        "nauc_mrr_at_100_std": -0.037607,
        "nauc_mrr_at_100_diff1": 0.845078,
        "nauc_mrr_at_1000_max": 0.693269,
        "nauc_mrr_at_1000_std": -0.037721,
        "nauc_mrr_at_1000_diff1": 0.845161,
        "main_score": 0.80961,
        "hf_subset": "default",
        "languages": [
          "eng-Latn"
        ]
      }
    ],
    "dev": [
      {
        "ndcg_at_1": 0.75,
        "ndcg_at_3": 0.82887,
        "ndcg_at_5": 0.82887,
        "ndcg_at_10": 0.865,
        "ndcg_at_20": 0.865,
        "ndcg_at_100": 0.865,
        "ndcg_at_1000": 0.865,
        "map_at_1": 0.75,
        "map_at_3": 0.8125,
        "map_at_5": 0.8125,
        "map_at_10": 0.825,
        "map_at_20": 0.825,
        "map_at_100": 0.825,
        "map_at_1000": 0.825,
        "recall_at_1": 0.75,
        "recall_at_3": 0.875,
        "recall_at_5": 0.875,
        "recall_at_10": 1.0,
        "recall_at_20": 1.0,
        "recall_at_100": 1.0,
        "recall_at_1000": 1.0,
        "precision_at_1": 0.75,
        "precision_at_3": 0.29167,
        "precision_at_5": 0.175,
        "precision_at_10": 0.1,
        "precision_at_20": 0.05,
        "precision_at_100": 0.01,
        "precision_at_1000": 0.001,
        "mrr_at_1": 0.75,
        "mrr_at_3": 0.8125,
        "mrr_at_5": 0.8125,
        "mrr_at_10": 0.825,
        "mrr_at_20": 0.825,
        "mrr_at_100": 0.825,
        "mrr_at_1000": 0.825,
        "nauc_ndcg_at_1_max": 1.0,
        "nauc_ndcg_at_1_std": 0.095495,
        "nauc_ndcg_at_1_diff1": 0.831832,
        "nauc_ndcg_at_3_max": 1.0,
        "nauc_ndcg_at_3_std": -0.038839,
        "nauc_ndcg_at_3_diff1": 0.697937,
        "nauc_ndcg_at_5_max": 1.0,
        "nauc_ndcg_at_5_std": -0.038839,
        "nauc_ndcg_at_5_diff1": 0.697937,
        "nauc_ndcg_at_10_max": 1.0,
        "nauc_ndcg_at_10_std": 0.002287,
        "nauc_ndcg_at_10_diff1": 0.738928,
        "nauc_ndcg_at_20_max": 1.0,
        "nauc_ndcg_at_20_std": 0.002287,
        "nauc_ndcg_at_20_diff1": 0.738928,
        "nauc_ndcg_at_100_max": 1.0,
        "nauc_ndcg_at_100_std": 0.002287,
        "nauc_ndcg_at_100_diff1": 0.738928,
        "nauc_ndcg_at_1000_max": 1.0,
        "nauc_ndcg_at_1000_std": 0.002287,
        "nauc_ndcg_at_1000_diff1": 0.738928,
        "nauc_map_at_1_max": 1.0,
        "nauc_map_at_1_std": 0.095495,
        "nauc_map_at_1_diff1": 0.831832,
        "nauc_map_at_3_max": 1.0,