{
  "dataset_revision": "1840e8a5ac6ec752bbdd97d543ead0189bc7c25b",
  "task_name": "ChemHotpotQARetrieval",
  "mteb_version": "1.36.29",
  "scores": {
    "train": [
      {
        "ndcg_at_1": 0.86111,
        "ndcg_at_3": 0.90541,
        "ndcg_at_5": 0.91019,
        "ndcg_at_10": 0.91805,
        "ndcg_at_20": 0.91959,
        "ndcg_at_100": 0.92118,
        "ndcg_at_1000": 0.92312,
        "map_at_1": 0.84444,
        "map_at_3": 0.89213,
        "map_at_5": 0.89491,
        "map_at_10": 0.89811,
        "map_at_20": 0.89861,
        "map_at_100": 0.89888,
        "map_at_1000": 0.89898,
        "recall_at_1": 0.84444,
        "recall_at_3": 0.93611,
        "recall_at_5": 0.94722,
        "recall_at_10": 0.97222,
        "recall_at_20": 0.97778,
        "recall_at_100": 0.98611,
        "recall_at_1000": 1.0,
        "precision_at_1": 0.86111,
        "precision_at_3": 0.32222,
        "precision_at_5": 0.19556,
        "precision_at_10": 0.10056,
        "precision_at_20": 0.05056,
        "precision_at_100": 0.01022,
        "precision_at_1000": 0.00104,
        "mrr_at_1": 0.861111,
        "mrr_at_3": 0.9,
        "mrr_at_5": 0.902778,
        "mrr_at_10": 0.905423,
        "mrr_at_20": 0.905928,
        "mrr_at_100": 0.906004,
        "mrr_at_1000": 0.90606,
        "nauc_ndcg_at_1_max": 0.573716,
        "nauc_ndcg_at_1_std": -0.444098,
        "nauc_ndcg_at_1_diff1": 0.918395,
        "nauc_ndcg_at_3_max": 0.398475,
        "nauc_ndcg_at_3_std": -0.577309,
        "nauc_ndcg_at_3_diff1": 0.779613,
        "nauc_ndcg_at_5_max": 0.38128,
        "nauc_ndcg_at_5_std": -0.564613,
        "nauc_ndcg_at_5_diff1": 0.767516,
        "nauc_ndcg_at_10_max": 0.343407,
        "nauc_ndcg_at_10_std": -0.538858,
        "nauc_ndcg_at_10_diff1": 0.752359,
        "nauc_ndcg_at_20_max": 0.332944,
        "nauc_ndcg_at_20_std": -0.538368,
        "nauc_ndcg_at_20_diff1": 0.750032,
        "nauc_ndcg_at_100_max": 0.351152,
        "nauc_ndcg_at_100_std": -0.531198,
        "nauc_ndcg_at_100_diff1": 0.774195,
        "nauc_ndcg_at_1000_max": 0.389873,
        "nauc_ndcg_at_1000_std": -0.533084,
        "nauc_ndcg_at_1000_diff1": 0.789658,
        "nauc_map_at_1_max": 0.404383,
        "nauc_map_at_1_std": -0.523909,
        "nauc_map_at_1_diff1": 0.817205,
        "nauc_map_at_3_max": 0.402904,
        "nauc_map_at_3_std": -0.572042,
        "nauc_map_at_3_diff1": 0.767932,
        "nauc_map_at_5_max": 0.394455,
        "nauc_map_at_5_std": -0.56557,
        "nauc_map_at_5_diff1": 0.761583,
        "nauc_map_at_10_max": 0.383324,
        "nauc_map_at_10_std": -0.556609,
        "nauc_map_at_10_diff1": 0.756473,
        "nauc_map_at_20_max": 0.380817,
        "nauc_map_at_20_std": -0.556573,
        "nauc_map_at_20_diff1": 0.755891,
        "nauc_map_at_100_max": 0.384898,
        "nauc_map_at_100_std": -0.554409,
        "nauc_map_at_100_diff1": 0.760751,
        "nauc_map_at_1000_max": 0.38656,
        "nauc_map_at_1000_std": -0.554324,
        "nauc_map_at_1000_diff1": 0.761801,
        "nauc_recall_at_1_max": 0.404383,
        "nauc_recall_at_1_std": -0.523909,
        "nauc_recall_at_1_diff1": 0.817205,
        "nauc_recall_at_3_max": 0.214895,
        "nauc_recall_at_3_std": -0.686985,
        "nauc_recall_at_3_diff1": 0.641274,
        "nauc_recall_at_5_max": 0.1103,
        "nauc_recall_at_5_std": -0.661384,
        "nauc_recall_at_5_diff1": 0.565753,
        "nauc_recall_at_10_max": -0.484781,
        "nauc_recall_at_10_std": -0.522035,
        "nauc_recall_at_10_diff1": 0.254995,
        "nauc_recall_at_20_max": -0.823296,
        "nauc_recall_at_20_std": -0.511671,
        "nauc_recall_at_20_diff1": 0.101424,
        "nauc_recall_at_100_max": -1.112512,
        "nauc_recall_at_100_std": -0.402148,
        "nauc_recall_at_100_diff1": 0.288609,
        "nauc_recall_at_1000_max": NaN,
        "nauc_recall_at_1000_std": NaN,
        "nauc_recall_at_1000_diff1": NaN,
        "nauc_precision_at_1_max": 0.573716,
        "nauc_precision_at_1_std": -0.444098,
        "nauc_precision_at_1_diff1": 0.918395,
        "nauc_precision_at_3_max": 0.359007,
        "nauc_precision_at_3_std": -0.256194,
        "nauc_precision_at_3_diff1": 0.338362,
        "nauc_precision_at_5_max": 0.311852,
        "nauc_precision_at_5_std": -0.182343,
        "nauc_precision_at_5_diff1": 0.249906,
        "nauc_precision_at_10_max": 0.079881,
        "nauc_precision_at_10_std": 0.119766,
        "nauc_precision_at_10_diff1": -0.056869,
        "nauc_precision_at_20_max": 0.01241,
        "nauc_precision_at_20_std": 0.178165,
        "nauc_precision_at_20_diff1": -0.136028,
        "nauc_precision_at_100_max": 0.122758,
        "nauc_precision_at_100_std": 0.321211,
        "nauc_precision_at_100_diff1": -0.032613,
        "nauc_precision_at_1000_max": 0.42516,
        "nauc_precision_at_1000_std": 0.457894,
        "nauc_precision_at_1000_diff1": -0.02112,
        "nauc_mrr_at_1_max": 0.573716,
        "nauc_mrr_at_1_std": -0.444098,
        "nauc_mrr_at_1_diff1": 0.918395,
        "nauc_mrr_at_3_max": 0.524297,
        "nauc_mrr_at_3_std": -0.492202,
        "nauc_mrr_at_3_diff1": 0.904571,
        "nauc_mrr_at_5_max": 0.518799,
        "nauc_mrr_at_5_std": -0.48292,
        "nauc_mrr_at_5_diff1": 0.901771,
        "nauc_mrr_at_10_max": 0.510565,
        "nauc_mrr_at_10_std": -0.474949,
        "nauc_mrr_at_10_diff1": 0.900701,
        "nauc_mrr_at_20_max": 0.508586,
        "nauc_mrr_at_20_std": -0.474461,
        "nauc_mrr_at_20_diff1": 0.900875,
        "nauc_mrr_at_100_max": 0.508711,
        "nauc_mrr_at_100_std": -0.474713,
        "nauc_mrr_at_100_diff1": 0.901163,
        "nauc_mrr_at_1000_max": 0.509575,
        "nauc_mrr_at_1000_std": -0.474892,
        "nauc_mrr_at_1000_diff1": 0.901229,
        "main_score": 0.91805,
        "hf_subset": "default",
        "languages": [
          "eng-Latn"
        ]
      }
    ],
    "dev": [
      {
        "ndcg_at_1": 0.875,
        "ndcg_at_3": 0.875,
        "ndcg_at_5": 0.875,
        "ndcg_at_10": 0.875,
        "ndcg_at_20": 0.90443,
        "ndcg_at_100": 0.90443,
        "ndcg_at_1000": 0.90443,
        "map_at_1": 0.875,
        "map_at_3": 0.875,
        "map_at_5": 0.875,
        "map_at_10": 0.875,
        "map_at_20": 0.88194,
        "map_at_100": 0.88194,
        "map_at_1000": 0.88194,
        "recall_at_1": 0.875,
        "recall_at_3": 0.875,
        "recall_at_5": 0.875,
        "recall_at_10": 0.875,
        "recall_at_20": 1.0,
        "recall_at_100": 1.0,
        "recall_at_1000": 1.0,
        "precision_at_1": 0.875,
        "precision_at_3": 0.29167,
        "precision_at_5": 0.175,
        "precision_at_10": 0.0875,
        "precision_at_20": 0.05,
        "precision_at_100": 0.01,
        "precision_at_1000": 0.001,
        "mrr_at_1": 0.875,
        "mrr_at_3": 0.875,
        "mrr_at_5": 0.875,
        "mrr_at_10": 0.875,
        "mrr_at_20": 0.881944,
        "mrr_at_100": 0.881944,
        "mrr_at_1000": 0.881944,
        "nauc_ndcg_at_1_max": 1.0,
        "nauc_ndcg_at_1_std": 0.128291,
        "nauc_ndcg_at_1_diff1": 1.0,
        "nauc_ndcg_at_3_max": 1.0,
        "nauc_ndcg_at_3_std": 0.128291,
        "nauc_ndcg_at_3_diff1": 1.0,
        "nauc_ndcg_at_5_max": 1.0,
        "nauc_ndcg_at_5_std": 0.128291,
        "nauc_ndcg_at_5_diff1": 1.0,
        "nauc_ndcg_at_10_max": 1.0,
        "nauc_ndcg_at_10_std": 0.128291,
        "nauc_ndcg_at_10_diff1": 1.0,
        "nauc_ndcg_at_20_max": 1.0,
        "nauc_ndcg_at_20_std": 0.128291,
        "nauc_ndcg_at_20_diff1": 1.0,
        "nauc_ndcg_at_100_max": 1.0,
        "nauc_ndcg_at_100_std": 0.128291,
        "nauc_ndcg_at_100_diff1": 1.0,
        "nauc_ndcg_at_1000_max": 1.0,
        "nauc_ndcg_at_1000_std": 0.128291,
        "nauc_ndcg_at_1000_diff1": 1.0,
        "nauc_map_at_1_max": 1.0,
        "nauc_map_at_1_std": 0.128291,
        "nauc_map_at_1_diff1": 1.0,
        "nauc_map_at_3_max": 1.0,
        "nauc_map_at_3_std": 0.128291,