{
  "dataset_revision": "f33a205966ce032f957c3a22f4f9e378f89a2c56",
  "task_name": "PubChemAISentenceParaphrasePC",
  "mteb_version": "1.36.29",
  "scores": {
    "test": [
      {
        "similarity_accuracy": 0.984375,
        "similarity_accuracy_threshold": 0.915306,
        "similarity_f1": 0.918782,
        "similarity_f1_threshold": 0.915306,
        "similarity_precision": 0.957672,
        "similarity_recall": 0.882927,
        "similarity_ap": 0.942814,
        "cosine_accuracy": 0.984375,
        "cosine_accuracy_threshold": 0.915306,
        "cosine_f1": 0.918782,
        "cosine_f1_threshold": 0.915306,
        "cosine_precision": 0.957672,
        "cosine_recall": 0.882927,
        "cosine_ap": 0.942814,
        "manhattan_accuracy": 0.984863,
        "manhattan_accuracy_threshold": 171.513,
        "manhattan_f1": 0.920308,
        "manhattan_f1_threshold": 172.59903,
        "manhattan_precision": 0.972826,
        "manhattan_recall": 0.873171,
        "manhattan_ap": 0.930277,
        "euclidean_accuracy": 0.984863,
        "euclidean_accuracy_threshold": 7.834432,
        "euclidean_f1": 0.920308,
        "euclidean_f1_threshold": 7.834432,
        "euclidean_precision": 0.972826,
        "euclidean_recall": 0.873171,
        "euclidean_ap": 0.930448,
        "dot_accuracy": 0.932617,
        "dot_accuracy_threshold": 356.884827,
        "dot_f1": 0.627451,
        "dot_f1_threshold": 337.018433,
        "dot_precision": 0.630542,
        "dot_recall": 0.62439,
        "dot_ap": 0.669923,
        "max_accuracy": 0.984863,
        "max_f1": 0.920308,
        "max_precision": 0.972826,
        "max_recall": 0.882927,
        "max_ap": 0.942814,
        "main_score": 0.942814,
        "hf_subset": "default",
        "languages": [
          "eng-Latn"
        ]
      }
    ]
  },
  "evaluation_time": 3.3042843341827393,
  "kg_co2_emissions": null
}