{
  "dataset_revision": "617612fa63afcb60e3b134bed8b7216a99707c37",
  "task_name": "HotpotQAHardNegatives",
  "mteb_version": "1.36.29",
  "scores": {
    "test": [
      {
        "ndcg_at_1": 0.734,
        "ndcg_at_3": 0.61502,
        "ndcg_at_5": 0.64906,
        "ndcg_at_10": 0.67541,
        "ndcg_at_20": 0.69312,
        "ndcg_at_100": 0.71706,
        "ndcg_at_1000": 0.72862,
        "map_at_1": 0.367,
        "map_at_3": 0.54383,
        "map_at_5": 0.56996,
        "map_at_10": 0.58523,
        "map_at_20": 0.59233,
        "map_at_100": 0.59756,
        "map_at_1000": 0.59821,
        "recall_at_1": 0.367,
        "recall_at_3": 0.5935,
        "recall_at_5": 0.661,
        "recall_at_10": 0.7275,
        "recall_at_20": 0.784,
        "recall_at_100": 0.8875,
        "recall_at_1000": 0.9625,
        "precision_at_1": 0.734,
        "precision_at_3": 0.39567,
        "precision_at_5": 0.2644,
        "precision_at_10": 0.1455,
        "precision_at_20": 0.0784,
        "precision_at_100": 0.01775,
        "precision_at_1000": 0.00192,
        "mrr_at_1": 0.734,
        "mrr_at_3": 0.790667,
        "mrr_at_5": 0.799917,
        "mrr_at_10": 0.804827,
        "mrr_at_20": 0.806829,
        "mrr_at_100": 0.807633,
        "mrr_at_1000": 0.807683,
        "nauc_ndcg_at_1_max": 0.424317,
        "nauc_ndcg_at_1_std": -0.205826,
        "nauc_ndcg_at_1_diff1": 0.723794,
        "nauc_ndcg_at_3_max": 0.256849,
        "nauc_ndcg_at_3_std": -0.133175,
        "nauc_ndcg_at_3_diff1": 0.292569,
        "nauc_ndcg_at_5_max": 0.238073,
        "nauc_ndcg_at_5_std": -0.138682,
        "nauc_ndcg_at_5_diff1": 0.279205,
        "nauc_ndcg_at_10_max": 0.238139,
        "nauc_ndcg_at_10_std": -0.121732,
        "nauc_ndcg_at_10_diff1": 0.275682,
        "nauc_ndcg_at_20_max": 0.232507,
        "nauc_ndcg_at_20_std": -0.121656,
        "nauc_ndcg_at_20_diff1": 0.268994,
        "nauc_ndcg_at_100_max": 0.245254,
        "nauc_ndcg_at_100_std": -0.102268,
        "nauc_ndcg_at_100_diff1": 0.286793,
        "nauc_ndcg_at_1000_max": 0.252324,
        "nauc_ndcg_at_1000_std": -0.109734,
        "nauc_ndcg_at_1000_diff1": 0.301974,
        "nauc_map_at_1_max": 0.424317,
        "nauc_map_at_1_std": -0.205826,
        "nauc_map_at_1_diff1": 0.723794,
        "nauc_map_at_3_max": 0.223576,
        "nauc_map_at_3_std": -0.123358,
        "nauc_map_at_3_diff1": 0.22854,
        "nauc_map_at_5_max": 0.213717,
        "nauc_map_at_5_std": -0.129107,
        "nauc_map_at_5_diff1": 0.224895,
        "nauc_map_at_10_max": 0.214123,
        "nauc_map_at_10_std": -0.121103,
        "nauc_map_at_10_diff1": 0.224817,
        "nauc_map_at_20_max": 0.212289,
        "nauc_map_at_20_std": -0.122292,
        "nauc_map_at_20_diff1": 0.222973,
        "nauc_map_at_100_max": 0.215704,
        "nauc_map_at_100_std": -0.118721,
        "nauc_map_at_100_diff1": 0.226502,
        "nauc_map_at_1000_max": 0.21584,
        "nauc_map_at_1000_std": -0.118933,
        "nauc_map_at_1000_diff1": 0.22691,
        "nauc_recall_at_1_max": 0.424317,
        "nauc_recall_at_1_std": -0.205826,
        "nauc_recall_at_1_diff1": 0.723794,
        "nauc_recall_at_3_max": 0.196395,
        "nauc_recall_at_3_std": -0.108664,
        "nauc_recall_at_3_diff1": 0.149983,
        "nauc_recall_at_5_max": 0.148107,
        "nauc_recall_at_5_std": -0.113286,
        "nauc_recall_at_5_diff1": 0.105882,
        "nauc_recall_at_10_max": 0.132142,
        "nauc_recall_at_10_std": -0.056296,
        "nauc_recall_at_10_diff1": 0.06776,
        "nauc_recall_at_20_max": 0.08805,
        "nauc_recall_at_20_std": -0.041128,
        "nauc_recall_at_20_diff1": 0.004176,
        "nauc_recall_at_100_max": 0.081221,
        "nauc_recall_at_100_std": 0.164483,
        "nauc_recall_at_100_diff1": -0.035652,
        "nauc_recall_at_1000_max": 0.102179,
        "nauc_recall_at_1000_std": 0.353707,
        "nauc_recall_at_1000_diff1": -0.031335,
        "nauc_precision_at_1_max": 0.424317,
        "nauc_precision_at_1_std": -0.205826,
        "nauc_precision_at_1_diff1": 0.723794,
        "nauc_precision_at_3_max": 0.196395,
        "nauc_precision_at_3_std": -0.108664,
        "nauc_precision_at_3_diff1": 0.149983,
        "nauc_precision_at_5_max": 0.148107,
        "nauc_precision_at_5_std": -0.113286,
        "nauc_precision_at_5_diff1": 0.105882,
        "nauc_precision_at_10_max": 0.132142,
        "nauc_precision_at_10_std": -0.056296,
        "nauc_precision_at_10_diff1": 0.06776,
        "nauc_precision_at_20_max": 0.08805,
        "nauc_precision_at_20_std": -0.041128,
        "nauc_precision_at_20_diff1": 0.004176,
        "nauc_precision_at_100_max": 0.081221,
        "nauc_precision_at_100_std": 0.164483,
        "nauc_precision_at_100_diff1": -0.035652,
        "nauc_precision_at_1000_max": 0.102179,
        "nauc_precision_at_1000_std": 0.353707,
        "nauc_precision_at_1000_diff1": -0.031335,
        "nauc_mrr_at_1_max": 0.424317,
        "nauc_mrr_at_1_std": -0.205826,
        "nauc_mrr_at_1_diff1": 0.723794,
        "nauc_mrr_at_3_max": 0.444614,
        "nauc_mrr_at_3_std": -0.198609,
        "nauc_mrr_at_3_diff1": 0.709677,
        "nauc_mrr_at_5_max": 0.43624,
        "nauc_mrr_at_5_std": -0.197852,
        "nauc_mrr_at_5_diff1": 0.705123,
        "nauc_mrr_at_10_max": 0.4368,
        "nauc_mrr_at_10_std": -0.197762,
        "nauc_mrr_at_10_diff1": 0.706084,
        "nauc_mrr_at_20_max": 0.437711,
        "nauc_mrr_at_20_std": -0.196152,
        "nauc_mrr_at_20_diff1": 0.706197,
        "nauc_mrr_at_100_max": 0.437304,
        "nauc_mrr_at_100_std": -0.196987,
        "nauc_mrr_at_100_diff1": 0.706785,
        "nauc_mrr_at_1000_max": 0.437265,
        "nauc_mrr_at_1000_std": -0.19714,
        "nauc_mrr_at_1000_diff1": 0.706891,
        "main_score": 0.67541,
        "hf_subset": "default",
        "languages": [
          "eng-Latn"
        ]
      }
    ]
  },
  "evaluation_time": 369.0612823963165,
  "kg_co2_emissions": null
}