{
  "dataset_revision": "bb9466bac8153a0349341eb1b22e06409e78ef4e",
  "task_name": "TRECCOVID",
  "mteb_version": "1.36.29",
  "scores": {
    "test": [
      {
        "ndcg_at_1": 0.71,
        "ndcg_at_3": 0.64531,
        "ndcg_at_5": 0.61348,
        "ndcg_at_10": 0.56927,
        "ndcg_at_20": 0.51214,
        "ndcg_at_100": 0.37097,
        "ndcg_at_1000": 0.31875,
        "map_at_1": 0.00198,
        "map_at_3": 0.00493,
        "map_at_5": 0.0072,
        "map_at_10": 0.01181,
        "map_at_20": 0.01907,
        "map_at_100": 0.05234,
        "map_at_1000": 0.11622,
        "recall_at_1": 0.00198,
        "recall_at_3": 0.00525,
        "recall_at_5": 0.00803,
        "recall_at_10": 0.01422,
        "recall_at_20": 0.02432,
        "recall_at_100": 0.08363,
        "recall_at_1000": 0.2955,
        "precision_at_1": 0.76,
        "precision_at_3": 0.68,
        "precision_at_5": 0.648,
        "precision_at_10": 0.592,
        "precision_at_20": 0.522,
        "precision_at_100": 0.368,
        "precision_at_1000": 0.14126,
        "mrr_at_1": 0.76,
        "mrr_at_3": 0.836667,
        "mrr_at_5": 0.841667,
        "mrr_at_10": 0.844524,
        "mrr_at_20": 0.844524,
        "mrr_at_100": 0.845471,
        "mrr_at_1000": 0.845471,
        "nauc_ndcg_at_1_max": 0.398531,
        "nauc_ndcg_at_1_std": 0.359822,
        "nauc_ndcg_at_1_diff1": 0.028323,
        "nauc_ndcg_at_3_max": 0.344245,
        "nauc_ndcg_at_3_std": 0.470906,
        "nauc_ndcg_at_3_diff1": -0.028818,
        "nauc_ndcg_at_5_max": 0.388485,
        "nauc_ndcg_at_5_std": 0.522689,
        "nauc_ndcg_at_5_diff1": -0.024881,
        "nauc_ndcg_at_10_max": 0.30189,
        "nauc_ndcg_at_10_std": 0.569221,
        "nauc_ndcg_at_10_diff1": -0.141723,
        "nauc_ndcg_at_20_max": 0.238026,
        "nauc_ndcg_at_20_std": 0.593199,
        "nauc_ndcg_at_20_diff1": -0.175571,
        "nauc_ndcg_at_100_max": 0.280061,
        "nauc_ndcg_at_100_std": 0.771843,
        "nauc_ndcg_at_100_diff1": -0.167897,
        "nauc_ndcg_at_1000_max": 0.269532,
        "nauc_ndcg_at_1000_std": 0.776063,
        "nauc_ndcg_at_1000_diff1": -0.137084,
        "nauc_map_at_1_max": 0.251796,
        "nauc_map_at_1_std": 0.013247,
        "nauc_map_at_1_diff1": 0.168877,
        "nauc_map_at_3_max": 0.235388,
        "nauc_map_at_3_std": 0.107157,
        "nauc_map_at_3_diff1": 0.099948,
        "nauc_map_at_5_max": 0.3324,
        "nauc_map_at_5_std": 0.225993,
        "nauc_map_at_5_diff1": 0.112886,
        "nauc_map_at_10_max": 0.291458,
        "nauc_map_at_10_std": 0.325542,
        "nauc_map_at_10_diff1": 0.017631,
        "nauc_map_at_20_max": 0.25337,
        "nauc_map_at_20_std": 0.420827,
        "nauc_map_at_20_diff1": -0.065254,
        "nauc_map_at_100_max": 0.329021,
        "nauc_map_at_100_std": 0.687359,
        "nauc_map_at_100_diff1": -0.143554,
        "nauc_map_at_1000_max": 0.302178,
        "nauc_map_at_1000_std": 0.832944,
        "nauc_map_at_1000_diff1": -0.146617,
        "nauc_recall_at_1_max": 0.251796,
        "nauc_recall_at_1_std": 0.013247,
        "nauc_recall_at_1_diff1": 0.168877,
        "nauc_recall_at_3_max": 0.200647,
        "nauc_recall_at_3_std": 0.075496,
        "nauc_recall_at_3_diff1": 0.088028,
        "nauc_recall_at_5_max": 0.279253,
        "nauc_recall_at_5_std": 0.162301,
        "nauc_recall_at_5_diff1": 0.089081,
        "nauc_recall_at_10_max": 0.231209,
        "nauc_recall_at_10_std": 0.22866,
        "nauc_recall_at_10_diff1": -0.00799,
        "nauc_recall_at_20_max": 0.226327,
        "nauc_recall_at_20_std": 0.357017,
        "nauc_recall_at_20_diff1": -0.037833,
        "nauc_recall_at_100_max": 0.302951,
        "nauc_recall_at_100_std": 0.604096,
        "nauc_recall_at_100_diff1": -0.116302,
        "nauc_recall_at_1000_max": 0.244097,
        "nauc_recall_at_1000_std": 0.736564,
        "nauc_recall_at_1000_diff1": -0.105204,
        "nauc_precision_at_1_max": 0.67405,
        "nauc_precision_at_1_std": 0.463442,
        "nauc_precision_at_1_diff1": 0.217617,
        "nauc_precision_at_3_max": 0.45247,
        "nauc_precision_at_3_std": 0.563513,
        "nauc_precision_at_3_diff1": 0.058897,
        "nauc_precision_at_5_max": 0.458243,
        "nauc_precision_at_5_std": 0.572223,
        "nauc_precision_at_5_diff1": 0.054188,
        "nauc_precision_at_10_max": 0.295001,
        "nauc_precision_at_10_std": 0.598166,
        "nauc_precision_at_10_diff1": -0.120341,
        "nauc_precision_at_20_max": 0.215892,
        "nauc_precision_at_20_std": 0.620241,
        "nauc_precision_at_20_diff1": -0.170223,
        "nauc_precision_at_100_max": 0.272395,
        "nauc_precision_at_100_std": 0.808506,
        "nauc_precision_at_100_diff1": -0.150995,
        "nauc_precision_at_1000_max": 0.186795,
        "nauc_precision_at_1000_std": 0.747354,
        "nauc_precision_at_1000_diff1": -0.112801,
        "nauc_mrr_at_1_max": 0.67405,
        "nauc_mrr_at_1_std": 0.463442,
        "nauc_mrr_at_1_diff1": 0.217617,
        "nauc_mrr_at_3_max": 0.70483,
        "nauc_mrr_at_3_std": 0.560275,
        "nauc_mrr_at_3_diff1": 0.226499,
        "nauc_mrr_at_5_max": 0.694738,
        "nauc_mrr_at_5_std": 0.54971,
        "nauc_mrr_at_5_diff1": 0.240101,
        "nauc_mrr_at_10_max": 0.697539,
        "nauc_mrr_at_10_std": 0.543342,
        "nauc_mrr_at_10_diff1": 0.224959,
        "nauc_mrr_at_20_max": 0.697539,
        "nauc_mrr_at_20_std": 0.543342,
        "nauc_mrr_at_20_diff1": 0.224959,
        "nauc_mrr_at_100_max": 0.696926,
        "nauc_mrr_at_100_std": 0.542152,
        "nauc_mrr_at_100_diff1": 0.224575,
        "nauc_mrr_at_1000_max": 0.696926,
        "nauc_mrr_at_1000_std": 0.542152,
        "nauc_mrr_at_1000_diff1": 0.224575,
        "main_score": 0.56927,
        "hf_subset": "default",
        "languages": [
          "eng-Latn"
        ]
      }
    ]
  },
  "evaluation_time": 581.8393528461456,
  "kg_co2_emissions": null
}