{
  "dataset_revision": "8fae72a2c75530aaaac6920a02622490d923ca98",
  "task_name": "ChemRxivRetrieval",
  "mteb_version": "1.36.29",
  "scores": {
    "test": [
      {
        "ndcg_at_1": 0.7732,
        "ndcg_at_3": 0.85472,
        "ndcg_at_5": 0.86721,
        "ndcg_at_10": 0.87531,
        "ndcg_at_20": 0.87935,
        "ndcg_at_100": 0.88198,
        "ndcg_at_1000": 0.88259,
        "map_at_1": 0.7732,
        "map_at_3": 0.83557,
        "map_at_5": 0.84253,
        "map_at_10": 0.84591,
        "map_at_20": 0.84704,
        "map_at_100": 0.84742,
        "map_at_1000": 0.84744,
        "recall_at_1": 0.7732,
        "recall_at_3": 0.9098,
        "recall_at_5": 0.94,
        "recall_at_10": 0.9648,
        "recall_at_20": 0.9806,
        "recall_at_100": 0.9946,
        "recall_at_1000": 0.9994,
        "precision_at_1": 0.7732,
        "precision_at_3": 0.30327,
        "precision_at_5": 0.188,
        "precision_at_10": 0.09648,
        "precision_at_20": 0.04903,
        "precision_at_100": 0.00995,
        "precision_at_1000": 0.001,
        "mrr_at_1": 0.7724,
        "mrr_at_3": 0.835167,
        "mrr_at_5": 0.842127,
        "mrr_at_10": 0.845511,
        "mrr_at_20": 0.846644,
        "mrr_at_100": 0.847018,
        "mrr_at_1000": 0.847042,
        "nauc_ndcg_at_1_max": 0.405523,
        "nauc_ndcg_at_1_std": -0.250889,
        "nauc_ndcg_at_1_diff1": 0.793921,
        "nauc_ndcg_at_3_max": 0.477308,
        "nauc_ndcg_at_3_std": -0.233981,
        "nauc_ndcg_at_3_diff1": 0.772167,
        "nauc_ndcg_at_5_max": 0.473636,
        "nauc_ndcg_at_5_std": -0.232152,
        "nauc_ndcg_at_5_diff1": 0.775316,
        "nauc_ndcg_at_10_max": 0.472676,
        "nauc_ndcg_at_10_std": -0.229391,
        "nauc_ndcg_at_10_diff1": 0.778542,
        "nauc_ndcg_at_20_max": 0.464137,
        "nauc_ndcg_at_20_std": -0.232943,
        "nauc_ndcg_at_20_diff1": 0.779547,
        "nauc_ndcg_at_100_max": 0.459047,
        "nauc_ndcg_at_100_std": -0.233465,
        "nauc_ndcg_at_100_diff1": 0.78054,
        "nauc_ndcg_at_1000_max": 0.456658,
        "nauc_ndcg_at_1000_std": -0.235819,
        "nauc_ndcg_at_1000_diff1": 0.780384,
        "nauc_map_at_1_max": 0.405523,
        "nauc_map_at_1_std": -0.250889,
        "nauc_map_at_1_diff1": 0.793921,
        "nauc_map_at_3_max": 0.454477,
        "nauc_map_at_3_std": -0.240387,
        "nauc_map_at_3_diff1": 0.778306,
        "nauc_map_at_5_max": 0.451367,
        "nauc_map_at_5_std": -0.240099,
        "nauc_map_at_5_diff1": 0.780131,
        "nauc_map_at_10_max": 0.451033,
        "nauc_map_at_10_std": -0.238907,
        "nauc_map_at_10_diff1": 0.781467,
        "nauc_map_at_20_max": 0.448933,
        "nauc_map_at_20_std": -0.239917,
        "nauc_map_at_20_diff1": 0.781718,
        "nauc_map_at_100_max": 0.448325,
        "nauc_map_at_100_std": -0.24,
        "nauc_map_at_100_diff1": 0.781815,
        "nauc_map_at_1000_max": 0.44825,
        "nauc_map_at_1000_std": -0.240087,
        "nauc_map_at_1000_diff1": 0.78181,
        "nauc_recall_at_1_max": 0.405523,
        "nauc_recall_at_1_std": -0.250889,
        "nauc_recall_at_1_diff1": 0.793921,
        "nauc_recall_at_3_max": 0.589222,
        "nauc_recall_at_3_std": -0.201841,
        "nauc_recall_at_3_diff1": 0.742635,
        "nauc_recall_at_5_max": 0.629977,
        "nauc_recall_at_5_std": -0.173679,
        "nauc_recall_at_5_diff1": 0.743193,
        "nauc_recall_at_10_max": 0.719342,
        "nauc_recall_at_10_std": -0.113727,
        "nauc_recall_at_10_diff1": 0.750671,
        "nauc_recall_at_20_max": 0.727743,
        "nauc_recall_at_20_std": -0.092403,
        "nauc_recall_at_20_diff1": 0.750513,
        "nauc_recall_at_100_max": 0.861863,
        "nauc_recall_at_100_std": 0.217865,
        "nauc_recall_at_100_diff1": 0.787582,
        "nauc_recall_at_1000_max": 0.742453,
        "nauc_recall_at_1000_std": 0.693433,
        "nauc_recall_at_1000_diff1": 0.637411,
        "nauc_precision_at_1_max": 0.405523,
        "nauc_precision_at_1_std": -0.250889,
        "nauc_precision_at_1_diff1": 0.793921,
        "nauc_precision_at_3_max": 0.589222,
        "nauc_precision_at_3_std": -0.201841,
        "nauc_precision_at_3_diff1": 0.742635,
        "nauc_precision_at_5_max": 0.629977,
        "nauc_precision_at_5_std": -0.173679,
        "nauc_precision_at_5_diff1": 0.743193,
        "nauc_precision_at_10_max": 0.719342,
        "nauc_precision_at_10_std": -0.113727,
        "nauc_precision_at_10_diff1": 0.750671,
        "nauc_precision_at_20_max": 0.727743,
        "nauc_precision_at_20_std": -0.092403,
        "nauc_precision_at_20_diff1": 0.750513,
        "nauc_precision_at_100_max": 0.861863,
        "nauc_precision_at_100_std": 0.217865,
        "nauc_precision_at_100_diff1": 0.787582,
        "nauc_precision_at_1000_max": 0.742453,
        "nauc_precision_at_1000_std": 0.693433,
        "nauc_precision_at_1000_diff1": 0.637411,
        "nauc_mrr_at_1_max": 0.404515,
        "nauc_mrr_at_1_std": -0.250054,
        "nauc_mrr_at_1_diff1": 0.795571,
        "nauc_mrr_at_3_max": 0.453707,
        "nauc_mrr_at_3_std": -0.239846,
        "nauc_mrr_at_3_diff1": 0.779444,
        "nauc_mrr_at_5_max": 0.450567,
        "nauc_mrr_at_5_std": -0.239533,
        "nauc_mrr_at_5_diff1": 0.78132,
        "nauc_mrr_at_10_max": 0.450215,
        "nauc_mrr_at_10_std": -0.23833,
        "nauc_mrr_at_10_diff1": 0.782681,
        "nauc_mrr_at_20_max": 0.44811,
        "nauc_mrr_at_20_std": -0.239329,
        "nauc_mrr_at_20_diff1": 0.78294,
        "nauc_mrr_at_100_max": 0.447501,
        "nauc_mrr_at_100_std": -0.239411,
        "nauc_mrr_at_100_diff1": 0.783039,
        "nauc_mrr_at_1000_max": 0.447425,
        "nauc_mrr_at_1000_std": -0.239497,
        "nauc_mrr_at_1000_diff1": 0.783034,
        "main_score": 0.87531,
        "hf_subset": "default",
        "languages": [
          "eng-Latn"
        ]
      }
    ]
  },
  "evaluation_time": 191.2588677406311,
  "kg_co2_emissions": null
}