{
  "dataset_revision": "5037d69d177c9628fb79cb57eea1299178b28c1b",
  "task_name": "PubChemSynonymPC",
  "mteb_version": "1.36.29",
  "scores": {
    "test": [
      {
        "similarity_accuracy": 0.949219,
        "similarity_accuracy_threshold": 0.588288,
        "similarity_f1": 0.687679,
        "similarity_f1_threshold": 0.548219,
        "similarity_precision": 0.827586,
        "similarity_recall": 0.588235,
        "similarity_ap": 0.680529,
        "cosine_accuracy": 0.949219,
        "cosine_accuracy_threshold": 0.588288,
        "cosine_f1": 0.687679,
        "cosine_f1_threshold": 0.548219,
        "cosine_precision": 0.827586,
        "cosine_recall": 0.588235,
        "cosine_ap": 0.680529,
        "manhattan_accuracy": 0.944824,
        "manhattan_accuracy_threshold": 355.503601,
        "manhattan_f1": 0.644578,
        "manhattan_f1_threshold": 381.213562,
        "manhattan_precision": 0.835938,
        "manhattan_recall": 0.52451,
        "manhattan_ap": 0.628337,
        "euclidean_accuracy": 0.945312,
        "euclidean_accuracy_threshold": 16.463821,
        "euclidean_f1": 0.640719,
        "euclidean_f1_threshold": 17.367332,
        "euclidean_precision": 0.823077,
        "euclidean_recall": 0.52451,
        "euclidean_ap": 0.630125,
        "dot_accuracy": 0.942871,
        "dot_accuracy_threshold": 233.420792,
        "dot_f1": 0.636086,
        "dot_f1_threshold": 227.807251,
        "dot_precision": 0.845528,
        "dot_recall": 0.509804,
        "dot_ap": 0.627398,
        "max_accuracy": 0.949219,
        "max_f1": 0.687679,
        "max_precision": 0.845528,
        "max_recall": 0.588235,
        "max_ap": 0.680529,
        "main_score": 0.680529,
        "hf_subset": "default",
        "languages": [
          "eng-Latn"
        ]
      }
    ]
  },
  "evaluation_time": 3.530856132507324,
  "kg_co2_emissions": null
}