{
  "dataset_revision": "5037d69d177c9628fb79cb57eea1299178b28c1b",
  "task_name": "PubChemSynonymPC",
  "mteb_version": "1.36.29",
  "scores": {
    "test": [
      {
        "similarity_accuracy": 0.946289,
        "similarity_accuracy_threshold": 0.926823,
        "similarity_f1": 0.66055,
        "similarity_f1_threshold": 0.925681,
        "similarity_precision": 0.878049,
        "similarity_recall": 0.529412,
        "similarity_ap": 0.634654,
        "cosine_accuracy": 0.946289,
        "cosine_accuracy_threshold": 0.926823,
        "cosine_f1": 0.66055,
        "cosine_f1_threshold": 0.925681,
        "cosine_precision": 0.878049,
        "cosine_recall": 0.529412,
        "cosine_ap": 0.634654,
        "manhattan_accuracy": 0.944824,
        "manhattan_accuracy_threshold": 187.492752,
        "manhattan_f1": 0.648318,
        "manhattan_f1_threshold": 194.263214,
        "manhattan_precision": 0.861789,
        "manhattan_recall": 0.519608,
        "manhattan_ap": 0.622115,
        "euclidean_accuracy": 0.944336,
        "euclidean_accuracy_threshold": 8.306807,
        "euclidean_f1": 0.648485,
        "euclidean_f1_threshold": 8.90268,
        "euclidean_precision": 0.849206,
        "euclidean_recall": 0.52451,
        "euclidean_ap": 0.621849,
        "dot_accuracy": 0.924805,
        "dot_accuracy_threshold": 503.322906,
        "dot_f1": 0.497207,
        "dot_f1_threshold": 493.063416,
        "dot_precision": 0.577922,
        "dot_recall": 0.436275,
        "dot_ap": 0.488991,
        "max_accuracy": 0.946289,
        "max_f1": 0.66055,
        "max_precision": 0.878049,
        "max_recall": 0.529412,
        "max_ap": 0.634654,
        "main_score": 0.634654,
        "hf_subset": "default",
        "languages": [
          "eng-Latn"
        ]
      }
    ]
  },
  "evaluation_time": 3.517556667327881,
  "kg_co2_emissions": null
}