{
  "dataset_revision": "7ba40b69f5fe6ffe4cc189aac9e1710913c73c8a",
  "task_name": "PubChemSMILESPC",
  "mteb_version": "1.36.29",
  "scores": {
    "test": [
      {
        "similarity_accuracy": 0.900879,
        "similarity_accuracy_threshold": 0.619265,
        "similarity_f1": 0.187432,
        "similarity_f1_threshold": 0.314411,
        "similarity_precision": 0.105359,
        "similarity_recall": 0.848039,
        "similarity_ap": 0.121425,
        "cosine_accuracy": 0.900879,
        "cosine_accuracy_threshold": 0.619265,
        "cosine_f1": 0.187432,
        "cosine_f1_threshold": 0.314411,
        "cosine_precision": 0.105359,
        "cosine_recall": 0.848039,
        "cosine_ap": 0.121425,
        "manhattan_accuracy": 0.899902,
        "manhattan_accuracy_threshold": 375.559814,
        "manhattan_f1": 0.187579,
        "manhattan_f1_threshold": 447.870605,
        "manhattan_precision": 0.126496,
        "manhattan_recall": 0.362745,
        "manhattan_ap": 0.112551,
        "euclidean_accuracy": 0.899902,
        "euclidean_accuracy_threshold": 17.011421,
        "euclidean_f1": 0.186335,
        "euclidean_f1_threshold": 20.639505,
        "euclidean_precision": 0.11811,
        "euclidean_recall": 0.441176,
        "euclidean_ap": 0.111358,
        "dot_accuracy": 0.900879,
        "dot_accuracy_threshold": 275.399353,
        "dot_f1": 0.189797,
        "dot_f1_threshold": 103.356766,
        "dot_precision": 0.106856,
        "dot_recall": 0.848039,
        "dot_ap": 0.113482,
        "max_accuracy": 0.900879,
        "max_f1": 0.189797,
        "max_precision": 0.126496,
        "max_recall": 0.848039,
        "max_ap": 0.121425,
        "main_score": 0.121425,
        "hf_subset": "default",
        "languages": [
          "eng-Latn"
        ]
      }
    ]
  },
  "evaluation_time": 3.7789032459259033,
  "kg_co2_emissions": null
}