{
  "dataset_revision": "5d958fb6b31055495347724d46431ba41309b03a",
  "task_name": "ChemNQRetrieval",
  "mteb_version": "1.36.29",
  "scores": {
    "test": [
      {
        "ndcg_at_1": 0.40741,
        "ndcg_at_3": 0.52433,
        "ndcg_at_5": 0.54744,
        "ndcg_at_10": 0.57642,
        "ndcg_at_20": 0.61091,
        "ndcg_at_100": 0.62436,
        "ndcg_at_1000": 0.62824,
        "map_at_1": 0.30864,
        "map_at_3": 0.46914,
        "map_at_5": 0.48395,
        "map_at_10": 0.494,
        "map_at_20": 0.50539,
        "map_at_100": 0.50776,
        "map_at_1000": 0.50781,
        "recall_at_1": 0.30864,
        "recall_at_3": 0.62346,
        "recall_at_5": 0.67901,
        "recall_at_10": 0.7716,
        "recall_at_20": 0.90123,
        "recall_at_100": 0.96296,
        "recall_at_1000": 1.0,
        "precision_at_1": 0.40741,
        "precision_at_3": 0.25926,
        "precision_at_5": 0.17037,
        "precision_at_10": 0.0963,
        "precision_at_20": 0.05741,
        "precision_at_100": 0.01259,
        "precision_at_1000": 0.0013,
        "mrr_at_1": 0.407407,
        "mrr_at_3": 0.537037,
        "mrr_at_5": 0.544444,
        "mrr_at_10": 0.557143,
        "mrr_at_20": 0.561561,
        "mrr_at_100": 0.562651,
        "mrr_at_1000": 0.5627,
        "nauc_ndcg_at_1_max": 0.108326,
        "nauc_ndcg_at_1_std": -0.083395,
        "nauc_ndcg_at_1_diff1": 0.576346,
        "nauc_ndcg_at_3_max": 0.105861,
        "nauc_ndcg_at_3_std": -0.108559,
        "nauc_ndcg_at_3_diff1": 0.439243,
        "nauc_ndcg_at_5_max": 0.156735,
        "nauc_ndcg_at_5_std": -0.036895,
        "nauc_ndcg_at_5_diff1": 0.39038,
        "nauc_ndcg_at_10_max": 0.156541,
        "nauc_ndcg_at_10_std": -0.041986,
        "nauc_ndcg_at_10_diff1": 0.394476,
        "nauc_ndcg_at_20_max": 0.182257,
        "nauc_ndcg_at_20_std": -0.034948,
        "nauc_ndcg_at_20_diff1": 0.432598,
        "nauc_ndcg_at_100_max": 0.175975,
        "nauc_ndcg_at_100_std": -0.048732,
        "nauc_ndcg_at_100_diff1": 0.483111,
        "nauc_ndcg_at_1000_max": 0.177021,
        "nauc_ndcg_at_1000_std": -0.040006,
        "nauc_ndcg_at_1000_diff1": 0.476705,
        "nauc_map_at_1_max": -0.028022,
        "nauc_map_at_1_std": -0.072572,
        "nauc_map_at_1_diff1": 0.471201,
        "nauc_map_at_3_max": 0.07239,
        "nauc_map_at_3_std": -0.119218,
        "nauc_map_at_3_diff1": 0.453214,
        "nauc_map_at_5_max": 0.107873,
        "nauc_map_at_5_std": -0.079924,
        "nauc_map_at_5_diff1": 0.425321,
        "nauc_map_at_10_max": 0.106735,
        "nauc_map_at_10_std": -0.082437,
        "nauc_map_at_10_diff1": 0.427612,
        "nauc_map_at_20_max": 0.123883,
        "nauc_map_at_20_std": -0.071999,
        "nauc_map_at_20_diff1": 0.444205,
        "nauc_map_at_100_max": 0.122816,
        "nauc_map_at_100_std": -0.073742,
        "nauc_map_at_100_diff1": 0.451562,
        "nauc_map_at_1000_max": 0.122817,
        "nauc_map_at_1000_std": -0.073657,
        "nauc_map_at_1000_diff1": 0.451491,
        "nauc_recall_at_1_max": -0.028022,
        "nauc_recall_at_1_std": -0.072572,
        "nauc_recall_at_1_diff1": 0.471201,
        "nauc_recall_at_3_max": 0.07026,
        "nauc_recall_at_3_std": -0.143988,
        "nauc_recall_at_3_diff1": 0.290836,
        "nauc_recall_at_5_max": 0.18592,
        "nauc_recall_at_5_std": 0.047201,
        "nauc_recall_at_5_diff1": 0.134092,
        "nauc_recall_at_10_max": 0.118413,
        "nauc_recall_at_10_std": -0.012635,
        "nauc_recall_at_10_diff1": 0.002899,
        "nauc_recall_at_20_max": 0.204835,
        "nauc_recall_at_20_std": -0.050095,
        "nauc_recall_at_20_diff1": -0.032522,
        "nauc_recall_at_100_max": 0.113206,
        "nauc_recall_at_100_std": -0.572623,
        "nauc_recall_at_100_diff1": 0.867647,
        "nauc_recall_at_1000_max": NaN,
        "nauc_recall_at_1000_std": NaN,
        "nauc_recall_at_1000_diff1": NaN,
        "nauc_precision_at_1_max": 0.108326,
        "nauc_precision_at_1_std": -0.083395,
        "nauc_precision_at_1_diff1": 0.576346,
        "nauc_precision_at_3_max": 0.288606,
        "nauc_precision_at_3_std": -0.168465,
        "nauc_precision_at_3_diff1": 0.395364,
        "nauc_precision_at_5_max": 0.384344,
        "nauc_precision_at_5_std": 0.002801,
        "nauc_precision_at_5_diff1": 0.208931,
        "nauc_precision_at_10_max": 0.502266,
        "nauc_precision_at_10_std": 0.053956,
        "nauc_precision_at_10_diff1": 0.223836,
        "nauc_precision_at_20_max": 0.608857,
        "nauc_precision_at_20_std": 0.168625,
        "nauc_precision_at_20_diff1": 0.285051,
        "nauc_precision_at_100_max": 0.488832,
        "nauc_precision_at_100_std": 0.131629,
        "nauc_precision_at_100_diff1": 0.401855,
        "nauc_precision_at_1000_max": 0.52457,
        "nauc_precision_at_1000_std": 0.198634,
        "nauc_precision_at_1000_diff1": 0.357538,
        "nauc_mrr_at_1_max": 0.108326,
        "nauc_mrr_at_1_std": -0.083395,
        "nauc_mrr_at_1_diff1": 0.576346,
        "nauc_mrr_at_3_max": 0.188705,
        "nauc_mrr_at_3_std": -0.044114,
        "nauc_mrr_at_3_diff1": 0.520708,
        "nauc_mrr_at_5_max": 0.196029,
        "nauc_mrr_at_5_std": -0.016515,
        "nauc_mrr_at_5_diff1": 0.506078,
        "nauc_mrr_at_10_max": 0.213465,
        "nauc_mrr_at_10_std": -0.002481,
        "nauc_mrr_at_10_diff1": 0.524209,
        "nauc_mrr_at_20_max": 0.202575,
        "nauc_mrr_at_20_std": -0.013004,
        "nauc_mrr_at_20_diff1": 0.523089,
        "nauc_mrr_at_100_max": 0.202014,
        "nauc_mrr_at_100_std": -0.015066,
        "nauc_mrr_at_100_diff1": 0.527058,
        "nauc_mrr_at_1000_max": 0.202028,
        "nauc_mrr_at_1000_std": -0.014973,
        "nauc_mrr_at_1000_diff1": 0.527001,
        "main_score": 0.57642,
        "hf_subset": "default",
        "languages": [
          "eng-Latn"
        ]
      }
    ]
  },
  "evaluation_time": 29.518126726150513,
  "kg_co2_emissions": null
}