{
  "dataset_revision": "8fae72a2c75530aaaac6920a02622490d923ca98",
  "task_name": "ChemRxivNC2",
  "mteb_version": "1.36.29",
  "scores": {
    "test": [
      {
        "ndcg_at_1": 0.7222,
        "ndcg_at_3": 0.81123,
        "ndcg_at_5": 0.82982,
        "ndcg_at_10": 0.84069,
        "ndcg_at_20": 0.84527,
        "ndcg_at_100": 0.84929,
        "ndcg_at_1000": 0.85041,
        "map_at_1": 0.7222,
        "map_at_3": 0.79,
        "map_at_5": 0.8004,
        "map_at_10": 0.80496,
        "map_at_20": 0.80623,
        "map_at_100": 0.80681,
        "map_at_1000": 0.80685,
        "recall_at_1": 0.7222,
        "recall_at_3": 0.8724,
        "recall_at_5": 0.9172,
        "recall_at_10": 0.9504,
        "recall_at_20": 0.9684,
        "recall_at_100": 0.9898,
        "recall_at_1000": 0.9986,
        "precision_at_1": 0.7222,
        "precision_at_3": 0.2908,
        "precision_at_5": 0.18344,
        "precision_at_10": 0.09504,
        "precision_at_20": 0.04842,
        "precision_at_100": 0.0099,
        "precision_at_1000": 0.001,
        "mrr_at_1": 0.7224,
        "mrr_at_3": 0.789967,
        "mrr_at_5": 0.800467,
        "mrr_at_10": 0.805025,
        "mrr_at_20": 0.806297,
        "mrr_at_100": 0.806874,
        "mrr_at_1000": 0.806915,
        "nauc_ndcg_at_1_max": 0.387178,
        "nauc_ndcg_at_1_std": -0.183214,
        "nauc_ndcg_at_1_diff1": 0.753244,
        "nauc_ndcg_at_3_max": 0.439063,
        "nauc_ndcg_at_3_std": -0.159518,
        "nauc_ndcg_at_3_diff1": 0.718171,
        "nauc_ndcg_at_5_max": 0.449899,
        "nauc_ndcg_at_5_std": -0.144674,
        "nauc_ndcg_at_5_diff1": 0.724076,
        "nauc_ndcg_at_10_max": 0.447439,
        "nauc_ndcg_at_10_std": -0.141531,
        "nauc_ndcg_at_10_diff1": 0.72732,
        "nauc_ndcg_at_20_max": 0.44226,
        "nauc_ndcg_at_20_std": -0.142424,
        "nauc_ndcg_at_20_diff1": 0.726873,
        "nauc_ndcg_at_100_max": 0.436293,
        "nauc_ndcg_at_100_std": -0.148393,
        "nauc_ndcg_at_100_diff1": 0.730237,
        "nauc_ndcg_at_1000_max": 0.433229,
        "nauc_ndcg_at_1000_std": -0.151654,
        "nauc_ndcg_at_1000_diff1": 0.729912,
        "nauc_map_at_1_max": 0.387178,
        "nauc_map_at_1_std": -0.183214,
        "nauc_map_at_1_diff1": 0.753244,
        "nauc_map_at_3_max": 0.423549,
        "nauc_map_at_3_std": -0.167462,
        "nauc_map_at_3_diff1": 0.727678,
        "nauc_map_at_5_max": 0.427986,
        "nauc_map_at_5_std": -0.160729,
        "nauc_map_at_5_diff1": 0.730956,
        "nauc_map_at_10_max": 0.42673,
        "nauc_map_at_10_std": -0.159769,
        "nauc_map_at_10_diff1": 0.732341,
        "nauc_map_at_20_max": 0.4254,
        "nauc_map_at_20_std": -0.160129,
        "nauc_map_at_20_diff1": 0.732196,
        "nauc_map_at_100_max": 0.424591,
        "nauc_map_at_100_std": -0.160799,
        "nauc_map_at_100_diff1": 0.732494,
        "nauc_map_at_1000_max": 0.424502,
        "nauc_map_at_1000_std": -0.160885,
        "nauc_map_at_1000_diff1": 0.732478,
        "nauc_recall_at_1_max": 0.387178,
        "nauc_recall_at_1_std": -0.183214,
        "nauc_recall_at_1_diff1": 0.753244,
        "nauc_recall_at_3_max": 0.507308,
        "nauc_recall_at_3_std": -0.12401,
        "nauc_recall_at_3_diff1": 0.676991,
        "nauc_recall_at_5_max": 0.590282,
        "nauc_recall_at_5_std": -0.038784,
        "nauc_recall_at_5_diff1": 0.683986,
        "nauc_recall_at_10_max": 0.65931,
        "nauc_recall_at_10_std": 0.054899,
        "nauc_recall_at_10_diff1": 0.684607,
        "nauc_recall_at_20_max": 0.690429,
        "nauc_recall_at_20_std": 0.152428,
        "nauc_recall_at_20_diff1": 0.655799,
        "nauc_recall_at_100_max": 0.806695,
        "nauc_recall_at_100_std": 0.331567,
        "nauc_recall_at_100_diff1": 0.76867,
        "nauc_recall_at_1000_max": 0.774576,
        "nauc_recall_at_1000_std": 0.758904,
        "nauc_recall_at_1000_diff1": 0.807256,
        "nauc_precision_at_1_max": 0.387178,
        "nauc_precision_at_1_std": -0.183214,
        "nauc_precision_at_1_diff1": 0.753244,
        "nauc_precision_at_3_max": 0.507308,
        "nauc_precision_at_3_std": -0.12401,
        "nauc_precision_at_3_diff1": 0.676991,
        "nauc_precision_at_5_max": 0.590282,
        "nauc_precision_at_5_std": -0.038784,
        "nauc_precision_at_5_diff1": 0.683986,
        "nauc_precision_at_10_max": 0.65931,
        "nauc_precision_at_10_std": 0.054899,
        "nauc_precision_at_10_diff1": 0.684607,
        "nauc_precision_at_20_max": 0.690429,
        "nauc_precision_at_20_std": 0.152428,
        "nauc_precision_at_20_diff1": 0.655799,
        "nauc_precision_at_100_max": 0.806695,
        "nauc_precision_at_100_std": 0.331567,
        "nauc_precision_at_100_diff1": 0.76867,
        "nauc_precision_at_1000_max": 0.774576,
        "nauc_precision_at_1000_std": 0.758904,
        "nauc_precision_at_1000_diff1": 0.807256,
        "nauc_mrr_at_1_max": 0.389814,
        "nauc_mrr_at_1_std": -0.181261,
        "nauc_mrr_at_1_diff1": 0.752869,
        "nauc_mrr_at_3_max": 0.42528,
        "nauc_mrr_at_3_std": -0.166339,
        "nauc_mrr_at_3_diff1": 0.727663,
        "nauc_mrr_at_5_max": 0.429714,
        "nauc_mrr_at_5_std": -0.159676,
        "nauc_mrr_at_5_diff1": 0.730738,
        "nauc_mrr_at_10_max": 0.428503,
        "nauc_mrr_at_10_std": -0.158689,
        "nauc_mrr_at_10_diff1": 0.732117,
        "nauc_mrr_at_20_max": 0.427186,
        "nauc_mrr_at_20_std": -0.159041,
        "nauc_mrr_at_20_diff1": 0.73197,
        "nauc_mrr_at_100_max": 0.426383,
        "nauc_mrr_at_100_std": -0.159708,
        "nauc_mrr_at_100_diff1": 0.732268,
        "nauc_mrr_at_1000_max": 0.426294,
        "nauc_mrr_at_1000_std": -0.159794,
        "nauc_mrr_at_1000_diff1": 0.732252,
        "main_score": 0.84069,
        "hf_subset": "default",
        "languages": [
          "eng-Latn"
        ]
      }
    ]
  },
  "evaluation_time": 175.98751401901245,
  "kg_co2_emissions": null
}