{
  "dataset_revision": "c22ab2a51041ffd869aaddef7af8d8215647e41a",
  "task_name": "ArguAna",
  "mteb_version": "1.36.29",
  "scores": {
    "test": [
      {
        "ndcg_at_1": 0.26316,
        "ndcg_at_3": 0.42066,
        "ndcg_at_5": 0.46782,
        "ndcg_at_10": 0.52159,
        "ndcg_at_20": 0.54787,
        "ndcg_at_100": 0.56073,
        "ndcg_at_1000": 0.56276,
        "map_at_1": 0.26316,
        "map_at_3": 0.38193,
        "map_at_5": 0.40811,
        "map_at_10": 0.43068,
        "map_at_20": 0.43809,
        "map_at_100": 0.44008,
        "map_at_1000": 0.44017,
        "recall_at_1": 0.26316,
        "recall_at_3": 0.53272,
        "recall_at_5": 0.64723,
        "recall_at_10": 0.81152,
        "recall_at_20": 0.91394,
        "recall_at_100": 0.98009,
        "recall_at_1000": 0.99573,
        "precision_at_1": 0.26316,
        "precision_at_3": 0.17757,
        "precision_at_5": 0.12945,
        "precision_at_10": 0.08115,
        "precision_at_20": 0.0457,
        "precision_at_100": 0.0098,
        "precision_at_1000": 0.001,
        "mrr_at_1": 0.268848,
        "mrr_at_3": 0.384187,
        "mrr_at_5": 0.410467,
        "mrr_at_10": 0.432895,
        "mrr_at_20": 0.440308,
        "mrr_at_100": 0.442304,
        "mrr_at_1000": 0.442388,
        "nauc_ndcg_at_1_max": -0.104215,
        "nauc_ndcg_at_1_std": -0.162242,
        "nauc_ndcg_at_1_diff1": 0.048414,
        "nauc_ndcg_at_3_max": -0.069305,
        "nauc_ndcg_at_3_std": -0.137458,
        "nauc_ndcg_at_3_diff1": 0.013729,
        "nauc_ndcg_at_5_max": -0.060059,
        "nauc_ndcg_at_5_std": -0.133611,
        "nauc_ndcg_at_5_diff1": 0.005293,
        "nauc_ndcg_at_10_max": -0.048773,
        "nauc_ndcg_at_10_std": -0.135051,
        "nauc_ndcg_at_10_diff1": 0.009679,
        "nauc_ndcg_at_20_max": -0.051683,
        "nauc_ndcg_at_20_std": -0.12272,
        "nauc_ndcg_at_20_diff1": 0.010729,
        "nauc_ndcg_at_100_max": -0.057081,
        "nauc_ndcg_at_100_std": -0.126958,
        "nauc_ndcg_at_100_diff1": 0.020328,
        "nauc_ndcg_at_1000_max": -0.062643,
        "nauc_ndcg_at_1000_std": -0.132831,
        "nauc_ndcg_at_1000_diff1": 0.017033,
        "nauc_map_at_1_max": -0.104215,
        "nauc_map_at_1_std": -0.162242,
        "nauc_map_at_1_diff1": 0.048414,
        "nauc_map_at_3_max": -0.078883,
        "nauc_map_at_3_std": -0.144114,
        "nauc_map_at_3_diff1": 0.019339,
        "nauc_map_at_5_max": -0.074238,
        "nauc_map_at_5_std": -0.142838,
        "nauc_map_at_5_diff1": 0.014884,
        "nauc_map_at_10_max": -0.071647,
        "nauc_map_at_10_std": -0.144864,
        "nauc_map_at_10_diff1": 0.016519,
        "nauc_map_at_20_max": -0.072588,
        "nauc_map_at_20_std": -0.141897,
        "nauc_map_at_20_diff1": 0.017166,
        "nauc_map_at_100_max": -0.073176,
        "nauc_map_at_100_std": -0.142329,
        "nauc_map_at_100_diff1": 0.018487,
        "nauc_map_at_1000_max": -0.073361,
        "nauc_map_at_1000_std": -0.142544,
        "nauc_map_at_1000_diff1": 0.018392,
        "nauc_recall_at_1_max": -0.104215,
        "nauc_recall_at_1_std": -0.162242,
        "nauc_recall_at_1_diff1": 0.048414,
        "nauc_recall_at_3_max": -0.041386,
        "nauc_recall_at_3_std": -0.118109,
        "nauc_recall_at_3_diff1": -0.001263,
        "nauc_recall_at_5_max": -0.01185,
        "nauc_recall_at_5_std": -0.101848,
        "nauc_recall_at_5_diff1": -0.025888,
        "nauc_recall_at_10_max": 0.081967,
        "nauc_recall_at_10_std": -0.079355,
        "nauc_recall_at_10_diff1": -0.020092,
        "nauc_recall_at_20_max": 0.179472,
        "nauc_recall_at_20_std": 0.116226,
        "nauc_recall_at_20_diff1": -0.046255,
        "nauc_recall_at_100_max": 0.56083,
        "nauc_recall_at_100_std": 0.600582,
        "nauc_recall_at_100_diff1": 0.352694,
        "nauc_recall_at_1000_max": 0.392985,
        "nauc_recall_at_1000_std": 0.754124,
        "nauc_recall_at_1000_diff1": 0.105996,
        "nauc_precision_at_1_max": -0.104215,
        "nauc_precision_at_1_std": -0.162242,
        "nauc_precision_at_1_diff1": 0.048414,
        "nauc_precision_at_3_max": -0.041386,
        "nauc_precision_at_3_std": -0.118109,
        "nauc_precision_at_3_diff1": -0.001263,
        "nauc_precision_at_5_max": -0.01185,
        "nauc_precision_at_5_std": -0.101848,
        "nauc_precision_at_5_diff1": -0.025888,
        "nauc_precision_at_10_max": 0.081967,
        "nauc_precision_at_10_std": -0.079355,
        "nauc_precision_at_10_diff1": -0.020092,
        "nauc_precision_at_20_max": 0.179472,
        "nauc_precision_at_20_std": 0.116226,
        "nauc_precision_at_20_diff1": -0.046255,
        "nauc_precision_at_100_max": 0.56083,
        "nauc_precision_at_100_std": 0.600582,
        "nauc_precision_at_100_diff1": 0.352694,
        "nauc_precision_at_1000_max": 0.392985,
        "nauc_precision_at_1000_std": 0.754124,
        "nauc_precision_at_1000_diff1": 0.105996,
        "nauc_mrr_at_1_max": -0.099032,
        "nauc_mrr_at_1_std": -0.153431,
        "nauc_mrr_at_1_diff1": 0.030591,
        "nauc_mrr_at_3_max": -0.081483,
        "nauc_mrr_at_3_std": -0.142595,
        "nauc_mrr_at_3_diff1": 0.005209,
        "nauc_mrr_at_5_max": -0.078353,
        "nauc_mrr_at_5_std": -0.141557,
        "nauc_mrr_at_5_diff1": -0.000341,
        "nauc_mrr_at_10_max": -0.075288,
        "nauc_mrr_at_10_std": -0.143872,
        "nauc_mrr_at_10_diff1": 0.001131,
        "nauc_mrr_at_20_max": -0.076368,
        "nauc_mrr_at_20_std": -0.140914,
        "nauc_mrr_at_20_diff1": 0.001339,
        "nauc_mrr_at_100_max": -0.076984,
        "nauc_mrr_at_100_std": -0.141337,
        "nauc_mrr_at_100_diff1": 0.002541,
        "nauc_mrr_at_1000_max": -0.077168,
        "nauc_mrr_at_1000_std": -0.141551,
        "nauc_mrr_at_1000_diff1": 0.002442,
        "main_score": 0.52159,
        "hf_subset": "default",
        "languages": [
          "eng-Latn"
        ]
      }
    ]
  },
  "evaluation_time": 52.44394874572754,
  "kg_co2_emissions": null
}