{
  "dataset_revision": "70970daeab8776df92f5ea462b6173c0b46fd2d1",
  "task_name": "TwitterSemEval2015",
  "mteb_version": "1.36.29",
  "scores": {
    "test": [
      {
        "similarity_accuracy": 0.864457,
        "similarity_accuracy_threshold": 0.785728,
        "similarity_f1": 0.696935,
        "similarity_f1_threshold": 0.764833,
        "similarity_precision": 0.672723,
        "similarity_recall": 0.722955,
        "similarity_ap": 0.755125,
        "cosine_accuracy": 0.864457,
        "cosine_accuracy_threshold": 0.785728,
        "cosine_f1": 0.696935,
        "cosine_f1_threshold": 0.764833,
        "cosine_precision": 0.672723,
        "cosine_recall": 0.722955,
        "cosine_ap": 0.755125,
        "manhattan_accuracy": 0.868749,
        "manhattan_accuracy_threshold": 295.521057,
        "manhattan_f1": 0.706115,
        "manhattan_f1_threshold": 313.494934,
        "manhattan_precision": 0.663879,
        "manhattan_recall": 0.75409,
        "manhattan_ap": 0.761628,
        "euclidean_accuracy": 0.869226,
        "euclidean_accuracy_threshold": 13.501925,
        "euclidean_f1": 0.70609,
        "euclidean_f1_threshold": 14.064674,
        "euclidean_precision": 0.676165,
        "euclidean_recall": 0.738786,
        "euclidean_ap": 0.761723,
        "dot_accuracy": 0.820409,
        "dot_accuracy_threshold": 340.726227,
        "dot_f1": 0.592132,
        "dot_f1_threshold": 311.797546,
        "dot_precision": 0.511521,
        "dot_recall": 0.702902,
        "dot_ap": 0.61298,
        "max_accuracy": 0.869226,
        "max_f1": 0.706115,
        "max_precision": 0.676165,
        "max_recall": 0.75409,
        "max_ap": 0.761723,
        "main_score": 0.761723,
        "hf_subset": "default",
        "languages": [
          "eng-Latn"
        ]
      }
    ]
  },
  "evaluation_time": 15.472373008728027,
  "kg_co2_emissions": null
}