{
  "dataset_revision": "7fb14716e4106b72f51a16e682e5cd2d67e9bd70",
  "task_name": "PubChemWikiParagraphsPC",
  "mteb_version": "1.36.29",
  "scores": {
    "test": [
      {
        "similarity_accuracy": 0.914551,
        "similarity_accuracy_threshold": 0.473464,
        "similarity_f1": 0.494792,
        "similarity_f1_threshold": 0.39351,
        "similarity_precision": 0.530726,
        "similarity_recall": 0.463415,
        "similarity_ap": 0.447523,
        "cosine_accuracy": 0.914551,
        "cosine_accuracy_threshold": 0.473464,
        "cosine_f1": 0.494792,
        "cosine_f1_threshold": 0.39351,
        "cosine_precision": 0.530726,
        "cosine_recall": 0.463415,
        "cosine_ap": 0.447523,
        "manhattan_accuracy": 0.914551,
        "manhattan_accuracy_threshold": 22.583736,
        "manhattan_f1": 0.487936,
        "manhattan_f1_threshold": 24.170662,
        "manhattan_precision": 0.541667,
        "manhattan_recall": 0.443902,
        "manhattan_ap": 0.444317,
        "euclidean_accuracy": 0.914551,
        "euclidean_accuracy_threshold": 1.035682,
        "euclidean_f1": 0.496124,
        "euclidean_f1_threshold": 1.103797,
        "euclidean_precision": 0.527473,
        "euclidean_recall": 0.468293,
        "euclidean_ap": 0.447659,
        "dot_accuracy": 0.915039,
        "dot_accuracy_threshold": 0.474575,
        "dot_f1": 0.493573,
        "dot_f1_threshold": 0.389825,
        "dot_precision": 0.521739,
        "dot_recall": 0.468293,
        "dot_ap": 0.448116,
        "max_accuracy": 0.915039,
        "max_f1": 0.496124,
        "max_precision": 0.541667,
        "max_recall": 0.468293,
        "max_ap": 0.448116,
        "main_score": 0.448116,
        "hf_subset": "default",
        "languages": [
          "eng-Latn"
        ]
      }
    ]
  },
  "evaluation_time": 7.380503416061401,
  "kg_co2_emissions": null
}