{
  "dataset_revision": "1840e8a5ac6ec752bbdd97d543ead0189bc7c25b",
  "task_name": "ChemHotpotQARetrieval",
  "mteb_version": "1.36.29",
  "scores": {
    "train": [
      {
        "ndcg_at_1": 0.86111,
        "ndcg_at_3": 0.88841,
        "ndcg_at_5": 0.89534,
        "ndcg_at_10": 0.90283,
        "ndcg_at_20": 0.90751,
        "ndcg_at_100": 0.90975,
        "ndcg_at_1000": 0.91086,
        "map_at_1": 0.84167,
        "map_at_3": 0.87685,
        "map_at_5": 0.88074,
        "map_at_10": 0.884,
        "map_at_20": 0.88563,
        "map_at_100": 0.886,
        "map_at_1000": 0.88606,
        "recall_at_1": 0.84167,
        "recall_at_3": 0.91389,
        "recall_at_5": 0.93056,
        "recall_at_10": 0.95278,
        "recall_at_20": 0.96944,
        "recall_at_100": 0.98056,
        "recall_at_1000": 0.98889,
        "precision_at_1": 0.86111,
        "precision_at_3": 0.31481,
        "precision_at_5": 0.19222,
        "precision_at_10": 0.09833,
        "precision_at_20": 0.05028,
        "precision_at_100": 0.01017,
        "precision_at_1000": 0.00103,
        "mrr_at_1": 0.861111,
        "mrr_at_3": 0.886111,
        "mrr_at_5": 0.89,
        "mrr_at_10": 0.893263,
        "mrr_at_20": 0.894231,
        "mrr_at_100": 0.894608,
        "mrr_at_1000": 0.894619,
        "nauc_ndcg_at_1_max": 0.602888,
        "nauc_ndcg_at_1_std": -0.360593,
        "nauc_ndcg_at_1_diff1": 0.873716,
        "nauc_ndcg_at_3_max": 0.446586,
        "nauc_ndcg_at_3_std": -0.419393,
        "nauc_ndcg_at_3_diff1": 0.733152,
        "nauc_ndcg_at_5_max": 0.422412,
        "nauc_ndcg_at_5_std": -0.486599,
        "nauc_ndcg_at_5_diff1": 0.734743,
        "nauc_ndcg_at_10_max": 0.407533,
        "nauc_ndcg_at_10_std": -0.497058,
        "nauc_ndcg_at_10_diff1": 0.733101,
        "nauc_ndcg_at_20_max": 0.418793,
        "nauc_ndcg_at_20_std": -0.462465,
        "nauc_ndcg_at_20_diff1": 0.750786,
        "nauc_ndcg_at_100_max": 0.409286,
        "nauc_ndcg_at_100_std": -0.465308,
        "nauc_ndcg_at_100_diff1": 0.747671,
        "nauc_ndcg_at_1000_max": 0.421545,
        "nauc_ndcg_at_1000_std": -0.452842,
        "nauc_ndcg_at_1000_diff1": 0.762612,
        "nauc_map_at_1_max": 0.445127,
        "nauc_map_at_1_std": -0.43993,
        "nauc_map_at_1_diff1": 0.776163,
        "nauc_map_at_3_max": 0.451677,
        "nauc_map_at_3_std": -0.429322,
        "nauc_map_at_3_diff1": 0.724487,
        "nauc_map_at_5_max": 0.440125,
        "nauc_map_at_5_std": -0.462723,
        "nauc_map_at_5_diff1": 0.725171,
        "nauc_map_at_10_max": 0.434784,
        "nauc_map_at_10_std": -0.467175,
        "nauc_map_at_10_diff1": 0.723862,
        "nauc_map_at_20_max": 0.439788,
        "nauc_map_at_20_std": -0.456319,
        "nauc_map_at_20_diff1": 0.730195,
        "nauc_map_at_100_max": 0.438639,
        "nauc_map_at_100_std": -0.456812,
        "nauc_map_at_100_diff1": 0.729613,
        "nauc_map_at_1000_max": 0.439525,
        "nauc_map_at_1000_std": -0.456189,
        "nauc_map_at_1000_diff1": 0.730612,
        "nauc_recall_at_1_max": 0.445127,
        "nauc_recall_at_1_std": -0.43993,
        "nauc_recall_at_1_diff1": 0.776163,
        "nauc_recall_at_3_max": 0.297145,
        "nauc_recall_at_3_std": -0.460754,
        "nauc_recall_at_3_diff1": 0.617888,
        "nauc_recall_at_5_max": 0.174585,
        "nauc_recall_at_5_std": -0.708478,
        "nauc_recall_at_5_diff1": 0.594528,
        "nauc_recall_at_10_max": -0.025512,
        "nauc_recall_at_10_std": -0.858763,
        "nauc_recall_at_10_diff1": 0.524002,
        "nauc_recall_at_20_max": -0.151218,
        "nauc_recall_at_20_std": -0.71679,
        "nauc_recall_at_20_diff1": 0.595578,
        "nauc_recall_at_100_max": -0.692344,
        "nauc_recall_at_100_std": -0.916433,
        "nauc_recall_at_100_diff1": 0.443844,
        "nauc_recall_at_1000_max": -0.955649,
        "nauc_recall_at_1000_std": -0.592904,
        "nauc_recall_at_1000_diff1": 0.934641,
        "nauc_precision_at_1_max": 0.602888,
        "nauc_precision_at_1_std": -0.360593,
        "nauc_precision_at_1_diff1": 0.873716,
        "nauc_precision_at_3_max": 0.372995,
        "nauc_precision_at_3_std": -0.141171,
        "nauc_precision_at_3_diff1": 0.381326,
        "nauc_precision_at_5_max": 0.300364,
        "nauc_precision_at_5_std": -0.260203,
        "nauc_precision_at_5_diff1": 0.325552,
        "nauc_precision_at_10_max": 0.214568,
        "nauc_precision_at_10_std": -0.223263,
        "nauc_precision_at_10_diff1": 0.205538,
        "nauc_precision_at_20_max": 0.206549,
        "nauc_precision_at_20_std": 0.109216,
        "nauc_precision_at_20_diff1": 0.154269,
        "nauc_precision_at_100_max": 0.118869,
        "nauc_precision_at_100_std": 0.180145,
        "nauc_precision_at_100_diff1": 0.049083,
        "nauc_precision_at_1000_max": 0.210121,
        "nauc_precision_at_1000_std": 0.374675,
        "nauc_precision_at_1000_diff1": 0.130148,
        "nauc_mrr_at_1_max": 0.602888,
        "nauc_mrr_at_1_std": -0.360593,
        "nauc_mrr_at_1_diff1": 0.873716,
        "nauc_mrr_at_3_max": 0.559998,
        "nauc_mrr_at_3_std": -0.35296,
        "nauc_mrr_at_3_diff1": 0.847778,
        "nauc_mrr_at_5_max": 0.551507,
        "nauc_mrr_at_5_std": -0.386099,
        "nauc_mrr_at_5_diff1": 0.852985,
        "nauc_mrr_at_10_max": 0.549249,
        "nauc_mrr_at_10_std": -0.38849,
        "nauc_mrr_at_10_diff1": 0.855587,
        "nauc_mrr_at_20_max": 0.547787,
        "nauc_mrr_at_20_std": -0.382838,
        "nauc_mrr_at_20_diff1": 0.854817,
        "nauc_mrr_at_100_max": 0.546951,
        "nauc_mrr_at_100_std": -0.383098,
        "nauc_mrr_at_100_diff1": 0.85465,
        "nauc_mrr_at_1000_max": 0.546971,
        "nauc_mrr_at_1000_std": -0.383018,
        "nauc_mrr_at_1000_diff1": 0.854681,
        "main_score": 0.90283,
        "hf_subset": "default",
        "languages": [
          "eng-Latn"
        ]
      }
    ],
    "dev": [
      {
        "ndcg_at_1": 0.875,
        "ndcg_at_3": 0.875,
        "ndcg_at_5": 0.875,
        "ndcg_at_10": 0.875,
        "ndcg_at_20": 0.875,
        "ndcg_at_100": 0.90129,
        "ndcg_at_1000": 0.90129,
        "map_at_1": 0.875,
        "map_at_3": 0.875,
        "map_at_5": 0.875,
        "map_at_10": 0.875,
        "map_at_20": 0.875,
        "map_at_100": 0.87981,
        "map_at_1000": 0.87981,
        "recall_at_1": 0.875,
        "recall_at_3": 0.875,
        "recall_at_5": 0.875,
        "recall_at_10": 0.875,
        "recall_at_20": 0.875,
        "recall_at_100": 1.0,
        "recall_at_1000": 1.0,
        "precision_at_1": 0.875,
        "precision_at_3": 0.29167,
        "precision_at_5": 0.175,
        "precision_at_10": 0.0875,
        "precision_at_20": 0.04375,
        "precision_at_100": 0.01,
        "precision_at_1000": 0.001,
        "mrr_at_1": 0.875,
        "mrr_at_3": 0.875,
        "mrr_at_5": 0.875,
        "mrr_at_10": 0.875,
        "mrr_at_20": 0.875,
        "mrr_at_100": 0.879808,
        "mrr_at_1000": 0.879808,
        "nauc_ndcg_at_1_max": 1.0,
        "nauc_ndcg_at_1_std": 0.865546,
        "nauc_ndcg_at_1_diff1": 0.865546,
        "nauc_ndcg_at_3_max": 1.0,
        "nauc_ndcg_at_3_std": 0.865546,
        "nauc_ndcg_at_3_diff1": 0.865546,
        "nauc_ndcg_at_5_max": 1.0,
        "nauc_ndcg_at_5_std": 0.865546,
        "nauc_ndcg_at_5_diff1": 0.865546,
        "nauc_ndcg_at_10_max": 1.0,
        "nauc_ndcg_at_10_std": 0.865546,
        "nauc_ndcg_at_10_diff1": 0.865546,
        "nauc_ndcg_at_20_max": 1.0,
        "nauc_ndcg_at_20_std": 0.865546,
        "nauc_ndcg_at_20_diff1": 0.865546,
        "nauc_ndcg_at_100_max": 1.0,
        "nauc_ndcg_at_100_std": 0.865546,
        "nauc_ndcg_at_100_diff1": 0.865546,
        "nauc_ndcg_at_1000_max": 1.0,
        "nauc_ndcg_at_1000_std": 0.865546,
        "nauc_ndcg_at_1000_diff1": 0.865546,
        "nauc_map_at_1_max": 1.0,
        "nauc_map_at_1_std": 0.865546,
        "nauc_map_at_1_diff1": 0.865546,