{
  "dataset_revision": "8b6510b0b1fa4e4c4f879467980e9be563ec1cdf",
  "task_name": "TwitterURLCorpus",
  "mteb_version": "1.36.29",
  "scores": {
    "test": [
      {
        "similarity_accuracy": 0.893565,
        "similarity_accuracy_threshold": 0.70505,
        "similarity_f1": 0.791511,
        "similarity_f1_threshold": 0.684647,
        "similarity_precision": 0.754149,
        "similarity_recall": 0.832769,
        "similarity_ap": 0.866478,
        "cosine_accuracy": 0.893565,
        "cosine_accuracy_threshold": 0.70505,
        "cosine_f1": 0.791511,
        "cosine_f1_threshold": 0.684647,
        "cosine_precision": 0.754149,
        "cosine_recall": 0.832769,
        "cosine_ap": 0.866478,
        "manhattan_accuracy": 0.892925,
        "manhattan_accuracy_threshold": 317.400848,
        "manhattan_f1": 0.78989,
        "manhattan_f1_threshold": 326.082703,
        "manhattan_precision": 0.77323,
        "manhattan_recall": 0.807284,
        "manhattan_ap": 0.863591,
        "euclidean_accuracy": 0.893158,
        "euclidean_accuracy_threshold": 14.424156,
        "euclidean_f1": 0.791935,
        "euclidean_f1_threshold": 14.915522,
        "euclidean_precision": 0.762213,
        "euclidean_recall": 0.824068,
        "euclidean_ap": 0.863757,
        "dot_accuracy": 0.872764,
        "dot_accuracy_threshold": 263.188965,
        "dot_f1": 0.747132,
        "dot_f1_threshold": 247.097778,
        "dot_precision": 0.714959,
        "dot_recall": 0.782338,
        "dot_ap": 0.82292,
        "max_accuracy": 0.893565,
        "max_f1": 0.791935,
        "max_precision": 0.77323,
        "max_recall": 0.832769,
        "max_ap": 0.866478,
        "main_score": 0.866478,
        "hf_subset": "default",
        "languages": [
          "eng-Latn"
        ]
      }
    ]
  },
  "evaluation_time": 41.98798322677612,
  "kg_co2_emissions": null
}