{
  "dataset_revision": "1840e8a5ac6ec752bbdd97d543ead0189bc7c25b",
  "task_name": "ChemHotpotQARetrieval",
  "mteb_version": "1.36.20",
  "scores": {
    "train": [
      {
        "ndcg_at_1": 0.73889,
        "ndcg_at_3": 0.7734,
        "ndcg_at_5": 0.79923,
        "ndcg_at_10": 0.81007,
        "ndcg_at_20": 0.81565,
        "ndcg_at_100": 0.82618,
        "ndcg_at_1000": 0.83064,
        "map_at_1": 0.72222,
        "map_at_3": 0.7625,
        "map_at_5": 0.77722,
        "map_at_10": 0.78174,
        "map_at_20": 0.78324,
        "map_at_100": 0.78503,
        "map_at_1000": 0.78523,
        "recall_at_1": 0.72222,
        "recall_at_3": 0.79722,
        "recall_at_5": 0.85833,
        "recall_at_10": 0.89167,
        "recall_at_20": 0.91389,
        "recall_at_100": 0.96667,
        "recall_at_1000": 1.0,
        "precision_at_1": 0.73889,
        "precision_at_3": 0.27593,
        "precision_at_5": 0.17778,
        "precision_at_10": 0.09222,
        "precision_at_20": 0.04722,
        "precision_at_100": 0.01,
        "precision_at_1000": 0.00104,
        "mrr_at_1": 0.738889,
        "mrr_at_3": 0.77037,
        "mrr_at_5": 0.785093,
        "mrr_at_10": 0.789605,
        "mrr_at_20": 0.791115,
        "mrr_at_100": 0.792691,
        "mrr_at_1000": 0.79283,
        "nauc_ndcg_at_1_max": 0.673001,
        "nauc_ndcg_at_1_std": 0.101505,
        "nauc_ndcg_at_1_diff1": 0.858299,
        "nauc_ndcg_at_3_max": 0.560582,
        "nauc_ndcg_at_3_std": -0.054635,
        "nauc_ndcg_at_3_diff1": 0.764922,
        "nauc_ndcg_at_5_max": 0.550206,
        "nauc_ndcg_at_5_std": -0.053899,
        "nauc_ndcg_at_5_diff1": 0.745545,
        "nauc_ndcg_at_10_max": 0.554999,
        "nauc_ndcg_at_10_std": -0.05482,
        "nauc_ndcg_at_10_diff1": 0.745288,
        "nauc_ndcg_at_20_max": 0.549428,
        "nauc_ndcg_at_20_std": -0.052432,
        "nauc_ndcg_at_20_diff1": 0.747235,
        "nauc_ndcg_at_100_max": 0.533247,
        "nauc_ndcg_at_100_std": -0.028675,
        "nauc_ndcg_at_100_diff1": 0.739169,
        "nauc_ndcg_at_1000_max": 0.559045,
        "nauc_ndcg_at_1000_std": -0.02824,
        "nauc_ndcg_at_1000_diff1": 0.759433,
        "nauc_map_at_1_max": 0.574608,
        "nauc_map_at_1_std": -0.002646,
        "nauc_map_at_1_diff1": 0.796885,
        "nauc_map_at_3_max": 0.563038,
        "nauc_map_at_3_std": -0.041577,
        "nauc_map_at_3_diff1": 0.762,
        "nauc_map_at_5_max": 0.55796,
        "nauc_map_at_5_std": -0.039817,
        "nauc_map_at_5_diff1": 0.751821,
        "nauc_map_at_10_max": 0.559076,
        "nauc_map_at_10_std": -0.041039,
        "nauc_map_at_10_diff1": 0.751744,
        "nauc_map_at_20_max": 0.55772,
        "nauc_map_at_20_std": -0.040821,
        "nauc_map_at_20_diff1": 0.752378,
        "nauc_map_at_100_max": 0.556022,
        "nauc_map_at_100_std": -0.036721,
        "nauc_map_at_100_diff1": 0.751573,
        "nauc_map_at_1000_max": 0.55695,
        "nauc_map_at_1000_std": -0.036679,
        "nauc_map_at_1000_diff1": 0.752456,
        "nauc_recall_at_1_max": 0.574608,
        "nauc_recall_at_1_std": -0.002646,
        "nauc_recall_at_1_diff1": 0.796885,
        "nauc_recall_at_3_max": 0.493018,
        "nauc_recall_at_3_std": -0.154489,
        "nauc_recall_at_3_diff1": 0.7115,
        "nauc_recall_at_5_max": 0.429704,
        "nauc_recall_at_5_std": -0.193494,
        "nauc_recall_at_5_diff1": 0.624236,
        "nauc_recall_at_10_max": 0.428777,
        "nauc_recall_at_10_std": -0.224758,
        "nauc_recall_at_10_diff1": 0.591393,
        "nauc_recall_at_20_max": 0.34898,
        "nauc_recall_at_20_std": -0.239586,
        "nauc_recall_at_20_diff1": 0.557077,
        "nauc_recall_at_100_max": -0.36827,
        "nauc_recall_at_100_std": -0.016729,
        "nauc_recall_at_100_diff1": 0.067227,
        "nauc_recall_at_1000_max": NaN,
        "nauc_recall_at_1000_std": NaN,
        "nauc_recall_at_1000_diff1": NaN,
        "nauc_precision_at_1_max": 0.673001,
        "nauc_precision_at_1_std": 0.101505,
        "nauc_precision_at_1_diff1": 0.858299,
        "nauc_precision_at_3_max": 0.500211,
        "nauc_precision_at_3_std": 0.002937,
        "nauc_precision_at_3_diff1": 0.584812,
        "nauc_precision_at_5_max": 0.453447,
        "nauc_precision_at_5_std": 0.020376,
        "nauc_precision_at_5_diff1": 0.477226,
        "nauc_precision_at_10_max": 0.457691,
        "nauc_precision_at_10_std": 0.040887,
        "nauc_precision_at_10_diff1": 0.421106,
        "nauc_precision_at_20_max": 0.40821,
        "nauc_precision_at_20_std": 0.078515,
        "nauc_precision_at_20_diff1": 0.368763,
        "nauc_precision_at_100_max": 0.063929,
        "nauc_precision_at_100_std": 0.425899,
        "nauc_precision_at_100_diff1": -0.049719,
        "nauc_precision_at_1000_max": 0.396182,
        "nauc_precision_at_1000_std": 0.630151,
        "nauc_precision_at_1000_diff1": 0.053816,
        "nauc_mrr_at_1_max": 0.673001,
        "nauc_mrr_at_1_std": 0.101505,
        "nauc_mrr_at_1_diff1": 0.858299,
        "nauc_mrr_at_3_max": 0.625176,
        "nauc_mrr_at_3_std": 0.02135,
        "nauc_mrr_at_3_diff1": 0.826724,
        "nauc_mrr_at_5_max": 0.624024,
        "nauc_mrr_at_5_std": 0.027286,
        "nauc_mrr_at_5_diff1": 0.82049,
        "nauc_mrr_at_10_max": 0.626528,
        "nauc_mrr_at_10_std": 0.027404,
        "nauc_mrr_at_10_diff1": 0.821819,
        "nauc_mrr_at_20_max": 0.625667,
        "nauc_mrr_at_20_std": 0.028172,
        "nauc_mrr_at_20_diff1": 0.823029,
        "nauc_mrr_at_100_max": 0.62417,
        "nauc_mrr_at_100_std": 0.031696,
        "nauc_mrr_at_100_diff1": 0.822582,
        "nauc_mrr_at_1000_max": 0.624531,
        "nauc_mrr_at_1000_std": 0.031275,
        "nauc_mrr_at_1000_diff1": 0.822857,
        "main_score": 0.81007,
        "hf_subset": "default",
        "languages": [
          "eng-Latn"
        ]
      }
    ],
    "dev": [
      {
        "ndcg_at_1": 0.875,
        "ndcg_at_3": 0.875,
        "ndcg_at_5": 0.875,
        "ndcg_at_10": 0.875,
        "ndcg_at_20": 0.90699,
        "ndcg_at_100": 0.90699,
        "ndcg_at_1000": 0.90699,
        "map_at_1": 0.875,
        "map_at_3": 0.875,
        "map_at_5": 0.875,
        "map_at_10": 0.875,
        "map_at_20": 0.88393,
        "map_at_100": 0.88393,
        "map_at_1000": 0.88393,
        "recall_at_1": 0.875,
        "recall_at_3": 0.875,
        "recall_at_5": 0.875,
        "recall_at_10": 0.875,
        "recall_at_20": 1.0,
        "recall_at_100": 1.0,
        "recall_at_1000": 1.0,
        "precision_at_1": 0.875,
        "precision_at_3": 0.29167,
        "precision_at_5": 0.175,
        "precision_at_10": 0.0875,
        "precision_at_20": 0.05,
        "precision_at_100": 0.01,
        "precision_at_1000": 0.001,
        "mrr_at_1": 0.875,
        "mrr_at_3": 0.875,
        "mrr_at_5": 0.875,
        "mrr_at_10": 0.875,
        "mrr_at_20": 0.883929,
        "mrr_at_100": 0.883929,
        "mrr_at_1000": 0.883929,
        "nauc_ndcg_at_1_max": 1.0,
        "nauc_ndcg_at_1_std": -1.597199,
        "nauc_ndcg_at_1_diff1": 0.551821,
        "nauc_ndcg_at_3_max": 1.0,
        "nauc_ndcg_at_3_std": -1.597199,
        "nauc_ndcg_at_3_diff1": 0.551821,
        "nauc_ndcg_at_5_max": 1.0,
        "nauc_ndcg_at_5_std": -1.597199,
        "nauc_ndcg_at_5_diff1": 0.551821,
        "nauc_ndcg_at_10_max": 1.0,
        "nauc_ndcg_at_10_std": -1.597199,
        "nauc_ndcg_at_10_diff1": 0.551821,
        "nauc_ndcg_at_20_max": 1.0,
        "nauc_ndcg_at_20_std": -1.597199,
        "nauc_ndcg_at_20_diff1": 0.551821,
        "nauc_ndcg_at_100_max": 1.0,
        "nauc_ndcg_at_100_std": -1.597199,
        "nauc_ndcg_at_100_diff1": 0.551821,
        "nauc_ndcg_at_1000_max": 1.0,
        "nauc_ndcg_at_1000_std": -1.597199,
        "nauc_ndcg_at_1000_diff1": 0.551821,
        "nauc_map_at_1_max": 1.0,
        "nauc_map_at_1_std": -1.597199,
        "nauc_map_at_1_diff1": 0.551821,
        "nauc_map_at_3_max": 1.0,