{
  "dataset_revision": "7fb14716e4106b72f51a16e682e5cd2d67e9bd70",
  "task_name": "PubChemWikiParagraphsPC",
  "mteb_version": "1.36.29",
  "scores": {
    "test": [
      {
        "similarity_accuracy": 0.899414,
        "similarity_accuracy_threshold": 0.904307,
        "similarity_f1": 0.28361,
        "similarity_f1_threshold": 0.378851,
        "similarity_precision": 0.227811,
        "similarity_recall": 0.37561,
        "similarity_ap": 0.176092,
        "cosine_accuracy": 0.899414,
        "cosine_accuracy_threshold": 0.904307,
        "cosine_f1": 0.28361,
        "cosine_f1_threshold": 0.378851,
        "cosine_precision": 0.227811,
        "cosine_recall": 0.37561,
        "cosine_ap": 0.176092,
        "manhattan_accuracy": 0.899414,
        "manhattan_accuracy_threshold": 147.829376,
        "manhattan_f1": 0.270833,
        "manhattan_f1_threshold": 359.452637,
        "manhattan_precision": 0.236364,
        "manhattan_recall": 0.317073,
        "manhattan_ap": 0.18309,
        "euclidean_accuracy": 0.899414,
        "euclidean_accuracy_threshold": 6.658021,
        "euclidean_f1": 0.284289,
        "euclidean_f1_threshold": 15.898697,
        "euclidean_precision": 0.290816,
        "euclidean_recall": 0.278049,
        "euclidean_ap": 0.186066,
        "dot_accuracy": 0.899414,
        "dot_accuracy_threshold": 330.186157,
        "dot_f1": 0.225998,
        "dot_f1_threshold": 66.460434,
        "dot_precision": 0.136831,
        "dot_recall": 0.64878,
        "dot_ap": 0.129961,
        "max_accuracy": 0.899414,
        "max_f1": 0.284289,
        "max_precision": 0.290816,
        "max_recall": 0.64878,
        "max_ap": 0.186066,
        "main_score": 0.186066,
        "hf_subset": "default",
        "languages": [
          "eng-Latn"
        ]
      }
    ]
  },
  "evaluation_time": 6.0930421352386475,
  "kg_co2_emissions": null
}