{
  "dataset_revision": "1840e8a5ac6ec752bbdd97d543ead0189bc7c25b",
  "task_name": "ChemHotpotQARetrieval",
  "mteb_version": "1.36.29",
  "scores": {
    "train": [
      {
        "ndcg_at_1": 0.78333,
        "ndcg_at_3": 0.81281,
        "ndcg_at_5": 0.82214,
        "ndcg_at_10": 0.83288,
        "ndcg_at_20": 0.83717,
        "ndcg_at_100": 0.84577,
        "ndcg_at_1000": 0.85245,
        "map_at_1": 0.76389,
        "map_at_3": 0.80185,
        "map_at_5": 0.80713,
        "map_at_10": 0.81154,
        "map_at_20": 0.81275,
        "map_at_100": 0.81428,
        "map_at_1000": 0.81456,
        "recall_at_1": 0.76389,
        "recall_at_3": 0.83611,
        "recall_at_5": 0.85833,
        "recall_at_10": 0.89167,
        "recall_at_20": 0.90833,
        "recall_at_100": 0.95,
        "recall_at_1000": 1.0,
        "precision_at_1": 0.78333,
        "precision_at_3": 0.28889,
        "precision_at_5": 0.17778,
        "precision_at_10": 0.09222,
        "precision_at_20": 0.04694,
        "precision_at_100": 0.00983,
        "precision_at_1000": 0.00104,
        "mrr_at_1": 0.783333,
        "mrr_at_3": 0.811111,
        "mrr_at_5": 0.816389,
        "mrr_at_10": 0.820802,
        "mrr_at_20": 0.822009,
        "mrr_at_100": 0.823457,
        "mrr_at_1000": 0.823713,
        "nauc_ndcg_at_1_max": 0.717245,
        "nauc_ndcg_at_1_std": -0.075333,
        "nauc_ndcg_at_1_diff1": 0.866463,
        "nauc_ndcg_at_3_max": 0.606135,
        "nauc_ndcg_at_3_std": -0.205635,
        "nauc_ndcg_at_3_diff1": 0.777207,
        "nauc_ndcg_at_5_max": 0.599867,
        "nauc_ndcg_at_5_std": -0.209858,
        "nauc_ndcg_at_5_diff1": 0.771288,
        "nauc_ndcg_at_10_max": 0.583347,
        "nauc_ndcg_at_10_std": -0.21633,
        "nauc_ndcg_at_10_diff1": 0.758029,
        "nauc_ndcg_at_20_max": 0.587343,
        "nauc_ndcg_at_20_std": -0.213554,
        "nauc_ndcg_at_20_diff1": 0.760148,
        "nauc_ndcg_at_100_max": 0.582558,
        "nauc_ndcg_at_100_std": -0.203967,
        "nauc_ndcg_at_100_diff1": 0.762597,
        "nauc_ndcg_at_1000_max": 0.600998,
        "nauc_ndcg_at_1000_std": -0.19642,
        "nauc_ndcg_at_1000_diff1": 0.775177,
        "nauc_map_at_1_max": 0.598722,
        "nauc_map_at_1_std": -0.152555,
        "nauc_map_at_1_diff1": 0.796292,
        "nauc_map_at_3_max": 0.604382,
        "nauc_map_at_3_std": -0.190203,
        "nauc_map_at_3_diff1": 0.769211,
        "nauc_map_at_5_max": 0.600821,
        "nauc_map_at_5_std": -0.193283,
        "nauc_map_at_5_diff1": 0.766055,
        "nauc_map_at_10_max": 0.594853,
        "nauc_map_at_10_std": -0.196666,
        "nauc_map_at_10_diff1": 0.761058,
        "nauc_map_at_20_max": 0.596182,
        "nauc_map_at_20_std": -0.195409,
        "nauc_map_at_20_diff1": 0.761745,
        "nauc_map_at_100_max": 0.595475,
        "nauc_map_at_100_std": -0.194159,
        "nauc_map_at_100_diff1": 0.76216,
        "nauc_map_at_1000_max": 0.595826,
        "nauc_map_at_1000_std": -0.194048,
        "nauc_map_at_1000_diff1": 0.762474,
        "nauc_recall_at_1_max": 0.598722,
        "nauc_recall_at_1_std": -0.152555,
        "nauc_recall_at_1_diff1": 0.796292,
        "nauc_recall_at_3_max": 0.5321,
        "nauc_recall_at_3_std": -0.298846,
        "nauc_recall_at_3_diff1": 0.721064,
        "nauc_recall_at_5_max": 0.504589,
        "nauc_recall_at_5_std": -0.317521,
        "nauc_recall_at_5_diff1": 0.695027,
        "nauc_recall_at_10_max": 0.403142,
        "nauc_recall_at_10_std": -0.363914,
        "nauc_recall_at_10_diff1": 0.61432,
        "nauc_recall_at_20_max": 0.387842,
        "nauc_recall_at_20_std": -0.374487,
        "nauc_recall_at_20_diff1": 0.592635,
        "nauc_recall_at_100_max": 0.16371,
        "nauc_recall_at_100_std": -0.362382,
        "nauc_recall_at_100_diff1": 0.494294,
        "nauc_recall_at_1000_max": NaN,
        "nauc_recall_at_1000_std": NaN,
        "nauc_recall_at_1000_diff1": NaN,
        "nauc_precision_at_1_max": 0.717245,
        "nauc_precision_at_1_std": -0.075333,
        "nauc_precision_at_1_diff1": 0.866463,
        "nauc_precision_at_3_max": 0.550746,
        "nauc_precision_at_3_std": -0.115587,
        "nauc_precision_at_3_diff1": 0.579726,
        "nauc_precision_at_5_max": 0.53054,
        "nauc_precision_at_5_std": -0.109645,
        "nauc_precision_at_5_diff1": 0.542283,
        "nauc_precision_at_10_max": 0.457504,
        "nauc_precision_at_10_std": -0.102087,
        "nauc_precision_at_10_diff1": 0.447946,
        "nauc_precision_at_20_max": 0.457035,
        "nauc_precision_at_20_std": -0.077512,
        "nauc_precision_at_20_diff1": 0.41441,
        "nauc_precision_at_100_max": 0.311146,
        "nauc_precision_at_100_std": 0.077912,
        "nauc_precision_at_100_diff1": 0.222107,
        "nauc_precision_at_1000_max": 0.448503,
        "nauc_precision_at_1000_std": 0.517459,
        "nauc_precision_at_1000_diff1": 0.082142,
        "nauc_mrr_at_1_max": 0.717245,
        "nauc_mrr_at_1_std": -0.075333,
        "nauc_mrr_at_1_diff1": 0.866463,
        "nauc_mrr_at_3_max": 0.681154,
        "nauc_mrr_at_3_std": -0.145074,
        "nauc_mrr_at_3_diff1": 0.847603,
        "nauc_mrr_at_5_max": 0.679509,
        "nauc_mrr_at_5_std": -0.147067,
        "nauc_mrr_at_5_diff1": 0.846422,
        "nauc_mrr_at_10_max": 0.675103,
        "nauc_mrr_at_10_std": -0.149528,
        "nauc_mrr_at_10_diff1": 0.843065,
        "nauc_mrr_at_20_max": 0.677069,
        "nauc_mrr_at_20_std": -0.147878,
        "nauc_mrr_at_20_diff1": 0.844375,
        "nauc_mrr_at_100_max": 0.676757,
        "nauc_mrr_at_100_std": -0.146175,
        "nauc_mrr_at_100_diff1": 0.845329,
        "nauc_mrr_at_1000_max": 0.676841,
        "nauc_mrr_at_1000_std": -0.146286,
        "nauc_mrr_at_1000_diff1": 0.845355,
        "main_score": 0.83288,
        "hf_subset": "default",
        "languages": [
          "eng-Latn"
        ]
      }
    ],
    "dev": [
      {
        "ndcg_at_1": 0.875,
        "ndcg_at_3": 0.875,
        "ndcg_at_5": 0.875,
        "ndcg_at_10": 0.875,
        "ndcg_at_20": 0.90498,
        "ndcg_at_100": 0.90498,
        "ndcg_at_1000": 0.90498,
        "map_at_1": 0.875,
        "map_at_3": 0.875,
        "map_at_5": 0.875,
        "map_at_10": 0.875,
        "map_at_20": 0.88235,
        "map_at_100": 0.88235,
        "map_at_1000": 0.88235,
        "recall_at_1": 0.875,
        "recall_at_3": 0.875,
        "recall_at_5": 0.875,
        "recall_at_10": 0.875,
        "recall_at_20": 1.0,
        "recall_at_100": 1.0,
        "recall_at_1000": 1.0,
        "precision_at_1": 0.875,
        "precision_at_3": 0.29167,
        "precision_at_5": 0.175,
        "precision_at_10": 0.0875,
        "precision_at_20": 0.05,
        "precision_at_100": 0.01,
        "precision_at_1000": 0.001,
        "mrr_at_1": 0.875,
        "mrr_at_3": 0.875,
        "mrr_at_5": 0.875,
        "mrr_at_10": 0.875,
        "mrr_at_20": 0.882353,
        "mrr_at_100": 0.882353,
        "mrr_at_1000": 0.882353,
        "nauc_ndcg_at_1_max": 1.0,
        "nauc_ndcg_at_1_std": 0.128291,
        "nauc_ndcg_at_1_diff1": 1.0,
        "nauc_ndcg_at_3_max": 1.0,
        "nauc_ndcg_at_3_std": 0.128291,
        "nauc_ndcg_at_3_diff1": 1.0,
        "nauc_ndcg_at_5_max": 1.0,
        "nauc_ndcg_at_5_std": 0.128291,
        "nauc_ndcg_at_5_diff1": 1.0,
        "nauc_ndcg_at_10_max": 1.0,
        "nauc_ndcg_at_10_std": 0.128291,
        "nauc_ndcg_at_10_diff1": 1.0,
        "nauc_ndcg_at_20_max": 1.0,
        "nauc_ndcg_at_20_std": 0.128291,
        "nauc_ndcg_at_20_diff1": 1.0,
        "nauc_ndcg_at_100_max": 1.0,
        "nauc_ndcg_at_100_std": 0.128291,
        "nauc_ndcg_at_100_diff1": 1.0,
        "nauc_ndcg_at_1000_max": 1.0,
        "nauc_ndcg_at_1000_std": 0.128291,
        "nauc_ndcg_at_1000_diff1": 1.0,
        "nauc_map_at_1_max": 1.0,
        "nauc_map_at_1_std": 0.128291,
        "nauc_map_at_1_diff1": 1.0,
        "nauc_map_at_3_max": 1.0,
        "nauc_map_at_3_std": 0.128291,