{
  "dataset_revision": "080c9ed6267b65029207906e815d44a9240bafca",
  "task_name": "FEVERHardNegatives",
  "mteb_version": "1.36.29",
  "scores": {
    "test": [
      {
        "ndcg_at_1": 0.616,
        "ndcg_at_3": 0.7089,
        "ndcg_at_5": 0.73104,
        "ndcg_at_10": 0.74697,
        "ndcg_at_20": 0.75633,
        "ndcg_at_100": 0.76535,
        "ndcg_at_1000": 0.76966,
        "map_at_1": 0.58128,
        "map_at_3": 0.67429,
        "map_at_5": 0.68757,
        "map_at_10": 0.6949,
        "map_at_20": 0.6979,
        "map_at_100": 0.69938,
        "map_at_1000": 0.69961,
        "recall_at_1": 0.58128,
        "recall_at_3": 0.77657,
        "recall_at_5": 0.83207,
        "recall_at_10": 0.87828,
        "recall_at_20": 0.91272,
        "recall_at_100": 0.95636,
        "recall_at_1000": 0.9858,
        "precision_at_1": 0.616,
        "precision_at_3": 0.27933,
        "precision_at_5": 0.1796,
        "precision_at_10": 0.0955,
        "precision_at_20": 0.0501,
        "precision_at_100": 0.0107,
        "precision_at_1000": 0.00113,
        "mrr_at_1": 0.616,
        "mrr_at_3": 0.704167,
        "mrr_at_5": 0.716817,
        "mrr_at_10": 0.723445,
        "mrr_at_20": 0.725546,
        "mrr_at_100": 0.726554,
        "mrr_at_1000": 0.726646,
        "nauc_ndcg_at_1_max": 0.170678,
        "nauc_ndcg_at_1_std": 0.221033,
        "nauc_ndcg_at_1_diff1": 0.645456,
        "nauc_ndcg_at_3_max": 0.222929,
        "nauc_ndcg_at_3_std": 0.267954,
        "nauc_ndcg_at_3_diff1": 0.624242,
        "nauc_ndcg_at_5_max": 0.20748,
        "nauc_ndcg_at_5_std": 0.297861,
        "nauc_ndcg_at_5_diff1": 0.612274,
        "nauc_ndcg_at_10_max": 0.196382,
        "nauc_ndcg_at_10_std": 0.291434,
        "nauc_ndcg_at_10_diff1": 0.602555,
        "nauc_ndcg_at_20_max": 0.193075,
        "nauc_ndcg_at_20_std": 0.292526,
        "nauc_ndcg_at_20_diff1": 0.610335,
        "nauc_ndcg_at_100_max": 0.191019,
        "nauc_ndcg_at_100_std": 0.285325,
        "nauc_ndcg_at_100_diff1": 0.615922,
        "nauc_ndcg_at_1000_max": 0.196909,
        "nauc_ndcg_at_1000_std": 0.280798,
        "nauc_ndcg_at_1000_diff1": 0.617459,
        "nauc_map_at_1_max": 0.181302,
        "nauc_map_at_1_std": 0.19814,
        "nauc_map_at_1_diff1": 0.63295,
        "nauc_map_at_3_max": 0.216313,
        "nauc_map_at_3_std": 0.249463,
        "nauc_map_at_3_diff1": 0.626149,
        "nauc_map_at_5_max": 0.208131,
        "nauc_map_at_5_std": 0.263937,
        "nauc_map_at_5_diff1": 0.621006,
        "nauc_map_at_10_max": 0.203521,
        "nauc_map_at_10_std": 0.260402,
        "nauc_map_at_10_diff1": 0.617318,
        "nauc_map_at_20_max": 0.20287,
        "nauc_map_at_20_std": 0.261098,
        "nauc_map_at_20_diff1": 0.61952,
        "nauc_map_at_100_max": 0.202764,
        "nauc_map_at_100_std": 0.260313,
        "nauc_map_at_100_diff1": 0.620034,
        "nauc_map_at_1000_max": 0.20297,
        "nauc_map_at_1000_std": 0.260232,
        "nauc_map_at_1000_diff1": 0.620101,
        "nauc_recall_at_1_max": 0.181302,
        "nauc_recall_at_1_std": 0.19814,
        "nauc_recall_at_1_diff1": 0.63295,
        "nauc_recall_at_3_max": 0.256045,
        "nauc_recall_at_3_std": 0.316294,
        "nauc_recall_at_3_diff1": 0.589211,
        "nauc_recall_at_5_max": 0.21027,
        "nauc_recall_at_5_std": 0.423611,
        "nauc_recall_at_5_diff1": 0.53032,
        "nauc_recall_at_10_max": 0.156121,
        "nauc_recall_at_10_std": 0.434528,
        "nauc_recall_at_10_diff1": 0.45866,
        "nauc_recall_at_20_max": 0.113862,
        "nauc_recall_at_20_std": 0.488366,
        "nauc_recall_at_20_diff1": 0.47421,
        "nauc_recall_at_100_max": -0.000588,
        "nauc_recall_at_100_std": 0.523387,
        "nauc_recall_at_100_diff1": 0.516427,
        "nauc_recall_at_1000_max": 0.258691,
        "nauc_recall_at_1000_std": 0.54227,
        "nauc_recall_at_1000_diff1": 0.52287,
        "nauc_precision_at_1_max": 0.170678,
        "nauc_precision_at_1_std": 0.221033,
        "nauc_precision_at_1_diff1": 0.645456,
        "nauc_precision_at_3_max": 0.20281,
        "nauc_precision_at_3_std": 0.322711,
        "nauc_precision_at_3_diff1": 0.469812,
        "nauc_precision_at_5_max": 0.129466,
        "nauc_precision_at_5_std": 0.406994,
        "nauc_precision_at_5_diff1": 0.368457,
        "nauc_precision_at_10_max": 0.032991,
        "nauc_precision_at_10_std": 0.345177,
        "nauc_precision_at_10_diff1": 0.188028,
        "nauc_precision_at_20_max": -0.039324,
        "nauc_precision_at_20_std": 0.294984,
        "nauc_precision_at_20_diff1": 0.075899,
        "nauc_precision_at_100_max": -0.102762,
        "nauc_precision_at_100_std": 0.13568,
        "nauc_precision_at_100_diff1": -0.100169,
        "nauc_precision_at_1000_max": -0.109575,
        "nauc_precision_at_1000_std": 0.027401,
        "nauc_precision_at_1000_diff1": -0.197697,
        "nauc_mrr_at_1_max": 0.170678,
        "nauc_mrr_at_1_std": 0.221033,
        "nauc_mrr_at_1_diff1": 0.645456,
        "nauc_mrr_at_3_max": 0.200659,
        "nauc_mrr_at_3_std": 0.260511,
        "nauc_mrr_at_3_diff1": 0.63579,
        "nauc_mrr_at_5_max": 0.192135,
        "nauc_mrr_at_5_std": 0.274578,
        "nauc_mrr_at_5_diff1": 0.629987,
        "nauc_mrr_at_10_max": 0.187323,
        "nauc_mrr_at_10_std": 0.271861,
        "nauc_mrr_at_10_diff1": 0.626903,
        "nauc_mrr_at_20_max": 0.186481,
        "nauc_mrr_at_20_std": 0.271374,
        "nauc_mrr_at_20_diff1": 0.628682,
        "nauc_mrr_at_100_max": 0.186124,
        "nauc_mrr_at_100_std": 0.270074,
        "nauc_mrr_at_100_diff1": 0.629368,
        "nauc_mrr_at_1000_max": 0.186374,
        "nauc_mrr_at_1000_std": 0.26989,
        "nauc_mrr_at_1000_diff1": 0.629409,
        "main_score": 0.74697,
        "hf_subset": "default",
        "languages": [
          "eng-Latn"
        ]
      }
    ]
  },
  "evaluation_time": 302.99394845962524,
  "kg_co2_emissions": null
}