{
  "dataset_revision": "1840e8a5ac6ec752bbdd97d543ead0189bc7c25b",
  "task_name": "ChemHotpotQARetrieval",
  "mteb_version": "1.36.29",
  "scores": {
    "train": [
      {
        "ndcg_at_1": 0.87222,
        "ndcg_at_3": 0.90527,
        "ndcg_at_5": 0.90957,
        "ndcg_at_10": 0.91662,
        "ndcg_at_20": 0.92044,
        "ndcg_at_100": 0.92172,
        "ndcg_at_1000": 0.92378,
        "map_at_1": 0.85556,
        "map_at_3": 0.89398,
        "map_at_5": 0.8962,
        "map_at_10": 0.89903,
        "map_at_20": 0.90031,
        "map_at_100": 0.90064,
        "map_at_1000": 0.90071,
        "recall_at_1": 0.85556,
        "recall_at_3": 0.93056,
        "recall_at_5": 0.94167,
        "recall_at_10": 0.96389,
        "recall_at_20": 0.97778,
        "recall_at_100": 0.98333,
        "recall_at_1000": 1.0,
        "precision_at_1": 0.87222,
        "precision_at_3": 0.32037,
        "precision_at_5": 0.19444,
        "precision_at_10": 0.09944,
        "precision_at_20": 0.05056,
        "precision_at_100": 0.01022,
        "precision_at_1000": 0.00104,
        "mrr_at_1": 0.872222,
        "mrr_at_3": 0.901852,
        "mrr_at_5": 0.904074,
        "mrr_at_10": 0.906896,
        "mrr_at_20": 0.907756,
        "mrr_at_100": 0.907756,
        "mrr_at_1000": 0.907827,
        "nauc_ndcg_at_1_max": 0.384156,
        "nauc_ndcg_at_1_std": -0.662391,
        "nauc_ndcg_at_1_diff1": 0.887916,
        "nauc_ndcg_at_3_max": 0.203924,
        "nauc_ndcg_at_3_std": -0.850286,
        "nauc_ndcg_at_3_diff1": 0.754226,
        "nauc_ndcg_at_5_max": 0.197376,
        "nauc_ndcg_at_5_std": -0.821304,
        "nauc_ndcg_at_5_diff1": 0.742265,
        "nauc_ndcg_at_10_max": 0.163138,
        "nauc_ndcg_at_10_std": -0.773915,
        "nauc_ndcg_at_10_diff1": 0.725583,
        "nauc_ndcg_at_20_max": 0.137634,
        "nauc_ndcg_at_20_std": -0.801072,
        "nauc_ndcg_at_20_diff1": 0.720903,
        "nauc_ndcg_at_100_max": 0.168854,
        "nauc_ndcg_at_100_std": -0.783848,
        "nauc_ndcg_at_100_diff1": 0.760819,
        "nauc_ndcg_at_1000_max": 0.196456,
        "nauc_ndcg_at_1000_std": -0.78316,
        "nauc_ndcg_at_1000_diff1": 0.763455,
        "nauc_map_at_1_max": 0.212228,
        "nauc_map_at_1_std": -0.713163,
        "nauc_map_at_1_diff1": 0.775565,
        "nauc_map_at_3_max": 0.210645,
        "nauc_map_at_3_std": -0.817697,
        "nauc_map_at_3_diff1": 0.735947,
        "nauc_map_at_5_max": 0.207831,
        "nauc_map_at_5_std": -0.803869,
        "nauc_map_at_5_diff1": 0.730134,
        "nauc_map_at_10_max": 0.196583,
        "nauc_map_at_10_std": -0.786818,
        "nauc_map_at_10_diff1": 0.724253,
        "nauc_map_at_20_max": 0.191499,
        "nauc_map_at_20_std": -0.793734,
        "nauc_map_at_20_diff1": 0.723539,
        "nauc_map_at_100_max": 0.197873,
        "nauc_map_at_100_std": -0.790224,
        "nauc_map_at_100_diff1": 0.731459,
        "nauc_map_at_1000_max": 0.198348,
        "nauc_map_at_1000_std": -0.790249,
        "nauc_map_at_1000_diff1": 0.731504,
        "nauc_recall_at_1_max": 0.212228,
        "nauc_recall_at_1_std": -0.713163,
        "nauc_recall_at_1_diff1": 0.775565,
        "nauc_recall_at_3_max": 0.024146,
        "nauc_recall_at_3_std": -1.043492,
        "nauc_recall_at_3_diff1": 0.643641,
        "nauc_recall_at_5_max": -0.035725,
        "nauc_recall_at_5_std": -0.966853,
        "nauc_recall_at_5_diff1": 0.575764,
        "nauc_recall_at_10_max": -0.41927,
        "nauc_recall_at_10_std": -0.732421,
        "nauc_recall_at_10_diff1": 0.354916,
        "nauc_recall_at_20_max": -1.127218,
        "nauc_recall_at_20_std": -1.068394,
        "nauc_recall_at_20_diff1": 0.064659,
        "nauc_recall_at_100_max": -0.922969,
        "nauc_recall_at_100_std": -0.844538,
        "nauc_recall_at_100_diff1": 0.6662,
        "nauc_recall_at_1000_max": NaN,
        "nauc_recall_at_1000_std": NaN,
        "nauc_recall_at_1000_diff1": NaN,
        "nauc_precision_at_1_max": 0.384156,
        "nauc_precision_at_1_std": -0.662391,
        "nauc_precision_at_1_diff1": 0.887916,
        "nauc_precision_at_3_max": 0.241149,
        "nauc_precision_at_3_std": -0.553782,
        "nauc_precision_at_3_diff1": 0.367013,
        "nauc_precision_at_5_max": 0.228953,
        "nauc_precision_at_5_std": -0.441994,
        "nauc_precision_at_5_diff1": 0.287691,
        "nauc_precision_at_10_max": 0.109025,
        "nauc_precision_at_10_std": -0.139043,
        "nauc_precision_at_10_diff1": 0.071317,
        "nauc_precision_at_20_max": -0.033678,
        "nauc_precision_at_20_std": -0.076414,
        "nauc_precision_at_20_diff1": -0.117473,
        "nauc_precision_at_100_max": 0.203291,
        "nauc_precision_at_100_std": 0.170352,
        "nauc_precision_at_100_diff1": 0.138705,
        "nauc_precision_at_1000_max": 0.480701,
        "nauc_precision_at_1000_std": 0.42033,
        "nauc_precision_at_1000_diff1": 0.008778,
        "nauc_mrr_at_1_max": 0.384156,
        "nauc_mrr_at_1_std": -0.662391,
        "nauc_mrr_at_1_diff1": 0.887916,
        "nauc_mrr_at_3_max": 0.334361,
        "nauc_mrr_at_3_std": -0.754999,
        "nauc_mrr_at_3_diff1": 0.882411,
        "nauc_mrr_at_5_max": 0.334264,
        "nauc_mrr_at_5_std": -0.738686,
        "nauc_mrr_at_5_diff1": 0.879634,
        "nauc_mrr_at_10_max": 0.326081,
        "nauc_mrr_at_10_std": -0.718342,
        "nauc_mrr_at_10_diff1": 0.877934,
        "nauc_mrr_at_20_max": 0.320247,
        "nauc_mrr_at_20_std": -0.724532,
        "nauc_mrr_at_20_diff1": 0.877347,
        "nauc_mrr_at_100_max": 0.320247,
        "nauc_mrr_at_100_std": -0.724532,
        "nauc_mrr_at_100_diff1": 0.877347,
        "nauc_mrr_at_1000_max": 0.320852,
        "nauc_mrr_at_1000_std": -0.724508,
        "nauc_mrr_at_1000_diff1": 0.87751,
        "main_score": 0.91662,
        "hf_subset": "default",
        "languages": [
          "eng-Latn"
        ]
      }
    ],
    "dev": [
      {
        "ndcg_at_1": 0.875,
        "ndcg_at_3": 0.875,
        "ndcg_at_5": 0.875,
        "ndcg_at_10": 0.875,
        "ndcg_at_20": 0.90783,
        "ndcg_at_100": 0.90783,
        "ndcg_at_1000": 0.90783,
        "map_at_1": 0.875,
        "map_at_3": 0.875,
        "map_at_5": 0.875,
        "map_at_10": 0.875,
        "map_at_20": 0.88462,
        "map_at_100": 0.88462,
        "map_at_1000": 0.88462,
        "recall_at_1": 0.875,
        "recall_at_3": 0.875,
        "recall_at_5": 0.875,
        "recall_at_10": 0.875,
        "recall_at_20": 1.0,
        "recall_at_100": 1.0,
        "recall_at_1000": 1.0,
        "precision_at_1": 0.875,
        "precision_at_3": 0.29167,
        "precision_at_5": 0.175,
        "precision_at_10": 0.0875,
        "precision_at_20": 0.05,
        "precision_at_100": 0.01,
        "precision_at_1000": 0.001,
        "mrr_at_1": 0.875,
        "mrr_at_3": 0.875,
        "mrr_at_5": 0.875,
        "mrr_at_10": 0.875,
        "mrr_at_20": 0.884615,
        "mrr_at_100": 0.884615,
        "mrr_at_1000": 0.884615,
        "nauc_ndcg_at_1_max": 1.0,
        "nauc_ndcg_at_1_std": 0.128291,
        "nauc_ndcg_at_1_diff1": 1.0,
        "nauc_ndcg_at_3_max": 1.0,
        "nauc_ndcg_at_3_std": 0.128291,
        "nauc_ndcg_at_3_diff1": 1.0,
        "nauc_ndcg_at_5_max": 1.0,
        "nauc_ndcg_at_5_std": 0.128291,
        "nauc_ndcg_at_5_diff1": 1.0,
        "nauc_ndcg_at_10_max": 1.0,
        "nauc_ndcg_at_10_std": 0.128291,
        "nauc_ndcg_at_10_diff1": 1.0,
        "nauc_ndcg_at_20_max": 1.0,
        "nauc_ndcg_at_20_std": 0.128291,
        "nauc_ndcg_at_20_diff1": 1.0,
        "nauc_ndcg_at_100_max": 1.0,
        "nauc_ndcg_at_100_std": 0.128291,
        "nauc_ndcg_at_100_diff1": 1.0,
        "nauc_ndcg_at_1000_max": 1.0,
        "nauc_ndcg_at_1000_std": 0.128291,
        "nauc_ndcg_at_1000_diff1": 1.0,
        "nauc_map_at_1_max": 1.0,
        "nauc_map_at_1_std": 0.128291,
        "nauc_map_at_1_diff1": 1.0,
        "nauc_map_at_3_max": 1.0,
        "nauc_map_at_3_std": 0.128291,