{
  "dataset_revision": "7fb14716e4106b72f51a16e682e5cd2d67e9bd70",
  "task_name": "PubChemWikiParagraphsPC",
  "mteb_version": "1.36.29",
  "scores": {
    "test": [
      {
        "similarity_accuracy": 0.899414,
        "similarity_accuracy_threshold": 0.904918,
        "similarity_f1": 0.365112,
        "similarity_f1_threshold": 0.419935,
        "similarity_precision": 0.3125,
        "similarity_recall": 0.439024,
        "similarity_ap": 0.232971,
        "cosine_accuracy": 0.899414,
        "cosine_accuracy_threshold": 0.904918,
        "cosine_f1": 0.365112,
        "cosine_f1_threshold": 0.419935,
        "cosine_precision": 0.3125,
        "cosine_recall": 0.439024,
        "cosine_ap": 0.232971,
        "manhattan_accuracy": 0.900391,
        "manhattan_accuracy_threshold": 310.340698,
        "manhattan_f1": 0.309469,
        "manhattan_f1_threshold": 342.365906,
        "manhattan_precision": 0.29386,
        "manhattan_recall": 0.326829,
        "manhattan_ap": 0.224129,
        "euclidean_accuracy": 0.900879,
        "euclidean_accuracy_threshold": 14.018853,
        "euclidean_f1": 0.320388,
        "euclidean_f1_threshold": 15.37775,
        "euclidean_precision": 0.318841,
        "euclidean_recall": 0.321951,
        "euclidean_ap": 0.226414,
        "dot_accuracy": 0.899414,
        "dot_accuracy_threshold": 302.106323,
        "dot_f1": 0.268398,
        "dot_f1_threshold": 93.41523,
        "dot_precision": 0.190574,
        "dot_recall": 0.453659,
        "dot_ap": 0.155047,
        "max_accuracy": 0.900879,
        "max_f1": 0.365112,
        "max_precision": 0.318841,
        "max_recall": 0.453659,
        "max_ap": 0.232971,
        "main_score": 0.232971,
        "hf_subset": "default",
        "languages": [
          "eng-Latn"
        ]
      }
    ]
  },
  "evaluation_time": 3.6884212493896484,
  "kg_co2_emissions": null
}