{
  "dataset_revision": "5037d69d177c9628fb79cb57eea1299178b28c1b",
  "task_name": "PubChemSynonymPC",
  "mteb_version": "1.36.29",
  "scores": {
    "test": [
      {
        "similarity_accuracy": 0.94873,
        "similarity_accuracy_threshold": 0.600994,
        "similarity_f1": 0.682493,
        "similarity_f1_threshold": 0.548698,
        "similarity_precision": 0.864662,
        "similarity_recall": 0.563725,
        "similarity_ap": 0.678003,
        "cosine_accuracy": 0.94873,
        "cosine_accuracy_threshold": 0.600994,
        "cosine_f1": 0.682493,
        "cosine_f1_threshold": 0.548698,
        "cosine_precision": 0.864662,
        "cosine_recall": 0.563725,
        "cosine_ap": 0.678003,
        "manhattan_accuracy": 0.944824,
        "manhattan_accuracy_threshold": 356.87854,
        "manhattan_f1": 0.638554,
        "manhattan_f1_threshold": 385.424377,
        "manhattan_precision": 0.828125,
        "manhattan_recall": 0.519608,
        "manhattan_ap": 0.622469,
        "euclidean_accuracy": 0.944824,
        "euclidean_accuracy_threshold": 16.232485,
        "euclidean_f1": 0.630058,
        "euclidean_f1_threshold": 17.738178,
        "euclidean_precision": 0.767606,
        "euclidean_recall": 0.534314,
        "euclidean_ap": 0.624299,
        "dot_accuracy": 0.942871,
        "dot_accuracy_threshold": 223.764801,
        "dot_f1": 0.637771,
        "dot_f1_threshold": 220.48439,
        "dot_precision": 0.865546,
        "dot_recall": 0.504902,
        "dot_ap": 0.627526,
        "max_accuracy": 0.94873,
        "max_f1": 0.682493,
        "max_precision": 0.865546,
        "max_recall": 0.563725,
        "max_ap": 0.678003,
        "main_score": 0.678003,
        "hf_subset": "default",
        "languages": [
          "eng-Latn"
        ]
      }
    ]
  },
  "evaluation_time": 3.599651575088501,
  "kg_co2_emissions": null
}