{
  "dataset_revision": "5d958fb6b31055495347724d46431ba41309b03a",
  "task_name": "ChemNQRetrieval",
  "mteb_version": "1.36.29",
  "scores": {
    "test": [
      {
        "ndcg_at_1": 0.51852,
        "ndcg_at_3": 0.54682,
        "ndcg_at_5": 0.59111,
        "ndcg_at_10": 0.66263,
        "ndcg_at_20": 0.67784,
        "ndcg_at_100": 0.68437,
        "ndcg_at_1000": 0.68869,
        "map_at_1": 0.43827,
        "map_at_3": 0.50926,
        "map_at_5": 0.53611,
        "map_at_10": 0.5756,
        "map_at_20": 0.58115,
        "map_at_100": 0.58189,
        "map_at_1000": 0.58199,
        "recall_at_1": 0.43827,
        "recall_at_3": 0.58642,
        "recall_at_5": 0.67901,
        "recall_at_10": 0.87037,
        "recall_at_20": 0.92593,
        "recall_at_100": 0.96296,
        "recall_at_1000": 1.0,
        "precision_at_1": 0.51852,
        "precision_at_3": 0.23457,
        "precision_at_5": 0.17037,
        "precision_at_10": 0.11481,
        "precision_at_20": 0.06111,
        "precision_at_100": 0.01259,
        "precision_at_1000": 0.0013,
        "mrr_at_1": 0.518519,
        "mrr_at_3": 0.58642,
        "mrr_at_5": 0.612346,
        "mrr_at_10": 0.629982,
        "mrr_at_20": 0.632161,
        "mrr_at_100": 0.632902,
        "mrr_at_1000": 0.632998,
        "nauc_ndcg_at_1_max": 0.103039,
        "nauc_ndcg_at_1_std": 0.044109,
        "nauc_ndcg_at_1_diff1": 0.071711,
        "nauc_ndcg_at_3_max": 0.064967,
        "nauc_ndcg_at_3_std": 0.045245,
        "nauc_ndcg_at_3_diff1": -0.115239,
        "nauc_ndcg_at_5_max": 0.199269,
        "nauc_ndcg_at_5_std": 0.140042,
        "nauc_ndcg_at_5_diff1": -0.026559,
        "nauc_ndcg_at_10_max": 0.153599,
        "nauc_ndcg_at_10_std": 0.080783,
        "nauc_ndcg_at_10_diff1": 0.031921,
        "nauc_ndcg_at_20_max": 0.171809,
        "nauc_ndcg_at_20_std": 0.094634,
        "nauc_ndcg_at_20_diff1": 0.035749,
        "nauc_ndcg_at_100_max": 0.156086,
        "nauc_ndcg_at_100_std": 0.087137,
        "nauc_ndcg_at_100_diff1": 0.016146,
        "nauc_ndcg_at_1000_max": 0.1452,
        "nauc_ndcg_at_1000_std": 0.0998,
        "nauc_ndcg_at_1000_diff1": 0.009594,
        "nauc_map_at_1_max": 0.008901,
        "nauc_map_at_1_std": 0.079141,
        "nauc_map_at_1_diff1": -0.025576,
        "nauc_map_at_3_max": 0.051576,
        "nauc_map_at_3_std": 0.041404,
        "nauc_map_at_3_diff1": -0.101801,
        "nauc_map_at_5_max": 0.106759,
        "nauc_map_at_5_std": 0.107168,
        "nauc_map_at_5_diff1": -0.06272,
        "nauc_map_at_10_max": 0.083344,
        "nauc_map_at_10_std": 0.08114,
        "nauc_map_at_10_diff1": -0.032135,
        "nauc_map_at_20_max": 0.097507,
        "nauc_map_at_20_std": 0.095264,
        "nauc_map_at_20_diff1": -0.028705,
        "nauc_map_at_100_max": 0.095896,
        "nauc_map_at_100_std": 0.094589,
        "nauc_map_at_100_diff1": -0.030641,
        "nauc_map_at_1000_max": 0.095685,
        "nauc_map_at_1000_std": 0.094813,
        "nauc_map_at_1000_diff1": -0.030771,
        "nauc_recall_at_1_max": 0.008901,
        "nauc_recall_at_1_std": 0.079141,
        "nauc_recall_at_1_diff1": -0.025576,
        "nauc_recall_at_3_max": 0.087075,
        "nauc_recall_at_3_std": 0.001043,
        "nauc_recall_at_3_diff1": -0.201571,
        "nauc_recall_at_5_max": 0.430107,
        "nauc_recall_at_5_std": 0.208492,
        "nauc_recall_at_5_diff1": 0.017738,
        "nauc_recall_at_10_max": 0.459505,
        "nauc_recall_at_10_std": -0.024386,
        "nauc_recall_at_10_diff1": 0.335501,
        "nauc_recall_at_20_max": 0.723262,
        "nauc_recall_at_20_std": -0.107536,
        "nauc_recall_at_20_diff1": 0.540406,
        "nauc_recall_at_100_max": 0.723262,
        "nauc_recall_at_100_std": -0.572623,
        "nauc_recall_at_100_diff1": 0.35755,
        "nauc_recall_at_1000_max": NaN,
        "nauc_recall_at_1000_std": NaN,
        "nauc_recall_at_1000_diff1": NaN,
        "nauc_precision_at_1_max": 0.103039,
        "nauc_precision_at_1_std": 0.044109,
        "nauc_precision_at_1_diff1": 0.071711,
        "nauc_precision_at_3_max": 0.230079,
        "nauc_precision_at_3_std": 0.010589,
        "nauc_precision_at_3_diff1": -0.085681,
        "nauc_precision_at_5_max": 0.56456,
        "nauc_precision_at_5_std": 0.322389,
        "nauc_precision_at_5_diff1": 0.12776,
        "nauc_precision_at_10_max": 0.252917,
        "nauc_precision_at_10_std": 0.055937,
        "nauc_precision_at_10_diff1": 0.231544,
        "nauc_precision_at_20_max": 0.320494,
        "nauc_precision_at_20_std": 0.116785,
        "nauc_precision_at_20_diff1": 0.256646,
        "nauc_precision_at_100_max": 0.285503,
        "nauc_precision_at_100_std": 0.095868,
        "nauc_precision_at_100_diff1": 0.216107,
        "nauc_precision_at_1000_max": 0.243853,
        "nauc_precision_at_1000_std": 0.159471,
        "nauc_precision_at_1000_diff1": 0.202649,
        "nauc_mrr_at_1_max": 0.103039,
        "nauc_mrr_at_1_std": 0.044109,
        "nauc_mrr_at_1_diff1": 0.071711,
        "nauc_mrr_at_3_max": 0.067626,
        "nauc_mrr_at_3_std": 0.088216,
        "nauc_mrr_at_3_diff1": -0.038792,
        "nauc_mrr_at_5_max": 0.174724,
        "nauc_mrr_at_5_std": 0.115134,
        "nauc_mrr_at_5_diff1": 0.033022,
        "nauc_mrr_at_10_max": 0.150125,
        "nauc_mrr_at_10_std": 0.094548,
        "nauc_mrr_at_10_diff1": 0.043314,
        "nauc_mrr_at_20_max": 0.143508,
        "nauc_mrr_at_20_std": 0.087498,
        "nauc_mrr_at_20_diff1": 0.040867,
        "nauc_mrr_at_100_max": 0.141969,
        "nauc_mrr_at_100_std": 0.086782,
        "nauc_mrr_at_100_diff1": 0.039056,
        "nauc_mrr_at_1000_max": 0.141768,
        "nauc_mrr_at_1000_std": 0.08701,
        "nauc_mrr_at_1000_diff1": 0.038946,
        "main_score": 0.66263,
        "hf_subset": "default",
        "languages": [
          "eng-Latn"
        ]
      }
    ]
  },
  "evaluation_time": 29.927475214004517,
  "kg_co2_emissions": null
}