{
  "dataset_revision": "70970daeab8776df92f5ea462b6173c0b46fd2d1",
  "task_name": "TwitterSemEval2015",
  "mteb_version": "1.36.29",
  "scores": {
    "test": [
      {
        "similarity_accuracy": 0.860106,
        "similarity_accuracy_threshold": 0.71652,
        "similarity_f1": 0.686375,
        "similarity_f1_threshold": 0.69751,
        "similarity_precision": 0.669173,
        "similarity_recall": 0.704485,
        "similarity_ap": 0.741418,
        "cosine_accuracy": 0.860106,
        "cosine_accuracy_threshold": 0.71652,
        "cosine_f1": 0.686375,
        "cosine_f1_threshold": 0.69751,
        "cosine_precision": 0.669173,
        "cosine_recall": 0.704485,
        "cosine_ap": 0.741418,
        "manhattan_accuracy": 0.864398,
        "manhattan_accuracy_threshold": 322.676208,
        "manhattan_f1": 0.693592,
        "manhattan_f1_threshold": 342.113037,
        "manhattan_precision": 0.670609,
        "manhattan_recall": 0.718206,
        "manhattan_ap": 0.747854,
        "euclidean_accuracy": 0.864517,
        "euclidean_accuracy_threshold": 14.694693,
        "euclidean_f1": 0.696461,
        "euclidean_f1_threshold": 15.718763,
        "euclidean_precision": 0.64976,
        "euclidean_recall": 0.750396,
        "euclidean_ap": 0.748295,
        "dot_accuracy": 0.825535,
        "dot_accuracy_threshold": 293.589783,
        "dot_f1": 0.605324,
        "dot_f1_threshold": 266.938782,
        "dot_precision": 0.535526,
        "dot_recall": 0.696042,
        "dot_ap": 0.633195,
        "max_accuracy": 0.864517,
        "max_f1": 0.696461,
        "max_precision": 0.670609,
        "max_recall": 0.750396,
        "max_ap": 0.748295,
        "main_score": 0.748295,
        "hf_subset": "default",
        "languages": [
          "eng-Latn"
        ]
      }
    ]
  },
  "evaluation_time": 26.38357925415039,
  "kg_co2_emissions": null
}