{
  "dataset_revision": "7ba40b69f5fe6ffe4cc189aac9e1710913c73c8a",
  "task_name": "PubChemSMILESPC",
  "mteb_version": "1.36.29",
  "scores": {
    "test": [
      {
        "similarity_accuracy": 0.901367,
        "similarity_accuracy_threshold": 0.656801,
        "similarity_f1": 0.190533,
        "similarity_f1_threshold": 0.424703,
        "similarity_precision": 0.108532,
        "similarity_recall": 0.779412,
        "similarity_ap": 0.120713,
        "cosine_accuracy": 0.901367,
        "cosine_accuracy_threshold": 0.656801,
        "cosine_f1": 0.190533,
        "cosine_f1_threshold": 0.424703,
        "cosine_precision": 0.108532,
        "cosine_recall": 0.779412,
        "cosine_ap": 0.120713,
        "manhattan_accuracy": 0.900391,
        "manhattan_accuracy_threshold": 372.17981,
        "manhattan_f1": 0.18393,
        "manhattan_f1_threshold": 486.605347,
        "manhattan_precision": 0.102041,
        "manhattan_recall": 0.931373,
        "manhattan_ap": 0.108148,
        "euclidean_accuracy": 0.899902,
        "euclidean_accuracy_threshold": 16.666965,
        "euclidean_f1": 0.185567,
        "euclidean_f1_threshold": 22.007633,
        "euclidean_precision": 0.10311,
        "euclidean_recall": 0.926471,
        "euclidean_ap": 0.108639,
        "dot_accuracy": 0.900879,
        "dot_accuracy_threshold": 303.219727,
        "dot_f1": 0.190126,
        "dot_f1_threshold": 141.400238,
        "dot_precision": 0.106471,
        "dot_recall": 0.887255,
        "dot_ap": 0.116938,
        "max_accuracy": 0.901367,
        "max_f1": 0.190533,
        "max_precision": 0.108532,
        "max_recall": 0.931373,
        "max_ap": 0.120713,
        "main_score": 0.120713,
        "hf_subset": "default",
        "languages": [
          "eng-Latn"
        ]
      }
    ]
  },
  "evaluation_time": 3.687680721282959,
  "kg_co2_emissions": null
}