{
  "dataset_revision": "8fae72a2c75530aaaac6920a02622490d923ca98",
  "task_name": "ChemRxivRetrieval",
  "mteb_version": "1.36.29",
  "scores": {
    "test": [
      {
        "ndcg_at_1": 0.7896,
        "ndcg_at_3": 0.8676,
        "ndcg_at_5": 0.87761,
        "ndcg_at_10": 0.88542,
        "ndcg_at_20": 0.88882,
        "ndcg_at_100": 0.89158,
        "ndcg_at_1000": 0.89211,
        "map_at_1": 0.7896,
        "map_at_3": 0.8493,
        "map_at_5": 0.85493,
        "map_at_10": 0.85821,
        "map_at_20": 0.85918,
        "map_at_100": 0.8596,
        "map_at_1000": 0.85962,
        "recall_at_1": 0.7896,
        "recall_at_3": 0.9202,
        "recall_at_5": 0.9442,
        "recall_at_10": 0.968,
        "recall_at_20": 0.9812,
        "recall_at_100": 0.9956,
        "recall_at_1000": 0.9998,
        "precision_at_1": 0.7896,
        "precision_at_3": 0.30673,
        "precision_at_5": 0.18884,
        "precision_at_10": 0.0968,
        "precision_at_20": 0.04906,
        "precision_at_100": 0.00996,
        "precision_at_1000": 0.001,
        "mrr_at_1": 0.7892,
        "mrr_at_3": 0.849033,
        "mrr_at_5": 0.854713,
        "mrr_at_10": 0.857997,
        "mrr_at_20": 0.858967,
        "mrr_at_100": 0.85938,
        "mrr_at_1000": 0.859401,
        "nauc_ndcg_at_1_max": 0.445468,
        "nauc_ndcg_at_1_std": -0.255833,
        "nauc_ndcg_at_1_diff1": 0.803571,
        "nauc_ndcg_at_3_max": 0.505305,
        "nauc_ndcg_at_3_std": -0.255013,
        "nauc_ndcg_at_3_diff1": 0.785113,
        "nauc_ndcg_at_5_max": 0.503643,
        "nauc_ndcg_at_5_std": -0.259012,
        "nauc_ndcg_at_5_diff1": 0.789546,
        "nauc_ndcg_at_10_max": 0.503621,
        "nauc_ndcg_at_10_std": -0.250988,
        "nauc_ndcg_at_10_diff1": 0.791753,
        "nauc_ndcg_at_20_max": 0.495279,
        "nauc_ndcg_at_20_std": -0.250526,
        "nauc_ndcg_at_20_diff1": 0.79093,
        "nauc_ndcg_at_100_max": 0.490023,
        "nauc_ndcg_at_100_std": -0.252356,
        "nauc_ndcg_at_100_diff1": 0.791443,
        "nauc_ndcg_at_1000_max": 0.488248,
        "nauc_ndcg_at_1000_std": -0.25425,
        "nauc_ndcg_at_1000_diff1": 0.791619,
        "nauc_map_at_1_max": 0.445468,
        "nauc_map_at_1_std": -0.255833,
        "nauc_map_at_1_diff1": 0.803571,
        "nauc_map_at_3_max": 0.485579,
        "nauc_map_at_3_std": -0.257294,
        "nauc_map_at_3_diff1": 0.789924,
        "nauc_map_at_5_max": 0.483785,
        "nauc_map_at_5_std": -0.259371,
        "nauc_map_at_5_diff1": 0.792125,
        "nauc_map_at_10_max": 0.483619,
        "nauc_map_at_10_std": -0.256458,
        "nauc_map_at_10_diff1": 0.792934,
        "nauc_map_at_20_max": 0.481621,
        "nauc_map_at_20_std": -0.256358,
        "nauc_map_at_20_diff1": 0.792757,
        "nauc_map_at_100_max": 0.481001,
        "nauc_map_at_100_std": -0.256556,
        "nauc_map_at_100_diff1": 0.792813,
        "nauc_map_at_1000_max": 0.480941,
        "nauc_map_at_1000_std": -0.256633,
        "nauc_map_at_1000_diff1": 0.79282,
        "nauc_recall_at_1_max": 0.445468,
        "nauc_recall_at_1_std": -0.255833,
        "nauc_recall_at_1_diff1": 0.803571,
        "nauc_recall_at_3_max": 0.606921,
        "nauc_recall_at_3_std": -0.241783,
        "nauc_recall_at_3_diff1": 0.761266,
        "nauc_recall_at_5_max": 0.644248,
        "nauc_recall_at_5_std": -0.255334,
        "nauc_recall_at_5_diff1": 0.774326,
        "nauc_recall_at_10_max": 0.741497,
        "nauc_recall_at_10_std": -0.173226,
        "nauc_recall_at_10_diff1": 0.785989,
        "nauc_recall_at_20_max": 0.725992,
        "nauc_recall_at_20_std": -0.11056,
        "nauc_recall_at_20_diff1": 0.76409,
        "nauc_recall_at_100_max": 0.828028,
        "nauc_recall_at_100_std": 0.126772,
        "nauc_recall_at_100_diff1": 0.741979,
        "nauc_recall_at_1000_max": 1.0,
        "nauc_recall_at_1000_std": 1.0,
        "nauc_recall_at_1000_diff1": 0.358077,
        "nauc_precision_at_1_max": 0.445468,
        "nauc_precision_at_1_std": -0.255833,
        "nauc_precision_at_1_diff1": 0.803571,
        "nauc_precision_at_3_max": 0.606921,
        "nauc_precision_at_3_std": -0.241783,
        "nauc_precision_at_3_diff1": 0.761266,
        "nauc_precision_at_5_max": 0.644248,
        "nauc_precision_at_5_std": -0.255334,
        "nauc_precision_at_5_diff1": 0.774326,
        "nauc_precision_at_10_max": 0.741497,
        "nauc_precision_at_10_std": -0.173226,
        "nauc_precision_at_10_diff1": 0.785989,
        "nauc_precision_at_20_max": 0.725992,
        "nauc_precision_at_20_std": -0.11056,
        "nauc_precision_at_20_diff1": 0.76409,
        "nauc_precision_at_100_max": 0.828028,
        "nauc_precision_at_100_std": 0.126772,
        "nauc_precision_at_100_diff1": 0.741979,
        "nauc_precision_at_1000_max": 1.0,
        "nauc_precision_at_1000_std": 1.0,
        "nauc_precision_at_1000_diff1": 0.358077,
        "nauc_mrr_at_1_max": 0.445845,
        "nauc_mrr_at_1_std": -0.256934,
        "nauc_mrr_at_1_diff1": 0.804433,
        "nauc_mrr_at_3_max": 0.485906,
        "nauc_mrr_at_3_std": -0.257757,
        "nauc_mrr_at_3_diff1": 0.790624,
        "nauc_mrr_at_5_max": 0.484041,
        "nauc_mrr_at_5_std": -0.260075,
        "nauc_mrr_at_5_diff1": 0.792775,
        "nauc_mrr_at_10_max": 0.483882,
        "nauc_mrr_at_10_std": -0.257183,
        "nauc_mrr_at_10_diff1": 0.793599,
        "nauc_mrr_at_20_max": 0.481888,
        "nauc_mrr_at_20_std": -0.257088,
        "nauc_mrr_at_20_diff1": 0.793427,
        "nauc_mrr_at_100_max": 0.48127,
        "nauc_mrr_at_100_std": -0.257289,
        "nauc_mrr_at_100_diff1": 0.793485,
        "nauc_mrr_at_1000_max": 0.48121,
        "nauc_mrr_at_1000_std": -0.257366,
        "nauc_mrr_at_1000_diff1": 0.793492,
        "main_score": 0.88542,
        "hf_subset": "default",
        "languages": [
          "eng-Latn"
        ]
      }
    ]
  },
  "evaluation_time": 191.9095437526703,
  "kg_co2_emissions": null
}