{
  "dataset_revision": "5037d69d177c9628fb79cb57eea1299178b28c1b",
  "task_name": "PubChemSynonymPC",
  "mteb_version": "1.36.29",
  "scores": {
    "test": [
      {
        "similarity_accuracy": 0.944336,
        "similarity_accuracy_threshold": 0.914967,
        "similarity_f1": 0.624204,
        "similarity_f1_threshold": 0.90237,
        "similarity_precision": 0.890909,
        "similarity_recall": 0.480392,
        "similarity_ap": 0.609253,
        "cosine_accuracy": 0.944336,
        "cosine_accuracy_threshold": 0.914967,
        "cosine_f1": 0.624204,
        "cosine_f1_threshold": 0.90237,
        "cosine_precision": 0.890909,
        "cosine_recall": 0.480392,
        "cosine_ap": 0.609253,
        "manhattan_accuracy": 0.941895,
        "manhattan_accuracy_threshold": 196.92746,
        "manhattan_f1": 0.612378,
        "manhattan_f1_threshold": 208.503723,
        "manhattan_precision": 0.912621,
        "manhattan_recall": 0.460784,
        "manhattan_ap": 0.589152,
        "euclidean_accuracy": 0.942383,
        "euclidean_accuracy_threshold": 8.881756,
        "euclidean_f1": 0.609836,
        "euclidean_f1_threshold": 9.414473,
        "euclidean_precision": 0.920792,
        "euclidean_recall": 0.455882,
        "euclidean_ap": 0.589095,
        "dot_accuracy": 0.933594,
        "dot_accuracy_threshold": 452.397522,
        "dot_f1": 0.56535,
        "dot_f1_threshold": 446.754211,
        "dot_precision": 0.744,
        "dot_recall": 0.455882,
        "dot_ap": 0.545773,
        "max_accuracy": 0.944336,
        "max_f1": 0.624204,
        "max_precision": 0.920792,
        "max_recall": 0.480392,
        "max_ap": 0.609253,
        "main_score": 0.609253,
        "hf_subset": "default",
        "languages": [
          "eng-Latn"
        ]
      }
    ]
  },
  "evaluation_time": 3.5861995220184326,
  "kg_co2_emissions": null
}