{
  "dataset_revision": "6c6430d3a6d36f8d2a829195bc5dc94d7e063e53",
  "task_name": "CQADupstackUnixRetrieval",
  "mteb_version": "1.36.29",
  "scores": {
    "test": [
      {
        "ndcg_at_1": 0.28358,
        "ndcg_at_3": 0.31855,
        "ndcg_at_5": 0.33281,
        "ndcg_at_10": 0.35933,
        "ndcg_at_20": 0.37743,
        "ndcg_at_100": 0.40867,
        "ndcg_at_1000": 0.43489,
        "map_at_1": 0.23642,
        "map_at_3": 0.29004,
        "map_at_5": 0.30035,
        "map_at_10": 0.31221,
        "map_at_20": 0.31767,
        "map_at_100": 0.32246,
        "map_at_1000": 0.32352,
        "recall_at_1": 0.23642,
        "recall_at_3": 0.34364,
        "recall_at_5": 0.38314,
        "recall_at_10": 0.46211,
        "recall_at_20": 0.52788,
        "recall_at_100": 0.68121,
        "recall_at_1000": 0.86796,
        "precision_at_1": 0.28358,
        "precision_at_3": 0.14583,
        "precision_at_5": 0.09869,
        "precision_at_10": 0.06045,
        "precision_at_20": 0.03526,
        "precision_at_100": 0.00951,
        "precision_at_1000": 0.00129,
        "mrr_at_1": 0.283582,
        "mrr_at_3": 0.334733,
        "mrr_at_5": 0.344761,
        "mrr_at_10": 0.355461,
        "mrr_at_20": 0.360008,
        "mrr_at_100": 0.363831,
        "mrr_at_1000": 0.364521,
        "nauc_ndcg_at_1_max": 0.489072,
        "nauc_ndcg_at_1_std": 0.009483,
        "nauc_ndcg_at_1_diff1": 0.595078,
        "nauc_ndcg_at_3_max": 0.461716,
        "nauc_ndcg_at_3_std": 0.007559,
        "nauc_ndcg_at_3_diff1": 0.553625,
        "nauc_ndcg_at_5_max": 0.458464,
        "nauc_ndcg_at_5_std": 0.014348,
        "nauc_ndcg_at_5_diff1": 0.546728,
        "nauc_ndcg_at_10_max": 0.452084,
        "nauc_ndcg_at_10_std": 0.024379,
        "nauc_ndcg_at_10_diff1": 0.534698,
        "nauc_ndcg_at_20_max": 0.44763,
        "nauc_ndcg_at_20_std": 0.022845,
        "nauc_ndcg_at_20_diff1": 0.526324,
        "nauc_ndcg_at_100_max": 0.45827,
        "nauc_ndcg_at_100_std": 0.037076,
        "nauc_ndcg_at_100_diff1": 0.522595,
        "nauc_ndcg_at_1000_max": 0.464082,
        "nauc_ndcg_at_1000_std": 0.040265,
        "nauc_ndcg_at_1000_diff1": 0.527409,
        "nauc_map_at_1_max": 0.492183,
        "nauc_map_at_1_std": 0.000143,
        "nauc_map_at_1_diff1": 0.628796,
        "nauc_map_at_3_max": 0.469992,
        "nauc_map_at_3_std": 0.004884,
        "nauc_map_at_3_diff1": 0.578389,
        "nauc_map_at_5_max": 0.469313,
        "nauc_map_at_5_std": 0.009738,
        "nauc_map_at_5_diff1": 0.57059,
        "nauc_map_at_10_max": 0.466376,
        "nauc_map_at_10_std": 0.013788,
        "nauc_map_at_10_diff1": 0.564482,
        "nauc_map_at_20_max": 0.465261,
        "nauc_map_at_20_std": 0.013608,
        "nauc_map_at_20_diff1": 0.561747,
        "nauc_map_at_100_max": 0.466579,
        "nauc_map_at_100_std": 0.015086,
        "nauc_map_at_100_diff1": 0.561102,
        "nauc_map_at_1000_max": 0.466905,
        "nauc_map_at_1000_std": 0.015369,
        "nauc_map_at_1000_diff1": 0.561287,
        "nauc_recall_at_1_max": 0.492183,
        "nauc_recall_at_1_std": 0.000143,
        "nauc_recall_at_1_diff1": 0.628796,
        "nauc_recall_at_3_max": 0.421487,
        "nauc_recall_at_3_std": 0.005267,
        "nauc_recall_at_3_diff1": 0.518545,
        "nauc_recall_at_5_max": 0.412982,
        "nauc_recall_at_5_std": 0.026514,
        "nauc_recall_at_5_diff1": 0.487938,
        "nauc_recall_at_10_max": 0.381329,
        "nauc_recall_at_10_std": 0.050925,
        "nauc_recall_at_10_diff1": 0.439929,
        "nauc_recall_at_20_max": 0.358266,
        "nauc_recall_at_20_std": 0.047898,
        "nauc_recall_at_20_diff1": 0.403223,
        "nauc_recall_at_100_max": 0.397314,
        "nauc_recall_at_100_std": 0.143841,
        "nauc_recall_at_100_diff1": 0.352909,
        "nauc_recall_at_1000_max": 0.450787,
        "nauc_recall_at_1000_std": 0.307707,
        "nauc_recall_at_1000_diff1": 0.299857,
        "nauc_precision_at_1_max": 0.489072,
        "nauc_precision_at_1_std": 0.009483,
        "nauc_precision_at_1_diff1": 0.595078,
        "nauc_precision_at_3_max": 0.406385,
        "nauc_precision_at_3_std": 0.029309,
        "nauc_precision_at_3_diff1": 0.430201,
        "nauc_precision_at_5_max": 0.391596,
        "nauc_precision_at_5_std": 0.048238,
        "nauc_precision_at_5_diff1": 0.385249,
        "nauc_precision_at_10_max": 0.341092,
        "nauc_precision_at_10_std": 0.073244,
        "nauc_precision_at_10_diff1": 0.301442,
        "nauc_precision_at_20_max": 0.285825,
        "nauc_precision_at_20_std": 0.056342,
        "nauc_precision_at_20_diff1": 0.229558,
        "nauc_precision_at_100_max": 0.231978,
        "nauc_precision_at_100_std": 0.120802,
        "nauc_precision_at_100_diff1": 0.096872,
        "nauc_precision_at_1000_max": 0.090662,
        "nauc_precision_at_1000_std": 0.082221,
        "nauc_precision_at_1000_diff1": -0.058676,
        "nauc_mrr_at_1_max": 0.489072,
        "nauc_mrr_at_1_std": 0.009483,
        "nauc_mrr_at_1_diff1": 0.595078,
        "nauc_mrr_at_3_max": 0.46452,
        "nauc_mrr_at_3_std": 0.005998,
        "nauc_mrr_at_3_diff1": 0.55067,
        "nauc_mrr_at_5_max": 0.463234,
        "nauc_mrr_at_5_std": 0.011101,
        "nauc_mrr_at_5_diff1": 0.544821,
        "nauc_mrr_at_10_max": 0.46243,
        "nauc_mrr_at_10_std": 0.014743,
        "nauc_mrr_at_10_diff1": 0.541528,
        "nauc_mrr_at_20_max": 0.461072,
        "nauc_mrr_at_20_std": 0.013294,
        "nauc_mrr_at_20_diff1": 0.539466,
        "nauc_mrr_at_100_max": 0.462396,
        "nauc_mrr_at_100_std": 0.014106,
        "nauc_mrr_at_100_diff1": 0.539299,
        "nauc_mrr_at_1000_max": 0.462494,
        "nauc_mrr_at_1000_std": 0.014144,
        "nauc_mrr_at_1000_diff1": 0.539595,
        "main_score": 0.35933,
        "hf_subset": "default",
        "languages": [
          "eng-Latn"
        ]
      }
    ]
  },
  "evaluation_time": 513.6578326225281,
  "kg_co2_emissions": null
}