{
  "dataset_revision": "8fae72a2c75530aaaac6920a02622490d923ca98",
  "task_name": "ChemRxivRetrieval",
  "mteb_version": "1.36.29",
  "scores": {
    "test": [
      {
        "ndcg_at_1": 0.7972,
        "ndcg_at_3": 0.87267,
        "ndcg_at_5": 0.88307,
        "ndcg_at_10": 0.88968,
        "ndcg_at_20": 0.8927,
        "ndcg_at_100": 0.89496,
        "ndcg_at_1000": 0.8957,
        "map_at_1": 0.7972,
        "map_at_3": 0.85483,
        "map_at_5": 0.86066,
        "map_at_10": 0.86337,
        "map_at_20": 0.86419,
        "map_at_100": 0.86452,
        "map_at_1000": 0.86455,
        "recall_at_1": 0.7972,
        "recall_at_3": 0.924,
        "recall_at_5": 0.949,
        "recall_at_10": 0.9696,
        "recall_at_20": 0.9816,
        "recall_at_100": 0.9934,
        "recall_at_1000": 0.9994,
        "precision_at_1": 0.7972,
        "precision_at_3": 0.308,
        "precision_at_5": 0.1898,
        "precision_at_10": 0.09696,
        "precision_at_20": 0.04908,
        "precision_at_100": 0.00993,
        "precision_at_1000": 0.001,
        "mrr_at_1": 0.7966,
        "mrr_at_3": 0.8546,
        "mrr_at_5": 0.86038,
        "mrr_at_10": 0.863083,
        "mrr_at_20": 0.863903,
        "mrr_at_100": 0.864237,
        "mrr_at_1000": 0.864263,
        "nauc_ndcg_at_1_max": 0.542281,
        "nauc_ndcg_at_1_std": -0.208437,
        "nauc_ndcg_at_1_diff1": 0.830728,
        "nauc_ndcg_at_3_max": 0.604561,
        "nauc_ndcg_at_3_std": -0.19321,
        "nauc_ndcg_at_3_diff1": 0.810282,
        "nauc_ndcg_at_5_max": 0.612115,
        "nauc_ndcg_at_5_std": -0.182643,
        "nauc_ndcg_at_5_diff1": 0.812276,
        "nauc_ndcg_at_10_max": 0.603711,
        "nauc_ndcg_at_10_std": -0.190108,
        "nauc_ndcg_at_10_diff1": 0.815043,
        "nauc_ndcg_at_20_max": 0.599049,
        "nauc_ndcg_at_20_std": -0.184335,
        "nauc_ndcg_at_20_diff1": 0.814198,
        "nauc_ndcg_at_100_max": 0.593756,
        "nauc_ndcg_at_100_std": -0.186857,
        "nauc_ndcg_at_100_diff1": 0.815495,
        "nauc_ndcg_at_1000_max": 0.591573,
        "nauc_ndcg_at_1000_std": -0.189617,
        "nauc_ndcg_at_1000_diff1": 0.816029,
        "nauc_map_at_1_max": 0.542281,
        "nauc_map_at_1_std": -0.208437,
        "nauc_map_at_1_diff1": 0.830728,
        "nauc_map_at_3_max": 0.585409,
        "nauc_map_at_3_std": -0.198445,
        "nauc_map_at_3_diff1": 0.81541,
        "nauc_map_at_5_max": 0.58831,
        "nauc_map_at_5_std": -0.193573,
        "nauc_map_at_5_diff1": 0.81663,
        "nauc_map_at_10_max": 0.585069,
        "nauc_map_at_10_std": -0.196297,
        "nauc_map_at_10_diff1": 0.817661,
        "nauc_map_at_20_max": 0.583989,
        "nauc_map_at_20_std": -0.194932,
        "nauc_map_at_20_diff1": 0.817483,
        "nauc_map_at_100_max": 0.583356,
        "nauc_map_at_100_std": -0.195158,
        "nauc_map_at_100_diff1": 0.817639,
        "nauc_map_at_1000_max": 0.583295,
        "nauc_map_at_1000_std": -0.195224,
        "nauc_map_at_1000_diff1": 0.817649,
        "nauc_recall_at_1_max": 0.542281,
        "nauc_recall_at_1_std": -0.208437,
        "nauc_recall_at_1_diff1": 0.830728,
        "nauc_recall_at_3_max": 0.703863,
        "nauc_recall_at_3_std": -0.165621,
        "nauc_recall_at_3_diff1": 0.784625,
        "nauc_recall_at_5_max": 0.790489,
        "nauc_recall_at_5_std": -0.097556,
        "nauc_recall_at_5_diff1": 0.782009,
        "nauc_recall_at_10_max": 0.820139,
        "nauc_recall_at_10_std": -0.119616,
        "nauc_recall_at_10_diff1": 0.790751,
        "nauc_recall_at_20_max": 0.85625,
        "nauc_recall_at_20_std": 0.045016,
        "nauc_recall_at_20_diff1": 0.756942,
        "nauc_recall_at_100_max": 0.892624,
        "nauc_recall_at_100_std": 0.230993,
        "nauc_recall_at_100_diff1": 0.75841,
        "nauc_recall_at_1000_max": 1.0,
        "nauc_recall_at_1000_std": 0.664021,
        "nauc_recall_at_1000_diff1": 0.956427,
        "nauc_precision_at_1_max": 0.542281,
        "nauc_precision_at_1_std": -0.208437,
        "nauc_precision_at_1_diff1": 0.830728,
        "nauc_precision_at_3_max": 0.703863,
        "nauc_precision_at_3_std": -0.165621,
        "nauc_precision_at_3_diff1": 0.784625,
        "nauc_precision_at_5_max": 0.790489,
        "nauc_precision_at_5_std": -0.097556,
        "nauc_precision_at_5_diff1": 0.782009,
        "nauc_precision_at_10_max": 0.820139,
        "nauc_precision_at_10_std": -0.119616,
        "nauc_precision_at_10_diff1": 0.790751,
        "nauc_precision_at_20_max": 0.85625,
        "nauc_precision_at_20_std": 0.045016,
        "nauc_precision_at_20_diff1": 0.756942,
        "nauc_precision_at_100_max": 0.892624,
        "nauc_precision_at_100_std": 0.230993,
        "nauc_precision_at_100_diff1": 0.75841,
        "nauc_precision_at_1000_max": 1.0,
        "nauc_precision_at_1000_std": 0.664021,
        "nauc_precision_at_1000_diff1": 0.956427,
        "nauc_mrr_at_1_max": 0.53897,
        "nauc_mrr_at_1_std": -0.208586,
        "nauc_mrr_at_1_diff1": 0.831995,
        "nauc_mrr_at_3_max": 0.582872,
        "nauc_mrr_at_3_std": -0.199007,
        "nauc_mrr_at_3_diff1": 0.816213,
        "nauc_mrr_at_5_max": 0.585814,
        "nauc_mrr_at_5_std": -0.193819,
        "nauc_mrr_at_5_diff1": 0.817536,
        "nauc_mrr_at_10_max": 0.582527,
        "nauc_mrr_at_10_std": -0.196543,
        "nauc_mrr_at_10_diff1": 0.818584,
        "nauc_mrr_at_20_max": 0.581431,
        "nauc_mrr_at_20_std": -0.195178,
        "nauc_mrr_at_20_diff1": 0.818412,
        "nauc_mrr_at_100_max": 0.580792,
        "nauc_mrr_at_100_std": -0.195404,
        "nauc_mrr_at_100_diff1": 0.81857,
        "nauc_mrr_at_1000_max": 0.580731,
        "nauc_mrr_at_1000_std": -0.19547,
        "nauc_mrr_at_1000_diff1": 0.81858,
        "main_score": 0.88968,
        "hf_subset": "default",
        "languages": [
          "eng-Latn"
        ]
      }
    ]
  },
  "evaluation_time": 231.20401167869568,
  "kg_co2_emissions": null
}