{
  "dataset_revision": "8fae72a2c75530aaaac6920a02622490d923ca98",
  "task_name": "ChemRxivRetrieval",
  "mteb_version": "1.36.29",
  "scores": {
    "test": [
      {
        "ndcg_at_1": 0.8102,
        "ndcg_at_3": 0.88263,
        "ndcg_at_5": 0.89201,
        "ndcg_at_10": 0.89827,
        "ndcg_at_20": 0.90143,
        "ndcg_at_100": 0.90317,
        "ndcg_at_1000": 0.90373,
        "map_at_1": 0.8102,
        "map_at_3": 0.86553,
        "map_at_5": 0.87078,
        "map_at_10": 0.87343,
        "map_at_20": 0.87429,
        "map_at_100": 0.87453,
        "map_at_1000": 0.87455,
        "recall_at_1": 0.8102,
        "recall_at_3": 0.9318,
        "recall_at_5": 0.9544,
        "recall_at_10": 0.9734,
        "recall_at_20": 0.986,
        "recall_at_100": 0.9954,
        "recall_at_1000": 0.9998,
        "precision_at_1": 0.8102,
        "precision_at_3": 0.3106,
        "precision_at_5": 0.19088,
        "precision_at_10": 0.09734,
        "precision_at_20": 0.0493,
        "precision_at_100": 0.00995,
        "precision_at_1000": 0.001,
        "mrr_at_1": 0.8098,
        "mrr_at_3": 0.865333,
        "mrr_at_5": 0.870583,
        "mrr_at_10": 0.873234,
        "mrr_at_20": 0.874089,
        "mrr_at_100": 0.874327,
        "mrr_at_1000": 0.874348,
        "nauc_ndcg_at_1_max": 0.530662,
        "nauc_ndcg_at_1_std": -0.222362,
        "nauc_ndcg_at_1_diff1": 0.840969,
        "nauc_ndcg_at_3_max": 0.59743,
        "nauc_ndcg_at_3_std": -0.210301,
        "nauc_ndcg_at_3_diff1": 0.817671,
        "nauc_ndcg_at_5_max": 0.597889,
        "nauc_ndcg_at_5_std": -0.215888,
        "nauc_ndcg_at_5_diff1": 0.821618,
        "nauc_ndcg_at_10_max": 0.590077,
        "nauc_ndcg_at_10_std": -0.212097,
        "nauc_ndcg_at_10_diff1": 0.822376,
        "nauc_ndcg_at_20_max": 0.58407,
        "nauc_ndcg_at_20_std": -0.208214,
        "nauc_ndcg_at_20_diff1": 0.82203,
        "nauc_ndcg_at_100_max": 0.579427,
        "nauc_ndcg_at_100_std": -0.208258,
        "nauc_ndcg_at_100_diff1": 0.822906,
        "nauc_ndcg_at_1000_max": 0.57759,
        "nauc_ndcg_at_1000_std": -0.211544,
        "nauc_ndcg_at_1000_diff1": 0.823861,
        "nauc_map_at_1_max": 0.530662,
        "nauc_map_at_1_std": -0.222362,
        "nauc_map_at_1_diff1": 0.840969,
        "nauc_map_at_3_max": 0.575748,
        "nauc_map_at_3_std": -0.213412,
        "nauc_map_at_3_diff1": 0.823643,
        "nauc_map_at_5_max": 0.575251,
        "nauc_map_at_5_std": -0.215983,
        "nauc_map_at_5_diff1": 0.825821,
        "nauc_map_at_10_max": 0.571989,
        "nauc_map_at_10_std": -0.214838,
        "nauc_map_at_10_diff1": 0.826161,
        "nauc_map_at_20_max": 0.570606,
        "nauc_map_at_20_std": -0.214102,
        "nauc_map_at_20_diff1": 0.826103,
        "nauc_map_at_100_max": 0.570131,
        "nauc_map_at_100_std": -0.214064,
        "nauc_map_at_100_diff1": 0.826207,
        "nauc_map_at_1000_max": 0.570077,
        "nauc_map_at_1000_std": -0.214159,
        "nauc_map_at_1000_diff1": 0.826235,
        "nauc_recall_at_1_max": 0.530662,
        "nauc_recall_at_1_std": -0.222362,
        "nauc_recall_at_1_diff1": 0.840969,
        "nauc_recall_at_3_max": 0.714913,
        "nauc_recall_at_3_std": -0.194089,
        "nauc_recall_at_3_diff1": 0.786592,
        "nauc_recall_at_5_max": 0.773287,
        "nauc_recall_at_5_std": -0.218756,
        "nauc_recall_at_5_diff1": 0.792033,
        "nauc_recall_at_10_max": 0.813985,
        "nauc_recall_at_10_std": -0.175305,
        "nauc_recall_at_10_diff1": 0.779536,
        "nauc_recall_at_20_max": 0.852894,
        "nauc_recall_at_20_std": -0.033713,
        "nauc_recall_at_20_diff1": 0.732466,
        "nauc_recall_at_100_max": 0.88146,
        "nauc_recall_at_100_std": 0.304125,
        "nauc_recall_at_100_diff1": 0.643324,
        "nauc_recall_at_1000_max": 0.869281,
        "nauc_recall_at_1000_std": -0.171335,
        "nauc_recall_at_1000_diff1": 0.122782,
        "nauc_precision_at_1_max": 0.530662,
        "nauc_precision_at_1_std": -0.222362,
        "nauc_precision_at_1_diff1": 0.840969,
        "nauc_precision_at_3_max": 0.714913,
        "nauc_precision_at_3_std": -0.194089,
        "nauc_precision_at_3_diff1": 0.786592,
        "nauc_precision_at_5_max": 0.773287,
        "nauc_precision_at_5_std": -0.218756,
        "nauc_precision_at_5_diff1": 0.792033,
        "nauc_precision_at_10_max": 0.813985,
        "nauc_precision_at_10_std": -0.175305,
        "nauc_precision_at_10_diff1": 0.779536,
        "nauc_precision_at_20_max": 0.852894,
        "nauc_precision_at_20_std": -0.033713,
        "nauc_precision_at_20_diff1": 0.732466,
        "nauc_precision_at_100_max": 0.88146,
        "nauc_precision_at_100_std": 0.304125,
        "nauc_precision_at_100_diff1": 0.643324,
        "nauc_precision_at_1000_max": 0.869281,
        "nauc_precision_at_1000_std": -0.171335,
        "nauc_precision_at_1000_diff1": 0.122782,
        "nauc_mrr_at_1_max": 0.528135,
        "nauc_mrr_at_1_std": -0.224071,
        "nauc_mrr_at_1_diff1": 0.841572,
        "nauc_mrr_at_3_max": 0.573937,
        "nauc_mrr_at_3_std": -0.214609,
        "nauc_mrr_at_3_diff1": 0.824084,
        "nauc_mrr_at_5_max": 0.573363,
        "nauc_mrr_at_5_std": -0.217226,
        "nauc_mrr_at_5_diff1": 0.826278,
        "nauc_mrr_at_10_max": 0.570065,
        "nauc_mrr_at_10_std": -0.21611,
        "nauc_mrr_at_10_diff1": 0.826627,
        "nauc_mrr_at_20_max": 0.56867,
        "nauc_mrr_at_20_std": -0.215385,
        "nauc_mrr_at_20_diff1": 0.826573,
        "nauc_mrr_at_100_max": 0.568191,
        "nauc_mrr_at_100_std": -0.215349,
        "nauc_mrr_at_100_diff1": 0.826678,
        "nauc_mrr_at_1000_max": 0.568137,
        "nauc_mrr_at_1000_std": -0.215444,
        "nauc_mrr_at_1000_diff1": 0.826706,
        "main_score": 0.89827,
        "hf_subset": "default",
        "languages": [
          "eng-Latn"
        ]
      }
    ]
  },
  "evaluation_time": 189.38740491867065,
  "kg_co2_emissions": null
}