{
  "dataset_revision": "8fae72a2c75530aaaac6920a02622490d923ca98",
  "task_name": "ChemRxivRetrieval",
  "mteb_version": "1.36.29",
  "scores": {
    "test": [
      {
        "ndcg_at_1": 0.805,
        "ndcg_at_3": 0.87661,
        "ndcg_at_5": 0.88627,
        "ndcg_at_10": 0.89302,
        "ndcg_at_20": 0.89613,
        "ndcg_at_100": 0.89857,
        "ndcg_at_1000": 0.89927,
        "map_at_1": 0.805,
        "map_at_3": 0.85983,
        "map_at_5": 0.86526,
        "map_at_10": 0.8681,
        "map_at_20": 0.86897,
        "map_at_100": 0.86934,
        "map_at_1000": 0.86936,
        "recall_at_1": 0.805,
        "recall_at_3": 0.9248,
        "recall_at_5": 0.948,
        "recall_at_10": 0.9686,
        "recall_at_20": 0.9808,
        "recall_at_100": 0.9934,
        "recall_at_1000": 0.9992,
        "precision_at_1": 0.805,
        "precision_at_3": 0.30827,
        "precision_at_5": 0.1896,
        "precision_at_10": 0.09686,
        "precision_at_20": 0.04904,
        "precision_at_100": 0.00993,
        "precision_at_1000": 0.001,
        "mrr_at_1": 0.8044,
        "mrr_at_3": 0.859467,
        "mrr_at_5": 0.864947,
        "mrr_at_10": 0.86778,
        "mrr_at_20": 0.868651,
        "mrr_at_100": 0.869026,
        "mrr_at_1000": 0.869047,
        "nauc_ndcg_at_1_max": 0.543061,
        "nauc_ndcg_at_1_std": -0.207473,
        "nauc_ndcg_at_1_diff1": 0.830217,
        "nauc_ndcg_at_3_max": 0.607894,
        "nauc_ndcg_at_3_std": -0.18884,
        "nauc_ndcg_at_3_diff1": 0.807606,
        "nauc_ndcg_at_5_max": 0.613628,
        "nauc_ndcg_at_5_std": -0.177824,
        "nauc_ndcg_at_5_diff1": 0.80926,
        "nauc_ndcg_at_10_max": 0.606909,
        "nauc_ndcg_at_10_std": -0.178992,
        "nauc_ndcg_at_10_diff1": 0.813176,
        "nauc_ndcg_at_20_max": 0.600716,
        "nauc_ndcg_at_20_std": -0.177974,
        "nauc_ndcg_at_20_diff1": 0.812486,
        "nauc_ndcg_at_100_max": 0.595528,
        "nauc_ndcg_at_100_std": -0.179791,
        "nauc_ndcg_at_100_diff1": 0.813415,
        "nauc_ndcg_at_1000_max": 0.593095,
        "nauc_ndcg_at_1000_std": -0.184978,
        "nauc_ndcg_at_1000_diff1": 0.813974,
        "nauc_map_at_1_max": 0.543061,
        "nauc_map_at_1_std": -0.207473,
        "nauc_map_at_1_diff1": 0.830217,
        "nauc_map_at_3_max": 0.587377,
        "nauc_map_at_3_std": -0.195881,
        "nauc_map_at_3_diff1": 0.813317,
        "nauc_map_at_5_max": 0.589308,
        "nauc_map_at_5_std": -0.190948,
        "nauc_map_at_5_diff1": 0.81431,
        "nauc_map_at_10_max": 0.586501,
        "nauc_map_at_10_std": -0.191584,
        "nauc_map_at_10_diff1": 0.815766,
        "nauc_map_at_20_max": 0.585011,
        "nauc_map_at_20_std": -0.191612,
        "nauc_map_at_20_diff1": 0.815665,
        "nauc_map_at_100_max": 0.5844,
        "nauc_map_at_100_std": -0.191804,
        "nauc_map_at_100_diff1": 0.815799,
        "nauc_map_at_1000_max": 0.584338,
        "nauc_map_at_1000_std": -0.191934,
        "nauc_map_at_1000_diff1": 0.815807,
        "nauc_recall_at_1_max": 0.543061,
        "nauc_recall_at_1_std": -0.207473,
        "nauc_recall_at_1_diff1": 0.830217,
        "nauc_recall_at_3_max": 0.71267,
        "nauc_recall_at_3_std": -0.15201,
        "nauc_recall_at_3_diff1": 0.779545,
        "nauc_recall_at_5_max": 0.787619,
        "nauc_recall_at_5_std": -0.079891,
        "nauc_recall_at_5_diff1": 0.775724,
        "nauc_recall_at_10_max": 0.83408,
        "nauc_recall_at_10_std": -0.028425,
        "nauc_recall_at_10_diff1": 0.792696,
        "nauc_recall_at_20_max": 0.851667,
        "nauc_recall_at_20_std": 0.096361,
        "nauc_recall_at_20_diff1": 0.763947,
        "nauc_recall_at_100_max": 0.923111,
        "nauc_recall_at_100_std": 0.467787,
        "nauc_recall_at_100_diff1": 0.738817,
        "nauc_recall_at_1000_max": 0.930556,
        "nauc_recall_at_1000_std": 0.095705,
        "nauc_recall_at_1000_diff1": 0.819094,
        "nauc_precision_at_1_max": 0.543061,
        "nauc_precision_at_1_std": -0.207473,
        "nauc_precision_at_1_diff1": 0.830217,
        "nauc_precision_at_3_max": 0.71267,
        "nauc_precision_at_3_std": -0.15201,
        "nauc_precision_at_3_diff1": 0.779545,
        "nauc_precision_at_5_max": 0.787619,
        "nauc_precision_at_5_std": -0.079891,
        "nauc_precision_at_5_diff1": 0.775724,
        "nauc_precision_at_10_max": 0.83408,
        "nauc_precision_at_10_std": -0.028425,
        "nauc_precision_at_10_diff1": 0.792696,
        "nauc_precision_at_20_max": 0.851667,
        "nauc_precision_at_20_std": 0.096361,
        "nauc_precision_at_20_diff1": 0.763947,
        "nauc_precision_at_100_max": 0.923111,
        "nauc_precision_at_100_std": 0.467787,
        "nauc_precision_at_100_diff1": 0.738817,
        "nauc_precision_at_1000_max": 0.930556,
        "nauc_precision_at_1000_std": 0.095705,
        "nauc_precision_at_1000_diff1": 0.819094,
        "nauc_mrr_at_1_max": 0.541575,
        "nauc_mrr_at_1_std": -0.209616,
        "nauc_mrr_at_1_diff1": 0.831129,
        "nauc_mrr_at_3_max": 0.586482,
        "nauc_mrr_at_3_std": -0.197841,
        "nauc_mrr_at_3_diff1": 0.814064,
        "nauc_mrr_at_5_max": 0.588211,
        "nauc_mrr_at_5_std": -0.192631,
        "nauc_mrr_at_5_diff1": 0.815016,
        "nauc_mrr_at_10_max": 0.585385,
        "nauc_mrr_at_10_std": -0.193303,
        "nauc_mrr_at_10_diff1": 0.816483,
        "nauc_mrr_at_20_max": 0.58389,
        "nauc_mrr_at_20_std": -0.193343,
        "nauc_mrr_at_20_diff1": 0.816388,
        "nauc_mrr_at_100_max": 0.583278,
        "nauc_mrr_at_100_std": -0.19354,
        "nauc_mrr_at_100_diff1": 0.816524,
        "nauc_mrr_at_1000_max": 0.583216,
        "nauc_mrr_at_1000_std": -0.19367,
        "nauc_mrr_at_1000_diff1": 0.816532,
        "main_score": 0.89302,
        "hf_subset": "default",
        "languages": [
          "eng-Latn"
        ]
      }
    ]
  },
  "evaluation_time": 235.43118143081665,
  "kg_co2_emissions": null
}