{
  "dataset_revision": "431886eaecc48f067a3975b70d0949ea2862463c",
  "task_name": "Touche2020Retrieval.v3",
  "mteb_version": "1.36.29",
  "scores": {
    "test": [
      {
        "ndcg_at_1": 0.45918,
        "ndcg_at_3": 0.48462,
        "ndcg_at_5": 0.46321,
        "ndcg_at_10": 0.45376,
        "ndcg_at_20": 0.42477,
        "ndcg_at_100": 0.49289,
        "ndcg_at_1000": 0.62137,
        "map_at_1": 0.01775,
        "map_at_3": 0.05034,
        "map_at_5": 0.07585,
        "map_at_10": 0.13709,
        "map_at_20": 0.20132,
        "map_at_100": 0.28143,
        "map_at_1000": 0.31291,
        "recall_at_1": 0.01775,
        "recall_at_3": 0.05953,
        "recall_at_5": 0.09334,
        "recall_at_10": 0.18261,
        "recall_at_20": 0.29582,
        "recall_at_100": 0.54515,
        "recall_at_1000": 0.85298,
        "precision_at_1": 0.53061,
        "precision_at_3": 0.57143,
        "precision_at_5": 0.52245,
        "precision_at_10": 0.51224,
        "precision_at_20": 0.43061,
        "precision_at_100": 0.17143,
        "precision_at_1000": 0.02947,
        "mrr_at_1": 0.530612,
        "mrr_at_3": 0.714286,
        "mrr_at_5": 0.719388,
        "mrr_at_10": 0.72619,
        "mrr_at_20": 0.72619,
        "mrr_at_100": 0.72619,
        "mrr_at_1000": 0.726268,
        "nauc_ndcg_at_1_max": 0.086447,
        "nauc_ndcg_at_1_std": 0.026544,
        "nauc_ndcg_at_1_diff1": -0.065944,
        "nauc_ndcg_at_3_max": 0.139474,
        "nauc_ndcg_at_3_std": 0.165303,
        "nauc_ndcg_at_3_diff1": 0.059346,
        "nauc_ndcg_at_5_max": 0.128405,
        "nauc_ndcg_at_5_std": 0.178282,
        "nauc_ndcg_at_5_diff1": 0.051716,
        "nauc_ndcg_at_10_max": 0.119137,
        "nauc_ndcg_at_10_std": 0.13987,
        "nauc_ndcg_at_10_diff1": 0.105493,
        "nauc_ndcg_at_20_max": 0.151588,
        "nauc_ndcg_at_20_std": 0.182374,
        "nauc_ndcg_at_20_diff1": 0.108745,
        "nauc_ndcg_at_100_max": -0.014815,
        "nauc_ndcg_at_100_std": 0.22473,
        "nauc_ndcg_at_100_diff1": 0.088687,
        "nauc_ndcg_at_1000_max": 0.146685,
        "nauc_ndcg_at_1000_std": 0.422319,
        "nauc_ndcg_at_1000_diff1": 0.183026,
        "nauc_map_at_1_max": -0.078641,
        "nauc_map_at_1_std": -0.049317,
        "nauc_map_at_1_diff1": -0.024886,
        "nauc_map_at_3_max": -0.061239,
        "nauc_map_at_3_std": -0.063797,
        "nauc_map_at_3_diff1": 0.061336,
        "nauc_map_at_5_max": -0.061339,
        "nauc_map_at_5_std": -0.043572,
        "nauc_map_at_5_diff1": 0.065756,
        "nauc_map_at_10_max": -0.085509,
        "nauc_map_at_10_std": -0.112194,
        "nauc_map_at_10_diff1": 0.122606,
        "nauc_map_at_20_max": -0.007643,
        "nauc_map_at_20_std": -0.027862,
        "nauc_map_at_20_diff1": 0.097254,
        "nauc_map_at_100_max": 0.000735,
        "nauc_map_at_100_std": 0.083426,
        "nauc_map_at_100_diff1": 0.090448,
        "nauc_map_at_1000_max": 0.044516,
        "nauc_map_at_1000_std": 0.146518,
        "nauc_map_at_1000_diff1": 0.114181,
        "nauc_recall_at_1_max": -0.078641,
        "nauc_recall_at_1_std": -0.049317,
        "nauc_recall_at_1_diff1": -0.024886,
        "nauc_recall_at_3_max": -0.139377,
        "nauc_recall_at_3_std": -0.12941,
        "nauc_recall_at_3_diff1": 0.065406,
        "nauc_recall_at_5_max": -0.143001,
        "nauc_recall_at_5_std": -0.115853,
        "nauc_recall_at_5_diff1": 0.046661,
        "nauc_recall_at_10_max": -0.152912,
        "nauc_recall_at_10_std": -0.180851,
        "nauc_recall_at_10_diff1": 0.121152,
        "nauc_recall_at_20_max": -0.081523,
        "nauc_recall_at_20_std": -0.0657,
        "nauc_recall_at_20_diff1": 0.084999,
        "nauc_recall_at_100_max": -0.121311,
        "nauc_recall_at_100_std": 0.159335,
        "nauc_recall_at_100_diff1": 0.070562,
        "nauc_recall_at_1000_max": 0.132756,
        "nauc_recall_at_1000_std": 0.591063,
        "nauc_recall_at_1000_diff1": 0.30306,
        "nauc_precision_at_1_max": 0.105556,
        "nauc_precision_at_1_std": 0.027238,
        "nauc_precision_at_1_diff1": -0.047596,
        "nauc_precision_at_3_max": 0.132811,
        "nauc_precision_at_3_std": 0.100942,
        "nauc_precision_at_3_diff1": 0.099189,
        "nauc_precision_at_5_max": 0.108526,
        "nauc_precision_at_5_std": 0.126664,
        "nauc_precision_at_5_diff1": 0.053815,
        "nauc_precision_at_10_max": 0.084265,
        "nauc_precision_at_10_std": 0.036611,
        "nauc_precision_at_10_diff1": 0.159375,
        "nauc_precision_at_20_max": 0.262639,
        "nauc_precision_at_20_std": 0.282588,
        "nauc_precision_at_20_diff1": 0.134301,
        "nauc_precision_at_100_max": 0.3449,
        "nauc_precision_at_100_std": 0.649447,
        "nauc_precision_at_100_diff1": 0.099253,
        "nauc_precision_at_1000_max": 0.530033,
        "nauc_precision_at_1000_std": 0.51783,
        "nauc_precision_at_1000_diff1": 0.14945,
        "nauc_mrr_at_1_max": 0.105556,
        "nauc_mrr_at_1_std": 0.027238,
        "nauc_mrr_at_1_diff1": -0.047596,
        "nauc_mrr_at_3_max": 0.113997,
        "nauc_mrr_at_3_std": 0.056397,
        "nauc_mrr_at_3_diff1": 0.063418,
        "nauc_mrr_at_5_max": 0.103666,
        "nauc_mrr_at_5_std": 0.037214,
        "nauc_mrr_at_5_diff1": 0.051893,
        "nauc_mrr_at_10_max": 0.123358,
        "nauc_mrr_at_10_std": 0.060367,
        "nauc_mrr_at_10_diff1": 0.046272,
        "nauc_mrr_at_20_max": 0.123358,
        "nauc_mrr_at_20_std": 0.060367,
        "nauc_mrr_at_20_diff1": 0.046272,
        "nauc_mrr_at_100_max": 0.123358,
        "nauc_mrr_at_100_std": 0.060367,
        "nauc_mrr_at_100_diff1": 0.046272,
        "nauc_mrr_at_1000_max": 0.123032,
        "nauc_mrr_at_1000_std": 0.060017,
        "nauc_mrr_at_1000_diff1": 0.045966,
        "main_score": 0.45376,
        "hf_subset": "default",
        "languages": [
          "eng-Latn"
        ]
      }
    ]
  },
  "evaluation_time": 1478.1876528263092,
  "kg_co2_emissions": null
}