{
  "dataset_revision": "8fae72a2c75530aaaac6920a02622490d923ca98",
  "task_name": "ChemRxivNC2",
  "mteb_version": "1.36.29",
  "scores": {
    "test": [
      {
        "ndcg_at_1": 0.6796,
        "ndcg_at_3": 0.77391,
        "ndcg_at_5": 0.79509,
        "ndcg_at_10": 0.80684,
        "ndcg_at_20": 0.81292,
        "ndcg_at_100": 0.81907,
        "ndcg_at_1000": 0.82078,
        "map_at_1": 0.6796,
        "map_at_3": 0.75127,
        "map_at_5": 0.76308,
        "map_at_10": 0.76803,
        "map_at_20": 0.76973,
        "map_at_100": 0.77066,
        "map_at_1000": 0.77072,
        "recall_at_1": 0.6796,
        "recall_at_3": 0.8392,
        "recall_at_5": 0.8904,
        "recall_at_10": 0.9262,
        "recall_at_20": 0.95,
        "recall_at_100": 0.9822,
        "recall_at_1000": 0.9956,
        "precision_at_1": 0.6796,
        "precision_at_3": 0.27973,
        "precision_at_5": 0.17808,
        "precision_at_10": 0.09262,
        "precision_at_20": 0.0475,
        "precision_at_100": 0.00982,
        "precision_at_1000": 0.001,
        "mrr_at_1": 0.6796,
        "mrr_at_3": 0.7511,
        "mrr_at_5": 0.76305,
        "mrr_at_10": 0.768003,
        "mrr_at_20": 0.769705,
        "mrr_at_100": 0.770628,
        "mrr_at_1000": 0.770694,
        "nauc_ndcg_at_1_max": 0.378777,
        "nauc_ndcg_at_1_std": -0.148891,
        "nauc_ndcg_at_1_diff1": 0.73224,
        "nauc_ndcg_at_3_max": 0.419029,
        "nauc_ndcg_at_3_std": -0.116456,
        "nauc_ndcg_at_3_diff1": 0.691781,
        "nauc_ndcg_at_5_max": 0.432125,
        "nauc_ndcg_at_5_std": -0.103261,
        "nauc_ndcg_at_5_diff1": 0.694865,
        "nauc_ndcg_at_10_max": 0.432945,
        "nauc_ndcg_at_10_std": -0.099653,
        "nauc_ndcg_at_10_diff1": 0.700691,
        "nauc_ndcg_at_20_max": 0.429585,
        "nauc_ndcg_at_20_std": -0.098565,
        "nauc_ndcg_at_20_diff1": 0.703581,
        "nauc_ndcg_at_100_max": 0.423291,
        "nauc_ndcg_at_100_std": -0.104833,
        "nauc_ndcg_at_100_diff1": 0.704993,
        "nauc_ndcg_at_1000_max": 0.42076,
        "nauc_ndcg_at_1000_std": -0.10747,
        "nauc_ndcg_at_1000_diff1": 0.704981,
        "nauc_map_at_1_max": 0.378777,
        "nauc_map_at_1_std": -0.148891,
        "nauc_map_at_1_diff1": 0.73224,
        "nauc_map_at_3_max": 0.407608,
        "nauc_map_at_3_std": -0.126206,
        "nauc_map_at_3_diff1": 0.702873,
        "nauc_map_at_5_max": 0.413631,
        "nauc_map_at_5_std": -0.120195,
        "nauc_map_at_5_diff1": 0.704827,
        "nauc_map_at_10_max": 0.413626,
        "nauc_map_at_10_std": -0.119367,
        "nauc_map_at_10_diff1": 0.707012,
        "nauc_map_at_20_max": 0.412735,
        "nauc_map_at_20_std": -0.119248,
        "nauc_map_at_20_diff1": 0.707748,
        "nauc_map_at_100_max": 0.411849,
        "nauc_map_at_100_std": -0.119947,
        "nauc_map_at_100_diff1": 0.707847,
        "nauc_map_at_1000_max": 0.411786,
        "nauc_map_at_1000_std": -0.120001,
        "nauc_map_at_1000_diff1": 0.707855,
        "nauc_recall_at_1_max": 0.378777,
        "nauc_recall_at_1_std": -0.148891,
        "nauc_recall_at_1_diff1": 0.73224,
        "nauc_recall_at_3_max": 0.465788,
        "nauc_recall_at_3_std": -0.076198,
        "nauc_recall_at_3_diff1": 0.646608,
        "nauc_recall_at_5_max": 0.537232,
        "nauc_recall_at_5_std": -0.005882,
        "nauc_recall_at_5_diff1": 0.641497,
        "nauc_recall_at_10_max": 0.590332,
        "nauc_recall_at_10_std": 0.066241,
        "nauc_recall_at_10_diff1": 0.659617,
        "nauc_recall_at_20_max": 0.620345,
        "nauc_recall_at_20_std": 0.158345,
        "nauc_recall_at_20_diff1": 0.67715,
        "nauc_recall_at_100_max": 0.678768,
        "nauc_recall_at_100_std": 0.30443,
        "nauc_recall_at_100_diff1": 0.709622,
        "nauc_recall_at_1000_max": 0.707516,
        "nauc_recall_at_1000_std": 0.737947,
        "nauc_recall_at_1000_diff1": 0.702402,
        "nauc_precision_at_1_max": 0.378777,
        "nauc_precision_at_1_std": -0.148891,
        "nauc_precision_at_1_diff1": 0.73224,
        "nauc_precision_at_3_max": 0.465788,
        "nauc_precision_at_3_std": -0.076198,
        "nauc_precision_at_3_diff1": 0.646608,
        "nauc_precision_at_5_max": 0.537232,
        "nauc_precision_at_5_std": -0.005882,
        "nauc_precision_at_5_diff1": 0.641497,
        "nauc_precision_at_10_max": 0.590332,
        "nauc_precision_at_10_std": 0.066241,
        "nauc_precision_at_10_diff1": 0.659617,
        "nauc_precision_at_20_max": 0.620345,
        "nauc_precision_at_20_std": 0.158345,
        "nauc_precision_at_20_diff1": 0.67715,
        "nauc_precision_at_100_max": 0.678768,
        "nauc_precision_at_100_std": 0.30443,
        "nauc_precision_at_100_diff1": 0.709622,
        "nauc_precision_at_1000_max": 0.707516,
        "nauc_precision_at_1000_std": 0.737947,
        "nauc_precision_at_1000_diff1": 0.702402,
        "nauc_mrr_at_1_max": 0.380144,
        "nauc_mrr_at_1_std": -0.149109,
        "nauc_mrr_at_1_diff1": 0.73224,
        "nauc_mrr_at_3_max": 0.408298,
        "nauc_mrr_at_3_std": -0.126837,
        "nauc_mrr_at_3_diff1": 0.703153,
        "nauc_mrr_at_5_max": 0.414408,
        "nauc_mrr_at_5_std": -0.120615,
        "nauc_mrr_at_5_diff1": 0.704854,
        "nauc_mrr_at_10_max": 0.414421,
        "nauc_mrr_at_10_std": -0.119797,
        "nauc_mrr_at_10_diff1": 0.707039,
        "nauc_mrr_at_20_max": 0.413537,
        "nauc_mrr_at_20_std": -0.119682,
        "nauc_mrr_at_20_diff1": 0.707775,
        "nauc_mrr_at_100_max": 0.412655,
        "nauc_mrr_at_100_std": -0.120382,
        "nauc_mrr_at_100_diff1": 0.707875,
        "nauc_mrr_at_1000_max": 0.412592,
        "nauc_mrr_at_1000_std": -0.120437,
        "nauc_mrr_at_1000_diff1": 0.707882,
        "main_score": 0.80684,
        "hf_subset": "default",
        "languages": [
          "eng-Latn"
        ]
      }
    ]
  },
  "evaluation_time": 173.82307267189026,
  "kg_co2_emissions": null
}