{
  "dataset_revision": "5d958fb6b31055495347724d46431ba41309b03a",
  "task_name": "ChemNQRetrieval",
  "mteb_version": "1.36.29",
  "scores": {
    "test": [
      {
        "ndcg_at_1": 0.33333,
        "ndcg_at_3": 0.39295,
        "ndcg_at_5": 0.43463,
        "ndcg_at_10": 0.47294,
        "ndcg_at_20": 0.48541,
        "ndcg_at_100": 0.5273,
        "ndcg_at_1000": 0.53787,
        "map_at_1": 0.2963,
        "map_at_3": 0.35905,
        "map_at_5": 0.3822,
        "map_at_10": 0.39891,
        "map_at_20": 0.40537,
        "map_at_100": 0.41171,
        "map_at_1000": 0.41238,
        "recall_at_1": 0.2963,
        "recall_at_3": 0.43827,
        "recall_at_5": 0.53086,
        "recall_at_10": 0.64198,
        "recall_at_20": 0.67901,
        "recall_at_100": 0.89506,
        "recall_at_1000": 0.96296,
        "precision_at_1": 0.33333,
        "precision_at_3": 0.17284,
        "precision_at_5": 0.12593,
        "precision_at_10": 0.07778,
        "precision_at_20": 0.04259,
        "precision_at_100": 0.01148,
        "precision_at_1000": 0.00126,
        "mrr_at_1": 0.333333,
        "mrr_at_3": 0.41358,
        "mrr_at_5": 0.441358,
        "mrr_at_10": 0.456526,
        "mrr_at_20": 0.456526,
        "mrr_at_100": 0.460196,
        "mrr_at_1000": 0.460535,
        "nauc_ndcg_at_1_max": -0.037028,
        "nauc_ndcg_at_1_std": 0.164799,
        "nauc_ndcg_at_1_diff1": 0.293435,
        "nauc_ndcg_at_3_max": 0.102537,
        "nauc_ndcg_at_3_std": 0.011285,
        "nauc_ndcg_at_3_diff1": 0.200012,
        "nauc_ndcg_at_5_max": 0.063366,
        "nauc_ndcg_at_5_std": 0.080336,
        "nauc_ndcg_at_5_diff1": 0.166633,
        "nauc_ndcg_at_10_max": 0.136373,
        "nauc_ndcg_at_10_std": 0.051193,
        "nauc_ndcg_at_10_diff1": 0.169208,
        "nauc_ndcg_at_20_max": 0.110944,
        "nauc_ndcg_at_20_std": 0.113313,
        "nauc_ndcg_at_20_diff1": 0.147576,
        "nauc_ndcg_at_100_max": 0.099046,
        "nauc_ndcg_at_100_std": 0.0704,
        "nauc_ndcg_at_100_diff1": 0.194553,
        "nauc_ndcg_at_1000_max": 0.096793,
        "nauc_ndcg_at_1000_std": 0.071204,
        "nauc_ndcg_at_1000_diff1": 0.202016,
        "nauc_map_at_1_max": 0.007181,
        "nauc_map_at_1_std": 0.168131,
        "nauc_map_at_1_diff1": 0.200874,
        "nauc_map_at_3_max": 0.077997,
        "nauc_map_at_3_std": 0.052859,
        "nauc_map_at_3_diff1": 0.174883,
        "nauc_map_at_5_max": 0.057978,
        "nauc_map_at_5_std": 0.087994,
        "nauc_map_at_5_diff1": 0.156037,
        "nauc_map_at_10_max": 0.095136,
        "nauc_map_at_10_std": 0.073995,
        "nauc_map_at_10_diff1": 0.159778,
        "nauc_map_at_20_max": 0.082164,
        "nauc_map_at_20_std": 0.104512,
        "nauc_map_at_20_diff1": 0.149271,
        "nauc_map_at_100_max": 0.0776,
        "nauc_map_at_100_std": 0.101421,
        "nauc_map_at_100_diff1": 0.163183,
        "nauc_map_at_1000_max": 0.077656,
        "nauc_map_at_1000_std": 0.101402,
        "nauc_map_at_1000_diff1": 0.163176,
        "nauc_recall_at_1_max": 0.007181,
        "nauc_recall_at_1_std": 0.168131,
        "nauc_recall_at_1_diff1": 0.200874,
        "nauc_recall_at_3_max": 0.195856,
        "nauc_recall_at_3_std": -0.091848,
        "nauc_recall_at_3_diff1": 0.128907,
        "nauc_recall_at_5_max": 0.119792,
        "nauc_recall_at_5_std": 0.036921,
        "nauc_recall_at_5_diff1": 0.042678,
        "nauc_recall_at_10_max": 0.349395,
        "nauc_recall_at_10_std": -0.102078,
        "nauc_recall_at_10_diff1": 0.038835,
        "nauc_recall_at_20_max": 0.277489,
        "nauc_recall_at_20_std": 0.095426,
        "nauc_recall_at_20_diff1": -0.043554,
        "nauc_recall_at_100_max": 0.4705,
        "nauc_recall_at_100_std": -0.607115,
        "nauc_recall_at_100_diff1": 0.100153,
        "nauc_recall_at_1000_max": 1.0,
        "nauc_recall_at_1000_std": -1.737329,
        "nauc_recall_at_1000_diff1": 0.35755,
        "nauc_precision_at_1_max": -0.037028,
        "nauc_precision_at_1_std": 0.164799,
        "nauc_precision_at_1_diff1": 0.293435,
        "nauc_precision_at_3_max": 0.169502,
        "nauc_precision_at_3_std": -0.117432,
        "nauc_precision_at_3_diff1": 0.353062,
        "nauc_precision_at_5_max": 0.034848,
        "nauc_precision_at_5_std": 0.123089,
        "nauc_precision_at_5_diff1": 0.280963,
        "nauc_precision_at_10_max": 0.291825,
        "nauc_precision_at_10_std": 0.014388,
        "nauc_precision_at_10_diff1": 0.255063,
        "nauc_precision_at_20_max": 0.083682,
        "nauc_precision_at_20_std": 0.268496,
        "nauc_precision_at_20_diff1": 0.069747,
        "nauc_precision_at_100_max": -0.03449,
        "nauc_precision_at_100_std": 0.053626,
        "nauc_precision_at_100_diff1": 0.259814,
        "nauc_precision_at_1000_max": -0.074715,
        "nauc_precision_at_1000_std": 0.029718,
        "nauc_precision_at_1000_diff1": 0.263562,
        "nauc_mrr_at_1_max": -0.037028,
        "nauc_mrr_at_1_std": 0.164799,
        "nauc_mrr_at_1_diff1": 0.293435,
        "nauc_mrr_at_3_max": 0.0466,
        "nauc_mrr_at_3_std": 0.039709,
        "nauc_mrr_at_3_diff1": 0.314228,
        "nauc_mrr_at_5_max": 0.012892,
        "nauc_mrr_at_5_std": 0.097755,
        "nauc_mrr_at_5_diff1": 0.297115,
        "nauc_mrr_at_10_max": 0.028153,
        "nauc_mrr_at_10_std": 0.106065,
        "nauc_mrr_at_10_diff1": 0.289202,
        "nauc_mrr_at_20_max": 0.028153,
        "nauc_mrr_at_20_std": 0.106065,
        "nauc_mrr_at_20_diff1": 0.289202,
        "nauc_mrr_at_100_max": 0.029049,
        "nauc_mrr_at_100_std": 0.102073,
        "nauc_mrr_at_100_diff1": 0.292444,
        "nauc_mrr_at_1000_max": 0.028708,
        "nauc_mrr_at_1000_std": 0.102361,
        "nauc_mrr_at_1000_diff1": 0.29293,
        "main_score": 0.47294,
        "hf_subset": "default",
        "languages": [
          "eng-Latn"
        ]
      }
    ]
  },
  "evaluation_time": 29.435239553451538,
  "kg_co2_emissions": null
}