{
  "dataset_revision": "8fae72a2c75530aaaac6920a02622490d923ca98",
  "task_name": "ChemRxivRetrieval",
  "mteb_version": "1.36.29",
  "scores": {
    "test": [
      {
        "ndcg_at_1": 0.8032,
        "ndcg_at_3": 0.87627,
        "ndcg_at_5": 0.88718,
        "ndcg_at_10": 0.89518,
        "ndcg_at_20": 0.89773,
        "ndcg_at_100": 0.89952,
        "ndcg_at_1000": 0.9001,
        "map_at_1": 0.8032,
        "map_at_3": 0.85917,
        "map_at_5": 0.86525,
        "map_at_10": 0.86862,
        "map_at_20": 0.86932,
        "map_at_100": 0.86959,
        "map_at_1000": 0.86962,
        "recall_at_1": 0.8032,
        "recall_at_3": 0.9254,
        "recall_at_5": 0.9518,
        "recall_at_10": 0.9762,
        "recall_at_20": 0.9862,
        "recall_at_100": 0.9956,
        "recall_at_1000": 1.0,
        "precision_at_1": 0.8032,
        "precision_at_3": 0.30847,
        "precision_at_5": 0.19036,
        "precision_at_10": 0.09762,
        "precision_at_20": 0.04931,
        "precision_at_100": 0.00996,
        "precision_at_1000": 0.001,
        "mrr_at_1": 0.8032,
        "mrr_at_3": 0.859167,
        "mrr_at_5": 0.865247,
        "mrr_at_10": 0.868617,
        "mrr_at_20": 0.869325,
        "mrr_at_100": 0.869595,
        "mrr_at_1000": 0.869618,
        "nauc_ndcg_at_1_max": 0.498895,
        "nauc_ndcg_at_1_std": -0.244184,
        "nauc_ndcg_at_1_diff1": 0.828774,
        "nauc_ndcg_at_3_max": 0.563968,
        "nauc_ndcg_at_3_std": -0.231234,
        "nauc_ndcg_at_3_diff1": 0.808981,
        "nauc_ndcg_at_5_max": 0.559967,
        "nauc_ndcg_at_5_std": -0.22646,
        "nauc_ndcg_at_5_diff1": 0.809137,
        "nauc_ndcg_at_10_max": 0.551208,
        "nauc_ndcg_at_10_std": -0.236117,
        "nauc_ndcg_at_10_diff1": 0.813543,
        "nauc_ndcg_at_20_max": 0.547544,
        "nauc_ndcg_at_20_std": -0.232746,
        "nauc_ndcg_at_20_diff1": 0.812736,
        "nauc_ndcg_at_100_max": 0.543635,
        "nauc_ndcg_at_100_std": -0.232146,
        "nauc_ndcg_at_100_diff1": 0.813928,
        "nauc_ndcg_at_1000_max": 0.54158,
        "nauc_ndcg_at_1000_std": -0.234676,
        "nauc_ndcg_at_1000_diff1": 0.814494,
        "nauc_map_at_1_max": 0.498895,
        "nauc_map_at_1_std": -0.244184,
        "nauc_map_at_1_diff1": 0.828774,
        "nauc_map_at_3_max": 0.542604,
        "nauc_map_at_3_std": -0.236749,
        "nauc_map_at_3_diff1": 0.814416,
        "nauc_map_at_5_max": 0.539502,
        "nauc_map_at_5_std": -0.235061,
        "nauc_map_at_5_diff1": 0.814697,
        "nauc_map_at_10_max": 0.536263,
        "nauc_map_at_10_std": -0.238065,
        "nauc_map_at_10_diff1": 0.816346,
        "nauc_map_at_20_max": 0.535392,
        "nauc_map_at_20_std": -0.237402,
        "nauc_map_at_20_diff1": 0.816224,
        "nauc_map_at_100_max": 0.534958,
        "nauc_map_at_100_std": -0.237293,
        "nauc_map_at_100_diff1": 0.816367,
        "nauc_map_at_1000_max": 0.534892,
        "nauc_map_at_1000_std": -0.237366,
        "nauc_map_at_1000_diff1": 0.816373,
        "nauc_recall_at_1_max": 0.498895,
        "nauc_recall_at_1_std": -0.244184,
        "nauc_recall_at_1_diff1": 0.828774,
        "nauc_recall_at_3_max": 0.674926,
        "nauc_recall_at_3_std": -0.201642,
        "nauc_recall_at_3_diff1": 0.78155,
        "nauc_recall_at_5_max": 0.716355,
        "nauc_recall_at_5_std": -0.156346,
        "nauc_recall_at_5_diff1": 0.767914,
        "nauc_recall_at_10_max": 0.757283,
        "nauc_recall_at_10_std": -0.221347,
        "nauc_recall_at_10_diff1": 0.781874,
        "nauc_recall_at_20_max": 0.803955,
        "nauc_recall_at_20_std": -0.113012,
        "nauc_recall_at_20_diff1": 0.733954,
        "nauc_recall_at_100_max": 0.885939,
        "nauc_recall_at_100_std": 0.197776,
        "nauc_recall_at_100_diff1": 0.702317,
        "nauc_recall_at_1000_max": NaN,
        "nauc_recall_at_1000_std": NaN,
        "nauc_recall_at_1000_diff1": NaN,
        "nauc_precision_at_1_max": 0.498895,
        "nauc_precision_at_1_std": -0.244184,
        "nauc_precision_at_1_diff1": 0.828774,
        "nauc_precision_at_3_max": 0.674926,
        "nauc_precision_at_3_std": -0.201642,
        "nauc_precision_at_3_diff1": 0.78155,
        "nauc_precision_at_5_max": 0.716355,
        "nauc_precision_at_5_std": -0.156346,
        "nauc_precision_at_5_diff1": 0.767914,
        "nauc_precision_at_10_max": 0.757283,
        "nauc_precision_at_10_std": -0.221347,
        "nauc_precision_at_10_diff1": 0.781874,
        "nauc_precision_at_20_max": 0.803955,
        "nauc_precision_at_20_std": -0.113012,
        "nauc_precision_at_20_diff1": 0.733954,
        "nauc_precision_at_100_max": 0.885939,
        "nauc_precision_at_100_std": 0.197776,
        "nauc_precision_at_100_diff1": 0.702317,
        "nauc_precision_at_1000_max": 1.0,
        "nauc_precision_at_1000_std": 1.0,
        "nauc_precision_at_1000_diff1": 1.0,
        "nauc_mrr_at_1_max": 0.497339,
        "nauc_mrr_at_1_std": -0.246551,
        "nauc_mrr_at_1_diff1": 0.828774,
        "nauc_mrr_at_3_max": 0.541538,
        "nauc_mrr_at_3_std": -0.23837,
        "nauc_mrr_at_3_diff1": 0.814416,
        "nauc_mrr_at_5_max": 0.538385,
        "nauc_mrr_at_5_std": -0.236759,
        "nauc_mrr_at_5_diff1": 0.814697,
        "nauc_mrr_at_10_max": 0.535116,
        "nauc_mrr_at_10_std": -0.239809,
        "nauc_mrr_at_10_diff1": 0.816346,
        "nauc_mrr_at_20_max": 0.534239,
        "nauc_mrr_at_20_std": -0.239156,
        "nauc_mrr_at_20_diff1": 0.816224,
        "nauc_mrr_at_100_max": 0.533802,
        "nauc_mrr_at_100_std": -0.239051,
        "nauc_mrr_at_100_diff1": 0.816367,
        "nauc_mrr_at_1000_max": 0.533736,
        "nauc_mrr_at_1000_std": -0.239124,
        "nauc_mrr_at_1000_diff1": 0.816373,
        "main_score": 0.89518,
        "hf_subset": "default",
        "languages": [
          "eng-Latn"
        ]
      }
    ]
  },
  "evaluation_time": 280.0859727859497,
  "kg_co2_emissions": null
}