{
  "dataset_revision": "617612fa63afcb60e3b134bed8b7216a99707c37",
  "task_name": "HotpotQAHardNegatives",
  "mteb_version": "1.36.29",
  "scores": {
    "test": [
      {
        "ndcg_at_1": 0.768,
        "ndcg_at_3": 0.65041,
        "ndcg_at_5": 0.6807,
        "ndcg_at_10": 0.7078,
        "ndcg_at_20": 0.72737,
        "ndcg_at_100": 0.74767,
        "ndcg_at_1000": 0.75742,
        "map_at_1": 0.384,
        "map_at_3": 0.58133,
        "map_at_5": 0.60523,
        "map_at_10": 0.62133,
        "map_at_20": 0.62935,
        "map_at_100": 0.63349,
        "map_at_1000": 0.634,
        "recall_at_1": 0.384,
        "recall_at_3": 0.6295,
        "recall_at_5": 0.6895,
        "recall_at_10": 0.758,
        "recall_at_20": 0.821,
        "recall_at_100": 0.9105,
        "recall_at_1000": 0.9755,
        "precision_at_1": 0.768,
        "precision_at_3": 0.41967,
        "precision_at_5": 0.2758,
        "precision_at_10": 0.1516,
        "precision_at_20": 0.0821,
        "precision_at_100": 0.01821,
        "precision_at_1000": 0.00195,
        "mrr_at_1": 0.768,
        "mrr_at_3": 0.821,
        "mrr_at_5": 0.828,
        "mrr_at_10": 0.832204,
        "mrr_at_20": 0.833715,
        "mrr_at_100": 0.834502,
        "mrr_at_1000": 0.834521,
        "nauc_ndcg_at_1_max": 0.470469,
        "nauc_ndcg_at_1_std": -0.061564,
        "nauc_ndcg_at_1_diff1": 0.709278,
        "nauc_ndcg_at_3_max": 0.21235,
        "nauc_ndcg_at_3_std": -0.123825,
        "nauc_ndcg_at_3_diff1": 0.243162,
        "nauc_ndcg_at_5_max": 0.20337,
        "nauc_ndcg_at_5_std": -0.11926,
        "nauc_ndcg_at_5_diff1": 0.246989,
        "nauc_ndcg_at_10_max": 0.20061,
        "nauc_ndcg_at_10_std": -0.109297,
        "nauc_ndcg_at_10_diff1": 0.23238,
        "nauc_ndcg_at_20_max": 0.202615,
        "nauc_ndcg_at_20_std": -0.098571,
        "nauc_ndcg_at_20_diff1": 0.23922,
        "nauc_ndcg_at_100_max": 0.20523,
        "nauc_ndcg_at_100_std": -0.081249,
        "nauc_ndcg_at_100_diff1": 0.239071,
        "nauc_ndcg_at_1000_max": 0.215964,
        "nauc_ndcg_at_1000_std": -0.082593,
        "nauc_ndcg_at_1000_diff1": 0.257999,
        "nauc_map_at_1_max": 0.470469,
        "nauc_map_at_1_std": -0.061564,
        "nauc_map_at_1_diff1": 0.709278,
        "nauc_map_at_3_max": 0.172193,
        "nauc_map_at_3_std": -0.120804,
        "nauc_map_at_3_diff1": 0.181323,
        "nauc_map_at_5_max": 0.168037,
        "nauc_map_at_5_std": -0.120571,
        "nauc_map_at_5_diff1": 0.188851,
        "nauc_map_at_10_max": 0.168815,
        "nauc_map_at_10_std": -0.113564,
        "nauc_map_at_10_diff1": 0.182775,
        "nauc_map_at_20_max": 0.168722,
        "nauc_map_at_20_std": -0.110896,
        "nauc_map_at_20_diff1": 0.184912,
        "nauc_map_at_100_max": 0.169541,
        "nauc_map_at_100_std": -0.1077,
        "nauc_map_at_100_diff1": 0.184571,
        "nauc_map_at_1000_max": 0.169925,
        "nauc_map_at_1000_std": -0.107501,
        "nauc_map_at_1000_diff1": 0.185184,
        "nauc_recall_at_1_max": 0.470469,
        "nauc_recall_at_1_std": -0.061564,
        "nauc_recall_at_1_diff1": 0.709278,
        "nauc_recall_at_3_max": 0.138255,
        "nauc_recall_at_3_std": -0.139697,
        "nauc_recall_at_3_diff1": 0.10999,
        "nauc_recall_at_5_max": 0.1118,
        "nauc_recall_at_5_std": -0.129558,
        "nauc_recall_at_5_diff1": 0.103587,
        "nauc_recall_at_10_max": 0.080856,
        "nauc_recall_at_10_std": -0.0994,
        "nauc_recall_at_10_diff1": 0.029586,
        "nauc_recall_at_20_max": 0.059409,
        "nauc_recall_at_20_std": -0.050446,
        "nauc_recall_at_20_diff1": 0.00823,
        "nauc_recall_at_100_max": -0.035605,
        "nauc_recall_at_100_std": 0.134653,
        "nauc_recall_at_100_diff1": -0.169872,
        "nauc_recall_at_1000_max": -0.070638,
        "nauc_recall_at_1000_std": 0.492511,
        "nauc_recall_at_1000_diff1": -0.221127,
        "nauc_precision_at_1_max": 0.470469,
        "nauc_precision_at_1_std": -0.061564,
        "nauc_precision_at_1_diff1": 0.709278,
        "nauc_precision_at_3_max": 0.138255,
        "nauc_precision_at_3_std": -0.139697,
        "nauc_precision_at_3_diff1": 0.10999,
        "nauc_precision_at_5_max": 0.1118,
        "nauc_precision_at_5_std": -0.129558,
        "nauc_precision_at_5_diff1": 0.103587,
        "nauc_precision_at_10_max": 0.080856,
        "nauc_precision_at_10_std": -0.0994,
        "nauc_precision_at_10_diff1": 0.029586,
        "nauc_precision_at_20_max": 0.059409,
        "nauc_precision_at_20_std": -0.050446,
        "nauc_precision_at_20_diff1": 0.00823,
        "nauc_precision_at_100_max": -0.035605,
        "nauc_precision_at_100_std": 0.134653,
        "nauc_precision_at_100_diff1": -0.169872,
        "nauc_precision_at_1000_max": -0.070638,
        "nauc_precision_at_1000_std": 0.492511,
        "nauc_precision_at_1000_diff1": -0.221127,
        "nauc_mrr_at_1_max": 0.470469,
        "nauc_mrr_at_1_std": -0.061564,
        "nauc_mrr_at_1_diff1": 0.709278,
        "nauc_mrr_at_3_max": 0.474746,
        "nauc_mrr_at_3_std": -0.096676,
        "nauc_mrr_at_3_diff1": 0.6882,
        "nauc_mrr_at_5_max": 0.473861,
        "nauc_mrr_at_5_std": -0.08547,
        "nauc_mrr_at_5_diff1": 0.688707,
        "nauc_mrr_at_10_max": 0.470983,
        "nauc_mrr_at_10_std": -0.089182,
        "nauc_mrr_at_10_diff1": 0.689664,
        "nauc_mrr_at_20_max": 0.4735,
        "nauc_mrr_at_20_std": -0.086972,
        "nauc_mrr_at_20_diff1": 0.690895,
        "nauc_mrr_at_100_max": 0.473029,
        "nauc_mrr_at_100_std": -0.086654,
        "nauc_mrr_at_100_diff1": 0.690835,
        "nauc_mrr_at_1000_max": 0.47303,
        "nauc_mrr_at_1000_std": -0.086717,
        "nauc_mrr_at_1000_diff1": 0.69088,
        "main_score": 0.7078,
        "hf_subset": "default",
        "languages": [
          "eng-Latn"
        ]
      }
    ]
  },
  "evaluation_time": 366.58228302001953,
  "kg_co2_emissions": null
}