{
  "dataset_revision": "f8c2fcf00f625baaa80f62ec5bd9e1fff3b8ae88",
  "task_name": "SCIDOCS",
  "mteb_version": "1.36.29",
  "scores": {
    "test": [
      {
        "ndcg_at_1": 0.185,
        "ndcg_at_3": 0.14942,
        "ndcg_at_5": 0.12654,
        "ndcg_at_10": 0.15328,
        "ndcg_at_20": 0.17775,
        "ndcg_at_100": 0.21935,
        "ndcg_at_1000": 0.27074,
        "map_at_1": 0.03753,
        "map_at_3": 0.06543,
        "map_at_5": 0.07599,
        "map_at_10": 0.08813,
        "map_at_20": 0.09627,
        "map_at_100": 0.10391,
        "map_at_1000": 0.10645,
        "recall_at_1": 0.03753,
        "recall_at_3": 0.08443,
        "recall_at_5": 0.10993,
        "recall_at_10": 0.15853,
        "recall_at_20": 0.2158,
        "recall_at_100": 0.35035,
        "recall_at_1000": 0.60298,
        "precision_at_1": 0.185,
        "precision_at_3": 0.139,
        "precision_at_5": 0.1086,
        "precision_at_10": 0.0784,
        "precision_at_20": 0.05325,
        "precision_at_100": 0.01728,
        "precision_at_1000": 0.00297,
        "mrr_at_1": 0.185,
        "mrr_at_3": 0.249667,
        "mrr_at_5": 0.261267,
        "mrr_at_10": 0.276193,
        "mrr_at_20": 0.28339,
        "mrr_at_100": 0.287879,
        "mrr_at_1000": 0.288754,
        "nauc_ndcg_at_1_max": 0.128202,
        "nauc_ndcg_at_1_std": -0.011964,
        "nauc_ndcg_at_1_diff1": 0.251729,
        "nauc_ndcg_at_3_max": 0.179512,
        "nauc_ndcg_at_3_std": 0.041743,
        "nauc_ndcg_at_3_diff1": 0.215581,
        "nauc_ndcg_at_5_max": 0.171599,
        "nauc_ndcg_at_5_std": 0.051553,
        "nauc_ndcg_at_5_diff1": 0.201929,
        "nauc_ndcg_at_10_max": 0.185187,
        "nauc_ndcg_at_10_std": 0.086744,
        "nauc_ndcg_at_10_diff1": 0.207354,
        "nauc_ndcg_at_20_max": 0.196977,
        "nauc_ndcg_at_20_std": 0.118905,
        "nauc_ndcg_at_20_diff1": 0.200767,
        "nauc_ndcg_at_100_max": 0.218428,
        "nauc_ndcg_at_100_std": 0.172331,
        "nauc_ndcg_at_100_diff1": 0.191159,
        "nauc_ndcg_at_1000_max": 0.215162,
        "nauc_ndcg_at_1000_std": 0.190589,
        "nauc_ndcg_at_1000_diff1": 0.187718,
        "nauc_map_at_1_max": 0.127933,
        "nauc_map_at_1_std": -0.013722,
        "nauc_map_at_1_diff1": 0.252978,
        "nauc_map_at_3_max": 0.18084,
        "nauc_map_at_3_std": 0.026954,
        "nauc_map_at_3_diff1": 0.222331,
        "nauc_map_at_5_max": 0.176451,
        "nauc_map_at_5_std": 0.037317,
        "nauc_map_at_5_diff1": 0.210526,
        "nauc_map_at_10_max": 0.188701,
        "nauc_map_at_10_std": 0.066515,
        "nauc_map_at_10_diff1": 0.214507,
        "nauc_map_at_20_max": 0.195216,
        "nauc_map_at_20_std": 0.085703,
        "nauc_map_at_20_diff1": 0.209995,
        "nauc_map_at_100_max": 0.201607,
        "nauc_map_at_100_std": 0.104152,
        "nauc_map_at_100_diff1": 0.206853,
        "nauc_map_at_1000_max": 0.201833,
        "nauc_map_at_1000_std": 0.107273,
        "nauc_map_at_1000_diff1": 0.206419,
        "nauc_recall_at_1_max": 0.127933,
        "nauc_recall_at_1_std": -0.013722,
        "nauc_recall_at_1_diff1": 0.252978,
        "nauc_recall_at_3_max": 0.199997,
        "nauc_recall_at_3_std": 0.065,
        "nauc_recall_at_3_diff1": 0.199074,
        "nauc_recall_at_5_max": 0.178507,
        "nauc_recall_at_5_std": 0.07872,
        "nauc_recall_at_5_diff1": 0.171008,
        "nauc_recall_at_10_max": 0.192699,
        "nauc_recall_at_10_std": 0.13606,
        "nauc_recall_at_10_diff1": 0.177407,
        "nauc_recall_at_20_max": 0.207005,
        "nauc_recall_at_20_std": 0.193952,
        "nauc_recall_at_20_diff1": 0.157906,
        "nauc_recall_at_100_max": 0.2378,
        "nauc_recall_at_100_std": 0.304026,
        "nauc_recall_at_100_diff1": 0.123087,
        "nauc_recall_at_1000_max": 0.194385,
        "nauc_recall_at_1000_std": 0.351255,
        "nauc_recall_at_1000_diff1": 0.077717,
        "nauc_precision_at_1_max": 0.128202,
        "nauc_precision_at_1_std": -0.011964,
        "nauc_precision_at_1_diff1": 0.251729,
        "nauc_precision_at_3_max": 0.201689,
        "nauc_precision_at_3_std": 0.06756,
        "nauc_precision_at_3_diff1": 0.199877,
        "nauc_precision_at_5_max": 0.179155,
        "nauc_precision_at_5_std": 0.081379,
        "nauc_precision_at_5_diff1": 0.172101,
        "nauc_precision_at_10_max": 0.194548,
        "nauc_precision_at_10_std": 0.13782,
        "nauc_precision_at_10_diff1": 0.179146,
        "nauc_precision_at_20_max": 0.212252,
        "nauc_precision_at_20_std": 0.197163,
        "nauc_precision_at_20_diff1": 0.1624,
        "nauc_precision_at_100_max": 0.244608,
        "nauc_precision_at_100_std": 0.305803,
        "nauc_precision_at_100_diff1": 0.127657,
        "nauc_precision_at_1000_max": 0.202303,
        "nauc_precision_at_1000_std": 0.346774,
        "nauc_precision_at_1000_diff1": 0.084701,
        "nauc_mrr_at_1_max": 0.128202,
        "nauc_mrr_at_1_std": -0.011964,
        "nauc_mrr_at_1_diff1": 0.251729,
        "nauc_mrr_at_3_max": 0.153764,
        "nauc_mrr_at_3_std": 0.029976,
        "nauc_mrr_at_3_diff1": 0.221404,
        "nauc_mrr_at_5_max": 0.146444,
        "nauc_mrr_at_5_std": 0.030794,
        "nauc_mrr_at_5_diff1": 0.217817,
        "nauc_mrr_at_10_max": 0.147845,
        "nauc_mrr_at_10_std": 0.036804,
        "nauc_mrr_at_10_diff1": 0.218011,
        "nauc_mrr_at_20_max": 0.151329,
        "nauc_mrr_at_20_std": 0.040444,
        "nauc_mrr_at_20_diff1": 0.219305,
        "nauc_mrr_at_100_max": 0.151746,
        "nauc_mrr_at_100_std": 0.042591,
        "nauc_mrr_at_100_diff1": 0.218104,
        "nauc_mrr_at_1000_max": 0.151374,
        "nauc_mrr_at_1000_std": 0.042078,
        "nauc_mrr_at_1000_diff1": 0.21822,
        "main_score": 0.15328,
        "hf_subset": "default",
        "languages": [
          "eng-Latn"
        ]
      }
    ]
  },
  "evaluation_time": 74.66922879219055,
  "kg_co2_emissions": null
}