{
  "dataset_revision": "bb9466bac8153a0349341eb1b22e06409e78ef4e",
  "task_name": "TRECCOVID",
  "mteb_version": "1.36.29",
  "scores": {
    "test": [
      {
        "ndcg_at_1": 0.77,
        "ndcg_at_3": 0.72,
        "ndcg_at_5": 0.68163,
        "ndcg_at_10": 0.65505,
        "ndcg_at_20": 0.60646,
        "ndcg_at_100": 0.45302,
        "ndcg_at_1000": 0.40143,
        "map_at_1": 0.0021,
        "map_at_3": 0.00554,
        "map_at_5": 0.00832,
        "map_at_10": 0.01454,
        "map_at_20": 0.02507,
        "map_at_100": 0.07342,
        "map_at_1000": 0.17354,
        "recall_at_1": 0.0021,
        "recall_at_3": 0.00587,
        "recall_at_5": 0.0091,
        "recall_at_10": 0.01681,
        "recall_at_20": 0.03045,
        "recall_at_100": 0.10574,
        "recall_at_1000": 0.3764,
        "precision_at_1": 0.84,
        "precision_at_3": 0.77333,
        "precision_at_5": 0.728,
        "precision_at_10": 0.69,
        "precision_at_20": 0.628,
        "precision_at_100": 0.4598,
        "precision_at_1000": 0.18042,
        "mrr_at_1": 0.84,
        "mrr_at_3": 0.886667,
        "mrr_at_5": 0.891667,
        "mrr_at_10": 0.895,
        "mrr_at_20": 0.896111,
        "mrr_at_100": 0.896111,
        "mrr_at_1000": 0.896111,
        "nauc_ndcg_at_1_max": 0.356473,
        "nauc_ndcg_at_1_std": 0.591224,
        "nauc_ndcg_at_1_diff1": 0.415995,
        "nauc_ndcg_at_3_max": 0.402749,
        "nauc_ndcg_at_3_std": 0.588625,
        "nauc_ndcg_at_3_diff1": 0.175334,
        "nauc_ndcg_at_5_max": 0.42475,
        "nauc_ndcg_at_5_std": 0.641976,
        "nauc_ndcg_at_5_diff1": 0.150936,
        "nauc_ndcg_at_10_max": 0.381833,
        "nauc_ndcg_at_10_std": 0.728341,
        "nauc_ndcg_at_10_diff1": 0.002297,
        "nauc_ndcg_at_20_max": 0.318759,
        "nauc_ndcg_at_20_std": 0.721685,
        "nauc_ndcg_at_20_diff1": -0.019859,
        "nauc_ndcg_at_100_max": 0.354645,
        "nauc_ndcg_at_100_std": 0.810104,
        "nauc_ndcg_at_100_diff1": -0.116479,
        "nauc_ndcg_at_1000_max": 0.298359,
        "nauc_ndcg_at_1000_std": 0.755516,
        "nauc_ndcg_at_1000_diff1": -0.011991,
        "nauc_map_at_1_max": 0.130512,
        "nauc_map_at_1_std": 0.019983,
        "nauc_map_at_1_diff1": 0.379315,
        "nauc_map_at_3_max": 0.227083,
        "nauc_map_at_3_std": 0.089354,
        "nauc_map_at_3_diff1": 0.37179,
        "nauc_map_at_5_max": 0.236973,
        "nauc_map_at_5_std": 0.189752,
        "nauc_map_at_5_diff1": 0.316219,
        "nauc_map_at_10_max": 0.157355,
        "nauc_map_at_10_std": 0.313145,
        "nauc_map_at_10_diff1": 0.167613,
        "nauc_map_at_20_max": 0.157104,
        "nauc_map_at_20_std": 0.382934,
        "nauc_map_at_20_diff1": 0.140014,
        "nauc_map_at_100_max": 0.281229,
        "nauc_map_at_100_std": 0.705301,
        "nauc_map_at_100_diff1": 0.003148,
        "nauc_map_at_1000_max": 0.347154,
        "nauc_map_at_1000_std": 0.81214,
        "nauc_map_at_1000_diff1": -0.103646,
        "nauc_recall_at_1_max": 0.130512,
        "nauc_recall_at_1_std": 0.019983,
        "nauc_recall_at_1_diff1": 0.379315,
        "nauc_recall_at_3_max": 0.166207,
        "nauc_recall_at_3_std": 0.025206,
        "nauc_recall_at_3_diff1": 0.310856,
        "nauc_recall_at_5_max": 0.141621,
        "nauc_recall_at_5_std": 0.084483,
        "nauc_recall_at_5_diff1": 0.257189,
        "nauc_recall_at_10_max": 0.047734,
        "nauc_recall_at_10_std": 0.174273,
        "nauc_recall_at_10_diff1": 0.130151,
        "nauc_recall_at_20_max": 0.074621,
        "nauc_recall_at_20_std": 0.227794,
        "nauc_recall_at_20_diff1": 0.178009,
        "nauc_recall_at_100_max": 0.187587,
        "nauc_recall_at_100_std": 0.544444,
        "nauc_recall_at_100_diff1": 0.082234,
        "nauc_recall_at_1000_max": 0.245779,
        "nauc_recall_at_1000_std": 0.66725,
        "nauc_recall_at_1000_diff1": 0.026897,
        "nauc_precision_at_1_max": 0.700908,
        "nauc_precision_at_1_std": 0.83769,
        "nauc_precision_at_1_diff1": 0.556824,
        "nauc_precision_at_3_max": 0.582001,
        "nauc_precision_at_3_std": 0.687309,
        "nauc_precision_at_3_diff1": 0.155315,
        "nauc_precision_at_5_max": 0.503362,
        "nauc_precision_at_5_std": 0.708231,
        "nauc_precision_at_5_diff1": 0.121168,
        "nauc_precision_at_10_max": 0.391043,
        "nauc_precision_at_10_std": 0.73499,
        "nauc_precision_at_10_diff1": -0.056152,
        "nauc_precision_at_20_max": 0.304419,
        "nauc_precision_at_20_std": 0.712105,
        "nauc_precision_at_20_diff1": -0.055157,
        "nauc_precision_at_100_max": 0.353042,
        "nauc_precision_at_100_std": 0.814377,
        "nauc_precision_at_100_diff1": -0.136013,
        "nauc_precision_at_1000_max": 0.325925,
        "nauc_precision_at_1000_std": 0.681611,
        "nauc_precision_at_1000_diff1": -0.159687,
        "nauc_mrr_at_1_max": 0.700908,
        "nauc_mrr_at_1_std": 0.83769,
        "nauc_mrr_at_1_diff1": 0.556824,
        "nauc_mrr_at_3_max": 0.730955,
        "nauc_mrr_at_3_std": 0.836221,
        "nauc_mrr_at_3_diff1": 0.544191,
        "nauc_mrr_at_5_max": 0.718071,
        "nauc_mrr_at_5_std": 0.84168,
        "nauc_mrr_at_5_diff1": 0.564371,
        "nauc_mrr_at_10_max": 0.717935,
        "nauc_mrr_at_10_std": 0.836459,
        "nauc_mrr_at_10_diff1": 0.550005,
        "nauc_mrr_at_20_max": 0.714799,
        "nauc_mrr_at_20_std": 0.836094,
        "nauc_mrr_at_20_diff1": 0.549959,
        "nauc_mrr_at_100_max": 0.714799,
        "nauc_mrr_at_100_std": 0.836094,
        "nauc_mrr_at_100_diff1": 0.549959,
        "nauc_mrr_at_1000_max": 0.714799,
        "nauc_mrr_at_1000_std": 0.836094,
        "nauc_mrr_at_1000_diff1": 0.549959,
        "main_score": 0.65505,
        "hf_subset": "default",
        "languages": [
          "eng-Latn"
        ]
      }
    ]
  },
  "evaluation_time": 605.87948346138,
  "kg_co2_emissions": null
}