{
  "dataset_revision": "70970daeab8776df92f5ea462b6173c0b46fd2d1",
  "task_name": "TwitterSemEval2015",
  "mteb_version": "1.36.29",
  "scores": {
    "test": [
      {
        "similarity_accuracy": 0.8641,
        "similarity_accuracy_threshold": 0.778148,
        "similarity_f1": 0.696821,
        "similarity_f1_threshold": 0.759035,
        "similarity_precision": 0.682877,
        "similarity_recall": 0.711346,
        "similarity_ap": 0.753831,
        "cosine_accuracy": 0.8641,
        "cosine_accuracy_threshold": 0.778148,
        "cosine_f1": 0.696821,
        "cosine_f1_threshold": 0.759035,
        "cosine_precision": 0.682877,
        "cosine_recall": 0.711346,
        "cosine_ap": 0.753831,
        "manhattan_accuracy": 0.867616,
        "manhattan_accuracy_threshold": 292.033813,
        "manhattan_f1": 0.704337,
        "manhattan_f1_threshold": 312.890869,
        "manhattan_precision": 0.681728,
        "manhattan_recall": 0.728496,
        "manhattan_ap": 0.760102,
        "euclidean_accuracy": 0.868093,
        "euclidean_accuracy_threshold": 13.573694,
        "euclidean_f1": 0.705443,
        "euclidean_f1_threshold": 14.324924,
        "euclidean_precision": 0.668082,
        "euclidean_recall": 0.74723,
        "euclidean_ap": 0.760242,
        "dot_accuracy": 0.820826,
        "dot_accuracy_threshold": 327.973633,
        "dot_f1": 0.59187,
        "dot_f1_threshold": 306.19516,
        "dot_precision": 0.523993,
        "dot_recall": 0.679947,
        "dot_ap": 0.615283,
        "max_accuracy": 0.868093,
        "max_f1": 0.705443,
        "max_precision": 0.682877,
        "max_recall": 0.74723,
        "max_ap": 0.760242,
        "main_score": 0.760242,
        "hf_subset": "default",
        "languages": [
          "eng-Latn"
        ]
      }
    ]
  },
  "evaluation_time": 26.111136198043823,
  "kg_co2_emissions": null
}