{
  "dataset_revision": "70970daeab8776df92f5ea462b6173c0b46fd2d1",
  "task_name": "TwitterSemEval2015",
  "mteb_version": "1.36.29",
  "scores": {
    "test": [
      {
        "similarity_accuracy": 0.861298,
        "similarity_accuracy_threshold": 0.723723,
        "similarity_f1": 0.687197,
        "similarity_f1_threshold": 0.699062,
        "similarity_precision": 0.666254,
        "similarity_recall": 0.709499,
        "similarity_ap": 0.742264,
        "cosine_accuracy": 0.861298,
        "cosine_accuracy_threshold": 0.723723,
        "cosine_f1": 0.687197,
        "cosine_f1_threshold": 0.699062,
        "cosine_precision": 0.666254,
        "cosine_recall": 0.709499,
        "cosine_ap": 0.742264,
        "manhattan_accuracy": 0.864636,
        "manhattan_accuracy_threshold": 322.246155,
        "manhattan_f1": 0.693581,
        "manhattan_f1_threshold": 341.78772,
        "manhattan_precision": 0.670359,
        "manhattan_recall": 0.71847,
        "manhattan_ap": 0.748754,
        "euclidean_accuracy": 0.864457,
        "euclidean_accuracy_threshold": 14.562132,
        "euclidean_f1": 0.696051,
        "euclidean_f1_threshold": 15.458867,
        "euclidean_precision": 0.672906,
        "euclidean_recall": 0.720844,
        "euclidean_ap": 0.74918,
        "dot_accuracy": 0.825893,
        "dot_accuracy_threshold": 294.929504,
        "dot_f1": 0.605709,
        "dot_f1_threshold": 265.701813,
        "dot_precision": 0.51728,
        "dot_recall": 0.730607,
        "dot_ap": 0.633301,
        "max_accuracy": 0.864636,
        "max_f1": 0.696051,
        "max_precision": 0.672906,
        "max_recall": 0.730607,
        "max_ap": 0.74918,
        "main_score": 0.74918,
        "hf_subset": "default",
        "languages": [
          "eng-Latn"
        ]
      }
    ]
  },
  "evaluation_time": 15.579274654388428,
  "kg_co2_emissions": null
}