{
  "dataset_revision": "bb9466bac8153a0349341eb1b22e06409e78ef4e",
  "task_name": "TRECCOVID",
  "mteb_version": "1.36.29",
  "scores": {
    "test": [
      {
        "ndcg_at_1": 0.69,
        "ndcg_at_3": 0.64123,
        "ndcg_at_5": 0.61361,
        "ndcg_at_10": 0.55964,
        "ndcg_at_20": 0.51654,
        "ndcg_at_100": 0.36709,
        "ndcg_at_1000": 0.30977,
        "map_at_1": 0.00196,
        "map_at_3": 0.00473,
        "map_at_5": 0.00711,
        "map_at_10": 0.01159,
        "map_at_20": 0.01901,
        "map_at_100": 0.05127,
        "map_at_1000": 0.1108,
        "recall_at_1": 0.00196,
        "recall_at_3": 0.00496,
        "recall_at_5": 0.00797,
        "recall_at_10": 0.01392,
        "recall_at_20": 0.02492,
        "recall_at_100": 0.08238,
        "recall_at_1000": 0.28583,
        "precision_at_1": 0.74,
        "precision_at_3": 0.66667,
        "precision_at_5": 0.648,
        "precision_at_10": 0.58,
        "precision_at_20": 0.533,
        "precision_at_100": 0.3638,
        "precision_at_1000": 0.13638,
        "mrr_at_1": 0.74,
        "mrr_at_3": 0.816667,
        "mrr_at_5": 0.825667,
        "mrr_at_10": 0.827889,
        "mrr_at_20": 0.827889,
        "mrr_at_100": 0.828873,
        "mrr_at_1000": 0.828873,
        "nauc_ndcg_at_1_max": 0.360595,
        "nauc_ndcg_at_1_std": 0.356432,
        "nauc_ndcg_at_1_diff1": -0.093538,
        "nauc_ndcg_at_3_max": 0.338009,
        "nauc_ndcg_at_3_std": 0.48967,
        "nauc_ndcg_at_3_diff1": -0.227046,
        "nauc_ndcg_at_5_max": 0.233987,
        "nauc_ndcg_at_5_std": 0.459397,
        "nauc_ndcg_at_5_diff1": -0.234361,
        "nauc_ndcg_at_10_max": 0.218701,
        "nauc_ndcg_at_10_std": 0.525717,
        "nauc_ndcg_at_10_diff1": -0.292352,
        "nauc_ndcg_at_20_max": 0.185216,
        "nauc_ndcg_at_20_std": 0.573618,
        "nauc_ndcg_at_20_diff1": -0.34075,
        "nauc_ndcg_at_100_max": 0.221963,
        "nauc_ndcg_at_100_std": 0.744191,
        "nauc_ndcg_at_100_diff1": -0.357134,
        "nauc_ndcg_at_1000_max": 0.188335,
        "nauc_ndcg_at_1000_std": 0.751964,
        "nauc_ndcg_at_1000_diff1": -0.349417,
        "nauc_map_at_1_max": 0.221878,
        "nauc_map_at_1_std": 0.033765,
        "nauc_map_at_1_diff1": 0.058973,
        "nauc_map_at_3_max": 0.229684,
        "nauc_map_at_3_std": 0.159081,
        "nauc_map_at_3_diff1": -0.052844,
        "nauc_map_at_5_max": 0.225523,
        "nauc_map_at_5_std": 0.211971,
        "nauc_map_at_5_diff1": -0.064677,
        "nauc_map_at_10_max": 0.205547,
        "nauc_map_at_10_std": 0.325056,
        "nauc_map_at_10_diff1": -0.132146,
        "nauc_map_at_20_max": 0.157722,
        "nauc_map_at_20_std": 0.421983,
        "nauc_map_at_20_diff1": -0.252591,
        "nauc_map_at_100_max": 0.218581,
        "nauc_map_at_100_std": 0.667871,
        "nauc_map_at_100_diff1": -0.343104,
        "nauc_map_at_1000_max": 0.217752,
        "nauc_map_at_1000_std": 0.808237,
        "nauc_map_at_1000_diff1": -0.370264,
        "nauc_recall_at_1_max": 0.221878,
        "nauc_recall_at_1_std": 0.033765,
        "nauc_recall_at_1_diff1": 0.058973,
        "nauc_recall_at_3_max": 0.208479,
        "nauc_recall_at_3_std": 0.162073,
        "nauc_recall_at_3_diff1": -0.051902,
        "nauc_recall_at_5_max": 0.163636,
        "nauc_recall_at_5_std": 0.153151,
        "nauc_recall_at_5_diff1": -0.064062,
        "nauc_recall_at_10_max": 0.135982,
        "nauc_recall_at_10_std": 0.248399,
        "nauc_recall_at_10_diff1": -0.144273,
        "nauc_recall_at_20_max": 0.107215,
        "nauc_recall_at_20_std": 0.337325,
        "nauc_recall_at_20_diff1": -0.24612,
        "nauc_recall_at_100_max": 0.204214,
        "nauc_recall_at_100_std": 0.608667,
        "nauc_recall_at_100_diff1": -0.321757,
        "nauc_recall_at_1000_max": 0.161632,
        "nauc_recall_at_1000_std": 0.724754,
        "nauc_recall_at_1000_diff1": -0.334121,
        "nauc_precision_at_1_max": 0.636349,
        "nauc_precision_at_1_std": 0.463242,
        "nauc_precision_at_1_diff1": -0.022384,
        "nauc_precision_at_3_max": 0.434272,
        "nauc_precision_at_3_std": 0.588742,
        "nauc_precision_at_3_diff1": -0.275351,
        "nauc_precision_at_5_max": 0.261544,
        "nauc_precision_at_5_std": 0.483796,
        "nauc_precision_at_5_diff1": -0.221744,
        "nauc_precision_at_10_max": 0.223316,
        "nauc_precision_at_10_std": 0.568441,
        "nauc_precision_at_10_diff1": -0.271067,
        "nauc_precision_at_20_max": 0.17987,
        "nauc_precision_at_20_std": 0.601328,
        "nauc_precision_at_20_diff1": -0.333098,
        "nauc_precision_at_100_max": 0.229692,
        "nauc_precision_at_100_std": 0.779735,
        "nauc_precision_at_100_diff1": -0.363035,
        "nauc_precision_at_1000_max": 0.177741,
        "nauc_precision_at_1000_std": 0.726874,
        "nauc_precision_at_1000_diff1": -0.287224,
        "nauc_mrr_at_1_max": 0.636349,
        "nauc_mrr_at_1_std": 0.463242,
        "nauc_mrr_at_1_diff1": -0.022384,
        "nauc_mrr_at_3_max": 0.658865,
        "nauc_mrr_at_3_std": 0.573596,
        "nauc_mrr_at_3_diff1": -0.004788,
        "nauc_mrr_at_5_max": 0.643669,
        "nauc_mrr_at_5_std": 0.552752,
        "nauc_mrr_at_5_diff1": -0.007531,
        "nauc_mrr_at_10_max": 0.647717,
        "nauc_mrr_at_10_std": 0.548266,
        "nauc_mrr_at_10_diff1": -0.015491,
        "nauc_mrr_at_20_max": 0.647717,
        "nauc_mrr_at_20_std": 0.548266,
        "nauc_mrr_at_20_diff1": -0.015491,
        "nauc_mrr_at_100_max": 0.647942,
        "nauc_mrr_at_100_std": 0.547533,
        "nauc_mrr_at_100_diff1": -0.017353,
        "nauc_mrr_at_1000_max": 0.647942,
        "nauc_mrr_at_1000_std": 0.547533,
        "nauc_mrr_at_1000_diff1": -0.017353,
        "main_score": 0.55964,
        "hf_subset": "default",
        "languages": [
          "eng-Latn"
        ]
      }
    ]
  },
  "evaluation_time": 448.28143858909607,
  "kg_co2_emissions": null
}