{
  "dataset_revision": "7fb14716e4106b72f51a16e682e5cd2d67e9bd70",
  "task_name": "PubChemWikiParagraphsPC",
  "mteb_version": "1.36.29",
  "scores": {
    "test": [
      {
        "similarity_accuracy": 0.899414,
        "similarity_accuracy_threshold": 0.903772,
        "similarity_f1": 0.280597,
        "similarity_f1_threshold": 0.342483,
        "similarity_precision": 0.202151,
        "similarity_recall": 0.458537,
        "similarity_ap": 0.174069,
        "cosine_accuracy": 0.899414,
        "cosine_accuracy_threshold": 0.903772,
        "cosine_f1": 0.280597,
        "cosine_f1_threshold": 0.342483,
        "cosine_precision": 0.202151,
        "cosine_recall": 0.458537,
        "cosine_ap": 0.174069,
        "manhattan_accuracy": 0.899414,
        "manhattan_accuracy_threshold": 148.431396,
        "manhattan_f1": 0.269912,
        "manhattan_f1_threshold": 358.673889,
        "manhattan_precision": 0.246964,
        "manhattan_recall": 0.297561,
        "manhattan_ap": 0.179228,
        "euclidean_accuracy": 0.899414,
        "euclidean_accuracy_threshold": 6.693313,
        "euclidean_f1": 0.279412,
        "euclidean_f1_threshold": 16.040798,
        "euclidean_precision": 0.280788,
        "euclidean_recall": 0.278049,
        "euclidean_ap": 0.182195,
        "dot_accuracy": 0.899414,
        "dot_accuracy_threshold": 328.048553,
        "dot_f1": 0.225705,
        "dot_f1_threshold": 74.192955,
        "dot_precision": 0.143617,
        "dot_recall": 0.526829,
        "dot_ap": 0.129548,
        "max_accuracy": 0.899414,
        "max_f1": 0.280597,
        "max_precision": 0.280788,
        "max_recall": 0.526829,
        "max_ap": 0.182195,
        "main_score": 0.182195,
        "hf_subset": "default",
        "languages": [
          "eng-Latn"
        ]
      }
    ]
  },
  "evaluation_time": 4.307953596115112,
  "kg_co2_emissions": null
}