{
  "dataset_revision": "27a168819829fe9bcd655c2df245fb19452e8e06",
  "task_name": "FiQA2018",
  "mteb_version": "1.36.29",
  "scores": {
    "test": [
      {
        "ndcg_at_1": 0.34568,
        "ndcg_at_3": 0.31903,
        "ndcg_at_5": 0.32947,
        "ndcg_at_10": 0.3553,
        "ndcg_at_20": 0.37818,
        "ndcg_at_100": 0.41733,
        "ndcg_at_1000": 0.44807,
        "map_at_1": 0.18,
        "map_at_3": 0.24874,
        "map_at_5": 0.26725,
        "map_at_10": 0.28443,
        "map_at_20": 0.29283,
        "map_at_100": 0.30006,
        "map_at_1000": 0.30173,
        "recall_at_1": 0.18,
        "recall_at_3": 0.29168,
        "recall_at_5": 0.34086,
        "recall_at_10": 0.42167,
        "recall_at_20": 0.49137,
        "recall_at_100": 0.6546,
        "recall_at_1000": 0.83958,
        "precision_at_1": 0.34568,
        "precision_at_3": 0.20833,
        "precision_at_5": 0.1534,
        "precision_at_10": 0.09691,
        "precision_at_20": 0.05818,
        "precision_at_100": 0.0161,
        "precision_at_1000": 0.00217,
        "mrr_at_1": 0.345679,
        "mrr_at_3": 0.405864,
        "mrr_at_5": 0.418133,
        "mrr_at_10": 0.428328,
        "mrr_at_20": 0.433775,
        "mrr_at_100": 0.437117,
        "mrr_at_1000": 0.43757,
        "nauc_ndcg_at_1_max": 0.370485,
        "nauc_ndcg_at_1_std": -0.012683,
        "nauc_ndcg_at_1_diff1": 0.448134,
        "nauc_ndcg_at_3_max": 0.270815,
        "nauc_ndcg_at_3_std": -0.020906,
        "nauc_ndcg_at_3_diff1": 0.361161,
        "nauc_ndcg_at_5_max": 0.244184,
        "nauc_ndcg_at_5_std": -0.030575,
        "nauc_ndcg_at_5_diff1": 0.345486,
        "nauc_ndcg_at_10_max": 0.241592,
        "nauc_ndcg_at_10_std": -0.020051,
        "nauc_ndcg_at_10_diff1": 0.358821,
        "nauc_ndcg_at_20_max": 0.254801,
        "nauc_ndcg_at_20_std": 0.003037,
        "nauc_ndcg_at_20_diff1": 0.358099,
        "nauc_ndcg_at_100_max": 0.259396,
        "nauc_ndcg_at_100_std": 0.018981,
        "nauc_ndcg_at_100_diff1": 0.35229,
        "nauc_ndcg_at_1000_max": 0.282434,
        "nauc_ndcg_at_1000_std": 0.027329,
        "nauc_ndcg_at_1000_diff1": 0.357509,
        "nauc_map_at_1_max": 0.185455,
        "nauc_map_at_1_std": -0.048853,
        "nauc_map_at_1_diff1": 0.395085,
        "nauc_map_at_3_max": 0.199784,
        "nauc_map_at_3_std": -0.048038,
        "nauc_map_at_3_diff1": 0.377134,
        "nauc_map_at_5_max": 0.211463,
        "nauc_map_at_5_std": -0.048174,
        "nauc_map_at_5_diff1": 0.361101,
        "nauc_map_at_10_max": 0.223763,
        "nauc_map_at_10_std": -0.036274,
        "nauc_map_at_10_diff1": 0.36414,
        "nauc_map_at_20_max": 0.231634,
        "nauc_map_at_20_std": -0.026281,
        "nauc_map_at_20_diff1": 0.364234,
        "nauc_map_at_100_max": 0.233678,
        "nauc_map_at_100_std": -0.023324,
        "nauc_map_at_100_diff1": 0.363676,
        "nauc_map_at_1000_max": 0.23528,
        "nauc_map_at_1000_std": -0.022711,
        "nauc_map_at_1000_diff1": 0.363796,
        "nauc_recall_at_1_max": 0.185455,
        "nauc_recall_at_1_std": -0.048853,
        "nauc_recall_at_1_diff1": 0.395085,
        "nauc_recall_at_3_max": 0.143743,
        "nauc_recall_at_3_std": -0.039857,
        "nauc_recall_at_3_diff1": 0.317551,
        "nauc_recall_at_5_max": 0.139984,
        "nauc_recall_at_5_std": -0.042788,
        "nauc_recall_at_5_diff1": 0.276653,
        "nauc_recall_at_10_max": 0.153405,
        "nauc_recall_at_10_std": -0.010411,
        "nauc_recall_at_10_diff1": 0.274961,
        "nauc_recall_at_20_max": 0.178944,
        "nauc_recall_at_20_std": 0.059372,
        "nauc_recall_at_20_diff1": 0.261171,
        "nauc_recall_at_100_max": 0.145228,
        "nauc_recall_at_100_std": 0.13706,
        "nauc_recall_at_100_diff1": 0.2124,
        "nauc_recall_at_1000_max": 0.254189,
        "nauc_recall_at_1000_std": 0.290509,
        "nauc_recall_at_1000_diff1": 0.213838,
        "nauc_precision_at_1_max": 0.370485,
        "nauc_precision_at_1_std": -0.012683,
        "nauc_precision_at_1_diff1": 0.448134,
        "nauc_precision_at_3_max": 0.325002,
        "nauc_precision_at_3_std": 0.006029,
        "nauc_precision_at_3_diff1": 0.295713,
        "nauc_precision_at_5_max": 0.340436,
        "nauc_precision_at_5_std": 0.011942,
        "nauc_precision_at_5_diff1": 0.228375,
        "nauc_precision_at_10_max": 0.351681,
        "nauc_precision_at_10_std": 0.063359,
        "nauc_precision_at_10_diff1": 0.206687,
        "nauc_precision_at_20_max": 0.368599,
        "nauc_precision_at_20_std": 0.116717,
        "nauc_precision_at_20_diff1": 0.176628,
        "nauc_precision_at_100_max": 0.339274,
        "nauc_precision_at_100_std": 0.15577,
        "nauc_precision_at_100_diff1": 0.072883,
        "nauc_precision_at_1000_max": 0.370067,
        "nauc_precision_at_1000_std": 0.182361,
        "nauc_precision_at_1000_diff1": 0.001955,
        "nauc_mrr_at_1_max": 0.370485,
        "nauc_mrr_at_1_std": -0.012683,
        "nauc_mrr_at_1_diff1": 0.448134,
        "nauc_mrr_at_3_max": 0.329091,
        "nauc_mrr_at_3_std": -0.007219,
        "nauc_mrr_at_3_diff1": 0.397028,
        "nauc_mrr_at_5_max": 0.32745,
        "nauc_mrr_at_5_std": -0.007434,
        "nauc_mrr_at_5_diff1": 0.3912,
        "nauc_mrr_at_10_max": 0.329853,
        "nauc_mrr_at_10_std": -0.004327,
        "nauc_mrr_at_10_diff1": 0.393345,
        "nauc_mrr_at_20_max": 0.334064,
        "nauc_mrr_at_20_std": 0.000526,
        "nauc_mrr_at_20_diff1": 0.394513,
        "nauc_mrr_at_100_max": 0.333399,
        "nauc_mrr_at_100_std": 0.000922,
        "nauc_mrr_at_100_diff1": 0.393685,
        "nauc_mrr_at_1000_max": 0.33379,
        "nauc_mrr_at_1000_std": 0.000968,
        "nauc_mrr_at_1000_diff1": 0.393995,
        "main_score": 0.3553,
        "hf_subset": "default",
        "languages": [
          "eng-Latn"
        ]
      }
    ]
  },
  "evaluation_time": 121.98773503303528,
  "kg_co2_emissions": null
}