{
  "dataset_revision": "5d958fb6b31055495347724d46431ba41309b03a",
  "task_name": "ChemNQRetrieval",
  "mteb_version": "1.36.29",
  "scores": {
    "test": [
      {
        "ndcg_at_1": 0.44444,
        "ndcg_at_3": 0.51231,
        "ndcg_at_5": 0.53705,
        "ndcg_at_10": 0.57633,
        "ndcg_at_20": 0.60523,
        "ndcg_at_100": 0.62389,
        "ndcg_at_1000": 0.63024,
        "map_at_1": 0.32716,
        "map_at_3": 0.46296,
        "map_at_5": 0.47963,
        "map_at_10": 0.49719,
        "map_at_20": 0.50649,
        "map_at_100": 0.50986,
        "map_at_1000": 0.51023,
        "recall_at_1": 0.32716,
        "recall_at_3": 0.58642,
        "recall_at_5": 0.64198,
        "recall_at_10": 0.75309,
        "recall_at_20": 0.8642,
        "recall_at_100": 0.95062,
        "recall_at_1000": 1.0,
        "precision_at_1": 0.44444,
        "precision_at_3": 0.24691,
        "precision_at_5": 0.16296,
        "precision_at_10": 0.0963,
        "precision_at_20": 0.05556,
        "precision_at_100": 0.01222,
        "precision_at_1000": 0.0013,
        "mrr_at_1": 0.444444,
        "mrr_at_3": 0.54321,
        "mrr_at_5": 0.552469,
        "mrr_at_10": 0.568563,
        "mrr_at_20": 0.572593,
        "mrr_at_100": 0.575438,
        "mrr_at_1000": 0.575482,
        "nauc_ndcg_at_1_max": 0.211779,
        "nauc_ndcg_at_1_std": -0.035929,
        "nauc_ndcg_at_1_diff1": 0.542449,
        "nauc_ndcg_at_3_max": 0.143149,
        "nauc_ndcg_at_3_std": -0.112261,
        "nauc_ndcg_at_3_diff1": 0.505416,
        "nauc_ndcg_at_5_max": 0.159003,
        "nauc_ndcg_at_5_std": -0.136528,
        "nauc_ndcg_at_5_diff1": 0.459671,
        "nauc_ndcg_at_10_max": 0.239905,
        "nauc_ndcg_at_10_std": -0.025089,
        "nauc_ndcg_at_10_diff1": 0.498952,
        "nauc_ndcg_at_20_max": 0.218198,
        "nauc_ndcg_at_20_std": -0.049957,
        "nauc_ndcg_at_20_diff1": 0.492391,
        "nauc_ndcg_at_100_max": 0.182966,
        "nauc_ndcg_at_100_std": -0.071971,
        "nauc_ndcg_at_100_diff1": 0.510999,
        "nauc_ndcg_at_1000_max": 0.191881,
        "nauc_ndcg_at_1000_std": -0.062412,
        "nauc_ndcg_at_1000_diff1": 0.515655,
        "nauc_map_at_1_max": 0.026417,
        "nauc_map_at_1_std": -0.08937,
        "nauc_map_at_1_diff1": 0.418275,
        "nauc_map_at_3_max": 0.098338,
        "nauc_map_at_3_std": -0.146631,
        "nauc_map_at_3_diff1": 0.493411,
        "nauc_map_at_5_max": 0.119038,
        "nauc_map_at_5_std": -0.156173,
        "nauc_map_at_5_diff1": 0.459735,
        "nauc_map_at_10_max": 0.152832,
        "nauc_map_at_10_std": -0.107965,
        "nauc_map_at_10_diff1": 0.477923,
        "nauc_map_at_20_max": 0.154403,
        "nauc_map_at_20_std": -0.10505,
        "nauc_map_at_20_diff1": 0.479974,
        "nauc_map_at_100_max": 0.148355,
        "nauc_map_at_100_std": -0.108724,
        "nauc_map_at_100_diff1": 0.482453,
        "nauc_map_at_1000_max": 0.148126,
        "nauc_map_at_1000_std": -0.108505,
        "nauc_map_at_1000_diff1": 0.483237,
        "nauc_recall_at_1_max": 0.026417,
        "nauc_recall_at_1_std": -0.08937,
        "nauc_recall_at_1_diff1": 0.418275,
        "nauc_recall_at_3_max": 0.12139,
        "nauc_recall_at_3_std": -0.110921,
        "nauc_recall_at_3_diff1": 0.433611,
        "nauc_recall_at_5_max": 0.149807,
        "nauc_recall_at_5_std": -0.175714,
        "nauc_recall_at_5_diff1": 0.333957,
        "nauc_recall_at_10_max": 0.403609,
        "nauc_recall_at_10_std": 0.170517,
        "nauc_recall_at_10_diff1": 0.375799,
        "nauc_recall_at_20_max": 0.304455,
        "nauc_recall_at_20_std": -0.005695,
        "nauc_recall_at_20_diff1": 0.295273,
        "nauc_recall_at_100_max": -0.34008,
        "nauc_recall_at_100_std": -0.473358,
        "nauc_recall_at_100_diff1": 0.399291,
        "nauc_recall_at_1000_max": NaN,
        "nauc_recall_at_1000_std": NaN,
        "nauc_recall_at_1000_diff1": NaN,
        "nauc_precision_at_1_max": 0.211779,
        "nauc_precision_at_1_std": -0.035929,
        "nauc_precision_at_1_diff1": 0.542449,
        "nauc_precision_at_3_max": 0.30761,
        "nauc_precision_at_3_std": -0.102902,
        "nauc_precision_at_3_diff1": 0.563101,
        "nauc_precision_at_5_max": 0.361312,
        "nauc_precision_at_5_std": -0.105303,
        "nauc_precision_at_5_diff1": 0.379786,
        "nauc_precision_at_10_max": 0.553565,
        "nauc_precision_at_10_std": 0.255534,
        "nauc_precision_at_10_diff1": 0.486483,
        "nauc_precision_at_20_max": 0.496284,
        "nauc_precision_at_20_std": 0.223835,
        "nauc_precision_at_20_diff1": 0.441291,
        "nauc_precision_at_100_max": 0.386504,
        "nauc_precision_at_100_std": 0.206008,
        "nauc_precision_at_100_diff1": 0.491164,
        "nauc_precision_at_1000_max": 0.379852,
        "nauc_precision_at_1000_std": 0.262742,
        "nauc_precision_at_1000_diff1": 0.442375,
        "nauc_mrr_at_1_max": 0.211779,
        "nauc_mrr_at_1_std": -0.035929,
        "nauc_mrr_at_1_diff1": 0.542449,
        "nauc_mrr_at_3_max": 0.247001,
        "nauc_mrr_at_3_std": -0.019883,
        "nauc_mrr_at_3_diff1": 0.550359,
        "nauc_mrr_at_5_max": 0.23008,
        "nauc_mrr_at_5_std": -0.04109,
        "nauc_mrr_at_5_diff1": 0.543138,
        "nauc_mrr_at_10_max": 0.264354,
        "nauc_mrr_at_10_std": 0.002913,
        "nauc_mrr_at_10_diff1": 0.556834,
        "nauc_mrr_at_20_max": 0.254186,
        "nauc_mrr_at_20_std": -0.008274,
        "nauc_mrr_at_20_diff1": 0.550816,
        "nauc_mrr_at_100_max": 0.24969,
        "nauc_mrr_at_100_std": -0.011223,
        "nauc_mrr_at_100_diff1": 0.552633,
        "nauc_mrr_at_1000_max": 0.249808,
        "nauc_mrr_at_1000_std": -0.011142,
        "nauc_mrr_at_1000_diff1": 0.552609,
        "main_score": 0.57633,
        "hf_subset": "default",
        "languages": [
          "eng-Latn"
        ]
      }
    ]
  },
  "evaluation_time": 29.322307109832764,
  "kg_co2_emissions": null
}