{
  "dataset_revision": "8fae72a2c75530aaaac6920a02622490d923ca98",
  "task_name": "ChemRxivRetrieval",
  "mteb_version": "1.36.29",
  "scores": {
    "test": [
      {
        "ndcg_at_1": 0.7788,
        "ndcg_at_3": 0.8609,
        "ndcg_at_5": 0.87111,
        "ndcg_at_10": 0.87916,
        "ndcg_at_20": 0.88283,
        "ndcg_at_100": 0.88572,
        "ndcg_at_1000": 0.88632,
        "map_at_1": 0.7788,
        "map_at_3": 0.8416,
        "map_at_5": 0.84731,
        "map_at_10": 0.85069,
        "map_at_20": 0.85173,
        "map_at_100": 0.85217,
        "map_at_1000": 0.8522,
        "recall_at_1": 0.7788,
        "recall_at_3": 0.9164,
        "recall_at_5": 0.941,
        "recall_at_10": 0.9656,
        "recall_at_20": 0.9798,
        "recall_at_100": 0.9948,
        "recall_at_1000": 0.9994,
        "precision_at_1": 0.7788,
        "precision_at_3": 0.30547,
        "precision_at_5": 0.1882,
        "precision_at_10": 0.09656,
        "precision_at_20": 0.04899,
        "precision_at_100": 0.00995,
        "precision_at_1000": 0.001,
        "mrr_at_1": 0.7788,
        "mrr_at_3": 0.841533,
        "mrr_at_5": 0.847293,
        "mrr_at_10": 0.850669,
        "mrr_at_20": 0.851714,
        "mrr_at_100": 0.852157,
        "mrr_at_1000": 0.852182,
        "nauc_ndcg_at_1_max": 0.428102,
        "nauc_ndcg_at_1_std": -0.242466,
        "nauc_ndcg_at_1_diff1": 0.798448,
        "nauc_ndcg_at_3_max": 0.493131,
        "nauc_ndcg_at_3_std": -0.238552,
        "nauc_ndcg_at_3_diff1": 0.776439,
        "nauc_ndcg_at_5_max": 0.490543,
        "nauc_ndcg_at_5_std": -0.237583,
        "nauc_ndcg_at_5_diff1": 0.781471,
        "nauc_ndcg_at_10_max": 0.489819,
        "nauc_ndcg_at_10_std": -0.232625,
        "nauc_ndcg_at_10_diff1": 0.783758,
        "nauc_ndcg_at_20_max": 0.481454,
        "nauc_ndcg_at_20_std": -0.233315,
        "nauc_ndcg_at_20_diff1": 0.783542,
        "nauc_ndcg_at_100_max": 0.475625,
        "nauc_ndcg_at_100_std": -0.235496,
        "nauc_ndcg_at_100_diff1": 0.784609,
        "nauc_ndcg_at_1000_max": 0.473856,
        "nauc_ndcg_at_1000_std": -0.236518,
        "nauc_ndcg_at_1000_diff1": 0.784542,
        "nauc_map_at_1_max": 0.428102,
        "nauc_map_at_1_std": -0.242466,
        "nauc_map_at_1_diff1": 0.798448,
        "nauc_map_at_3_max": 0.471055,
        "nauc_map_at_3_std": -0.242131,
        "nauc_map_at_3_diff1": 0.782461,
        "nauc_map_at_5_max": 0.468967,
        "nauc_map_at_5_std": -0.241608,
        "nauc_map_at_5_diff1": 0.785114,
        "nauc_map_at_10_max": 0.468655,
        "nauc_map_at_10_std": -0.239492,
        "nauc_map_at_10_diff1": 0.785943,
        "nauc_map_at_20_max": 0.466663,
        "nauc_map_at_20_std": -0.239621,
        "nauc_map_at_20_diff1": 0.785942,
        "nauc_map_at_100_max": 0.465954,
        "nauc_map_at_100_std": -0.239833,
        "nauc_map_at_100_diff1": 0.78606,
        "nauc_map_at_1000_max": 0.465896,
        "nauc_map_at_1000_std": -0.239871,
        "nauc_map_at_1000_diff1": 0.786055,
        "nauc_recall_at_1_max": 0.428102,
        "nauc_recall_at_1_std": -0.242466,
        "nauc_recall_at_1_diff1": 0.798448,
        "nauc_recall_at_3_max": 0.606814,
        "nauc_recall_at_3_std": -0.21852,
        "nauc_recall_at_3_diff1": 0.746461,
        "nauc_recall_at_5_max": 0.641096,
        "nauc_recall_at_5_std": -0.207419,
        "nauc_recall_at_5_diff1": 0.75877,
        "nauc_recall_at_10_max": 0.731999,
        "nauc_recall_at_10_std": -0.146462,
        "nauc_recall_at_10_diff1": 0.766467,
        "nauc_recall_at_20_max": 0.722805,
        "nauc_recall_at_20_std": -0.104543,
        "nauc_recall_at_20_diff1": 0.748093,
        "nauc_recall_at_100_max": 0.784296,
        "nauc_recall_at_100_std": 0.010774,
        "nauc_recall_at_100_diff1": 0.766394,
        "nauc_recall_at_1000_max": 0.742453,
        "nauc_recall_at_1000_std": 0.558979,
        "nauc_recall_at_1000_diff1": 0.572051,
        "nauc_precision_at_1_max": 0.428102,
        "nauc_precision_at_1_std": -0.242466,
        "nauc_precision_at_1_diff1": 0.798448,
        "nauc_precision_at_3_max": 0.606814,
        "nauc_precision_at_3_std": -0.21852,
        "nauc_precision_at_3_diff1": 0.746461,
        "nauc_precision_at_5_max": 0.641096,
        "nauc_precision_at_5_std": -0.207419,
        "nauc_precision_at_5_diff1": 0.75877,
        "nauc_precision_at_10_max": 0.731999,
        "nauc_precision_at_10_std": -0.146462,
        "nauc_precision_at_10_diff1": 0.766467,
        "nauc_precision_at_20_max": 0.722805,
        "nauc_precision_at_20_std": -0.104543,
        "nauc_precision_at_20_diff1": 0.748093,
        "nauc_precision_at_100_max": 0.784296,
        "nauc_precision_at_100_std": 0.010774,
        "nauc_precision_at_100_diff1": 0.766394,
        "nauc_precision_at_1000_max": 0.742453,
        "nauc_precision_at_1000_std": 0.558979,
        "nauc_precision_at_1000_diff1": 0.572051,
        "nauc_mrr_at_1_max": 0.43194,
        "nauc_mrr_at_1_std": -0.241593,
        "nauc_mrr_at_1_diff1": 0.798448,
        "nauc_mrr_at_3_max": 0.47378,
        "nauc_mrr_at_3_std": -0.241374,
        "nauc_mrr_at_3_diff1": 0.782558,
        "nauc_mrr_at_5_max": 0.471714,
        "nauc_mrr_at_5_std": -0.240948,
        "nauc_mrr_at_5_diff1": 0.785139,
        "nauc_mrr_at_10_max": 0.471469,
        "nauc_mrr_at_10_std": -0.238815,
        "nauc_mrr_at_10_diff1": 0.785968,
        "nauc_mrr_at_20_max": 0.469498,
        "nauc_mrr_at_20_std": -0.23894,
        "nauc_mrr_at_20_diff1": 0.785968,
        "nauc_mrr_at_100_max": 0.468798,
        "nauc_mrr_at_100_std": -0.239149,
        "nauc_mrr_at_100_diff1": 0.786086,
        "nauc_mrr_at_1000_max": 0.468741,
        "nauc_mrr_at_1000_std": -0.239187,
        "nauc_mrr_at_1000_diff1": 0.786081,
        "main_score": 0.87916,
        "hf_subset": "default",
        "languages": [
          "eng-Latn"
        ]
      }
    ]
  },
  "evaluation_time": 190.81493425369263,
  "kg_co2_emissions": null
}