{
  "dataset_revision": "f33a205966ce032f957c3a22f4f9e378f89a2c56",
  "task_name": "PubChemAISentenceParaphrasePC",
  "mteb_version": "1.36.29",
  "scores": {
    "test": [
      {
        "similarity_accuracy": 0.98291,
        "similarity_accuracy_threshold": 0.841914,
        "similarity_f1": 0.911839,
        "similarity_f1_threshold": 0.841914,
        "similarity_precision": 0.942708,
        "similarity_recall": 0.882927,
        "similarity_ap": 0.925886,
        "cosine_accuracy": 0.98291,
        "cosine_accuracy_threshold": 0.841914,
        "cosine_f1": 0.911839,
        "cosine_f1_threshold": 0.841914,
        "cosine_precision": 0.942708,
        "cosine_recall": 0.882927,
        "cosine_ap": 0.925886,
        "manhattan_accuracy": 0.978516,
        "manhattan_accuracy_threshold": 213.929047,
        "manhattan_f1": 0.888325,
        "manhattan_f1_threshold": 213.929047,
        "manhattan_precision": 0.925926,
        "manhattan_recall": 0.853659,
        "manhattan_ap": 0.905264,
        "euclidean_accuracy": 0.978516,
        "euclidean_accuracy_threshold": 9.603832,
        "euclidean_f1": 0.888325,
        "euclidean_f1_threshold": 9.815454,
        "euclidean_precision": 0.925926,
        "euclidean_recall": 0.853659,
        "euclidean_ap": 0.905245,
        "dot_accuracy": 0.954102,
        "dot_accuracy_threshold": 223.325592,
        "dot_f1": 0.781818,
        "dot_f1_threshold": 219.321869,
        "dot_precision": 0.731915,
        "dot_recall": 0.839024,
        "dot_ap": 0.813109,
        "max_accuracy": 0.98291,
        "max_f1": 0.911839,
        "max_precision": 0.942708,
        "max_recall": 0.882927,
        "max_ap": 0.925886,
        "main_score": 0.925886,
        "hf_subset": "default",
        "languages": [
          "eng-Latn"
        ]
      }
    ]
  },
  "evaluation_time": 3.4153950214385986,
  "kg_co2_emissions": null
}