{
  "dataset_revision": "8fae72a2c75530aaaac6920a02622490d923ca98",
  "task_name": "ChemRxivNC2",
  "mteb_version": "1.36.29",
  "scores": {
    "test": [
      {
        "ndcg_at_1": 0.7168,
        "ndcg_at_3": 0.8111,
        "ndcg_at_5": 0.82886,
        "ndcg_at_10": 0.83977,
        "ndcg_at_20": 0.84481,
        "ndcg_at_100": 0.84835,
        "ndcg_at_1000": 0.84945,
        "map_at_1": 0.7168,
        "map_at_3": 0.78863,
        "map_at_5": 0.79857,
        "map_at_10": 0.80314,
        "map_at_20": 0.80454,
        "map_at_100": 0.80506,
        "map_at_1000": 0.80511,
        "recall_at_1": 0.7168,
        "recall_at_3": 0.8758,
        "recall_at_5": 0.9186,
        "recall_at_10": 0.952,
        "recall_at_20": 0.9718,
        "recall_at_100": 0.9904,
        "recall_at_1000": 0.9988,
        "precision_at_1": 0.7168,
        "precision_at_3": 0.29193,
        "precision_at_5": 0.18372,
        "precision_at_10": 0.0952,
        "precision_at_20": 0.04859,
        "precision_at_100": 0.0099,
        "precision_at_1000": 0.001,
        "mrr_at_1": 0.7166,
        "mrr_at_3": 0.788467,
        "mrr_at_5": 0.798457,
        "mrr_at_10": 0.803022,
        "mrr_at_20": 0.804422,
        "mrr_at_100": 0.804941,
        "mrr_at_1000": 0.804989,
        "nauc_ndcg_at_1_max": 0.390669,
        "nauc_ndcg_at_1_std": -0.179213,
        "nauc_ndcg_at_1_diff1": 0.742029,
        "nauc_ndcg_at_3_max": 0.435279,
        "nauc_ndcg_at_3_std": -0.17407,
        "nauc_ndcg_at_3_diff1": 0.703798,
        "nauc_ndcg_at_5_max": 0.450079,
        "nauc_ndcg_at_5_std": -0.157243,
        "nauc_ndcg_at_5_diff1": 0.705787,
        "nauc_ndcg_at_10_max": 0.445096,
        "nauc_ndcg_at_10_std": -0.157133,
        "nauc_ndcg_at_10_diff1": 0.711037,
        "nauc_ndcg_at_20_max": 0.440769,
        "nauc_ndcg_at_20_std": -0.155361,
        "nauc_ndcg_at_20_diff1": 0.713449,
        "nauc_ndcg_at_100_max": 0.43552,
        "nauc_ndcg_at_100_std": -0.159873,
        "nauc_ndcg_at_100_diff1": 0.71545,
        "nauc_ndcg_at_1000_max": 0.432405,
        "nauc_ndcg_at_1000_std": -0.162733,
        "nauc_ndcg_at_1000_diff1": 0.715517,
        "nauc_map_at_1_max": 0.390669,
        "nauc_map_at_1_std": -0.179213,
        "nauc_map_at_1_diff1": 0.742029,
        "nauc_map_at_3_max": 0.422269,
        "nauc_map_at_3_std": -0.17563,
        "nauc_map_at_3_diff1": 0.713951,
        "nauc_map_at_5_max": 0.428593,
        "nauc_map_at_5_std": -0.167811,
        "nauc_map_at_5_diff1": 0.715308,
        "nauc_map_at_10_max": 0.426205,
        "nauc_map_at_10_std": -0.168529,
        "nauc_map_at_10_diff1": 0.717432,
        "nauc_map_at_20_max": 0.425125,
        "nauc_map_at_20_std": -0.168264,
        "nauc_map_at_20_diff1": 0.718041,
        "nauc_map_at_100_max": 0.424423,
        "nauc_map_at_100_std": -0.168713,
        "nauc_map_at_100_diff1": 0.718205,
        "nauc_map_at_1000_max": 0.424317,
        "nauc_map_at_1000_std": -0.168783,
        "nauc_map_at_1000_diff1": 0.718211,
        "nauc_recall_at_1_max": 0.390669,
        "nauc_recall_at_1_std": -0.179213,
        "nauc_recall_at_1_diff1": 0.742029,
        "nauc_recall_at_3_max": 0.493826,
        "nauc_recall_at_3_std": -0.167007,
        "nauc_recall_at_3_diff1": 0.658802,
        "nauc_recall_at_5_max": 0.59222,
        "nauc_recall_at_5_std": -0.083747,
        "nauc_recall_at_5_diff1": 0.647139,
        "nauc_recall_at_10_max": 0.64724,
        "nauc_recall_at_10_std": -0.022234,
        "nauc_recall_at_10_diff1": 0.65369,
        "nauc_recall_at_20_max": 0.703144,
        "nauc_recall_at_20_std": 0.108893,
        "nauc_recall_at_20_diff1": 0.659654,
        "nauc_recall_at_100_max": 0.833888,
        "nauc_recall_at_100_std": 0.257732,
        "nauc_recall_at_100_diff1": 0.727708,
        "nauc_recall_at_1000_max": 0.934641,
        "nauc_recall_at_1000_std": 0.532524,
        "nauc_recall_at_1000_diff1": 0.842048,
        "nauc_precision_at_1_max": 0.390669,
        "nauc_precision_at_1_std": -0.179213,
        "nauc_precision_at_1_diff1": 0.742029,
        "nauc_precision_at_3_max": 0.493826,
        "nauc_precision_at_3_std": -0.167007,
        "nauc_precision_at_3_diff1": 0.658802,
        "nauc_precision_at_5_max": 0.59222,
        "nauc_precision_at_5_std": -0.083747,
        "nauc_precision_at_5_diff1": 0.647139,
        "nauc_precision_at_10_max": 0.64724,
        "nauc_precision_at_10_std": -0.022234,
        "nauc_precision_at_10_diff1": 0.65369,
        "nauc_precision_at_20_max": 0.703144,
        "nauc_precision_at_20_std": 0.108893,
        "nauc_precision_at_20_diff1": 0.659654,
        "nauc_precision_at_100_max": 0.833888,
        "nauc_precision_at_100_std": 0.257732,
        "nauc_precision_at_100_diff1": 0.727708,
        "nauc_precision_at_1000_max": 0.934641,
        "nauc_precision_at_1000_std": 0.532524,
        "nauc_precision_at_1000_diff1": 0.842048,
        "nauc_mrr_at_1_max": 0.388049,
        "nauc_mrr_at_1_std": -0.177993,
        "nauc_mrr_at_1_diff1": 0.742404,
        "nauc_mrr_at_3_max": 0.420626,
        "nauc_mrr_at_3_std": -0.175191,
        "nauc_mrr_at_3_diff1": 0.714337,
        "nauc_mrr_at_5_max": 0.426812,
        "nauc_mrr_at_5_std": -0.167079,
        "nauc_mrr_at_5_diff1": 0.715609,
        "nauc_mrr_at_10_max": 0.424379,
        "nauc_mrr_at_10_std": -0.167777,
        "nauc_mrr_at_10_diff1": 0.717739,
        "nauc_mrr_at_20_max": 0.423285,
        "nauc_mrr_at_20_std": -0.167506,
        "nauc_mrr_at_20_diff1": 0.718351,
        "nauc_mrr_at_100_max": 0.422578,
        "nauc_mrr_at_100_std": -0.167953,
        "nauc_mrr_at_100_diff1": 0.718515,
        "nauc_mrr_at_1000_max": 0.422472,
        "nauc_mrr_at_1000_std": -0.168023,
        "nauc_mrr_at_1000_diff1": 0.718521,
        "main_score": 0.83977,
        "hf_subset": "default",
        "languages": [
          "eng-Latn"
        ]
      }
    ]
  },
  "evaluation_time": 177.61325860023499,
  "kg_co2_emissions": null
}