{
  "dataset_revision": "1840e8a5ac6ec752bbdd97d543ead0189bc7c25b",
  "task_name": "ChemHotpotQARetrieval",
  "mteb_version": "1.36.29",
  "scores": {
    "train": [
      {
        "ndcg_at_1": 0.86111,
        "ndcg_at_3": 0.90263,
        "ndcg_at_5": 0.90981,
        "ndcg_at_10": 0.91668,
        "ndcg_at_20": 0.91901,
        "ndcg_at_100": 0.92063,
        "ndcg_at_1000": 0.9226,
        "map_at_1": 0.84444,
        "map_at_3": 0.89028,
        "map_at_5": 0.89444,
        "map_at_10": 0.89709,
        "map_at_20": 0.89797,
        "map_at_100": 0.89825,
        "map_at_1000": 0.89836,
        "recall_at_1": 0.84444,
        "recall_at_3": 0.93056,
        "recall_at_5": 0.94722,
        "recall_at_10": 0.96944,
        "recall_at_20": 0.97778,
        "recall_at_100": 0.98611,
        "recall_at_1000": 1.0,
        "precision_at_1": 0.86111,
        "precision_at_3": 0.32037,
        "precision_at_5": 0.19556,
        "precision_at_10": 0.1,
        "precision_at_20": 0.05056,
        "precision_at_100": 0.01022,
        "precision_at_1000": 0.00104,
        "mrr_at_1": 0.861111,
        "mrr_at_3": 0.898148,
        "mrr_at_5": 0.902315,
        "mrr_at_10": 0.90496,
        "mrr_at_20": 0.905331,
        "mrr_at_100": 0.905412,
        "mrr_at_1000": 0.905472,
        "nauc_ndcg_at_1_max": 0.573716,
        "nauc_ndcg_at_1_std": -0.444098,
        "nauc_ndcg_at_1_diff1": 0.925373,
        "nauc_ndcg_at_3_max": 0.39729,
        "nauc_ndcg_at_3_std": -0.611399,
        "nauc_ndcg_at_3_diff1": 0.795931,
        "nauc_ndcg_at_5_max": 0.381178,
        "nauc_ndcg_at_5_std": -0.569783,
        "nauc_ndcg_at_5_diff1": 0.779202,
        "nauc_ndcg_at_10_max": 0.344149,
        "nauc_ndcg_at_10_std": -0.552843,
        "nauc_ndcg_at_10_diff1": 0.765824,
        "nauc_ndcg_at_20_max": 0.334197,
        "nauc_ndcg_at_20_std": -0.544618,
        "nauc_ndcg_at_20_diff1": 0.763435,
        "nauc_ndcg_at_100_max": 0.352674,
        "nauc_ndcg_at_100_std": -0.537456,
        "nauc_ndcg_at_100_diff1": 0.786191,
        "nauc_ndcg_at_1000_max": 0.391662,
        "nauc_ndcg_at_1000_std": -0.539637,
        "nauc_ndcg_at_1000_diff1": 0.802092,
        "nauc_map_at_1_max": 0.404383,
        "nauc_map_at_1_std": -0.523909,
        "nauc_map_at_1_diff1": 0.823501,
        "nauc_map_at_3_max": 0.402122,
        "nauc_map_at_3_std": -0.592417,
        "nauc_map_at_3_diff1": 0.780777,
        "nauc_map_at_5_max": 0.39429,
        "nauc_map_at_5_std": -0.570901,
        "nauc_map_at_5_diff1": 0.77182,
        "nauc_map_at_10_max": 0.383346,
        "nauc_map_at_10_std": -0.565859,
        "nauc_map_at_10_diff1": 0.767368,
        "nauc_map_at_20_max": 0.381392,
        "nauc_map_at_20_std": -0.562486,
        "nauc_map_at_20_diff1": 0.766702,
        "nauc_map_at_100_max": 0.385749,
        "nauc_map_at_100_std": -0.560191,
        "nauc_map_at_100_diff1": 0.771778,
        "nauc_map_at_1000_max": 0.387519,
        "nauc_map_at_1000_std": -0.560127,
        "nauc_map_at_1000_diff1": 0.772913,
        "nauc_recall_at_1_max": 0.404383,
        "nauc_recall_at_1_std": -0.523909,
        "nauc_recall_at_1_diff1": 0.823501,
        "nauc_recall_at_3_max": 0.226349,
        "nauc_recall_at_3_std": -0.771223,
        "nauc_recall_at_3_diff1": 0.683417,
        "nauc_recall_at_5_max": 0.1103,
        "nauc_recall_at_5_std": -0.661384,
        "nauc_recall_at_5_diff1": 0.583444,
        "nauc_recall_at_10_max": -0.408157,
        "nauc_recall_at_10_std": -0.57928,
        "nauc_recall_at_10_diff1": 0.328028,
        "nauc_recall_at_20_max": -0.823296,
        "nauc_recall_at_20_std": -0.511671,
        "nauc_recall_at_20_diff1": 0.143441,
        "nauc_recall_at_100_max": -1.112512,
        "nauc_recall_at_100_std": -0.402148,
        "nauc_recall_at_100_diff1": 0.288609,
        "nauc_recall_at_1000_max": NaN,
        "nauc_recall_at_1000_std": NaN,
        "nauc_recall_at_1000_diff1": NaN,
        "nauc_precision_at_1_max": 0.573716,
        "nauc_precision_at_1_std": -0.444098,
        "nauc_precision_at_1_diff1": 0.925373,
        "nauc_precision_at_3_max": 0.358955,
        "nauc_precision_at_3_std": -0.338809,
        "nauc_precision_at_3_diff1": 0.384559,
        "nauc_precision_at_5_max": 0.311852,
        "nauc_precision_at_5_std": -0.182343,
        "nauc_precision_at_5_diff1": 0.261141,
        "nauc_precision_at_10_max": 0.125234,
        "nauc_precision_at_10_std": 0.033694,
        "nauc_precision_at_10_diff1": 0.015335,
        "nauc_precision_at_20_max": 0.01241,
        "nauc_precision_at_20_std": 0.178165,
        "nauc_precision_at_20_diff1": -0.121663,
        "nauc_precision_at_100_max": 0.122758,
        "nauc_precision_at_100_std": 0.321211,
        "nauc_precision_at_100_diff1": -0.032613,
        "nauc_precision_at_1000_max": 0.42516,
        "nauc_precision_at_1000_std": 0.457894,
        "nauc_precision_at_1000_diff1": -0.02112,
        "nauc_mrr_at_1_max": 0.573716,
        "nauc_mrr_at_1_std": -0.444098,
        "nauc_mrr_at_1_diff1": 0.925373,
        "nauc_mrr_at_3_max": 0.521198,
        "nauc_mrr_at_3_std": -0.51547,
        "nauc_mrr_at_3_diff1": 0.915753,
        "nauc_mrr_at_5_max": 0.518017,
        "nauc_mrr_at_5_std": -0.489037,
        "nauc_mrr_at_5_diff1": 0.912063,
        "nauc_mrr_at_10_max": 0.509802,
        "nauc_mrr_at_10_std": -0.481281,
        "nauc_mrr_at_10_diff1": 0.911293,
        "nauc_mrr_at_20_max": 0.508357,
        "nauc_mrr_at_20_std": -0.48095,
        "nauc_mrr_at_20_diff1": 0.911462,
        "nauc_mrr_at_100_max": 0.50849,
        "nauc_mrr_at_100_std": -0.481225,
        "nauc_mrr_at_100_diff1": 0.91163,
        "nauc_mrr_at_1000_max": 0.509406,
        "nauc_mrr_at_1000_std": -0.481443,
        "nauc_mrr_at_1000_diff1": 0.911709,
        "main_score": 0.91668,
        "hf_subset": "default",
        "languages": [
          "eng-Latn"
        ]
      }
    ],
    "dev": [
      {
        "ndcg_at_1": 0.875,
        "ndcg_at_3": 0.875,
        "ndcg_at_5": 0.875,
        "ndcg_at_10": 0.875,
        "ndcg_at_20": 0.90443,
        "ndcg_at_100": 0.90443,
        "ndcg_at_1000": 0.90443,
        "map_at_1": 0.875,
        "map_at_3": 0.875,
        "map_at_5": 0.875,
        "map_at_10": 0.875,
        "map_at_20": 0.88194,
        "map_at_100": 0.88194,
        "map_at_1000": 0.88194,
        "recall_at_1": 0.875,
        "recall_at_3": 0.875,
        "recall_at_5": 0.875,
        "recall_at_10": 0.875,
        "recall_at_20": 1.0,
        "recall_at_100": 1.0,
        "recall_at_1000": 1.0,
        "precision_at_1": 0.875,
        "precision_at_3": 0.29167,
        "precision_at_5": 0.175,
        "precision_at_10": 0.0875,
        "precision_at_20": 0.05,
        "precision_at_100": 0.01,
        "precision_at_1000": 0.001,
        "mrr_at_1": 0.875,
        "mrr_at_3": 0.875,
        "mrr_at_5": 0.875,
        "mrr_at_10": 0.875,
        "mrr_at_20": 0.881944,
        "mrr_at_100": 0.881944,
        "mrr_at_1000": 0.881944,
        "nauc_ndcg_at_1_max": 1.0,
        "nauc_ndcg_at_1_std": 0.128291,
        "nauc_ndcg_at_1_diff1": 1.0,
        "nauc_ndcg_at_3_max": 1.0,
        "nauc_ndcg_at_3_std": 0.128291,
        "nauc_ndcg_at_3_diff1": 1.0,
        "nauc_ndcg_at_5_max": 1.0,
        "nauc_ndcg_at_5_std": 0.128291,
        "nauc_ndcg_at_5_diff1": 1.0,
        "nauc_ndcg_at_10_max": 1.0,
        "nauc_ndcg_at_10_std": 0.128291,
        "nauc_ndcg_at_10_diff1": 1.0,
        "nauc_ndcg_at_20_max": 1.0,
        "nauc_ndcg_at_20_std": 0.128291,
        "nauc_ndcg_at_20_diff1": 1.0,
        "nauc_ndcg_at_100_max": 1.0,
        "nauc_ndcg_at_100_std": 0.128291,
        "nauc_ndcg_at_100_diff1": 1.0,
        "nauc_ndcg_at_1000_max": 1.0,
        "nauc_ndcg_at_1000_std": 0.128291,
        "nauc_ndcg_at_1000_diff1": 1.0,
        "nauc_map_at_1_max": 1.0,
        "nauc_map_at_1_std": 0.128291,
        "nauc_map_at_1_diff1": 1.0,
        "nauc_map_at_3_max": 1.0,
        "nauc_map_at_3_std": 0.128291,