{
  "dataset_revision": "c22ab2a51041ffd869aaddef7af8d8215647e41a",
  "task_name": "ArguAna",
  "mteb_version": "1.36.29",
  "scores": {
    "test": [
      {
        "ndcg_at_1": 0.24395,
        "ndcg_at_3": 0.39465,
        "ndcg_at_5": 0.44845,
        "ndcg_at_10": 0.49835,
        "ndcg_at_20": 0.52648,
        "ndcg_at_100": 0.54122,
        "ndcg_at_1000": 0.5439,
        "map_at_1": 0.24395,
        "map_at_3": 0.35752,
        "map_at_5": 0.38732,
        "map_at_10": 0.40817,
        "map_at_20": 0.41601,
        "map_at_100": 0.41819,
        "map_at_1000": 0.41829,
        "recall_at_1": 0.24395,
        "recall_at_3": 0.50213,
        "recall_at_5": 0.633,
        "recall_at_10": 0.78592,
        "recall_at_20": 0.89616,
        "recall_at_100": 0.97368,
        "recall_at_1000": 0.99431,
        "precision_at_1": 0.24395,
        "precision_at_3": 0.16738,
        "precision_at_5": 0.1266,
        "precision_at_10": 0.07859,
        "precision_at_20": 0.04481,
        "precision_at_100": 0.00974,
        "precision_at_1000": 0.00099,
        "mrr_at_1": 0.247511,
        "mrr_at_3": 0.358582,
        "mrr_at_5": 0.388774,
        "mrr_at_10": 0.409746,
        "mrr_at_20": 0.417595,
        "mrr_at_100": 0.41977,
        "mrr_at_1000": 0.419876,
        "nauc_ndcg_at_1_max": -0.095864,
        "nauc_ndcg_at_1_std": -0.159426,
        "nauc_ndcg_at_1_diff1": 0.017798,
        "nauc_ndcg_at_3_max": -0.058696,
        "nauc_ndcg_at_3_std": -0.118752,
        "nauc_ndcg_at_3_diff1": -0.015562,
        "nauc_ndcg_at_5_max": -0.053653,
        "nauc_ndcg_at_5_std": -0.123048,
        "nauc_ndcg_at_5_diff1": -0.014506,
        "nauc_ndcg_at_10_max": -0.040417,
        "nauc_ndcg_at_10_std": -0.119401,
        "nauc_ndcg_at_10_diff1": -0.006346,
        "nauc_ndcg_at_20_max": -0.033903,
        "nauc_ndcg_at_20_std": -0.09841,
        "nauc_ndcg_at_20_diff1": -0.004741,
        "nauc_ndcg_at_100_max": -0.044224,
        "nauc_ndcg_at_100_std": -0.108189,
        "nauc_ndcg_at_100_diff1": -0.005017,
        "nauc_ndcg_at_1000_max": -0.05111,
        "nauc_ndcg_at_1000_std": -0.115169,
        "nauc_ndcg_at_1000_diff1": -0.008068,
        "nauc_map_at_1_max": -0.095864,
        "nauc_map_at_1_std": -0.159426,
        "nauc_map_at_1_diff1": 0.017798,
        "nauc_map_at_3_max": -0.068584,
        "nauc_map_at_3_std": -0.128301,
        "nauc_map_at_3_diff1": -0.011238,
        "nauc_map_at_5_max": -0.066372,
        "nauc_map_at_5_std": -0.131526,
        "nauc_map_at_5_diff1": -0.01075,
        "nauc_map_at_10_max": -0.062458,
        "nauc_map_at_10_std": -0.130967,
        "nauc_map_at_10_diff1": -0.008072,
        "nauc_map_at_20_max": -0.061539,
        "nauc_map_at_20_std": -0.126145,
        "nauc_map_at_20_diff1": -0.008204,
        "nauc_map_at_100_max": -0.063022,
        "nauc_map_at_100_std": -0.127495,
        "nauc_map_at_100_diff1": -0.008542,
        "nauc_map_at_1000_max": -0.063246,
        "nauc_map_at_1000_std": -0.127733,
        "nauc_map_at_1000_diff1": -0.008633,
        "nauc_recall_at_1_max": -0.095864,
        "nauc_recall_at_1_std": -0.159426,
        "nauc_recall_at_1_diff1": 0.017798,
        "nauc_recall_at_3_max": -0.03088,
        "nauc_recall_at_3_std": -0.092316,
        "nauc_recall_at_3_diff1": -0.026198,
        "nauc_recall_at_5_max": -0.012043,
        "nauc_recall_at_5_std": -0.096324,
        "nauc_recall_at_5_diff1": -0.02425,
        "nauc_recall_at_10_max": 0.072405,
        "nauc_recall_at_10_std": -0.062832,
        "nauc_recall_at_10_diff1": 0.011838,
        "nauc_recall_at_20_max": 0.242397,
        "nauc_recall_at_20_std": 0.194495,
        "nauc_recall_at_20_diff1": 0.054557,
        "nauc_recall_at_100_max": 0.552003,
        "nauc_recall_at_100_std": 0.572202,
        "nauc_recall_at_100_diff1": 0.255588,
        "nauc_recall_at_1000_max": 0.441211,
        "nauc_recall_at_1000_std": 0.76189,
        "nauc_recall_at_1000_diff1": 0.17683,
        "nauc_precision_at_1_max": -0.095864,
        "nauc_precision_at_1_std": -0.159426,
        "nauc_precision_at_1_diff1": 0.017798,
        "nauc_precision_at_3_max": -0.03088,
        "nauc_precision_at_3_std": -0.092316,
        "nauc_precision_at_3_diff1": -0.026198,
        "nauc_precision_at_5_max": -0.012043,
        "nauc_precision_at_5_std": -0.096324,
        "nauc_precision_at_5_diff1": -0.02425,
        "nauc_precision_at_10_max": 0.072405,
        "nauc_precision_at_10_std": -0.062832,
        "nauc_precision_at_10_diff1": 0.011838,
        "nauc_precision_at_20_max": 0.242397,
        "nauc_precision_at_20_std": 0.194495,
        "nauc_precision_at_20_diff1": 0.054557,
        "nauc_precision_at_100_max": 0.552003,
        "nauc_precision_at_100_std": 0.572202,
        "nauc_precision_at_100_diff1": 0.255588,
        "nauc_precision_at_1000_max": 0.441211,
        "nauc_precision_at_1000_std": 0.76189,
        "nauc_precision_at_1000_diff1": 0.17683,
        "nauc_mrr_at_1_max": -0.092248,
        "nauc_mrr_at_1_std": -0.160061,
        "nauc_mrr_at_1_diff1": 0.006429,
        "nauc_mrr_at_3_max": -0.073291,
        "nauc_mrr_at_3_std": -0.131574,
        "nauc_mrr_at_3_diff1": -0.023106,
        "nauc_mrr_at_5_max": -0.069433,
        "nauc_mrr_at_5_std": -0.13341,
        "nauc_mrr_at_5_diff1": -0.020926,
        "nauc_mrr_at_10_max": -0.065045,
        "nauc_mrr_at_10_std": -0.132564,
        "nauc_mrr_at_10_diff1": -0.01808,
        "nauc_mrr_at_20_max": -0.064222,
        "nauc_mrr_at_20_std": -0.127809,
        "nauc_mrr_at_20_diff1": -0.018474,
        "nauc_mrr_at_100_max": -0.065723,
        "nauc_mrr_at_100_std": -0.129167,
        "nauc_mrr_at_100_diff1": -0.018887,
        "nauc_mrr_at_1000_max": -0.065947,
        "nauc_mrr_at_1000_std": -0.129404,
        "nauc_mrr_at_1000_diff1": -0.018981,
        "main_score": 0.49835,
        "hf_subset": "default",
        "languages": [
          "eng-Latn"
        ]
      }
    ]
  },
  "evaluation_time": 29.053858518600464,
  "kg_co2_emissions": null
}