{
  "dataset_revision": "5037d69d177c9628fb79cb57eea1299178b28c1b",
  "task_name": "PubChemSynonymPC",
  "mteb_version": "1.36.29",
  "scores": {
    "test": [
      {
        "similarity_accuracy": 0.948242,
        "similarity_accuracy_threshold": 0.606835,
        "similarity_f1": 0.682353,
        "similarity_f1_threshold": 0.54198,
        "similarity_precision": 0.852941,
        "similarity_recall": 0.568627,
        "similarity_ap": 0.678439,
        "cosine_accuracy": 0.948242,
        "cosine_accuracy_threshold": 0.606835,
        "cosine_f1": 0.682353,
        "cosine_f1_threshold": 0.54198,
        "cosine_precision": 0.852941,
        "cosine_recall": 0.568627,
        "cosine_ap": 0.678439,
        "manhattan_accuracy": 0.944824,
        "manhattan_accuracy_threshold": 358.204712,
        "manhattan_f1": 0.636905,
        "manhattan_f1_threshold": 387.826416,
        "manhattan_precision": 0.810606,
        "manhattan_recall": 0.52451,
        "manhattan_ap": 0.623909,
        "euclidean_accuracy": 0.944824,
        "euclidean_accuracy_threshold": 16.268604,
        "euclidean_f1": 0.635514,
        "euclidean_f1_threshold": 17.228558,
        "euclidean_precision": 0.871795,
        "euclidean_recall": 0.5,
        "euclidean_ap": 0.62579,
        "dot_accuracy": 0.942871,
        "dot_accuracy_threshold": 224.244354,
        "dot_f1": 0.635802,
        "dot_f1_threshold": 220.318024,
        "dot_precision": 0.858333,
        "dot_recall": 0.504902,
        "dot_ap": 0.627486,
        "max_accuracy": 0.948242,
        "max_f1": 0.682353,
        "max_precision": 0.871795,
        "max_recall": 0.568627,
        "max_ap": 0.678439,
        "main_score": 0.678439,
        "hf_subset": "default",
        "languages": [
          "eng-Latn"
        ]
      }
    ]
  },
  "evaluation_time": 3.5702641010284424,
  "kg_co2_emissions": null
}