{
  "dataset_revision": "8fae72a2c75530aaaac6920a02622490d923ca98",
  "task_name": "ChemRxivRetrieval",
  "mteb_version": "1.36.29",
  "scores": {
    "test": [
      {
        "ndcg_at_1": 0.8012,
        "ndcg_at_3": 0.87659,
        "ndcg_at_5": 0.88726,
        "ndcg_at_10": 0.8945,
        "ndcg_at_20": 0.89781,
        "ndcg_at_100": 0.89916,
        "ndcg_at_1000": 0.89977,
        "map_at_1": 0.8012,
        "map_at_3": 0.85897,
        "map_at_5": 0.86492,
        "map_at_10": 0.86798,
        "map_at_20": 0.8689,
        "map_at_100": 0.86909,
        "map_at_1000": 0.86912,
        "recall_at_1": 0.8012,
        "recall_at_3": 0.9272,
        "recall_at_5": 0.953,
        "recall_at_10": 0.975,
        "recall_at_20": 0.988,
        "recall_at_100": 0.9952,
        "recall_at_1000": 0.9998,
        "precision_at_1": 0.8012,
        "precision_at_3": 0.30907,
        "precision_at_5": 0.1906,
        "precision_at_10": 0.0975,
        "precision_at_20": 0.0494,
        "precision_at_100": 0.00995,
        "precision_at_1000": 0.001,
        "mrr_at_1": 0.7996,
        "mrr_at_3": 0.858167,
        "mrr_at_5": 0.864117,
        "mrr_at_10": 0.867179,
        "mrr_at_20": 0.868096,
        "mrr_at_100": 0.868288,
        "mrr_at_1000": 0.868315,
        "nauc_ndcg_at_1_max": 0.489962,
        "nauc_ndcg_at_1_std": -0.240239,
        "nauc_ndcg_at_1_diff1": 0.825181,
        "nauc_ndcg_at_3_max": 0.544175,
        "nauc_ndcg_at_3_std": -0.246662,
        "nauc_ndcg_at_3_diff1": 0.801608,
        "nauc_ndcg_at_5_max": 0.553359,
        "nauc_ndcg_at_5_std": -0.23603,
        "nauc_ndcg_at_5_diff1": 0.806714,
        "nauc_ndcg_at_10_max": 0.54458,
        "nauc_ndcg_at_10_std": -0.233219,
        "nauc_ndcg_at_10_diff1": 0.807874,
        "nauc_ndcg_at_20_max": 0.537161,
        "nauc_ndcg_at_20_std": -0.236016,
        "nauc_ndcg_at_20_diff1": 0.808001,
        "nauc_ndcg_at_100_max": 0.534373,
        "nauc_ndcg_at_100_std": -0.235039,
        "nauc_ndcg_at_100_diff1": 0.808947,
        "nauc_ndcg_at_1000_max": 0.532374,
        "nauc_ndcg_at_1000_std": -0.236794,
        "nauc_ndcg_at_1000_diff1": 0.809582,
        "nauc_map_at_1_max": 0.489962,
        "nauc_map_at_1_std": -0.240239,
        "nauc_map_at_1_diff1": 0.825181,
        "nauc_map_at_3_max": 0.527846,
        "nauc_map_at_3_std": -0.244385,
        "nauc_map_at_3_diff1": 0.808439,
        "nauc_map_at_5_max": 0.531521,
        "nauc_map_at_5_std": -0.239148,
        "nauc_map_at_5_diff1": 0.81106,
        "nauc_map_at_10_max": 0.52803,
        "nauc_map_at_10_std": -0.237903,
        "nauc_map_at_10_diff1": 0.811474,
        "nauc_map_at_20_max": 0.526227,
        "nauc_map_at_20_std": -0.238724,
        "nauc_map_at_20_diff1": 0.811509,
        "nauc_map_at_100_max": 0.52592,
        "nauc_map_at_100_std": -0.23866,
        "nauc_map_at_100_diff1": 0.811612,
        "nauc_map_at_1000_max": 0.525852,
        "nauc_map_at_1000_std": -0.238706,
        "nauc_map_at_1000_diff1": 0.811631,
        "nauc_recall_at_1_max": 0.489962,
        "nauc_recall_at_1_std": -0.240239,
        "nauc_recall_at_1_diff1": 0.825181,
        "nauc_recall_at_3_max": 0.629898,
        "nauc_recall_at_3_std": -0.258904,
        "nauc_recall_at_3_diff1": 0.765976,
        "nauc_recall_at_5_max": 0.72641,
        "nauc_recall_at_5_std": -0.208385,
        "nauc_recall_at_5_diff1": 0.775716,
        "nauc_recall_at_10_max": 0.770838,
        "nauc_recall_at_10_std": -0.159197,
        "nauc_recall_at_10_diff1": 0.764878,
        "nauc_recall_at_20_max": 0.785006,
        "nauc_recall_at_20_std": -0.154202,
        "nauc_recall_at_20_diff1": 0.723716,
        "nauc_recall_at_100_max": 0.851677,
        "nauc_recall_at_100_std": 0.084481,
        "nauc_recall_at_100_diff1": 0.699171,
        "nauc_recall_at_1000_max": 0.869281,
        "nauc_recall_at_1000_std": 0.722222,
        "nauc_recall_at_1000_diff1": 0.554155,
        "nauc_precision_at_1_max": 0.489962,
        "nauc_precision_at_1_std": -0.240239,
        "nauc_precision_at_1_diff1": 0.825181,
        "nauc_precision_at_3_max": 0.629898,
        "nauc_precision_at_3_std": -0.258904,
        "nauc_precision_at_3_diff1": 0.765976,
        "nauc_precision_at_5_max": 0.72641,
        "nauc_precision_at_5_std": -0.208385,
        "nauc_precision_at_5_diff1": 0.775716,
        "nauc_precision_at_10_max": 0.770838,
        "nauc_precision_at_10_std": -0.159197,
        "nauc_precision_at_10_diff1": 0.764878,
        "nauc_precision_at_20_max": 0.785006,
        "nauc_precision_at_20_std": -0.154202,
        "nauc_precision_at_20_diff1": 0.723716,
        "nauc_precision_at_100_max": 0.851677,
        "nauc_precision_at_100_std": 0.084481,
        "nauc_precision_at_100_diff1": 0.699171,
        "nauc_precision_at_1000_max": 0.869281,
        "nauc_precision_at_1000_std": 0.722222,
        "nauc_precision_at_1000_diff1": 0.554155,
        "nauc_mrr_at_1_max": 0.486429,
        "nauc_mrr_at_1_std": -0.242152,
        "nauc_mrr_at_1_diff1": 0.827856,
        "nauc_mrr_at_3_max": 0.525212,
        "nauc_mrr_at_3_std": -0.24569,
        "nauc_mrr_at_3_diff1": 0.810374,
        "nauc_mrr_at_5_max": 0.528747,
        "nauc_mrr_at_5_std": -0.24054,
        "nauc_mrr_at_5_diff1": 0.813071,
        "nauc_mrr_at_10_max": 0.525206,
        "nauc_mrr_at_10_std": -0.239335,
        "nauc_mrr_at_10_diff1": 0.813531,
        "nauc_mrr_at_20_max": 0.523393,
        "nauc_mrr_at_20_std": -0.240161,
        "nauc_mrr_at_20_diff1": 0.813582,
        "nauc_mrr_at_100_max": 0.523083,
        "nauc_mrr_at_100_std": -0.2401,
        "nauc_mrr_at_100_diff1": 0.813687,
        "nauc_mrr_at_1000_max": 0.523015,
        "nauc_mrr_at_1000_std": -0.240146,
        "nauc_mrr_at_1000_diff1": 0.813707,
        "main_score": 0.8945,
        "hf_subset": "default",
        "languages": [
          "eng-Latn"
        ]
      }
    ]
  },
  "evaluation_time": 187.64299297332764,
  "kg_co2_emissions": null
}