{
  "dataset_revision": "617612fa63afcb60e3b134bed8b7216a99707c37",
  "task_name": "HotpotQAHardNegatives",
  "mteb_version": "1.36.29",
  "scores": {
    "test": [
      {
        "ndcg_at_1": 0.772,
        "ndcg_at_3": 0.64796,
        "ndcg_at_5": 0.68102,
        "ndcg_at_10": 0.70639,
        "ndcg_at_20": 0.72312,
        "ndcg_at_100": 0.74519,
        "ndcg_at_1000": 0.75584,
        "map_at_1": 0.386,
        "map_at_3": 0.57683,
        "map_at_5": 0.60381,
        "map_at_10": 0.61926,
        "map_at_20": 0.62616,
        "map_at_100": 0.63073,
        "map_at_1000": 0.63133,
        "recall_at_1": 0.386,
        "recall_at_3": 0.626,
        "recall_at_5": 0.6915,
        "recall_at_10": 0.755,
        "recall_at_20": 0.8085,
        "recall_at_100": 0.9045,
        "recall_at_1000": 0.9745,
        "precision_at_1": 0.772,
        "precision_at_3": 0.41733,
        "precision_at_5": 0.2766,
        "precision_at_10": 0.151,
        "precision_at_20": 0.08085,
        "precision_at_100": 0.01809,
        "precision_at_1000": 0.00195,
        "mrr_at_1": 0.772,
        "mrr_at_3": 0.824333,
        "mrr_at_5": 0.830183,
        "mrr_at_10": 0.833761,
        "mrr_at_20": 0.835213,
        "mrr_at_100": 0.83625,
        "mrr_at_1000": 0.836273,
        "nauc_ndcg_at_1_max": 0.452679,
        "nauc_ndcg_at_1_std": -0.049935,
        "nauc_ndcg_at_1_diff1": 0.746047,
        "nauc_ndcg_at_3_max": 0.230096,
        "nauc_ndcg_at_3_std": -0.098018,
        "nauc_ndcg_at_3_diff1": 0.28394,
        "nauc_ndcg_at_5_max": 0.23512,
        "nauc_ndcg_at_5_std": -0.081534,
        "nauc_ndcg_at_5_diff1": 0.27888,
        "nauc_ndcg_at_10_max": 0.221414,
        "nauc_ndcg_at_10_std": -0.084598,
        "nauc_ndcg_at_10_diff1": 0.26469,
        "nauc_ndcg_at_20_max": 0.23176,
        "nauc_ndcg_at_20_std": -0.058006,
        "nauc_ndcg_at_20_diff1": 0.26404,
        "nauc_ndcg_at_100_max": 0.228089,
        "nauc_ndcg_at_100_std": -0.04976,
        "nauc_ndcg_at_100_diff1": 0.27286,
        "nauc_ndcg_at_1000_max": 0.240248,
        "nauc_ndcg_at_1000_std": -0.051401,
        "nauc_ndcg_at_1000_diff1": 0.29003,
        "nauc_map_at_1_max": 0.452679,
        "nauc_map_at_1_std": -0.049935,
        "nauc_map_at_1_diff1": 0.746047,
        "nauc_map_at_3_max": 0.193495,
        "nauc_map_at_3_std": -0.095574,
        "nauc_map_at_3_diff1": 0.224552,
        "nauc_map_at_5_max": 0.199975,
        "nauc_map_at_5_std": -0.085033,
        "nauc_map_at_5_diff1": 0.224238,
        "nauc_map_at_10_max": 0.192729,
        "nauc_map_at_10_std": -0.087763,
        "nauc_map_at_10_diff1": 0.216769,
        "nauc_map_at_20_max": 0.196243,
        "nauc_map_at_20_std": -0.078326,
        "nauc_map_at_20_diff1": 0.217063,
        "nauc_map_at_100_max": 0.195751,
        "nauc_map_at_100_std": -0.077048,
        "nauc_map_at_100_diff1": 0.218354,
        "nauc_map_at_1000_max": 0.19617,
        "nauc_map_at_1000_std": -0.076952,
        "nauc_map_at_1000_diff1": 0.218753,
        "nauc_recall_at_1_max": 0.452679,
        "nauc_recall_at_1_std": -0.049935,
        "nauc_recall_at_1_diff1": 0.746047,
        "nauc_recall_at_3_max": 0.16363,
        "nauc_recall_at_3_std": -0.113128,
        "nauc_recall_at_3_diff1": 0.154517,
        "nauc_recall_at_5_max": 0.161445,
        "nauc_recall_at_5_std": -0.079312,
        "nauc_recall_at_5_diff1": 0.127417,
        "nauc_recall_at_10_max": 0.109633,
        "nauc_recall_at_10_std": -0.07928,
        "nauc_recall_at_10_diff1": 0.061328,
        "nauc_recall_at_20_max": 0.120894,
        "nauc_recall_at_20_std": 0.021184,
        "nauc_recall_at_20_diff1": 0.015127,
        "nauc_recall_at_100_max": 0.011605,
        "nauc_recall_at_100_std": 0.15614,
        "nauc_recall_at_100_diff1": -0.094488,
        "nauc_recall_at_1000_max": 0.091934,
        "nauc_recall_at_1000_std": 0.516221,
        "nauc_recall_at_1000_diff1": -0.109317,
        "nauc_precision_at_1_max": 0.452679,
        "nauc_precision_at_1_std": -0.049935,
        "nauc_precision_at_1_diff1": 0.746047,
        "nauc_precision_at_3_max": 0.16363,
        "nauc_precision_at_3_std": -0.113128,
        "nauc_precision_at_3_diff1": 0.154517,
        "nauc_precision_at_5_max": 0.161445,
        "nauc_precision_at_5_std": -0.079312,
        "nauc_precision_at_5_diff1": 0.127417,
        "nauc_precision_at_10_max": 0.109633,
        "nauc_precision_at_10_std": -0.07928,
        "nauc_precision_at_10_diff1": 0.061328,
        "nauc_precision_at_20_max": 0.120894,
        "nauc_precision_at_20_std": 0.021184,
        "nauc_precision_at_20_diff1": 0.015127,
        "nauc_precision_at_100_max": 0.011605,
        "nauc_precision_at_100_std": 0.15614,
        "nauc_precision_at_100_diff1": -0.094488,
        "nauc_precision_at_1000_max": 0.091934,
        "nauc_precision_at_1000_std": 0.516221,
        "nauc_precision_at_1000_diff1": -0.109317,
        "nauc_mrr_at_1_max": 0.452679,
        "nauc_mrr_at_1_std": -0.049935,
        "nauc_mrr_at_1_diff1": 0.746047,
        "nauc_mrr_at_3_max": 0.469564,
        "nauc_mrr_at_3_std": -0.073764,
        "nauc_mrr_at_3_diff1": 0.719285,
        "nauc_mrr_at_5_max": 0.468535,
        "nauc_mrr_at_5_std": -0.064718,
        "nauc_mrr_at_5_diff1": 0.719295,
        "nauc_mrr_at_10_max": 0.465935,
        "nauc_mrr_at_10_std": -0.066075,
        "nauc_mrr_at_10_diff1": 0.719882,
        "nauc_mrr_at_20_max": 0.468667,
        "nauc_mrr_at_20_std": -0.063242,
        "nauc_mrr_at_20_diff1": 0.71941,
        "nauc_mrr_at_100_max": 0.467539,
        "nauc_mrr_at_100_std": -0.064413,
        "nauc_mrr_at_100_diff1": 0.720295,
        "nauc_mrr_at_1000_max": 0.467512,
        "nauc_mrr_at_1000_std": -0.064397,
        "nauc_mrr_at_1000_diff1": 0.720275,
        "main_score": 0.70639,
        "hf_subset": "default",
        "languages": [
          "eng-Latn"
        ]
      }
    ]
  },
  "evaluation_time": 362.3283998966217,
  "kg_co2_emissions": null
}