{
  "dataset_revision": "5d958fb6b31055495347724d46431ba41309b03a",
  "task_name": "ChemNQRetrieval",
  "mteb_version": "1.36.29",
  "scores": {
    "test": [
      {
        "ndcg_at_1": 0.48148,
        "ndcg_at_3": 0.57272,
        "ndcg_at_5": 0.59583,
        "ndcg_at_10": 0.60996,
        "ndcg_at_20": 0.63072,
        "ndcg_at_100": 0.65192,
        "ndcg_at_1000": 0.66058,
        "map_at_1": 0.3642,
        "map_at_3": 0.51852,
        "map_at_5": 0.53333,
        "map_at_10": 0.53968,
        "map_at_20": 0.5474,
        "map_at_100": 0.55063,
        "map_at_1000": 0.55105,
        "recall_at_1": 0.3642,
        "recall_at_3": 0.66049,
        "recall_at_5": 0.71605,
        "recall_at_10": 0.75309,
        "recall_at_20": 0.82716,
        "recall_at_100": 0.93827,
        "recall_at_1000": 1.0,
        "precision_at_1": 0.48148,
        "precision_at_3": 0.2716,
        "precision_at_5": 0.17778,
        "precision_at_10": 0.0963,
        "precision_at_20": 0.0537,
        "precision_at_100": 0.01185,
        "precision_at_1000": 0.0013,
        "mrr_at_1": 0.481481,
        "mrr_at_3": 0.598765,
        "mrr_at_5": 0.606173,
        "mrr_at_10": 0.611464,
        "mrr_at_20": 0.613779,
        "mrr_at_100": 0.617006,
        "mrr_at_1000": 0.617058,
        "nauc_ndcg_at_1_max": 0.557277,
        "nauc_ndcg_at_1_std": 0.129929,
        "nauc_ndcg_at_1_diff1": 0.412691,
        "nauc_ndcg_at_3_max": 0.314994,
        "nauc_ndcg_at_3_std": -0.045465,
        "nauc_ndcg_at_3_diff1": 0.38788,
        "nauc_ndcg_at_5_max": 0.389876,
        "nauc_ndcg_at_5_std": 0.000979,
        "nauc_ndcg_at_5_diff1": 0.377192,
        "nauc_ndcg_at_10_max": 0.454601,
        "nauc_ndcg_at_10_std": 0.0915,
        "nauc_ndcg_at_10_diff1": 0.409756,
        "nauc_ndcg_at_20_max": 0.47272,
        "nauc_ndcg_at_20_std": 0.118178,
        "nauc_ndcg_at_20_diff1": 0.424052,
        "nauc_ndcg_at_100_max": 0.441744,
        "nauc_ndcg_at_100_std": 0.068121,
        "nauc_ndcg_at_100_diff1": 0.424338,
        "nauc_ndcg_at_1000_max": 0.446167,
        "nauc_ndcg_at_1000_std": 0.072444,
        "nauc_ndcg_at_1000_diff1": 0.41997,
        "nauc_map_at_1_max": 0.391728,
        "nauc_map_at_1_std": 0.12099,
        "nauc_map_at_1_diff1": 0.401301,
        "nauc_map_at_3_max": 0.305166,
        "nauc_map_at_3_std": -0.037069,
        "nauc_map_at_3_diff1": 0.421594,
        "nauc_map_at_5_max": 0.356857,
        "nauc_map_at_5_std": -0.009113,
        "nauc_map_at_5_diff1": 0.4107,
        "nauc_map_at_10_max": 0.385159,
        "nauc_map_at_10_std": 0.028013,
        "nauc_map_at_10_diff1": 0.426512,
        "nauc_map_at_20_max": 0.394168,
        "nauc_map_at_20_std": 0.038114,
        "nauc_map_at_20_diff1": 0.425476,
        "nauc_map_at_100_max": 0.389835,
        "nauc_map_at_100_std": 0.031694,
        "nauc_map_at_100_diff1": 0.426995,
        "nauc_map_at_1000_max": 0.389497,
        "nauc_map_at_1000_std": 0.031363,
        "nauc_map_at_1000_diff1": 0.426816,
        "nauc_recall_at_1_max": 0.391728,
        "nauc_recall_at_1_std": 0.12099,
        "nauc_recall_at_1_diff1": 0.401301,
        "nauc_recall_at_3_max": 0.098358,
        "nauc_recall_at_3_std": -0.169759,
        "nauc_recall_at_3_diff1": 0.267112,
        "nauc_recall_at_5_max": 0.270763,
        "nauc_recall_at_5_std": -0.062905,
        "nauc_recall_at_5_diff1": 0.244907,
        "nauc_recall_at_10_max": 0.494334,
        "nauc_recall_at_10_std": 0.222766,
        "nauc_recall_at_10_diff1": 0.363413,
        "nauc_recall_at_20_max": 0.594159,
        "nauc_recall_at_20_std": 0.399881,
        "nauc_recall_at_20_diff1": 0.489186,
        "nauc_recall_at_100_max": 0.117093,
        "nauc_recall_at_100_std": -0.200554,
        "nauc_recall_at_100_diff1": 0.476668,
        "nauc_recall_at_1000_max": NaN,
        "nauc_recall_at_1000_std": NaN,
        "nauc_recall_at_1000_diff1": NaN,
        "nauc_precision_at_1_max": 0.557277,
        "nauc_precision_at_1_std": 0.129929,
        "nauc_precision_at_1_diff1": 0.412691,
        "nauc_precision_at_3_max": 0.269818,
        "nauc_precision_at_3_std": -0.192554,
        "nauc_precision_at_3_diff1": 0.307582,
        "nauc_precision_at_5_max": 0.423445,
        "nauc_precision_at_5_std": -0.066927,
        "nauc_precision_at_5_diff1": 0.215629,
        "nauc_precision_at_10_max": 0.612122,
        "nauc_precision_at_10_std": 0.247464,
        "nauc_precision_at_10_diff1": 0.304395,
        "nauc_precision_at_20_max": 0.58882,
        "nauc_precision_at_20_std": 0.333697,
        "nauc_precision_at_20_diff1": 0.236575,
        "nauc_precision_at_100_max": 0.506433,
        "nauc_precision_at_100_std": 0.208134,
        "nauc_precision_at_100_diff1": 0.160263,
        "nauc_precision_at_1000_max": 0.354203,
        "nauc_precision_at_1000_std": 0.168638,
        "nauc_precision_at_1000_diff1": 0.019344,
        "nauc_mrr_at_1_max": 0.557277,
        "nauc_mrr_at_1_std": 0.129929,
        "nauc_mrr_at_1_diff1": 0.412691,
        "nauc_mrr_at_3_max": 0.509688,
        "nauc_mrr_at_3_std": 0.068612,
        "nauc_mrr_at_3_diff1": 0.372418,
        "nauc_mrr_at_5_max": 0.523323,
        "nauc_mrr_at_5_std": 0.084202,
        "nauc_mrr_at_5_diff1": 0.37633,
        "nauc_mrr_at_10_max": 0.540568,
        "nauc_mrr_at_10_std": 0.116806,
        "nauc_mrr_at_10_diff1": 0.379212,
        "nauc_mrr_at_20_max": 0.537384,
        "nauc_mrr_at_20_std": 0.11476,
        "nauc_mrr_at_20_diff1": 0.386414,
        "nauc_mrr_at_100_max": 0.534517,
        "nauc_mrr_at_100_std": 0.109082,
        "nauc_mrr_at_100_diff1": 0.387537,
        "nauc_mrr_at_1000_max": 0.534646,
        "nauc_mrr_at_1000_std": 0.109206,
        "nauc_mrr_at_1000_diff1": 0.387506,
        "main_score": 0.60996,
        "hf_subset": "default",
        "languages": [
          "eng-Latn"
        ]
      }
    ]
  },
  "evaluation_time": 29.10927987098694,
  "kg_co2_emissions": null
}