{
  "dataset_revision": "1840e8a5ac6ec752bbdd97d543ead0189bc7c25b",
  "task_name": "ChemHotpotQARetrieval",
  "mteb_version": "1.36.29",
  "scores": {
    "train": [
      {
        "ndcg_at_1": 0.85556,
        "ndcg_at_3": 0.89489,
        "ndcg_at_5": 0.90422,
        "ndcg_at_10": 0.9085,
        "ndcg_at_20": 0.91315,
        "ndcg_at_100": 0.91383,
        "ndcg_at_1000": 0.9157,
        "map_at_1": 0.83889,
        "map_at_3": 0.88194,
        "map_at_5": 0.88722,
        "map_at_10": 0.88903,
        "map_at_20": 0.89054,
        "map_at_100": 0.89072,
        "map_at_1000": 0.89081,
        "recall_at_1": 0.83889,
        "recall_at_3": 0.925,
        "recall_at_5": 0.94722,
        "recall_at_10": 0.96111,
        "recall_at_20": 0.97778,
        "recall_at_100": 0.98056,
        "recall_at_1000": 0.99444,
        "precision_at_1": 0.85556,
        "precision_at_3": 0.31852,
        "precision_at_5": 0.19556,
        "precision_at_10": 0.09944,
        "precision_at_20": 0.05056,
        "precision_at_100": 0.01017,
        "precision_at_1000": 0.00103,
        "mrr_at_1": 0.855556,
        "mrr_at_3": 0.889815,
        "mrr_at_5": 0.895093,
        "mrr_at_10": 0.896204,
        "mrr_at_20": 0.897719,
        "mrr_at_100": 0.897719,
        "mrr_at_1000": 0.897765,
        "nauc_ndcg_at_1_max": 0.566957,
        "nauc_ndcg_at_1_std": -0.354898,
        "nauc_ndcg_at_1_diff1": 0.913848,
        "nauc_ndcg_at_3_max": 0.403545,
        "nauc_ndcg_at_3_std": -0.559535,
        "nauc_ndcg_at_3_diff1": 0.763416,
        "nauc_ndcg_at_5_max": 0.381018,
        "nauc_ndcg_at_5_std": -0.523797,
        "nauc_ndcg_at_5_diff1": 0.749449,
        "nauc_ndcg_at_10_max": 0.363014,
        "nauc_ndcg_at_10_std": -0.481976,
        "nauc_ndcg_at_10_diff1": 0.741887,
        "nauc_ndcg_at_20_max": 0.338413,
        "nauc_ndcg_at_20_std": -0.513823,
        "nauc_ndcg_at_20_diff1": 0.740264,
        "nauc_ndcg_at_100_max": 0.355016,
        "nauc_ndcg_at_100_std": -0.503267,
        "nauc_ndcg_at_100_diff1": 0.759718,
        "nauc_ndcg_at_1000_max": 0.374184,
        "nauc_ndcg_at_1000_std": -0.503733,
        "nauc_ndcg_at_1000_diff1": 0.777181,
        "nauc_map_at_1_max": 0.400047,
        "nauc_map_at_1_std": -0.451303,
        "nauc_map_at_1_diff1": 0.816279,
        "nauc_map_at_3_max": 0.409769,
        "nauc_map_at_3_std": -0.533918,
        "nauc_map_at_3_diff1": 0.758512,
        "nauc_map_at_5_max": 0.399104,
        "nauc_map_at_5_std": -0.51572,
        "nauc_map_at_5_diff1": 0.751306,
        "nauc_map_at_10_max": 0.394155,
        "nauc_map_at_10_std": -0.501514,
        "nauc_map_at_10_diff1": 0.748957,
        "nauc_map_at_20_max": 0.388221,
        "nauc_map_at_20_std": -0.510055,
        "nauc_map_at_20_diff1": 0.748637,
        "nauc_map_at_100_max": 0.391751,
        "nauc_map_at_100_std": -0.507851,
        "nauc_map_at_100_diff1": 0.7527,
        "nauc_map_at_1000_max": 0.392629,
        "nauc_map_at_1000_std": -0.507531,
        "nauc_map_at_1000_diff1": 0.753628,
        "nauc_recall_at_1_max": 0.400047,
        "nauc_recall_at_1_std": -0.451303,
        "nauc_recall_at_1_diff1": 0.816279,
        "nauc_recall_at_3_max": 0.234032,
        "nauc_recall_at_3_std": -0.767455,
        "nauc_recall_at_3_diff1": 0.620241,
        "nauc_recall_at_5_max": 0.069021,
        "nauc_recall_at_5_std": -0.702664,
        "nauc_recall_at_5_diff1": 0.503342,
        "nauc_recall_at_10_max": -0.180272,
        "nauc_recall_at_10_std": -0.45825,
        "nauc_recall_at_10_diff1": 0.364479,
        "nauc_recall_at_20_max": -0.921335,
        "nauc_recall_at_20_std": -0.872316,
        "nauc_recall_at_20_diff1": 0.059407,
        "nauc_recall_at_100_max": -0.804388,
        "nauc_recall_at_100_std": -0.748366,
        "nauc_recall_at_100_diff1": 0.31646,
        "nauc_recall_at_1000_max": -1.739963,
        "nauc_recall_at_1000_std": -1.739963,
        "nauc_recall_at_1000_diff1": 0.869281,
        "nauc_precision_at_1_max": 0.566957,
        "nauc_precision_at_1_std": -0.354898,
        "nauc_precision_at_1_diff1": 0.913848,
        "nauc_precision_at_3_max": 0.367773,
        "nauc_precision_at_3_std": -0.343421,
        "nauc_precision_at_3_diff1": 0.348444,
        "nauc_precision_at_5_max": 0.298745,
        "nauc_precision_at_5_std": -0.188897,
        "nauc_precision_at_5_diff1": 0.201535,
        "nauc_precision_at_10_max": 0.1614,
        "nauc_precision_at_10_std": 0.082828,
        "nauc_precision_at_10_diff1": 0.028806,
        "nauc_precision_at_20_max": -0.004349,
        "nauc_precision_at_20_std": 0.080005,
        "nauc_precision_at_20_diff1": -0.161566,
        "nauc_precision_at_100_max": 0.125677,
        "nauc_precision_at_100_std": 0.199111,
        "nauc_precision_at_100_diff1": -0.011185,
        "nauc_precision_at_1000_max": 0.275761,
        "nauc_precision_at_1000_std": 0.335766,
        "nauc_precision_at_1000_diff1": 0.03652,
        "nauc_mrr_at_1_max": 0.566957,
        "nauc_mrr_at_1_std": -0.354898,
        "nauc_mrr_at_1_diff1": 0.913848,
        "nauc_mrr_at_3_max": 0.520485,
        "nauc_mrr_at_3_std": -0.443726,
        "nauc_mrr_at_3_diff1": 0.882604,
        "nauc_mrr_at_5_max": 0.514834,
        "nauc_mrr_at_5_std": -0.419641,
        "nauc_mrr_at_5_diff1": 0.881336,
        "nauc_mrr_at_10_max": 0.51093,
        "nauc_mrr_at_10_std": -0.408339,
        "nauc_mrr_at_10_diff1": 0.880749,
        "nauc_mrr_at_20_max": 0.506404,
        "nauc_mrr_at_20_std": -0.415996,
        "nauc_mrr_at_20_diff1": 0.882418,
        "nauc_mrr_at_100_max": 0.506404,
        "nauc_mrr_at_100_std": -0.415996,
        "nauc_mrr_at_100_diff1": 0.882418,
        "nauc_mrr_at_1000_max": 0.506613,
        "nauc_mrr_at_1000_std": -0.416098,
        "nauc_mrr_at_1000_diff1": 0.882571,
        "main_score": 0.9085,
        "hf_subset": "default",
        "languages": [
          "eng-Latn"
        ]
      }
    ],
    "dev": [
      {
        "ndcg_at_1": 0.875,
        "ndcg_at_3": 0.875,
        "ndcg_at_5": 0.875,
        "ndcg_at_10": 0.875,
        "ndcg_at_20": 0.90625,
        "ndcg_at_100": 0.90625,
        "ndcg_at_1000": 0.90625,
        "map_at_1": 0.875,
        "map_at_3": 0.875,
        "map_at_5": 0.875,
        "map_at_10": 0.875,
        "map_at_20": 0.88333,
        "map_at_100": 0.88333,
        "map_at_1000": 0.88333,
        "recall_at_1": 0.875,
        "recall_at_3": 0.875,
        "recall_at_5": 0.875,
        "recall_at_10": 0.875,
        "recall_at_20": 1.0,
        "recall_at_100": 1.0,
        "recall_at_1000": 1.0,
        "precision_at_1": 0.875,
        "precision_at_3": 0.29167,
        "precision_at_5": 0.175,
        "precision_at_10": 0.0875,
        "precision_at_20": 0.05,
        "precision_at_100": 0.01,
        "precision_at_1000": 0.001,
        "mrr_at_1": 0.875,
        "mrr_at_3": 0.875,
        "mrr_at_5": 0.875,
        "mrr_at_10": 0.875,
        "mrr_at_20": 0.883333,
        "mrr_at_100": 0.883333,
        "mrr_at_1000": 0.883333,
        "nauc_ndcg_at_1_max": 1.0,
        "nauc_ndcg_at_1_std": 0.128291,
        "nauc_ndcg_at_1_diff1": 0.865546,
        "nauc_ndcg_at_3_max": 1.0,
        "nauc_ndcg_at_3_std": 0.128291,
        "nauc_ndcg_at_3_diff1": 0.865546,
        "nauc_ndcg_at_5_max": 1.0,
        "nauc_ndcg_at_5_std": 0.128291,
        "nauc_ndcg_at_5_diff1": 0.865546,
        "nauc_ndcg_at_10_max": 1.0,
        "nauc_ndcg_at_10_std": 0.128291,
        "nauc_ndcg_at_10_diff1": 0.865546,
        "nauc_ndcg_at_20_max": 1.0,
        "nauc_ndcg_at_20_std": 0.128291,
        "nauc_ndcg_at_20_diff1": 0.865546,
        "nauc_ndcg_at_100_max": 1.0,
        "nauc_ndcg_at_100_std": 0.128291,
        "nauc_ndcg_at_100_diff1": 0.865546,
        "nauc_ndcg_at_1000_max": 1.0,
        "nauc_ndcg_at_1000_std": 0.128291,
        "nauc_ndcg_at_1000_diff1": 0.865546,
        "nauc_map_at_1_max": 1.0,
        "nauc_map_at_1_std": 0.128291,
        "nauc_map_at_1_diff1": 0.865546,