{
  "dataset_revision": "f33a205966ce032f957c3a22f4f9e378f89a2c56",
  "task_name": "PubChemAISentenceParaphrasePC",
  "mteb_version": "1.36.29",
  "scores": {
    "test": [
      {
        "similarity_accuracy": 0.983887,
        "similarity_accuracy_threshold": 0.975268,
        "similarity_f1": 0.915167,
        "similarity_f1_threshold": 0.975268,
        "similarity_precision": 0.967391,
        "similarity_recall": 0.868293,
        "similarity_ap": 0.934824,
        "cosine_accuracy": 0.983887,
        "cosine_accuracy_threshold": 0.975268,
        "cosine_f1": 0.915167,
        "cosine_f1_threshold": 0.975268,
        "cosine_precision": 0.967391,
        "cosine_recall": 0.868293,
        "cosine_ap": 0.934824,
        "manhattan_accuracy": 0.983887,
        "manhattan_accuracy_threshold": 109.73291,
        "manhattan_f1": 0.916877,
        "manhattan_f1_threshold": 114.485046,
        "manhattan_precision": 0.947917,
        "manhattan_recall": 0.887805,
        "manhattan_ap": 0.931063,
        "euclidean_accuracy": 0.985352,
        "euclidean_accuracy_threshold": 5.159975,
        "euclidean_f1": 0.924242,
        "euclidean_f1_threshold": 5.159975,
        "euclidean_precision": 0.958115,
        "euclidean_recall": 0.892683,
        "euclidean_ap": 0.93056,
        "dot_accuracy": 0.92627,
        "dot_accuracy_threshold": 503.57074,
        "dot_f1": 0.543478,
        "dot_f1_threshold": 492.418884,
        "dot_precision": 0.613497,
        "dot_recall": 0.487805,
        "dot_ap": 0.545486,
        "max_accuracy": 0.985352,
        "max_f1": 0.924242,
        "max_precision": 0.967391,
        "max_recall": 0.892683,
        "max_ap": 0.934824,
        "main_score": 0.934824,
        "hf_subset": "default",
        "languages": [
          "eng-Latn"
        ]
      }
    ]
  },
  "evaluation_time": 3.27713680267334,
  "kg_co2_emissions": null
}