{
  "dataset_revision": "5d958fb6b31055495347724d46431ba41309b03a",
  "task_name": "ChemNQRetrieval",
  "mteb_version": "1.36.20",
  "scores": {
    "test": [
      {
        "ndcg_at_1": 0.51852,
        "ndcg_at_3": 0.57547,
        "ndcg_at_5": 0.58525,
        "ndcg_at_10": 0.64763,
        "ndcg_at_20": 0.67096,
        "ndcg_at_100": 0.68893,
        "ndcg_at_1000": 0.68893,
        "map_at_1": 0.43827,
        "map_at_3": 0.54012,
        "map_at_5": 0.54938,
        "map_at_10": 0.57984,
        "map_at_20": 0.58532,
        "map_at_100": 0.58924,
        "map_at_1000": 0.58924,
        "recall_at_1": 0.43827,
        "recall_at_3": 0.62346,
        "recall_at_5": 0.64198,
        "recall_at_10": 0.82716,
        "recall_at_20": 0.91975,
        "recall_at_100": 1.0,
        "recall_at_1000": 1.0,
        "precision_at_1": 0.51852,
        "precision_at_3": 0.25926,
        "precision_at_5": 0.16296,
        "precision_at_10": 0.1037,
        "precision_at_20": 0.05741,
        "precision_at_100": 0.01296,
        "precision_at_1000": 0.0013,
        "mrr_at_1": 0.518519,
        "mrr_at_3": 0.598765,
        "mrr_at_5": 0.598765,
        "mrr_at_10": 0.616872,
        "mrr_at_20": 0.624041,
        "mrr_at_100": 0.624739,
        "mrr_at_1000": 0.624739,
        "nauc_ndcg_at_1_max": 0.292165,
        "nauc_ndcg_at_1_std": 0.176102,
        "nauc_ndcg_at_1_diff1": 0.341267,
        "nauc_ndcg_at_3_max": 0.118547,
        "nauc_ndcg_at_3_std": -0.036694,
        "nauc_ndcg_at_3_diff1": 0.254696,
        "nauc_ndcg_at_5_max": 0.138699,
        "nauc_ndcg_at_5_std": -0.019031,
        "nauc_ndcg_at_5_diff1": 0.235726,
        "nauc_ndcg_at_10_max": 0.167017,
        "nauc_ndcg_at_10_std": -0.016337,
        "nauc_ndcg_at_10_diff1": 0.191868,
        "nauc_ndcg_at_20_max": 0.189135,
        "nauc_ndcg_at_20_std": -0.01552,
        "nauc_ndcg_at_20_diff1": 0.212263,
        "nauc_ndcg_at_100_max": 0.20216,
        "nauc_ndcg_at_100_std": 0.031212,
        "nauc_ndcg_at_100_diff1": 0.254067,
        "nauc_ndcg_at_1000_max": 0.20216,
        "nauc_ndcg_at_1000_std": 0.031212,
        "nauc_ndcg_at_1000_diff1": 0.254067,
        "nauc_map_at_1_max": 0.206854,
        "nauc_map_at_1_std": 0.168267,
        "nauc_map_at_1_diff1": 0.128523,
        "nauc_map_at_3_max": 0.125284,
        "nauc_map_at_3_std": -0.016516,
        "nauc_map_at_3_diff1": 0.232247,
        "nauc_map_at_5_max": 0.143531,
        "nauc_map_at_5_std": -0.000268,
        "nauc_map_at_5_diff1": 0.214706,
        "nauc_map_at_10_max": 0.167751,
        "nauc_map_at_10_std": 0.002831,
        "nauc_map_at_10_diff1": 0.208359,
        "nauc_map_at_20_max": 0.17292,
        "nauc_map_at_20_std": 0.004251,
        "nauc_map_at_20_diff1": 0.213759,
        "nauc_map_at_100_max": 0.178843,
        "nauc_map_at_100_std": 0.014746,
        "nauc_map_at_100_diff1": 0.223789,
        "nauc_map_at_1000_max": 0.178843,
        "nauc_map_at_1000_std": 0.014746,
        "nauc_map_at_1000_diff1": 0.223789,
        "nauc_recall_at_1_max": 0.206854,
        "nauc_recall_at_1_std": 0.168267,
        "nauc_recall_at_1_diff1": 0.128523,
        "nauc_recall_at_3_max": 0.004222,
        "nauc_recall_at_3_std": -0.168343,
        "nauc_recall_at_3_diff1": 0.246901,
        "nauc_recall_at_5_max": 0.040875,
        "nauc_recall_at_5_std": -0.135629,
        "nauc_recall_at_5_diff1": 0.206362,
        "nauc_recall_at_10_max": 0.062665,
        "nauc_recall_at_10_std": -0.211601,
        "nauc_recall_at_10_diff1": -0.087114,
        "nauc_recall_at_20_max": 0.087917,
        "nauc_recall_at_20_std": -0.535971,
        "nauc_recall_at_20_diff1": -0.280521,
        "nauc_recall_at_100_max": NaN,
        "nauc_recall_at_100_std": NaN,
        "nauc_recall_at_100_diff1": NaN,
        "nauc_recall_at_1000_max": NaN,
        "nauc_recall_at_1000_std": NaN,
        "nauc_recall_at_1000_diff1": NaN,
        "nauc_precision_at_1_max": 0.292165,
        "nauc_precision_at_1_std": 0.176102,
        "nauc_precision_at_1_diff1": 0.341267,
        "nauc_precision_at_3_max": 0.106833,
        "nauc_precision_at_3_std": -0.178452,
        "nauc_precision_at_3_diff1": 0.393168,
        "nauc_precision_at_5_max": 0.138773,
        "nauc_precision_at_5_std": -0.105608,
        "nauc_precision_at_5_diff1": 0.277106,
        "nauc_precision_at_10_max": 0.213307,
        "nauc_precision_at_10_std": -0.0914,
        "nauc_precision_at_10_diff1": 0.15563,
        "nauc_precision_at_20_max": 0.343992,
        "nauc_precision_at_20_std": -0.077332,
        "nauc_precision_at_20_diff1": 0.251804,
        "nauc_precision_at_100_max": 0.276358,
        "nauc_precision_at_100_std": 0.177112,
        "nauc_precision_at_100_diff1": 0.344265,
        "nauc_precision_at_1000_max": 0.276358,
        "nauc_precision_at_1000_std": 0.177112,
        "nauc_precision_at_1000_diff1": 0.344265,
        "nauc_mrr_at_1_max": 0.292165,
        "nauc_mrr_at_1_std": 0.176102,
        "nauc_mrr_at_1_diff1": 0.341267,
        "nauc_mrr_at_3_max": 0.21746,
        "nauc_mrr_at_3_std": 0.063827,
        "nauc_mrr_at_3_diff1": 0.325287,
        "nauc_mrr_at_5_max": 0.21746,
        "nauc_mrr_at_5_std": 0.063827,
        "nauc_mrr_at_5_diff1": 0.325287,
        "nauc_mrr_at_10_max": 0.209787,
        "nauc_mrr_at_10_std": 0.065496,
        "nauc_mrr_at_10_diff1": 0.302507,
        "nauc_mrr_at_20_max": 0.224142,
        "nauc_mrr_at_20_std": 0.075563,
        "nauc_mrr_at_20_diff1": 0.318538,
        "nauc_mrr_at_100_max": 0.223331,
        "nauc_mrr_at_100_std": 0.076178,
        "nauc_mrr_at_100_diff1": 0.31904,
        "nauc_mrr_at_1000_max": 0.223331,
        "nauc_mrr_at_1000_std": 0.076178,
        "nauc_mrr_at_1000_diff1": 0.31904,
        "main_score": 0.64763,
        "hf_subset": "default",
        "languages": [
          "eng-Latn"
        ]
      }
    ]
  },
  "evaluation_time": 29.895580530166626,
  "kg_co2_emissions": null
}