{
  "dataset_revision": "8fae72a2c75530aaaac6920a02622490d923ca98",
  "task_name": "ChemRxivNC2",
  "mteb_version": "1.36.29",
  "scores": {
    "test": [
      {
        "ndcg_at_1": 0.7436,
        "ndcg_at_3": 0.8307,
        "ndcg_at_5": 0.84853,
        "ndcg_at_10": 0.85718,
        "ndcg_at_20": 0.86129,
        "ndcg_at_100": 0.86448,
        "ndcg_at_1000": 0.86531,
        "map_at_1": 0.7436,
        "map_at_3": 0.80997,
        "map_at_5": 0.81994,
        "map_at_10": 0.82361,
        "map_at_20": 0.82475,
        "map_at_100": 0.8252,
        "map_at_1000": 0.82523,
        "recall_at_1": 0.7436,
        "recall_at_3": 0.8904,
        "recall_at_5": 0.9334,
        "recall_at_10": 0.9596,
        "recall_at_20": 0.9758,
        "recall_at_100": 0.9928,
        "recall_at_1000": 0.9994,
        "precision_at_1": 0.7436,
        "precision_at_3": 0.2968,
        "precision_at_5": 0.18668,
        "precision_at_10": 0.09596,
        "precision_at_20": 0.04879,
        "precision_at_100": 0.00993,
        "precision_at_1000": 0.001,
        "mrr_at_1": 0.7434,
        "mrr_at_3": 0.809733,
        "mrr_at_5": 0.819803,
        "mrr_at_10": 0.823478,
        "mrr_at_20": 0.824615,
        "mrr_at_100": 0.825062,
        "mrr_at_1000": 0.825093,
        "nauc_ndcg_at_1_max": 0.374097,
        "nauc_ndcg_at_1_std": -0.227186,
        "nauc_ndcg_at_1_diff1": 0.77776,
        "nauc_ndcg_at_3_max": 0.427585,
        "nauc_ndcg_at_3_std": -0.209642,
        "nauc_ndcg_at_3_diff1": 0.734657,
        "nauc_ndcg_at_5_max": 0.434688,
        "nauc_ndcg_at_5_std": -0.195934,
        "nauc_ndcg_at_5_diff1": 0.746199,
        "nauc_ndcg_at_10_max": 0.434551,
        "nauc_ndcg_at_10_std": -0.192483,
        "nauc_ndcg_at_10_diff1": 0.747392,
        "nauc_ndcg_at_20_max": 0.428713,
        "nauc_ndcg_at_20_std": -0.192676,
        "nauc_ndcg_at_20_diff1": 0.747976,
        "nauc_ndcg_at_100_max": 0.423646,
        "nauc_ndcg_at_100_std": -0.199164,
        "nauc_ndcg_at_100_diff1": 0.751595,
        "nauc_ndcg_at_1000_max": 0.420815,
        "nauc_ndcg_at_1000_std": -0.201357,
        "nauc_ndcg_at_1000_diff1": 0.751614,
        "nauc_map_at_1_max": 0.374097,
        "nauc_map_at_1_std": -0.227186,
        "nauc_map_at_1_diff1": 0.77776,
        "nauc_map_at_3_max": 0.412145,
        "nauc_map_at_3_std": -0.214968,
        "nauc_map_at_3_diff1": 0.747033,
        "nauc_map_at_5_max": 0.41492,
        "nauc_map_at_5_std": -0.208619,
        "nauc_map_at_5_diff1": 0.753352,
        "nauc_map_at_10_max": 0.414641,
        "nauc_map_at_10_std": -0.207432,
        "nauc_map_at_10_diff1": 0.753932,
        "nauc_map_at_20_max": 0.413204,
        "nauc_map_at_20_std": -0.207614,
        "nauc_map_at_20_diff1": 0.754092,
        "nauc_map_at_100_max": 0.412635,
        "nauc_map_at_100_std": -0.208266,
        "nauc_map_at_100_diff1": 0.754542,
        "nauc_map_at_1000_max": 0.412553,
        "nauc_map_at_1000_std": -0.208316,
        "nauc_map_at_1000_diff1": 0.754541,
        "nauc_recall_at_1_max": 0.374097,
        "nauc_recall_at_1_std": -0.227186,
        "nauc_recall_at_1_diff1": 0.77776,
        "nauc_recall_at_3_max": 0.498243,
        "nauc_recall_at_3_std": -0.185082,
        "nauc_recall_at_3_diff1": 0.678067,
        "nauc_recall_at_5_max": 0.575392,
        "nauc_recall_at_5_std": -0.10174,
        "nauc_recall_at_5_diff1": 0.699979,
        "nauc_recall_at_10_max": 0.660699,
        "nauc_recall_at_10_std": -0.012485,
        "nauc_recall_at_10_diff1": 0.681659,
        "nauc_recall_at_20_max": 0.691915,
        "nauc_recall_at_20_std": 0.105868,
        "nauc_recall_at_20_diff1": 0.650508,
        "nauc_recall_at_100_max": 0.839856,
        "nauc_recall_at_100_std": 0.185911,
        "nauc_recall_at_100_diff1": 0.741584,
        "nauc_recall_at_1000_max": 0.807812,
        "nauc_recall_at_1000_std": 0.6662,
        "nauc_recall_at_1000_diff1": 0.69888,
        "nauc_precision_at_1_max": 0.374097,
        "nauc_precision_at_1_std": -0.227186,
        "nauc_precision_at_1_diff1": 0.77776,
        "nauc_precision_at_3_max": 0.498243,
        "nauc_precision_at_3_std": -0.185082,
        "nauc_precision_at_3_diff1": 0.678067,
        "nauc_precision_at_5_max": 0.575392,
        "nauc_precision_at_5_std": -0.10174,
        "nauc_precision_at_5_diff1": 0.699979,
        "nauc_precision_at_10_max": 0.660699,
        "nauc_precision_at_10_std": -0.012485,
        "nauc_precision_at_10_diff1": 0.681659,
        "nauc_precision_at_20_max": 0.691915,
        "nauc_precision_at_20_std": 0.105868,
        "nauc_precision_at_20_diff1": 0.650508,
        "nauc_precision_at_100_max": 0.839856,
        "nauc_precision_at_100_std": 0.185911,
        "nauc_precision_at_100_diff1": 0.741584,
        "nauc_precision_at_1000_max": 0.807812,
        "nauc_precision_at_1000_std": 0.6662,
        "nauc_precision_at_1000_diff1": 0.69888,
        "nauc_mrr_at_1_max": 0.375634,
        "nauc_mrr_at_1_std": -0.225781,
        "nauc_mrr_at_1_diff1": 0.778145,
        "nauc_mrr_at_3_max": 0.413273,
        "nauc_mrr_at_3_std": -0.214568,
        "nauc_mrr_at_3_diff1": 0.747565,
        "nauc_mrr_at_5_max": 0.416002,
        "nauc_mrr_at_5_std": -0.207791,
        "nauc_mrr_at_5_diff1": 0.753699,
        "nauc_mrr_at_10_max": 0.415748,
        "nauc_mrr_at_10_std": -0.206586,
        "nauc_mrr_at_10_diff1": 0.754286,
        "nauc_mrr_at_20_max": 0.41432,
        "nauc_mrr_at_20_std": -0.206762,
        "nauc_mrr_at_20_diff1": 0.754449,
        "nauc_mrr_at_100_max": 0.413753,
        "nauc_mrr_at_100_std": -0.207413,
        "nauc_mrr_at_100_diff1": 0.7549,
        "nauc_mrr_at_1000_max": 0.413671,
        "nauc_mrr_at_1000_std": -0.207463,
        "nauc_mrr_at_1000_diff1": 0.754899,
        "main_score": 0.85718,
        "hf_subset": "default",
        "languages": [
          "eng-Latn"
        ]
      }
    ]
  },
  "evaluation_time": 177.36313438415527,
  "kg_co2_emissions": null
}