{
  "dataset_revision": "5d958fb6b31055495347724d46431ba41309b03a",
  "task_name": "ChemNQRetrieval",
  "mteb_version": "1.36.29",
  "scores": {
    "test": [
      {
        "ndcg_at_1": 0.44444,
        "ndcg_at_3": 0.46977,
        "ndcg_at_5": 0.50883,
        "ndcg_at_10": 0.58286,
        "ndcg_at_20": 0.58812,
        "ndcg_at_100": 0.60567,
        "ndcg_at_1000": 0.61607,
        "map_at_1": 0.34568,
        "map_at_3": 0.4321,
        "map_at_5": 0.45617,
        "map_at_10": 0.49007,
        "map_at_20": 0.49202,
        "map_at_100": 0.49496,
        "map_at_1000": 0.49551,
        "recall_at_1": 0.34568,
        "recall_at_3": 0.51235,
        "recall_at_5": 0.60494,
        "recall_at_10": 0.82099,
        "recall_at_20": 0.83951,
        "recall_at_100": 0.92593,
        "recall_at_1000": 1.0,
        "precision_at_1": 0.44444,
        "precision_at_3": 0.22222,
        "precision_at_5": 0.15556,
        "precision_at_10": 0.10741,
        "precision_at_20": 0.05556,
        "precision_at_100": 0.01222,
        "precision_at_1000": 0.0013,
        "mrr_at_1": 0.444444,
        "mrr_at_3": 0.506173,
        "mrr_at_5": 0.52284,
        "mrr_at_10": 0.546091,
        "mrr_at_20": 0.546091,
        "mrr_at_100": 0.548414,
        "mrr_at_1000": 0.548959,
        "nauc_ndcg_at_1_max": 0.531827,
        "nauc_ndcg_at_1_std": 0.240882,
        "nauc_ndcg_at_1_diff1": 0.255926,
        "nauc_ndcg_at_3_max": 0.459263,
        "nauc_ndcg_at_3_std": 0.236979,
        "nauc_ndcg_at_3_diff1": 0.106397,
        "nauc_ndcg_at_5_max": 0.511042,
        "nauc_ndcg_at_5_std": 0.188491,
        "nauc_ndcg_at_5_diff1": 0.070706,
        "nauc_ndcg_at_10_max": 0.555784,
        "nauc_ndcg_at_10_std": 0.224368,
        "nauc_ndcg_at_10_diff1": 0.079027,
        "nauc_ndcg_at_20_max": 0.567775,
        "nauc_ndcg_at_20_std": 0.250793,
        "nauc_ndcg_at_20_diff1": 0.113238,
        "nauc_ndcg_at_100_max": 0.550157,
        "nauc_ndcg_at_100_std": 0.220585,
        "nauc_ndcg_at_100_diff1": 0.128581,
        "nauc_ndcg_at_1000_max": 0.540286,
        "nauc_ndcg_at_1000_std": 0.228783,
        "nauc_ndcg_at_1000_diff1": 0.13299,
        "nauc_map_at_1_max": 0.529161,
        "nauc_map_at_1_std": 0.222591,
        "nauc_map_at_1_diff1": 0.188774,
        "nauc_map_at_3_max": 0.435393,
        "nauc_map_at_3_std": 0.224867,
        "nauc_map_at_3_diff1": 0.096177,
        "nauc_map_at_5_max": 0.477023,
        "nauc_map_at_5_std": 0.193404,
        "nauc_map_at_5_diff1": 0.081903,
        "nauc_map_at_10_max": 0.502142,
        "nauc_map_at_10_std": 0.203224,
        "nauc_map_at_10_diff1": 0.08926,
        "nauc_map_at_20_max": 0.505783,
        "nauc_map_at_20_std": 0.211707,
        "nauc_map_at_20_diff1": 0.100426,
        "nauc_map_at_100_max": 0.503122,
        "nauc_map_at_100_std": 0.207761,
        "nauc_map_at_100_diff1": 0.103975,
        "nauc_map_at_1000_max": 0.502544,
        "nauc_map_at_1000_std": 0.207884,
        "nauc_map_at_1000_diff1": 0.103918,
        "nauc_recall_at_1_max": 0.529161,
        "nauc_recall_at_1_std": 0.222591,
        "nauc_recall_at_1_diff1": 0.188774,
        "nauc_recall_at_3_max": 0.399262,
        "nauc_recall_at_3_std": 0.230074,
        "nauc_recall_at_3_diff1": 0.025442,
        "nauc_recall_at_5_max": 0.497643,
        "nauc_recall_at_5_std": 0.104283,
        "nauc_recall_at_5_diff1": -0.084954,
        "nauc_recall_at_10_max": 0.699692,
        "nauc_recall_at_10_std": 0.214265,
        "nauc_recall_at_10_diff1": -0.232334,
        "nauc_recall_at_20_max": 0.78573,
        "nauc_recall_at_20_std": 0.379438,
        "nauc_recall_at_20_diff1": -0.04492,
        "nauc_recall_at_100_max": 0.77804,
        "nauc_recall_at_100_std": -0.008272,
        "nauc_recall_at_100_diff1": -0.008272,
        "nauc_recall_at_1000_max": NaN,
        "nauc_recall_at_1000_std": NaN,
        "nauc_recall_at_1000_diff1": NaN,
        "nauc_precision_at_1_max": 0.531827,
        "nauc_precision_at_1_std": 0.240882,
        "nauc_precision_at_1_diff1": 0.255926,
        "nauc_precision_at_3_max": 0.32576,
        "nauc_precision_at_3_std": 0.16349,
        "nauc_precision_at_3_diff1": 0.060818,
        "nauc_precision_at_5_max": 0.413055,
        "nauc_precision_at_5_std": 0.021908,
        "nauc_precision_at_5_diff1": 0.006325,
        "nauc_precision_at_10_max": 0.416633,
        "nauc_precision_at_10_std": 0.117841,
        "nauc_precision_at_10_diff1": 0.122518,
        "nauc_precision_at_20_max": 0.411648,
        "nauc_precision_at_20_std": 0.20806,
        "nauc_precision_at_20_diff1": 0.254408,
        "nauc_precision_at_100_max": 0.260189,
        "nauc_precision_at_100_std": 0.076795,
        "nauc_precision_at_100_diff1": 0.264628,
        "nauc_precision_at_1000_max": 0.161649,
        "nauc_precision_at_1000_std": 0.092983,
        "nauc_precision_at_1000_diff1": 0.316558,
        "nauc_mrr_at_1_max": 0.531827,
        "nauc_mrr_at_1_std": 0.240882,
        "nauc_mrr_at_1_diff1": 0.255926,
        "nauc_mrr_at_3_max": 0.544446,
        "nauc_mrr_at_3_std": 0.260163,
        "nauc_mrr_at_3_diff1": 0.213254,
        "nauc_mrr_at_5_max": 0.553233,
        "nauc_mrr_at_5_std": 0.25009,
        "nauc_mrr_at_5_diff1": 0.190061,
        "nauc_mrr_at_10_max": 0.554777,
        "nauc_mrr_at_10_std": 0.265642,
        "nauc_mrr_at_10_diff1": 0.192702,
        "nauc_mrr_at_20_max": 0.554777,
        "nauc_mrr_at_20_std": 0.265642,
        "nauc_mrr_at_20_diff1": 0.192702,
        "nauc_mrr_at_100_max": 0.55281,
        "nauc_mrr_at_100_std": 0.262162,
        "nauc_mrr_at_100_diff1": 0.196996,
        "nauc_mrr_at_1000_max": 0.552322,
        "nauc_mrr_at_1000_std": 0.262378,
        "nauc_mrr_at_1000_diff1": 0.197099,
        "main_score": 0.58286,
        "hf_subset": "default",
        "languages": [
          "eng-Latn"
        ]
      }
    ]
  },
  "evaluation_time": 51.2713942527771,
  "kg_co2_emissions": null
}