{
  "dataset_revision": "8fae72a2c75530aaaac6920a02622490d923ca98",
  "task_name": "ChemRxivNC2",
  "mteb_version": "1.36.29",
  "scores": {
    "test": [
      {
        "ndcg_at_1": 0.7354,
        "ndcg_at_3": 0.82334,
        "ndcg_at_5": 0.8418,
        "ndcg_at_10": 0.85149,
        "ndcg_at_20": 0.85548,
        "ndcg_at_100": 0.85911,
        "ndcg_at_1000": 0.85995,
        "map_at_1": 0.7354,
        "map_at_3": 0.8023,
        "map_at_5": 0.81269,
        "map_at_10": 0.8168,
        "map_at_20": 0.81792,
        "map_at_100": 0.81844,
        "map_at_1000": 0.81847,
        "recall_at_1": 0.7354,
        "recall_at_3": 0.884,
        "recall_at_5": 0.9282,
        "recall_at_10": 0.9576,
        "recall_at_20": 0.9732,
        "recall_at_100": 0.9924,
        "recall_at_1000": 0.999,
        "precision_at_1": 0.7354,
        "precision_at_3": 0.29467,
        "precision_at_5": 0.18564,
        "precision_at_10": 0.09576,
        "precision_at_20": 0.04866,
        "precision_at_100": 0.00992,
        "precision_at_1000": 0.001,
        "mrr_at_1": 0.7348,
        "mrr_at_3": 0.801867,
        "mrr_at_5": 0.812357,
        "mrr_at_10": 0.816466,
        "mrr_at_20": 0.817585,
        "mrr_at_100": 0.818107,
        "mrr_at_1000": 0.818138,
        "nauc_ndcg_at_1_max": 0.369008,
        "nauc_ndcg_at_1_std": -0.222882,
        "nauc_ndcg_at_1_diff1": 0.77302,
        "nauc_ndcg_at_3_max": 0.425405,
        "nauc_ndcg_at_3_std": -0.198925,
        "nauc_ndcg_at_3_diff1": 0.72904,
        "nauc_ndcg_at_5_max": 0.431149,
        "nauc_ndcg_at_5_std": -0.191955,
        "nauc_ndcg_at_5_diff1": 0.737888,
        "nauc_ndcg_at_10_max": 0.428774,
        "nauc_ndcg_at_10_std": -0.18544,
        "nauc_ndcg_at_10_diff1": 0.741566,
        "nauc_ndcg_at_20_max": 0.424565,
        "nauc_ndcg_at_20_std": -0.184474,
        "nauc_ndcg_at_20_diff1": 0.742055,
        "nauc_ndcg_at_100_max": 0.418355,
        "nauc_ndcg_at_100_std": -0.193264,
        "nauc_ndcg_at_100_diff1": 0.745729,
        "nauc_ndcg_at_1000_max": 0.41555,
        "nauc_ndcg_at_1000_std": -0.195464,
        "nauc_ndcg_at_1000_diff1": 0.745525,
        "nauc_map_at_1_max": 0.369008,
        "nauc_map_at_1_std": -0.222882,
        "nauc_map_at_1_diff1": 0.77302,
        "nauc_map_at_3_max": 0.408653,
        "nauc_map_at_3_std": -0.207306,
        "nauc_map_at_3_diff1": 0.741415,
        "nauc_map_at_5_max": 0.410497,
        "nauc_map_at_5_std": -0.204348,
        "nauc_map_at_5_diff1": 0.746493,
        "nauc_map_at_10_max": 0.409204,
        "nauc_map_at_10_std": -0.202135,
        "nauc_map_at_10_diff1": 0.747924,
        "nauc_map_at_20_max": 0.408092,
        "nauc_map_at_20_std": -0.20217,
        "nauc_map_at_20_diff1": 0.748071,
        "nauc_map_at_100_max": 0.407299,
        "nauc_map_at_100_std": -0.203186,
        "nauc_map_at_100_diff1": 0.748503,
        "nauc_map_at_1000_max": 0.407217,
        "nauc_map_at_1000_std": -0.20324,
        "nauc_map_at_1000_diff1": 0.748497,
        "nauc_recall_at_1_max": 0.369008,
        "nauc_recall_at_1_std": -0.222882,
        "nauc_recall_at_1_diff1": 0.77302,
        "nauc_recall_at_3_max": 0.501298,
        "nauc_recall_at_3_std": -0.160086,
        "nauc_recall_at_3_diff1": 0.67345,
        "nauc_recall_at_5_max": 0.573202,
        "nauc_recall_at_5_std": -0.104351,
        "nauc_recall_at_5_diff1": 0.682788,
        "nauc_recall_at_10_max": 0.647847,
        "nauc_recall_at_10_std": 0.014404,
        "nauc_recall_at_10_diff1": 0.681469,
        "nauc_recall_at_20_max": 0.696218,
        "nauc_recall_at_20_std": 0.155863,
        "nauc_recall_at_20_diff1": 0.656218,
        "nauc_recall_at_100_max": 0.840422,
        "nauc_recall_at_100_std": 0.221141,
        "nauc_recall_at_100_diff1": 0.767224,
        "nauc_recall_at_1000_max": 0.802988,
        "nauc_recall_at_1000_std": 0.65789,
        "nauc_recall_at_1000_diff1": 0.700747,
        "nauc_precision_at_1_max": 0.369008,
        "nauc_precision_at_1_std": -0.222882,
        "nauc_precision_at_1_diff1": 0.77302,
        "nauc_precision_at_3_max": 0.501298,
        "nauc_precision_at_3_std": -0.160086,
        "nauc_precision_at_3_diff1": 0.67345,
        "nauc_precision_at_5_max": 0.573202,
        "nauc_precision_at_5_std": -0.104351,
        "nauc_precision_at_5_diff1": 0.682788,
        "nauc_precision_at_10_max": 0.647847,
        "nauc_precision_at_10_std": 0.014404,
        "nauc_precision_at_10_diff1": 0.681469,
        "nauc_precision_at_20_max": 0.696218,
        "nauc_precision_at_20_std": 0.155863,
        "nauc_precision_at_20_diff1": 0.656218,
        "nauc_precision_at_100_max": 0.840422,
        "nauc_precision_at_100_std": 0.221141,
        "nauc_precision_at_100_diff1": 0.767224,
        "nauc_precision_at_1000_max": 0.802988,
        "nauc_precision_at_1000_std": 0.65789,
        "nauc_precision_at_1000_diff1": 0.700747,
        "nauc_mrr_at_1_max": 0.369688,
        "nauc_mrr_at_1_std": -0.224132,
        "nauc_mrr_at_1_diff1": 0.774152,
        "nauc_mrr_at_3_max": 0.409183,
        "nauc_mrr_at_3_std": -0.208636,
        "nauc_mrr_at_3_diff1": 0.74245,
        "nauc_mrr_at_5_max": 0.410947,
        "nauc_mrr_at_5_std": -0.205362,
        "nauc_mrr_at_5_diff1": 0.747373,
        "nauc_mrr_at_10_max": 0.409666,
        "nauc_mrr_at_10_std": -0.203177,
        "nauc_mrr_at_10_diff1": 0.748823,
        "nauc_mrr_at_20_max": 0.408558,
        "nauc_mrr_at_20_std": -0.203211,
        "nauc_mrr_at_20_diff1": 0.748974,
        "nauc_mrr_at_100_max": 0.407767,
        "nauc_mrr_at_100_std": -0.204229,
        "nauc_mrr_at_100_diff1": 0.749408,
        "nauc_mrr_at_1000_max": 0.407685,
        "nauc_mrr_at_1000_std": -0.204284,
        "nauc_mrr_at_1000_diff1": 0.749403,
        "main_score": 0.85149,
        "hf_subset": "default",
        "languages": [
          "eng-Latn"
        ]
      }
    ]
  },
  "evaluation_time": 176.77627158164978,
  "kg_co2_emissions": null
}