{
  "dataset_revision": "8fae72a2c75530aaaac6920a02622490d923ca98",
  "task_name": "ChemRxivNC2",
  "mteb_version": "1.36.29",
  "scores": {
    "test": [
      {
        "ndcg_at_1": 0.7518,
        "ndcg_at_3": 0.83667,
        "ndcg_at_5": 0.85243,
        "ndcg_at_10": 0.8617,
        "ndcg_at_20": 0.8655,
        "ndcg_at_100": 0.86854,
        "ndcg_at_1000": 0.86939,
        "map_at_1": 0.7518,
        "map_at_3": 0.81637,
        "map_at_5": 0.82522,
        "map_at_10": 0.8291,
        "map_at_20": 0.83014,
        "map_at_100": 0.83058,
        "map_at_1000": 0.83061,
        "recall_at_1": 0.7518,
        "recall_at_3": 0.8952,
        "recall_at_5": 0.933,
        "recall_at_10": 0.9614,
        "recall_at_20": 0.9764,
        "recall_at_100": 0.9926,
        "recall_at_1000": 0.9992,
        "precision_at_1": 0.7518,
        "precision_at_3": 0.2984,
        "precision_at_5": 0.1866,
        "precision_at_10": 0.09614,
        "precision_at_20": 0.04882,
        "precision_at_100": 0.00993,
        "precision_at_1000": 0.001,
        "mrr_at_1": 0.7514,
        "mrr_at_3": 0.816033,
        "mrr_at_5": 0.824983,
        "mrr_at_10": 0.828864,
        "mrr_at_20": 0.829909,
        "mrr_at_100": 0.830342,
        "mrr_at_1000": 0.830375,
        "nauc_ndcg_at_1_max": 0.398592,
        "nauc_ndcg_at_1_std": -0.208064,
        "nauc_ndcg_at_1_diff1": 0.780337,
        "nauc_ndcg_at_3_max": 0.457417,
        "nauc_ndcg_at_3_std": -0.177797,
        "nauc_ndcg_at_3_diff1": 0.744185,
        "nauc_ndcg_at_5_max": 0.464443,
        "nauc_ndcg_at_5_std": -0.166171,
        "nauc_ndcg_at_5_diff1": 0.752096,
        "nauc_ndcg_at_10_max": 0.46043,
        "nauc_ndcg_at_10_std": -0.167723,
        "nauc_ndcg_at_10_diff1": 0.753891,
        "nauc_ndcg_at_20_max": 0.454816,
        "nauc_ndcg_at_20_std": -0.169647,
        "nauc_ndcg_at_20_diff1": 0.756927,
        "nauc_ndcg_at_100_max": 0.449128,
        "nauc_ndcg_at_100_std": -0.175812,
        "nauc_ndcg_at_100_diff1": 0.75872,
        "nauc_ndcg_at_1000_max": 0.446232,
        "nauc_ndcg_at_1000_std": -0.177775,
        "nauc_ndcg_at_1000_diff1": 0.758157,
        "nauc_map_at_1_max": 0.398592,
        "nauc_map_at_1_std": -0.208064,
        "nauc_map_at_1_diff1": 0.780337,
        "nauc_map_at_3_max": 0.439563,
        "nauc_map_at_3_std": -0.187706,
        "nauc_map_at_3_diff1": 0.754573,
        "nauc_map_at_5_max": 0.441665,
        "nauc_map_at_5_std": -0.182989,
        "nauc_map_at_5_diff1": 0.759021,
        "nauc_map_at_10_max": 0.439789,
        "nauc_map_at_10_std": -0.183963,
        "nauc_map_at_10_diff1": 0.759814,
        "nauc_map_at_20_max": 0.43835,
        "nauc_map_at_20_std": -0.18462,
        "nauc_map_at_20_diff1": 0.760445,
        "nauc_map_at_100_max": 0.437701,
        "nauc_map_at_100_std": -0.18518,
        "nauc_map_at_100_diff1": 0.760628,
        "nauc_map_at_1000_max": 0.437609,
        "nauc_map_at_1000_std": -0.185234,
        "nauc_map_at_1000_diff1": 0.760609,
        "nauc_recall_at_1_max": 0.398592,
        "nauc_recall_at_1_std": -0.208064,
        "nauc_recall_at_1_diff1": 0.780337,
        "nauc_recall_at_3_max": 0.540579,
        "nauc_recall_at_3_std": -0.131134,
        "nauc_recall_at_3_diff1": 0.696208,
        "nauc_recall_at_5_max": 0.624147,
        "nauc_recall_at_5_std": -0.045046,
        "nauc_recall_at_5_diff1": 0.707465,
        "nauc_recall_at_10_max": 0.699712,
        "nauc_recall_at_10_std": 0.028986,
        "nauc_recall_at_10_diff1": 0.692622,
        "nauc_recall_at_20_max": 0.738946,
        "nauc_recall_at_20_std": 0.120294,
        "nauc_recall_at_20_diff1": 0.720347,
        "nauc_recall_at_100_max": 0.856991,
        "nauc_recall_at_100_std": 0.171878,
        "nauc_recall_at_100_diff1": 0.801411,
        "nauc_recall_at_1000_max": 0.855859,
        "nauc_recall_at_1000_std": 0.674953,
        "nauc_recall_at_1000_diff1": 0.518091,
        "nauc_precision_at_1_max": 0.398592,
        "nauc_precision_at_1_std": -0.208064,
        "nauc_precision_at_1_diff1": 0.780337,
        "nauc_precision_at_3_max": 0.540579,
        "nauc_precision_at_3_std": -0.131134,
        "nauc_precision_at_3_diff1": 0.696208,
        "nauc_precision_at_5_max": 0.624147,
        "nauc_precision_at_5_std": -0.045046,
        "nauc_precision_at_5_diff1": 0.707465,
        "nauc_precision_at_10_max": 0.699712,
        "nauc_precision_at_10_std": 0.028986,
        "nauc_precision_at_10_diff1": 0.692622,
        "nauc_precision_at_20_max": 0.738946,
        "nauc_precision_at_20_std": 0.120294,
        "nauc_precision_at_20_diff1": 0.720347,
        "nauc_precision_at_100_max": 0.856991,
        "nauc_precision_at_100_std": 0.171878,
        "nauc_precision_at_100_diff1": 0.801411,
        "nauc_precision_at_1000_max": 0.855859,
        "nauc_precision_at_1000_std": 0.674953,
        "nauc_precision_at_1000_diff1": 0.518091,
        "nauc_mrr_at_1_max": 0.398344,
        "nauc_mrr_at_1_std": -0.208341,
        "nauc_mrr_at_1_diff1": 0.781124,
        "nauc_mrr_at_3_max": 0.439502,
        "nauc_mrr_at_3_std": -0.187858,
        "nauc_mrr_at_3_diff1": 0.75538,
        "nauc_mrr_at_5_max": 0.441491,
        "nauc_mrr_at_5_std": -0.183192,
        "nauc_mrr_at_5_diff1": 0.759654,
        "nauc_mrr_at_10_max": 0.439613,
        "nauc_mrr_at_10_std": -0.184169,
        "nauc_mrr_at_10_diff1": 0.760462,
        "nauc_mrr_at_20_max": 0.438174,
        "nauc_mrr_at_20_std": -0.184827,
        "nauc_mrr_at_20_diff1": 0.761097,
        "nauc_mrr_at_100_max": 0.437525,
        "nauc_mrr_at_100_std": -0.185388,
        "nauc_mrr_at_100_diff1": 0.761281,
        "nauc_mrr_at_1000_max": 0.437433,
        "nauc_mrr_at_1000_std": -0.185442,
        "nauc_mrr_at_1000_diff1": 0.761262,
        "main_score": 0.8617,
        "hf_subset": "default",
        "languages": [
          "eng-Latn"
        ]
      }
    ]
  },
  "evaluation_time": 175.5561327934265,
  "kg_co2_emissions": null
}