{
  "dataset_revision": "5d958fb6b31055495347724d46431ba41309b03a",
  "task_name": "ChemNQRetrieval",
  "mteb_version": "1.36.29",
  "scores": {
    "test": [
      {
        "ndcg_at_1": 0.44444,
        "ndcg_at_3": 0.54106,
        "ndcg_at_5": 0.56062,
        "ndcg_at_10": 0.61173,
        "ndcg_at_20": 0.64676,
        "ndcg_at_100": 0.65708,
        "ndcg_at_1000": 0.66144,
        "map_at_1": 0.38889,
        "map_at_3": 0.49383,
        "map_at_5": 0.51235,
        "map_at_10": 0.53709,
        "map_at_20": 0.54832,
        "map_at_100": 0.55048,
        "map_at_1000": 0.55059,
        "recall_at_1": 0.38889,
        "recall_at_3": 0.60494,
        "recall_at_5": 0.64198,
        "recall_at_10": 0.78395,
        "recall_at_20": 0.91358,
        "recall_at_100": 0.96296,
        "recall_at_1000": 1.0,
        "precision_at_1": 0.44444,
        "precision_at_3": 0.24691,
        "precision_at_5": 0.16296,
        "precision_at_10": 0.1037,
        "precision_at_20": 0.05926,
        "precision_at_100": 0.01259,
        "precision_at_1000": 0.0013,
        "mrr_at_1": 0.444444,
        "mrr_at_3": 0.567901,
        "mrr_at_5": 0.567901,
        "mrr_at_10": 0.583069,
        "mrr_at_20": 0.59165,
        "mrr_at_100": 0.592491,
        "mrr_at_1000": 0.592595,
        "nauc_ndcg_at_1_max": 0.226823,
        "nauc_ndcg_at_1_std": 0.111665,
        "nauc_ndcg_at_1_diff1": 0.244451,
        "nauc_ndcg_at_3_max": 0.34684,
        "nauc_ndcg_at_3_std": 0.157493,
        "nauc_ndcg_at_3_diff1": 0.168766,
        "nauc_ndcg_at_5_max": 0.34752,
        "nauc_ndcg_at_5_std": 0.173077,
        "nauc_ndcg_at_5_diff1": 0.132511,
        "nauc_ndcg_at_10_max": 0.420112,
        "nauc_ndcg_at_10_std": 0.259786,
        "nauc_ndcg_at_10_diff1": 0.153377,
        "nauc_ndcg_at_20_max": 0.37514,
        "nauc_ndcg_at_20_std": 0.2026,
        "nauc_ndcg_at_20_diff1": 0.180119,
        "nauc_ndcg_at_100_max": 0.367741,
        "nauc_ndcg_at_100_std": 0.202542,
        "nauc_ndcg_at_100_diff1": 0.176655,
        "nauc_ndcg_at_1000_max": 0.361074,
        "nauc_ndcg_at_1000_std": 0.204218,
        "nauc_ndcg_at_1000_diff1": 0.166405,
        "nauc_map_at_1_max": 0.128167,
        "nauc_map_at_1_std": 0.0788,
        "nauc_map_at_1_diff1": 0.113254,
        "nauc_map_at_3_max": 0.288762,
        "nauc_map_at_3_std": 0.115874,
        "nauc_map_at_3_diff1": 0.165496,
        "nauc_map_at_5_max": 0.288409,
        "nauc_map_at_5_std": 0.129144,
        "nauc_map_at_5_diff1": 0.132829,
        "nauc_map_at_10_max": 0.32824,
        "nauc_map_at_10_std": 0.178562,
        "nauc_map_at_10_diff1": 0.151278,
        "nauc_map_at_20_max": 0.315005,
        "nauc_map_at_20_std": 0.162732,
        "nauc_map_at_20_diff1": 0.155856,
        "nauc_map_at_100_max": 0.313493,
        "nauc_map_at_100_std": 0.163372,
        "nauc_map_at_100_diff1": 0.152693,
        "nauc_map_at_1000_max": 0.313349,
        "nauc_map_at_1000_std": 0.16339,
        "nauc_map_at_1000_diff1": 0.152492,
        "nauc_recall_at_1_max": 0.128167,
        "nauc_recall_at_1_std": 0.0788,
        "nauc_recall_at_1_diff1": 0.113254,
        "nauc_recall_at_3_max": 0.451898,
        "nauc_recall_at_3_std": 0.194144,
        "nauc_recall_at_3_diff1": 0.164146,
        "nauc_recall_at_5_max": 0.453694,
        "nauc_recall_at_5_std": 0.224731,
        "nauc_recall_at_5_diff1": 0.089965,
        "nauc_recall_at_10_max": 0.699599,
        "nauc_recall_at_10_std": 0.487783,
        "nauc_recall_at_10_diff1": 0.106217,
        "nauc_recall_at_20_max": 0.599368,
        "nauc_recall_at_20_std": 0.176672,
        "nauc_recall_at_20_diff1": 0.377585,
        "nauc_recall_at_100_max": 0.723262,
        "nauc_recall_at_100_std": 0.113206,
        "nauc_recall_at_100_diff1": 0.723262,
        "nauc_recall_at_1000_max": NaN,
        "nauc_recall_at_1000_std": NaN,
        "nauc_recall_at_1000_diff1": NaN,
        "nauc_precision_at_1_max": 0.226823,
        "nauc_precision_at_1_std": 0.111665,
        "nauc_precision_at_1_diff1": 0.244451,
        "nauc_precision_at_3_max": 0.566615,
        "nauc_precision_at_3_std": 0.21355,
        "nauc_precision_at_3_diff1": 0.25461,
        "nauc_precision_at_5_max": 0.379786,
        "nauc_precision_at_5_std": 0.180395,
        "nauc_precision_at_5_diff1": 0.076017,
        "nauc_precision_at_10_max": 0.507769,
        "nauc_precision_at_10_std": 0.424244,
        "nauc_precision_at_10_diff1": 0.099987,
        "nauc_precision_at_20_max": 0.401019,
        "nauc_precision_at_20_std": 0.314129,
        "nauc_precision_at_20_diff1": 0.132615,
        "nauc_precision_at_100_max": 0.295956,
        "nauc_precision_at_100_std": 0.278197,
        "nauc_precision_at_100_diff1": 0.052495,
        "nauc_precision_at_1000_max": 0.2553,
        "nauc_precision_at_1000_std": 0.293894,
        "nauc_precision_at_1000_diff1": -0.011324,
        "nauc_mrr_at_1_max": 0.226823,
        "nauc_mrr_at_1_std": 0.111665,
        "nauc_mrr_at_1_diff1": 0.244451,
        "nauc_mrr_at_3_max": 0.346838,
        "nauc_mrr_at_3_std": 0.205805,
        "nauc_mrr_at_3_diff1": 0.18007,
        "nauc_mrr_at_5_max": 0.346838,
        "nauc_mrr_at_5_std": 0.205805,
        "nauc_mrr_at_5_diff1": 0.18007,
        "nauc_mrr_at_10_max": 0.368626,
        "nauc_mrr_at_10_std": 0.22451,
        "nauc_mrr_at_10_diff1": 0.185709,
        "nauc_mrr_at_20_max": 0.354455,
        "nauc_mrr_at_20_std": 0.208027,
        "nauc_mrr_at_20_diff1": 0.194305,
        "nauc_mrr_at_100_max": 0.353874,
        "nauc_mrr_at_100_std": 0.207596,
        "nauc_mrr_at_100_diff1": 0.19537,
        "nauc_mrr_at_1000_max": 0.353744,
        "nauc_mrr_at_1000_std": 0.20763,
        "nauc_mrr_at_1000_diff1": 0.195184,
        "main_score": 0.61173,
        "hf_subset": "default",
        "languages": [
          "eng-Latn"
        ]
      }
    ]
  },
  "evaluation_time": 29.006237745285034,
  "kg_co2_emissions": null
}