{
  "dataset_revision": "5037d69d177c9628fb79cb57eea1299178b28c1b",
  "task_name": "PubChemSynonymPC",
  "mteb_version": "1.36.29",
  "scores": {
    "test": [
      {
        "similarity_accuracy": 0.941895,
        "similarity_accuracy_threshold": 0.770038,
        "similarity_f1": 0.625387,
        "similarity_f1_threshold": 0.739655,
        "similarity_precision": 0.848739,
        "similarity_recall": 0.495098,
        "similarity_ap": 0.616929,
        "cosine_accuracy": 0.941895,
        "cosine_accuracy_threshold": 0.770038,
        "cosine_f1": 0.625387,
        "cosine_f1_threshold": 0.739655,
        "cosine_precision": 0.848739,
        "cosine_recall": 0.495098,
        "cosine_ap": 0.616929,
        "manhattan_accuracy": 0.940918,
        "manhattan_accuracy_threshold": 326.694885,
        "manhattan_f1": 0.618297,
        "manhattan_f1_threshold": 326.694885,
        "manhattan_precision": 0.867257,
        "manhattan_recall": 0.480392,
        "manhattan_ap": 0.598105,
        "euclidean_accuracy": 0.940918,
        "euclidean_accuracy_threshold": 14.666445,
        "euclidean_f1": 0.61442,
        "euclidean_f1_threshold": 14.913376,
        "euclidean_precision": 0.852174,
        "euclidean_recall": 0.480392,
        "euclidean_ap": 0.596931,
        "dot_accuracy": 0.930664,
        "dot_accuracy_threshold": 377.3349,
        "dot_f1": 0.545455,
        "dot_f1_threshold": 340.314697,
        "dot_precision": 0.648649,
        "dot_recall": 0.470588,
        "dot_ap": 0.541254,
        "max_accuracy": 0.941895,
        "max_f1": 0.625387,
        "max_precision": 0.867257,
        "max_recall": 0.495098,
        "max_ap": 0.616929,
        "main_score": 0.616929,
        "hf_subset": "default",
        "languages": [
          "eng-Latn"
        ]
      }
    ]
  },
  "evaluation_time": 3.497653007507324,
  "kg_co2_emissions": null
}