{
  "dataset_revision": "8fae72a2c75530aaaac6920a02622490d923ca98",
  "task_name": "ChemRxivNC2",
  "mteb_version": "1.36.29",
  "scores": {
    "test": [
      {
        "ndcg_at_1": 0.7012,
        "ndcg_at_3": 0.7955,
        "ndcg_at_5": 0.81461,
        "ndcg_at_10": 0.82638,
        "ndcg_at_20": 0.83227,
        "ndcg_at_100": 0.83684,
        "ndcg_at_1000": 0.83803,
        "map_at_1": 0.7012,
        "map_at_3": 0.77303,
        "map_at_5": 0.78369,
        "map_at_10": 0.78866,
        "map_at_20": 0.79034,
        "map_at_100": 0.79102,
        "map_at_1000": 0.79107,
        "recall_at_1": 0.7012,
        "recall_at_3": 0.8602,
        "recall_at_5": 0.9064,
        "recall_at_10": 0.9422,
        "recall_at_20": 0.965,
        "recall_at_100": 0.989,
        "recall_at_1000": 0.9982,
        "precision_at_1": 0.7012,
        "precision_at_3": 0.28673,
        "precision_at_5": 0.18128,
        "precision_at_10": 0.09422,
        "precision_at_20": 0.04825,
        "precision_at_100": 0.00989,
        "precision_at_1000": 0.001,
        "mrr_at_1": 0.701,
        "mrr_at_3": 0.772867,
        "mrr_at_5": 0.783577,
        "mrr_at_10": 0.788568,
        "mrr_at_20": 0.79023,
        "mrr_at_100": 0.790907,
        "mrr_at_1000": 0.790957,
        "nauc_ndcg_at_1_max": 0.410804,
        "nauc_ndcg_at_1_std": -0.169265,
        "nauc_ndcg_at_1_diff1": 0.729899,
        "nauc_ndcg_at_3_max": 0.448816,
        "nauc_ndcg_at_3_std": -0.16182,
        "nauc_ndcg_at_3_diff1": 0.701824,
        "nauc_ndcg_at_5_max": 0.463593,
        "nauc_ndcg_at_5_std": -0.144882,
        "nauc_ndcg_at_5_diff1": 0.703566,
        "nauc_ndcg_at_10_max": 0.462279,
        "nauc_ndcg_at_10_std": -0.142428,
        "nauc_ndcg_at_10_diff1": 0.707474,
        "nauc_ndcg_at_20_max": 0.458128,
        "nauc_ndcg_at_20_std": -0.140501,
        "nauc_ndcg_at_20_diff1": 0.708805,
        "nauc_ndcg_at_100_max": 0.452048,
        "nauc_ndcg_at_100_std": -0.14489,
        "nauc_ndcg_at_100_diff1": 0.710578,
        "nauc_ndcg_at_1000_max": 0.449287,
        "nauc_ndcg_at_1000_std": -0.148837,
        "nauc_ndcg_at_1000_diff1": 0.710467,
        "nauc_map_at_1_max": 0.410804,
        "nauc_map_at_1_std": -0.169265,
        "nauc_map_at_1_diff1": 0.729899,
        "nauc_map_at_3_max": 0.437134,
        "nauc_map_at_3_std": -0.164284,
        "nauc_map_at_3_diff1": 0.708604,
        "nauc_map_at_5_max": 0.443888,
        "nauc_map_at_5_std": -0.156056,
        "nauc_map_at_5_diff1": 0.709623,
        "nauc_map_at_10_max": 0.442933,
        "nauc_map_at_10_std": -0.155684,
        "nauc_map_at_10_diff1": 0.711212,
        "nauc_map_at_20_max": 0.441899,
        "nauc_map_at_20_std": -0.155416,
        "nauc_map_at_20_diff1": 0.711564,
        "nauc_map_at_100_max": 0.441046,
        "nauc_map_at_100_std": -0.156029,
        "nauc_map_at_100_diff1": 0.711771,
        "nauc_map_at_1000_max": 0.440964,
        "nauc_map_at_1000_std": -0.156144,
        "nauc_map_at_1000_diff1": 0.711773,
        "nauc_recall_at_1_max": 0.410804,
        "nauc_recall_at_1_std": -0.169265,
        "nauc_recall_at_1_diff1": 0.729899,
        "nauc_recall_at_3_max": 0.499704,
        "nauc_recall_at_3_std": -0.15098,
        "nauc_recall_at_3_diff1": 0.67344,
        "nauc_recall_at_5_max": 0.584987,
        "nauc_recall_at_5_std": -0.073622,
        "nauc_recall_at_5_diff1": 0.669928,
        "nauc_recall_at_10_max": 0.648915,
        "nauc_recall_at_10_std": -0.006134,
        "nauc_recall_at_10_diff1": 0.680423,
        "nauc_recall_at_20_max": 0.697316,
        "nauc_recall_at_20_std": 0.117007,
        "nauc_recall_at_20_diff1": 0.684602,
        "nauc_recall_at_100_max": 0.81617,
        "nauc_recall_at_100_std": 0.384645,
        "nauc_recall_at_100_diff1": 0.758543,
        "nauc_recall_at_1000_max": 0.927378,
        "nauc_recall_at_1000_std": 0.563285,
        "nauc_recall_at_1000_diff1": 0.911038,
        "nauc_precision_at_1_max": 0.410804,
        "nauc_precision_at_1_std": -0.169265,
        "nauc_precision_at_1_diff1": 0.729899,
        "nauc_precision_at_3_max": 0.499704,
        "nauc_precision_at_3_std": -0.15098,
        "nauc_precision_at_3_diff1": 0.67344,
        "nauc_precision_at_5_max": 0.584987,
        "nauc_precision_at_5_std": -0.073622,
        "nauc_precision_at_5_diff1": 0.669928,
        "nauc_precision_at_10_max": 0.648915,
        "nauc_precision_at_10_std": -0.006134,
        "nauc_precision_at_10_diff1": 0.680423,
        "nauc_precision_at_20_max": 0.697316,
        "nauc_precision_at_20_std": 0.117007,
        "nauc_precision_at_20_diff1": 0.684602,
        "nauc_precision_at_100_max": 0.81617,
        "nauc_precision_at_100_std": 0.384645,
        "nauc_precision_at_100_diff1": 0.758543,
        "nauc_precision_at_1000_max": 0.927378,
        "nauc_precision_at_1000_std": 0.563285,
        "nauc_precision_at_1000_diff1": 0.911038,
        "nauc_mrr_at_1_max": 0.409166,
        "nauc_mrr_at_1_std": -0.17171,
        "nauc_mrr_at_1_diff1": 0.730265,
        "nauc_mrr_at_3_max": 0.43614,
        "nauc_mrr_at_3_std": -0.16617,
        "nauc_mrr_at_3_diff1": 0.70897,
        "nauc_mrr_at_5_max": 0.442798,
        "nauc_mrr_at_5_std": -0.157778,
        "nauc_mrr_at_5_diff1": 0.709908,
        "nauc_mrr_at_10_max": 0.441755,
        "nauc_mrr_at_10_std": -0.157545,
        "nauc_mrr_at_10_diff1": 0.71152,
        "nauc_mrr_at_20_max": 0.440766,
        "nauc_mrr_at_20_std": -0.157209,
        "nauc_mrr_at_20_diff1": 0.711859,
        "nauc_mrr_at_100_max": 0.439909,
        "nauc_mrr_at_100_std": -0.157826,
        "nauc_mrr_at_100_diff1": 0.712067,
        "nauc_mrr_at_1000_max": 0.439826,
        "nauc_mrr_at_1000_std": -0.157941,
        "nauc_mrr_at_1000_diff1": 0.712069,
        "main_score": 0.82638,
        "hf_subset": "default",
        "languages": [
          "eng-Latn"
        ]
      }
    ]
  },
  "evaluation_time": 175.30865049362183,
  "kg_co2_emissions": null
}