{
  "dataset_revision": "1840e8a5ac6ec752bbdd97d543ead0189bc7c25b",
  "task_name": "ChemHotpotQARetrieval",
  "mteb_version": "1.36.29",
  "scores": {
    "train": [
      {
        "ndcg_at_1": 0.78889,
        "ndcg_at_3": 0.82302,
        "ndcg_at_5": 0.84001,
        "ndcg_at_10": 0.85113,
        "ndcg_at_20": 0.85622,
        "ndcg_at_100": 0.86314,
        "ndcg_at_1000": 0.86464,
        "map_at_1": 0.77222,
        "map_at_3": 0.81065,
        "map_at_5": 0.82037,
        "map_at_10": 0.82515,
        "map_at_20": 0.82667,
        "map_at_100": 0.82796,
        "map_at_1000": 0.82803,
        "recall_at_1": 0.77222,
        "recall_at_3": 0.85,
        "recall_at_5": 0.89167,
        "recall_at_10": 0.925,
        "recall_at_20": 0.94444,
        "recall_at_100": 0.97778,
        "recall_at_1000": 0.98889,
        "precision_at_1": 0.78889,
        "precision_at_3": 0.29259,
        "precision_at_5": 0.18444,
        "precision_at_10": 0.09556,
        "precision_at_20": 0.04889,
        "precision_at_100": 0.01017,
        "precision_at_1000": 0.00103,
        "mrr_at_1": 0.788889,
        "mrr_at_3": 0.82037,
        "mrr_at_5": 0.828704,
        "mrr_at_10": 0.833488,
        "mrr_at_20": 0.834725,
        "mrr_at_100": 0.835605,
        "mrr_at_1000": 0.835675,
        "nauc_ndcg_at_1_max": 0.689048,
        "nauc_ndcg_at_1_std": -0.154232,
        "nauc_ndcg_at_1_diff1": 0.914922,
        "nauc_ndcg_at_3_max": 0.644402,
        "nauc_ndcg_at_3_std": -0.229496,
        "nauc_ndcg_at_3_diff1": 0.840169,
        "nauc_ndcg_at_5_max": 0.629968,
        "nauc_ndcg_at_5_std": -0.240076,
        "nauc_ndcg_at_5_diff1": 0.817202,
        "nauc_ndcg_at_10_max": 0.607923,
        "nauc_ndcg_at_10_std": -0.262527,
        "nauc_ndcg_at_10_diff1": 0.811193,
        "nauc_ndcg_at_20_max": 0.60545,
        "nauc_ndcg_at_20_std": -0.249476,
        "nauc_ndcg_at_20_diff1": 0.814399,
        "nauc_ndcg_at_100_max": 0.625424,
        "nauc_ndcg_at_100_std": -0.230778,
        "nauc_ndcg_at_100_diff1": 0.838069,
        "nauc_ndcg_at_1000_max": 0.625261,
        "nauc_ndcg_at_1000_std": -0.223027,
        "nauc_ndcg_at_1000_diff1": 0.841423,
        "nauc_map_at_1_max": 0.58483,
        "nauc_map_at_1_std": -0.240631,
        "nauc_map_at_1_diff1": 0.857732,
        "nauc_map_at_3_max": 0.632148,
        "nauc_map_at_3_std": -0.22558,
        "nauc_map_at_3_diff1": 0.830384,
        "nauc_map_at_5_max": 0.622498,
        "nauc_map_at_5_std": -0.236229,
        "nauc_map_at_5_diff1": 0.81847,
        "nauc_map_at_10_max": 0.614148,
        "nauc_map_at_10_std": -0.244426,
        "nauc_map_at_10_diff1": 0.816111,
        "nauc_map_at_20_max": 0.613599,
        "nauc_map_at_20_std": -0.241133,
        "nauc_map_at_20_diff1": 0.816914,
        "nauc_map_at_100_max": 0.6188,
        "nauc_map_at_100_std": -0.236641,
        "nauc_map_at_100_diff1": 0.822603,
        "nauc_map_at_1000_max": 0.618748,
        "nauc_map_at_1000_std": -0.236306,
        "nauc_map_at_1000_diff1": 0.822721,
        "nauc_recall_at_1_max": 0.58483,
        "nauc_recall_at_1_std": -0.240631,
        "nauc_recall_at_1_diff1": 0.857732,
        "nauc_recall_at_3_max": 0.618903,
        "nauc_recall_at_3_std": -0.283644,
        "nauc_recall_at_3_diff1": 0.79225,
        "nauc_recall_at_5_max": 0.566688,
        "nauc_recall_at_5_std": -0.320165,
        "nauc_recall_at_5_diff1": 0.695845,
        "nauc_recall_at_10_max": 0.407027,
        "nauc_recall_at_10_std": -0.476623,
        "nauc_recall_at_10_diff1": 0.600183,
        "nauc_recall_at_20_max": 0.319888,
        "nauc_recall_at_20_std": -0.432633,
        "nauc_recall_at_20_diff1": 0.566106,
        "nauc_recall_at_100_max": 0.353525,
        "nauc_recall_at_100_std": -0.30859,
        "nauc_recall_at_100_diff1": 0.777077,
        "nauc_recall_at_1000_max": 0.093371,
        "nauc_recall_at_1000_std": 0.24043,
        "nauc_recall_at_1000_diff1": 1.0,
        "nauc_precision_at_1_max": 0.689048,
        "nauc_precision_at_1_std": -0.154232,
        "nauc_precision_at_1_diff1": 0.914922,
        "nauc_precision_at_3_max": 0.646891,
        "nauc_precision_at_3_std": -0.086808,
        "nauc_precision_at_3_diff1": 0.646381,
        "nauc_precision_at_5_max": 0.537427,
        "nauc_precision_at_5_std": -0.076107,
        "nauc_precision_at_5_diff1": 0.459992,
        "nauc_precision_at_10_max": 0.420344,
        "nauc_precision_at_10_std": -0.113587,
        "nauc_precision_at_10_diff1": 0.324436,
        "nauc_precision_at_20_max": 0.295993,
        "nauc_precision_at_20_std": 0.002268,
        "nauc_precision_at_20_diff1": 0.189196,
        "nauc_precision_at_100_max": 0.321032,
        "nauc_precision_at_100_std": 0.301122,
        "nauc_precision_at_100_diff1": 0.156736,
        "nauc_precision_at_1000_max": 0.279755,
        "nauc_precision_at_1000_std": 0.464557,
        "nauc_precision_at_1000_diff1": 0.100682,
        "nauc_mrr_at_1_max": 0.689048,
        "nauc_mrr_at_1_std": -0.154232,
        "nauc_mrr_at_1_diff1": 0.914922,
        "nauc_mrr_at_3_max": 0.694087,
        "nauc_mrr_at_3_std": -0.18328,
        "nauc_mrr_at_3_diff1": 0.904332,
        "nauc_mrr_at_5_max": 0.690742,
        "nauc_mrr_at_5_std": -0.182118,
        "nauc_mrr_at_5_diff1": 0.896568,
        "nauc_mrr_at_10_max": 0.68416,
        "nauc_mrr_at_10_std": -0.188975,
        "nauc_mrr_at_10_diff1": 0.896508,
        "nauc_mrr_at_20_max": 0.684911,
        "nauc_mrr_at_20_std": -0.185106,
        "nauc_mrr_at_20_diff1": 0.89822,
        "nauc_mrr_at_100_max": 0.684835,
        "nauc_mrr_at_100_std": -0.184343,
        "nauc_mrr_at_100_diff1": 0.898312,
        "nauc_mrr_at_1000_max": 0.684811,
        "nauc_mrr_at_1000_std": -0.183973,
        "nauc_mrr_at_1000_diff1": 0.898468,
        "main_score": 0.85113,
        "hf_subset": "default",
        "languages": [
          "eng-Latn"
        ]
      }
    ],
    "dev": [
      {
        "ndcg_at_1": 0.875,
        "ndcg_at_3": 0.875,
        "ndcg_at_5": 0.875,
        "ndcg_at_10": 0.875,
        "ndcg_at_20": 0.875,
        "ndcg_at_100": 0.875,
        "ndcg_at_1000": 0.89199,
        "map_at_1": 0.875,
        "map_at_3": 0.875,
        "map_at_5": 0.875,
        "map_at_10": 0.875,
        "map_at_20": 0.875,
        "map_at_100": 0.875,
        "map_at_1000": 0.87577,
        "recall_at_1": 0.875,
        "recall_at_3": 0.875,
        "recall_at_5": 0.875,
        "recall_at_10": 0.875,
        "recall_at_20": 0.875,
        "recall_at_100": 0.875,
        "recall_at_1000": 1.0,
        "precision_at_1": 0.875,
        "precision_at_3": 0.29167,
        "precision_at_5": 0.175,
        "precision_at_10": 0.0875,
        "precision_at_20": 0.04375,
        "precision_at_100": 0.00875,
        "precision_at_1000": 0.001,
        "mrr_at_1": 0.875,
        "mrr_at_3": 0.875,
        "mrr_at_5": 0.875,
        "mrr_at_10": 0.875,
        "mrr_at_20": 0.875,
        "mrr_at_100": 0.875,
        "mrr_at_1000": 0.875767,
        "nauc_ndcg_at_1_max": 1.0,
        "nauc_ndcg_at_1_std": 0.363585,
        "nauc_ndcg_at_1_diff1": 0.865546,
        "nauc_ndcg_at_3_max": 1.0,
        "nauc_ndcg_at_3_std": 0.363585,
        "nauc_ndcg_at_3_diff1": 0.865546,
        "nauc_ndcg_at_5_max": 1.0,
        "nauc_ndcg_at_5_std": 0.363585,
        "nauc_ndcg_at_5_diff1": 0.865546,
        "nauc_ndcg_at_10_max": 1.0,
        "nauc_ndcg_at_10_std": 0.363585,
        "nauc_ndcg_at_10_diff1": 0.865546,
        "nauc_ndcg_at_20_max": 1.0,
        "nauc_ndcg_at_20_std": 0.363585,
        "nauc_ndcg_at_20_diff1": 0.865546,
        "nauc_ndcg_at_100_max": 1.0,
        "nauc_ndcg_at_100_std": 0.363585,
        "nauc_ndcg_at_100_diff1": 0.865546,
        "nauc_ndcg_at_1000_max": 1.0,
        "nauc_ndcg_at_1000_std": 0.363585,
        "nauc_ndcg_at_1000_diff1": 0.865546,
        "nauc_map_at_1_max": 1.0,
        "nauc_map_at_1_std": 0.363585,
        "nauc_map_at_1_diff1": 0.865546,
        "nauc_map_at_3_max": 1.0,