{
  "dataset_revision": "f33a205966ce032f957c3a22f4f9e378f89a2c56",
  "task_name": "PubChemAISentenceParaphrasePC",
  "mteb_version": "1.36.29",
  "scores": {
    "test": [
      {
        "similarity_accuracy": 0.979492,
        "similarity_accuracy_threshold": 0.860408,
        "similarity_f1": 0.893939,
        "similarity_f1_threshold": 0.860408,
        "similarity_precision": 0.926702,
        "similarity_recall": 0.863415,
        "similarity_ap": 0.934554,
        "cosine_accuracy": 0.979492,
        "cosine_accuracy_threshold": 0.860408,
        "cosine_f1": 0.893939,
        "cosine_f1_threshold": 0.860408,
        "cosine_precision": 0.926702,
        "cosine_recall": 0.863415,
        "cosine_ap": 0.934554,
        "manhattan_accuracy": 0.979492,
        "manhattan_accuracy_threshold": 204.391541,
        "manhattan_f1": 0.888889,
        "manhattan_f1_threshold": 204.391541,
        "manhattan_precision": 0.971098,
        "manhattan_recall": 0.819512,
        "manhattan_ap": 0.926277,
        "euclidean_accuracy": 0.97998,
        "euclidean_accuracy_threshold": 9.426829,
        "euclidean_f1": 0.89295,
        "euclidean_f1_threshold": 9.426829,
        "euclidean_precision": 0.960674,
        "euclidean_recall": 0.834146,
        "euclidean_ap": 0.926511,
        "dot_accuracy": 0.927734,
        "dot_accuracy_threshold": 320.056091,
        "dot_f1": 0.622426,
        "dot_f1_threshold": 289.926849,
        "dot_precision": 0.586207,
        "dot_recall": 0.663415,
        "dot_ap": 0.651086,
        "max_accuracy": 0.97998,
        "max_f1": 0.893939,
        "max_precision": 0.971098,
        "max_recall": 0.863415,
        "max_ap": 0.934554,
        "main_score": 0.934554,
        "hf_subset": "default",
        "languages": [
          "eng-Latn"
        ]
      }
    ]
  },
  "evaluation_time": 3.3309972286224365,
  "kg_co2_emissions": null
}