{
  "dataset_revision": "5d958fb6b31055495347724d46431ba41309b03a",
  "task_name": "ChemNQRetrieval",
  "mteb_version": "1.36.29",
  "scores": {
    "test": [
      {
        "ndcg_at_1": 0.44444,
        "ndcg_at_3": 0.48707,
        "ndcg_at_5": 0.50663,
        "ndcg_at_10": 0.58501,
        "ndcg_at_20": 0.60972,
        "ndcg_at_100": 0.62621,
        "ndcg_at_1000": 0.63123,
        "map_at_1": 0.3642,
        "map_at_3": 0.44753,
        "map_at_5": 0.46605,
        "map_at_10": 0.50425,
        "map_at_20": 0.51199,
        "map_at_100": 0.51445,
        "map_at_1000": 0.51467,
        "recall_at_1": 0.3642,
        "recall_at_3": 0.53086,
        "recall_at_5": 0.5679,
        "recall_at_10": 0.78395,
        "recall_at_20": 0.87654,
        "recall_at_100": 0.96296,
        "recall_at_1000": 1.0,
        "precision_at_1": 0.44444,
        "precision_at_3": 0.22222,
        "precision_at_5": 0.14815,
        "precision_at_10": 0.1037,
        "precision_at_20": 0.05741,
        "precision_at_100": 0.01259,
        "precision_at_1000": 0.0013,
        "mrr_at_1": 0.444444,
        "mrr_at_3": 0.524691,
        "mrr_at_5": 0.524691,
        "mrr_at_10": 0.552249,
        "mrr_at_20": 0.557804,
        "mrr_at_100": 0.559402,
        "mrr_at_1000": 0.559626,
        "nauc_ndcg_at_1_max": 0.399667,
        "nauc_ndcg_at_1_std": 0.305979,
        "nauc_ndcg_at_1_diff1": 0.587829,
        "nauc_ndcg_at_3_max": 0.303442,
        "nauc_ndcg_at_3_std": 0.182599,
        "nauc_ndcg_at_3_diff1": 0.391427,
        "nauc_ndcg_at_5_max": 0.326916,
        "nauc_ndcg_at_5_std": 0.174638,
        "nauc_ndcg_at_5_diff1": 0.399267,
        "nauc_ndcg_at_10_max": 0.41767,
        "nauc_ndcg_at_10_std": 0.201998,
        "nauc_ndcg_at_10_diff1": 0.402072,
        "nauc_ndcg_at_20_max": 0.436208,
        "nauc_ndcg_at_20_std": 0.229668,
        "nauc_ndcg_at_20_diff1": 0.461592,
        "nauc_ndcg_at_100_max": 0.401703,
        "nauc_ndcg_at_100_std": 0.208395,
        "nauc_ndcg_at_100_diff1": 0.443684,
        "nauc_ndcg_at_1000_max": 0.398566,
        "nauc_ndcg_at_1000_std": 0.224265,
        "nauc_ndcg_at_1000_diff1": 0.445434,
        "nauc_map_at_1_max": 0.343132,
        "nauc_map_at_1_std": 0.292108,
        "nauc_map_at_1_diff1": 0.439195,
        "nauc_map_at_3_max": 0.298156,
        "nauc_map_at_3_std": 0.195222,
        "nauc_map_at_3_diff1": 0.381982,
        "nauc_map_at_5_max": 0.320158,
        "nauc_map_at_5_std": 0.188107,
        "nauc_map_at_5_diff1": 0.389589,
        "nauc_map_at_10_max": 0.358724,
        "nauc_map_at_10_std": 0.196622,
        "nauc_map_at_10_diff1": 0.384686,
        "nauc_map_at_20_max": 0.365268,
        "nauc_map_at_20_std": 0.206448,
        "nauc_map_at_20_diff1": 0.402125,
        "nauc_map_at_100_max": 0.360699,
        "nauc_map_at_100_std": 0.204614,
        "nauc_map_at_100_diff1": 0.400679,
        "nauc_map_at_1000_max": 0.360557,
        "nauc_map_at_1000_std": 0.205178,
        "nauc_map_at_1000_diff1": 0.40071,
        "nauc_recall_at_1_max": 0.343132,
        "nauc_recall_at_1_std": 0.292108,
        "nauc_recall_at_1_diff1": 0.439195,
        "nauc_recall_at_3_max": 0.215171,
        "nauc_recall_at_3_std": 0.076787,
        "nauc_recall_at_3_diff1": 0.283643,
        "nauc_recall_at_5_max": 0.263737,
        "nauc_recall_at_5_std": 0.061986,
        "nauc_recall_at_5_diff1": 0.303164,
        "nauc_recall_at_10_max": 0.588546,
        "nauc_recall_at_10_std": 0.094223,
        "nauc_recall_at_10_diff1": 0.244335,
        "nauc_recall_at_20_max": 0.810167,
        "nauc_recall_at_20_std": 0.220845,
        "nauc_recall_at_20_diff1": 0.614825,
        "nauc_recall_at_100_max": 0.556079,
        "nauc_recall_at_100_std": -0.572623,
        "nauc_recall_at_100_diff1": 0.35755,
        "nauc_recall_at_1000_max": NaN,
        "nauc_recall_at_1000_std": NaN,
        "nauc_recall_at_1000_diff1": NaN,
        "nauc_precision_at_1_max": 0.399667,
        "nauc_precision_at_1_std": 0.305979,
        "nauc_precision_at_1_diff1": 0.587829,
        "nauc_precision_at_3_max": 0.27347,
        "nauc_precision_at_3_std": 0.045406,
        "nauc_precision_at_3_diff1": 0.324176,
        "nauc_precision_at_5_max": 0.258199,
        "nauc_precision_at_5_std": 0.011179,
        "nauc_precision_at_5_diff1": 0.254747,
        "nauc_precision_at_10_max": 0.411971,
        "nauc_precision_at_10_std": 0.103341,
        "nauc_precision_at_10_diff1": 0.271789,
        "nauc_precision_at_20_max": 0.463452,
        "nauc_precision_at_20_std": 0.183825,
        "nauc_precision_at_20_diff1": 0.433403,
        "nauc_precision_at_100_max": 0.248935,
        "nauc_precision_at_100_std": 0.085332,
        "nauc_precision_at_100_diff1": 0.308833,
        "nauc_precision_at_1000_max": 0.219713,
        "nauc_precision_at_1000_std": 0.147932,
        "nauc_precision_at_1000_diff1": 0.304197,
        "nauc_mrr_at_1_max": 0.399667,
        "nauc_mrr_at_1_std": 0.305979,
        "nauc_mrr_at_1_diff1": 0.587829,
        "nauc_mrr_at_3_max": 0.384715,
        "nauc_mrr_at_3_std": 0.261419,
        "nauc_mrr_at_3_diff1": 0.522017,
        "nauc_mrr_at_5_max": 0.384715,
        "nauc_mrr_at_5_std": 0.261419,
        "nauc_mrr_at_5_diff1": 0.522017,
        "nauc_mrr_at_10_max": 0.416909,
        "nauc_mrr_at_10_std": 0.273668,
        "nauc_mrr_at_10_diff1": 0.526615,
        "nauc_mrr_at_20_max": 0.41409,
        "nauc_mrr_at_20_std": 0.275232,
        "nauc_mrr_at_20_diff1": 0.532125,
        "nauc_mrr_at_100_max": 0.411435,
        "nauc_mrr_at_100_std": 0.273067,
        "nauc_mrr_at_100_diff1": 0.530468,
        "nauc_mrr_at_1000_max": 0.41133,
        "nauc_mrr_at_1000_std": 0.273678,
        "nauc_mrr_at_1000_diff1": 0.530593,
        "main_score": 0.58501,
        "hf_subset": "default",
        "languages": [
          "eng-Latn"
        ]
      }
    ]
  },
  "evaluation_time": 51.3421950340271,
  "kg_co2_emissions": null
}