{
  "dataset_revision": "7fb14716e4106b72f51a16e682e5cd2d67e9bd70",
  "task_name": "PubChemWikiParagraphsPC",
  "mteb_version": "1.36.29",
  "scores": {
    "test": [
      {
        "similarity_accuracy": 0.899414,
        "similarity_accuracy_threshold": 0.927372,
        "similarity_f1": 0.352113,
        "similarity_f1_threshold": 0.573325,
        "similarity_precision": 0.275482,
        "similarity_recall": 0.487805,
        "similarity_ap": 0.217589,
        "cosine_accuracy": 0.899414,
        "cosine_accuracy_threshold": 0.927372,
        "cosine_f1": 0.352113,
        "cosine_f1_threshold": 0.573325,
        "cosine_precision": 0.275482,
        "cosine_recall": 0.487805,
        "cosine_ap": 0.217589,
        "manhattan_accuracy": 0.899414,
        "manhattan_accuracy_threshold": 140.960403,
        "manhattan_f1": 0.350211,
        "manhattan_f1_threshold": 328.175964,
        "manhattan_precision": 0.30855,
        "manhattan_recall": 0.404878,
        "manhattan_ap": 0.234309,
        "euclidean_accuracy": 0.899414,
        "euclidean_accuracy_threshold": 6.420455,
        "euclidean_f1": 0.354486,
        "euclidean_f1_threshold": 14.775629,
        "euclidean_precision": 0.321429,
        "euclidean_recall": 0.395122,
        "euclidean_ap": 0.235955,
        "dot_accuracy": 0.899414,
        "dot_accuracy_threshold": 363.950073,
        "dot_f1": 0.235602,
        "dot_f1_threshold": 138.36084,
        "dot_precision": 0.143464,
        "dot_recall": 0.658537,
        "dot_ap": 0.13108,
        "max_accuracy": 0.899414,
        "max_f1": 0.354486,
        "max_precision": 0.321429,
        "max_recall": 0.658537,
        "max_ap": 0.235955,
        "main_score": 0.235955,
        "hf_subset": "default",
        "languages": [
          "eng-Latn"
        ]
      }
    ]
  },
  "evaluation_time": 3.74519681930542,
  "kg_co2_emissions": null
}