{
  "dataset_revision": "8fae72a2c75530aaaac6920a02622490d923ca98",
  "task_name": "ChemRxivRetrieval",
  "mteb_version": "1.36.29",
  "scores": {
    "test": [
      {
        "ndcg_at_1": 0.7932,
        "ndcg_at_3": 0.8716,
        "ndcg_at_5": 0.88245,
        "ndcg_at_10": 0.88951,
        "ndcg_at_20": 0.89247,
        "ndcg_at_100": 0.8948,
        "ndcg_at_1000": 0.8953,
        "map_at_1": 0.7932,
        "map_at_3": 0.85317,
        "map_at_5": 0.85923,
        "map_at_10": 0.86222,
        "map_at_20": 0.86305,
        "map_at_100": 0.86341,
        "map_at_1000": 0.86343,
        "recall_at_1": 0.7932,
        "recall_at_3": 0.9246,
        "recall_at_5": 0.9508,
        "recall_at_10": 0.9722,
        "recall_at_20": 0.9838,
        "recall_at_100": 0.9958,
        "recall_at_1000": 0.9998,
        "precision_at_1": 0.7932,
        "precision_at_3": 0.3082,
        "precision_at_5": 0.19016,
        "precision_at_10": 0.09722,
        "precision_at_20": 0.04919,
        "precision_at_100": 0.00996,
        "precision_at_1000": 0.001,
        "mrr_at_1": 0.7926,
        "mrr_at_3": 0.852867,
        "mrr_at_5": 0.858927,
        "mrr_at_10": 0.861922,
        "mrr_at_20": 0.86275,
        "mrr_at_100": 0.863108,
        "mrr_at_1000": 0.863126,
        "nauc_ndcg_at_1_max": 0.466317,
        "nauc_ndcg_at_1_std": -0.253407,
        "nauc_ndcg_at_1_diff1": 0.824147,
        "nauc_ndcg_at_3_max": 0.517532,
        "nauc_ndcg_at_3_std": -0.260963,
        "nauc_ndcg_at_3_diff1": 0.797571,
        "nauc_ndcg_at_5_max": 0.523514,
        "nauc_ndcg_at_5_std": -0.255724,
        "nauc_ndcg_at_5_diff1": 0.802965,
        "nauc_ndcg_at_10_max": 0.518907,
        "nauc_ndcg_at_10_std": -0.25136,
        "nauc_ndcg_at_10_diff1": 0.804798,
        "nauc_ndcg_at_20_max": 0.513811,
        "nauc_ndcg_at_20_std": -0.249109,
        "nauc_ndcg_at_20_diff1": 0.805979,
        "nauc_ndcg_at_100_max": 0.508623,
        "nauc_ndcg_at_100_std": -0.251267,
        "nauc_ndcg_at_100_diff1": 0.807839,
        "nauc_ndcg_at_1000_max": 0.506983,
        "nauc_ndcg_at_1000_std": -0.252674,
        "nauc_ndcg_at_1000_diff1": 0.807808,
        "nauc_map_at_1_max": 0.466317,
        "nauc_map_at_1_std": -0.253407,
        "nauc_map_at_1_diff1": 0.824147,
        "nauc_map_at_3_max": 0.50213,
        "nauc_map_at_3_std": -0.258875,
        "nauc_map_at_3_diff1": 0.805482,
        "nauc_map_at_5_max": 0.504464,
        "nauc_map_at_5_std": -0.256022,
        "nauc_map_at_5_diff1": 0.808383,
        "nauc_map_at_10_max": 0.502538,
        "nauc_map_at_10_std": -0.254474,
        "nauc_map_at_10_diff1": 0.809228,
        "nauc_map_at_20_max": 0.501236,
        "nauc_map_at_20_std": -0.253992,
        "nauc_map_at_20_diff1": 0.809505,
        "nauc_map_at_100_max": 0.500602,
        "nauc_map_at_100_std": -0.254282,
        "nauc_map_at_100_diff1": 0.809748,
        "nauc_map_at_1000_max": 0.500556,
        "nauc_map_at_1000_std": -0.254322,
        "nauc_map_at_1000_diff1": 0.809742,
        "nauc_recall_at_1_max": 0.466317,
        "nauc_recall_at_1_std": -0.253407,
        "nauc_recall_at_1_diff1": 0.824147,
        "nauc_recall_at_3_max": 0.598315,
        "nauc_recall_at_3_std": -0.271757,
        "nauc_recall_at_3_diff1": 0.756153,
        "nauc_recall_at_5_max": 0.671605,
        "nauc_recall_at_5_std": -0.25211,
        "nauc_recall_at_5_diff1": 0.76358,
        "nauc_recall_at_10_max": 0.73081,
        "nauc_recall_at_10_std": -0.201016,
        "nauc_recall_at_10_diff1": 0.751953,
        "nauc_recall_at_20_max": 0.761547,
        "nauc_recall_at_20_std": -0.109935,
        "nauc_recall_at_20_diff1": 0.743651,
        "nauc_recall_at_100_max": 0.829398,
        "nauc_recall_at_100_std": 0.034836,
        "nauc_recall_at_100_diff1": 0.790138,
        "nauc_recall_at_1000_max": 0.722222,
        "nauc_recall_at_1000_std": 0.122782,
        "nauc_recall_at_1000_diff1": 0.554155,
        "nauc_precision_at_1_max": 0.466317,
        "nauc_precision_at_1_std": -0.253407,
        "nauc_precision_at_1_diff1": 0.824147,
        "nauc_precision_at_3_max": 0.598315,
        "nauc_precision_at_3_std": -0.271757,
        "nauc_precision_at_3_diff1": 0.756153,
        "nauc_precision_at_5_max": 0.671605,
        "nauc_precision_at_5_std": -0.25211,
        "nauc_precision_at_5_diff1": 0.76358,
        "nauc_precision_at_10_max": 0.73081,
        "nauc_precision_at_10_std": -0.201016,
        "nauc_precision_at_10_diff1": 0.751953,
        "nauc_precision_at_20_max": 0.761547,
        "nauc_precision_at_20_std": -0.109935,
        "nauc_precision_at_20_diff1": 0.743651,
        "nauc_precision_at_100_max": 0.829398,
        "nauc_precision_at_100_std": 0.034836,
        "nauc_precision_at_100_diff1": 0.790138,
        "nauc_precision_at_1000_max": 0.722222,
        "nauc_precision_at_1000_std": 0.122782,
        "nauc_precision_at_1000_diff1": 0.554155,
        "nauc_mrr_at_1_max": 0.464875,
        "nauc_mrr_at_1_std": -0.25486,
        "nauc_mrr_at_1_diff1": 0.82541,
        "nauc_mrr_at_3_max": 0.501079,
        "nauc_mrr_at_3_std": -0.259868,
        "nauc_mrr_at_3_diff1": 0.806382,
        "nauc_mrr_at_5_max": 0.503361,
        "nauc_mrr_at_5_std": -0.257066,
        "nauc_mrr_at_5_diff1": 0.80932,
        "nauc_mrr_at_10_max": 0.501414,
        "nauc_mrr_at_10_std": -0.255544,
        "nauc_mrr_at_10_diff1": 0.810184,
        "nauc_mrr_at_20_max": 0.500106,
        "nauc_mrr_at_20_std": -0.255069,
        "nauc_mrr_at_20_diff1": 0.810467,
        "nauc_mrr_at_100_max": 0.49947,
        "nauc_mrr_at_100_std": -0.255362,
        "nauc_mrr_at_100_diff1": 0.810713,
        "nauc_mrr_at_1000_max": 0.499424,
        "nauc_mrr_at_1000_std": -0.255402,
        "nauc_mrr_at_1000_diff1": 0.810706,
        "main_score": 0.88951,
        "hf_subset": "default",
        "languages": [
          "eng-Latn"
        ]
      }
    ]
  },
  "evaluation_time": 187.63241696357727,
  "kg_co2_emissions": null
}