{
  "dataset_revision": "1840e8a5ac6ec752bbdd97d543ead0189bc7c25b",
  "task_name": "ChemHotpotQARetrieval",
  "mteb_version": "1.36.29",
  "scores": {
    "train": [
      {
        "ndcg_at_1": 0.73333,
        "ndcg_at_3": 0.77791,
        "ndcg_at_5": 0.7887,
        "ndcg_at_10": 0.80128,
        "ndcg_at_20": 0.81211,
        "ndcg_at_100": 0.82333,
        "ndcg_at_1000": 0.82615,
        "map_at_1": 0.71389,
        "map_at_3": 0.76296,
        "map_at_5": 0.76963,
        "map_at_10": 0.77483,
        "map_at_20": 0.77799,
        "map_at_100": 0.77952,
        "map_at_1000": 0.77962,
        "recall_at_1": 0.71389,
        "recall_at_3": 0.81111,
        "recall_at_5": 0.83611,
        "recall_at_10": 0.875,
        "recall_at_20": 0.91667,
        "recall_at_100": 0.97778,
        "recall_at_1000": 1.0,
        "precision_at_1": 0.73333,
        "precision_at_3": 0.27963,
        "precision_at_5": 0.17333,
        "precision_at_10": 0.09056,
        "precision_at_20": 0.0475,
        "precision_at_100": 0.01011,
        "precision_at_1000": 0.00104,
        "mrr_at_1": 0.733333,
        "mrr_at_3": 0.774074,
        "mrr_at_5": 0.779352,
        "mrr_at_10": 0.784552,
        "mrr_at_20": 0.78739,
        "mrr_at_100": 0.788916,
        "mrr_at_1000": 0.788969,
        "nauc_ndcg_at_1_max": 0.68689,
        "nauc_ndcg_at_1_std": 0.063209,
        "nauc_ndcg_at_1_diff1": 0.871795,
        "nauc_ndcg_at_3_max": 0.575565,
        "nauc_ndcg_at_3_std": -0.066524,
        "nauc_ndcg_at_3_diff1": 0.774453,
        "nauc_ndcg_at_5_max": 0.579584,
        "nauc_ndcg_at_5_std": -0.072445,
        "nauc_ndcg_at_5_diff1": 0.764858,
        "nauc_ndcg_at_10_max": 0.582979,
        "nauc_ndcg_at_10_std": -0.042336,
        "nauc_ndcg_at_10_diff1": 0.754249,
        "nauc_ndcg_at_20_max": 0.574932,
        "nauc_ndcg_at_20_std": -0.036736,
        "nauc_ndcg_at_20_diff1": 0.761292,
        "nauc_ndcg_at_100_max": 0.560005,
        "nauc_ndcg_at_100_std": -0.041579,
        "nauc_ndcg_at_100_diff1": 0.758672,
        "nauc_ndcg_at_1000_max": 0.582295,
        "nauc_ndcg_at_1000_std": -0.033399,
        "nauc_ndcg_at_1000_diff1": 0.772925,
        "nauc_map_at_1_max": 0.595918,
        "nauc_map_at_1_std": -0.019412,
        "nauc_map_at_1_diff1": 0.802254,
        "nauc_map_at_3_max": 0.581823,
        "nauc_map_at_3_std": -0.051481,
        "nauc_map_at_3_diff1": 0.77146,
        "nauc_map_at_5_max": 0.582886,
        "nauc_map_at_5_std": -0.057318,
        "nauc_map_at_5_diff1": 0.766766,
        "nauc_map_at_10_max": 0.584276,
        "nauc_map_at_10_std": -0.045353,
        "nauc_map_at_10_diff1": 0.762758,
        "nauc_map_at_20_max": 0.582161,
        "nauc_map_at_20_std": -0.043576,
        "nauc_map_at_20_diff1": 0.764754,
        "nauc_map_at_100_max": 0.580299,
        "nauc_map_at_100_std": -0.043374,
        "nauc_map_at_100_diff1": 0.764323,
        "nauc_map_at_1000_max": 0.58099,
        "nauc_map_at_1000_std": -0.043093,
        "nauc_map_at_1000_diff1": 0.764858,
        "nauc_recall_at_1_max": 0.595918,
        "nauc_recall_at_1_std": -0.019412,
        "nauc_recall_at_1_diff1": 0.802254,
        "nauc_recall_at_3_max": 0.495794,
        "nauc_recall_at_3_std": -0.164869,
        "nauc_recall_at_3_diff1": 0.709735,
        "nauc_recall_at_5_max": 0.500033,
        "nauc_recall_at_5_std": -0.18969,
        "nauc_recall_at_5_diff1": 0.674223,
        "nauc_recall_at_10_max": 0.493054,
        "nauc_recall_at_10_std": -0.088303,
        "nauc_recall_at_10_diff1": 0.601332,
        "nauc_recall_at_20_max": 0.388547,
        "nauc_recall_at_20_std": -0.069219,
        "nauc_recall_at_20_diff1": 0.581886,
        "nauc_recall_at_100_max": -0.676237,
        "nauc_recall_at_100_std": -0.452848,
        "nauc_recall_at_100_diff1": 0.010387,
        "nauc_recall_at_1000_max": NaN,
        "nauc_recall_at_1000_std": NaN,
        "nauc_recall_at_1000_diff1": NaN,
        "nauc_precision_at_1_max": 0.68689,
        "nauc_precision_at_1_std": 0.063209,
        "nauc_precision_at_1_diff1": 0.871795,
        "nauc_precision_at_3_max": 0.550439,
        "nauc_precision_at_3_std": 0.00029,
        "nauc_precision_at_3_diff1": 0.656368,
        "nauc_precision_at_5_max": 0.511833,
        "nauc_precision_at_5_std": -0.016037,
        "nauc_precision_at_5_diff1": 0.572887,
        "nauc_precision_at_10_max": 0.508891,
        "nauc_precision_at_10_std": 0.102879,
        "nauc_precision_at_10_diff1": 0.492583,
        "nauc_precision_at_20_max": 0.390947,
        "nauc_precision_at_20_std": 0.189807,
        "nauc_precision_at_20_diff1": 0.394381,
        "nauc_precision_at_100_max": 0.029169,
        "nauc_precision_at_100_std": 0.302183,
        "nauc_precision_at_100_diff1": 0.022705,
        "nauc_precision_at_1000_max": 0.392963,
        "nauc_precision_at_1000_std": 0.581854,
        "nauc_precision_at_1000_diff1": 0.161256,
        "nauc_mrr_at_1_max": 0.68689,
        "nauc_mrr_at_1_std": 0.063209,
        "nauc_mrr_at_1_diff1": 0.871795,
        "nauc_mrr_at_3_max": 0.635235,
        "nauc_mrr_at_3_std": -0.004186,
        "nauc_mrr_at_3_diff1": 0.839253,
        "nauc_mrr_at_5_max": 0.640679,
        "nauc_mrr_at_5_std": -0.001939,
        "nauc_mrr_at_5_diff1": 0.834566,
        "nauc_mrr_at_10_max": 0.643456,
        "nauc_mrr_at_10_std": 0.011737,
        "nauc_mrr_at_10_diff1": 0.831983,
        "nauc_mrr_at_20_max": 0.641975,
        "nauc_mrr_at_20_std": 0.012467,
        "nauc_mrr_at_20_diff1": 0.834677,
        "nauc_mrr_at_100_max": 0.640523,
        "nauc_mrr_at_100_std": 0.013123,
        "nauc_mrr_at_100_diff1": 0.834789,
        "nauc_mrr_at_1000_max": 0.640747,
        "nauc_mrr_at_1000_std": 0.013027,
        "nauc_mrr_at_1000_diff1": 0.834822,
        "main_score": 0.80128,
        "hf_subset": "default",
        "languages": [
          "eng-Latn"
        ]
      }
    ],
    "dev": [
      {
        "ndcg_at_1": 0.875,
        "ndcg_at_3": 0.875,
        "ndcg_at_5": 0.875,
        "ndcg_at_10": 0.875,
        "ndcg_at_20": 0.90699,
        "ndcg_at_100": 0.90699,
        "ndcg_at_1000": 0.90699,
        "map_at_1": 0.875,
        "map_at_3": 0.875,
        "map_at_5": 0.875,
        "map_at_10": 0.875,
        "map_at_20": 0.88393,
        "map_at_100": 0.88393,
        "map_at_1000": 0.88393,
        "recall_at_1": 0.875,
        "recall_at_3": 0.875,
        "recall_at_5": 0.875,
        "recall_at_10": 0.875,
        "recall_at_20": 1.0,
        "recall_at_100": 1.0,
        "recall_at_1000": 1.0,
        "precision_at_1": 0.875,
        "precision_at_3": 0.29167,
        "precision_at_5": 0.175,
        "precision_at_10": 0.0875,
        "precision_at_20": 0.05,
        "precision_at_100": 0.01,
        "precision_at_1000": 0.001,
        "mrr_at_1": 0.875,
        "mrr_at_3": 0.875,
        "mrr_at_5": 0.875,
        "mrr_at_10": 0.875,
        "mrr_at_20": 0.883929,
        "mrr_at_100": 0.883929,
        "mrr_at_1000": 0.883929,
        "nauc_ndcg_at_1_max": 1.0,
        "nauc_ndcg_at_1_std": -1.597199,
        "nauc_ndcg_at_1_diff1": 0.865546,
        "nauc_ndcg_at_3_max": 1.0,
        "nauc_ndcg_at_3_std": -1.597199,
        "nauc_ndcg_at_3_diff1": 0.865546,
        "nauc_ndcg_at_5_max": 1.0,
        "nauc_ndcg_at_5_std": -1.597199,
        "nauc_ndcg_at_5_diff1": 0.865546,
        "nauc_ndcg_at_10_max": 1.0,
        "nauc_ndcg_at_10_std": -1.597199,
        "nauc_ndcg_at_10_diff1": 0.865546,
        "nauc_ndcg_at_20_max": 1.0,
        "nauc_ndcg_at_20_std": -1.597199,
        "nauc_ndcg_at_20_diff1": 0.865546,
        "nauc_ndcg_at_100_max": 1.0,
        "nauc_ndcg_at_100_std": -1.597199,
        "nauc_ndcg_at_100_diff1": 0.865546,
        "nauc_ndcg_at_1000_max": 1.0,
        "nauc_ndcg_at_1000_std": -1.597199,
        "nauc_ndcg_at_1000_diff1": 0.865546,
        "nauc_map_at_1_max": 1.0,
        "nauc_map_at_1_std": -1.597199,
        "nauc_map_at_1_diff1": 0.865546,
        "nauc_map_at_3_max": 1.0,