{
  "dataset_revision": "1840e8a5ac6ec752bbdd97d543ead0189bc7c25b",
  "task_name": "ChemHotpotQARetrieval",
  "mteb_version": "1.36.29",
  "scores": {
    "train": [
      {
        "ndcg_at_1": 0.87778,
        "ndcg_at_3": 0.90382,
        "ndcg_at_5": 0.91051,
        "ndcg_at_10": 0.91769,
        "ndcg_at_20": 0.92151,
        "ndcg_at_100": 0.92225,
        "ndcg_at_1000": 0.92482,
        "map_at_1": 0.86111,
        "map_at_3": 0.89398,
        "map_at_5": 0.89759,
        "map_at_10": 0.90055,
        "map_at_20": 0.90182,
        "map_at_100": 0.90206,
        "map_at_1000": 0.90218,
        "recall_at_1": 0.86111,
        "recall_at_3": 0.925,
        "recall_at_5": 0.94167,
        "recall_at_10": 0.96389,
        "recall_at_20": 0.97778,
        "recall_at_100": 0.98056,
        "recall_at_1000": 1.0,
        "precision_at_1": 0.87778,
        "precision_at_3": 0.31852,
        "precision_at_5": 0.19444,
        "precision_at_10": 0.09944,
        "precision_at_20": 0.05056,
        "precision_at_100": 0.01017,
        "precision_at_1000": 0.00104,
        "mrr_at_1": 0.877778,
        "mrr_at_3": 0.901852,
        "mrr_at_5": 0.905463,
        "mrr_at_10": 0.908417,
        "mrr_at_20": 0.909319,
        "mrr_at_100": 0.909319,
        "mrr_at_1000": 0.90939,
        "nauc_ndcg_at_1_max": 0.367055,
        "nauc_ndcg_at_1_std": -0.681223,
        "nauc_ndcg_at_1_diff1": 0.877293,
        "nauc_ndcg_at_3_max": 0.204536,
        "nauc_ndcg_at_3_std": -0.849611,
        "nauc_ndcg_at_3_diff1": 0.753834,
        "nauc_ndcg_at_5_max": 0.189655,
        "nauc_ndcg_at_5_std": -0.838887,
        "nauc_ndcg_at_5_diff1": 0.735042,
        "nauc_ndcg_at_10_max": 0.15413,
        "nauc_ndcg_at_10_std": -0.791138,
        "nauc_ndcg_at_10_diff1": 0.717347,
        "nauc_ndcg_at_20_max": 0.127191,
        "nauc_ndcg_at_20_std": -0.819935,
        "nauc_ndcg_at_20_diff1": 0.711771,
        "nauc_ndcg_at_100_max": 0.145279,
        "nauc_ndcg_at_100_std": -0.810046,
        "nauc_ndcg_at_100_diff1": 0.734919,
        "nauc_ndcg_at_1000_max": 0.18537,
        "nauc_ndcg_at_1000_std": -0.803123,
        "nauc_ndcg_at_1000_diff1": 0.753322,
        "nauc_map_at_1_max": 0.190773,
        "nauc_map_at_1_std": -0.731789,
        "nauc_map_at_1_diff1": 0.762037,
        "nauc_map_at_3_max": 0.205209,
        "nauc_map_at_3_std": -0.828857,
        "nauc_map_at_3_diff1": 0.730881,
        "nauc_map_at_5_max": 0.198252,
        "nauc_map_at_5_std": -0.824275,
        "nauc_map_at_5_diff1": 0.721156,
        "nauc_map_at_10_max": 0.186373,
        "nauc_map_at_10_std": -0.806365,
        "nauc_map_at_10_diff1": 0.714742,
        "nauc_map_at_20_max": 0.180541,
        "nauc_map_at_20_std": -0.814045,
        "nauc_map_at_20_diff1": 0.713615,
        "nauc_map_at_100_max": 0.185337,
        "nauc_map_at_100_std": -0.811435,
        "nauc_map_at_100_diff1": 0.719582,
        "nauc_map_at_1000_max": 0.186854,
        "nauc_map_at_1000_std": -0.810911,
        "nauc_map_at_1000_diff1": 0.720918,
        "nauc_recall_at_1_max": 0.190773,
        "nauc_recall_at_1_std": -0.731789,
        "nauc_recall_at_1_diff1": 0.762037,
        "nauc_recall_at_3_max": 0.061331,
        "nauc_recall_at_3_std": -0.978888,
        "nauc_recall_at_3_diff1": 0.670038,
        "nauc_recall_at_5_max": -0.035725,
        "nauc_recall_at_5_std": -0.966853,
        "nauc_recall_at_5_diff1": 0.575764,
        "nauc_recall_at_10_max": -0.41927,
        "nauc_recall_at_10_std": -0.732421,
        "nauc_recall_at_10_diff1": 0.354916,
        "nauc_recall_at_20_max": -1.127218,
        "nauc_recall_at_20_std": -1.068394,
        "nauc_recall_at_20_diff1": 0.064659,
        "nauc_recall_at_100_max": -1.039683,
        "nauc_recall_at_100_std": -0.972456,
        "nauc_recall_at_100_diff1": 0.322462,
        "nauc_recall_at_1000_max": NaN,
        "nauc_recall_at_1000_std": NaN,
        "nauc_recall_at_1000_diff1": NaN,
        "nauc_precision_at_1_max": 0.367055,
        "nauc_precision_at_1_std": -0.681223,
        "nauc_precision_at_1_diff1": 0.877293,
        "nauc_precision_at_3_max": 0.25618,
        "nauc_precision_at_3_std": -0.533611,
        "nauc_precision_at_3_diff1": 0.400399,
        "nauc_precision_at_5_max": 0.228953,
        "nauc_precision_at_5_std": -0.441994,
        "nauc_precision_at_5_diff1": 0.287691,
        "nauc_precision_at_10_max": 0.109025,
        "nauc_precision_at_10_std": -0.139043,
        "nauc_precision_at_10_diff1": 0.071317,
        "nauc_precision_at_20_max": -0.033678,
        "nauc_precision_at_20_std": -0.076414,
        "nauc_precision_at_20_diff1": -0.117473,
        "nauc_precision_at_100_max": 0.100146,
        "nauc_precision_at_100_std": 0.062943,
        "nauc_precision_at_100_diff1": 0.027199,
        "nauc_precision_at_1000_max": 0.480701,
        "nauc_precision_at_1000_std": 0.42033,
        "nauc_precision_at_1000_diff1": 0.008778,
        "nauc_mrr_at_1_max": 0.367055,
        "nauc_mrr_at_1_std": -0.681223,
        "nauc_mrr_at_1_diff1": 0.877293,
        "nauc_mrr_at_3_max": 0.328076,
        "nauc_mrr_at_3_std": -0.767184,
        "nauc_mrr_at_3_diff1": 0.876437,
        "nauc_mrr_at_5_max": 0.325374,
        "nauc_mrr_at_5_std": -0.759873,
        "nauc_mrr_at_5_diff1": 0.871644,
        "nauc_mrr_at_10_max": 0.31676,
        "nauc_mrr_at_10_std": -0.738493,
        "nauc_mrr_at_10_diff1": 0.869675,
        "nauc_mrr_at_20_max": 0.310436,
        "nauc_mrr_at_20_std": -0.745478,
        "nauc_mrr_at_20_diff1": 0.868939,
        "nauc_mrr_at_100_max": 0.310436,
        "nauc_mrr_at_100_std": -0.745478,
        "nauc_mrr_at_100_diff1": 0.868939,
        "nauc_mrr_at_1000_max": 0.311042,
        "nauc_mrr_at_1000_std": -0.745472,
        "nauc_mrr_at_1000_diff1": 0.869097,
        "main_score": 0.91769,
        "hf_subset": "default",
        "languages": [
          "eng-Latn"
        ]
      }
    ],
    "dev": [
      {
        "ndcg_at_1": 0.875,
        "ndcg_at_3": 0.875,
        "ndcg_at_5": 0.875,
        "ndcg_at_10": 0.875,
        "ndcg_at_20": 0.90878,
        "ndcg_at_100": 0.90878,
        "ndcg_at_1000": 0.90878,
        "map_at_1": 0.875,
        "map_at_3": 0.875,
        "map_at_5": 0.875,
        "map_at_10": 0.875,
        "map_at_20": 0.88542,
        "map_at_100": 0.88542,
        "map_at_1000": 0.88542,
        "recall_at_1": 0.875,
        "recall_at_3": 0.875,
        "recall_at_5": 0.875,
        "recall_at_10": 0.875,
        "recall_at_20": 1.0,
        "recall_at_100": 1.0,
        "recall_at_1000": 1.0,
        "precision_at_1": 0.875,
        "precision_at_3": 0.29167,
        "precision_at_5": 0.175,
        "precision_at_10": 0.0875,
        "precision_at_20": 0.05,
        "precision_at_100": 0.01,
        "precision_at_1000": 0.001,
        "mrr_at_1": 0.875,
        "mrr_at_3": 0.875,
        "mrr_at_5": 0.875,
        "mrr_at_10": 0.875,
        "mrr_at_20": 0.885417,
        "mrr_at_100": 0.885417,
        "mrr_at_1000": 0.885417,
        "nauc_ndcg_at_1_max": 1.0,
        "nauc_ndcg_at_1_std": 0.363585,
        "nauc_ndcg_at_1_diff1": 1.0,
        "nauc_ndcg_at_3_max": 1.0,
        "nauc_ndcg_at_3_std": 0.363585,
        "nauc_ndcg_at_3_diff1": 1.0,
        "nauc_ndcg_at_5_max": 1.0,
        "nauc_ndcg_at_5_std": 0.363585,
        "nauc_ndcg_at_5_diff1": 1.0,
        "nauc_ndcg_at_10_max": 1.0,
        "nauc_ndcg_at_10_std": 0.363585,
        "nauc_ndcg_at_10_diff1": 1.0,
        "nauc_ndcg_at_20_max": 1.0,
        "nauc_ndcg_at_20_std": 0.363585,
        "nauc_ndcg_at_20_diff1": 1.0,
        "nauc_ndcg_at_100_max": 1.0,
        "nauc_ndcg_at_100_std": 0.363585,
        "nauc_ndcg_at_100_diff1": 1.0,
        "nauc_ndcg_at_1000_max": 1.0,
        "nauc_ndcg_at_1000_std": 0.363585,
        "nauc_ndcg_at_1000_diff1": 1.0,
        "nauc_map_at_1_max": 1.0,
        "nauc_map_at_1_std": 0.363585,
        "nauc_map_at_1_diff1": 1.0,
        "nauc_map_at_3_max": 1.0,
        "nauc_map_at_3_std": 0.363585,