{
  "dataset_revision": "c22ab2a51041ffd869aaddef7af8d8215647e41a",
  "task_name": "ArguAna",
  "mteb_version": "1.36.29",
  "scores": {
    "test": [
      {
        "ndcg_at_1": 0.24467,
        "ndcg_at_3": 0.3899,
        "ndcg_at_5": 0.44465,
        "ndcg_at_10": 0.49509,
        "ndcg_at_20": 0.52258,
        "ndcg_at_100": 0.5376,
        "ndcg_at_1000": 0.54091,
        "map_at_1": 0.24467,
        "map_at_3": 0.35408,
        "map_at_5": 0.38445,
        "map_at_10": 0.40529,
        "map_at_20": 0.41302,
        "map_at_100": 0.41525,
        "map_at_1000": 0.41538,
        "recall_at_1": 0.24467,
        "recall_at_3": 0.4936,
        "recall_at_5": 0.6266,
        "recall_at_10": 0.78236,
        "recall_at_20": 0.88976,
        "recall_at_100": 0.96871,
        "recall_at_1000": 0.99431,
        "precision_at_1": 0.24467,
        "precision_at_3": 0.16453,
        "precision_at_5": 0.12532,
        "precision_at_10": 0.07824,
        "precision_at_20": 0.04449,
        "precision_at_100": 0.00969,
        "precision_at_1000": 0.00099,
        "mrr_at_1": 0.247511,
        "mrr_at_3": 0.355263,
        "mrr_at_5": 0.385171,
        "mrr_at_10": 0.406331,
        "mrr_at_20": 0.413986,
        "mrr_at_100": 0.416218,
        "mrr_at_1000": 0.41635,
        "nauc_ndcg_at_1_max": -0.103717,
        "nauc_ndcg_at_1_std": -0.171349,
        "nauc_ndcg_at_1_diff1": 0.006199,
        "nauc_ndcg_at_3_max": -0.055944,
        "nauc_ndcg_at_3_std": -0.10895,
        "nauc_ndcg_at_3_diff1": -0.01914,
        "nauc_ndcg_at_5_max": -0.047663,
        "nauc_ndcg_at_5_std": -0.119656,
        "nauc_ndcg_at_5_diff1": -0.012595,
        "nauc_ndcg_at_10_max": -0.042625,
        "nauc_ndcg_at_10_std": -0.11471,
        "nauc_ndcg_at_10_diff1": -0.006863,
        "nauc_ndcg_at_20_max": -0.038089,
        "nauc_ndcg_at_20_std": -0.099075,
        "nauc_ndcg_at_20_diff1": -0.010435,
        "nauc_ndcg_at_100_max": -0.044197,
        "nauc_ndcg_at_100_std": -0.106854,
        "nauc_ndcg_at_100_diff1": -0.008094,
        "nauc_ndcg_at_1000_max": -0.051587,
        "nauc_ndcg_at_1000_std": -0.114469,
        "nauc_ndcg_at_1000_diff1": -0.010045,
        "nauc_map_at_1_max": -0.103717,
        "nauc_map_at_1_std": -0.171349,
        "nauc_map_at_1_diff1": 0.006199,
        "nauc_map_at_3_max": -0.068127,
        "nauc_map_at_3_std": -0.124739,
        "nauc_map_at_3_diff1": -0.014866,
        "nauc_map_at_5_max": -0.064538,
        "nauc_map_at_5_std": -0.131912,
        "nauc_map_at_5_diff1": -0.011616,
        "nauc_map_at_10_max": -0.063799,
        "nauc_map_at_10_std": -0.130839,
        "nauc_map_at_10_diff1": -0.010078,
        "nauc_map_at_20_max": -0.063284,
        "nauc_map_at_20_std": -0.127683,
        "nauc_map_at_20_diff1": -0.011326,
        "nauc_map_at_100_max": -0.064129,
        "nauc_map_at_100_std": -0.128621,
        "nauc_map_at_100_diff1": -0.011217,
        "nauc_map_at_1000_max": -0.064359,
        "nauc_map_at_1000_std": -0.128855,
        "nauc_map_at_1000_diff1": -0.011243,
        "nauc_recall_at_1_max": -0.103717,
        "nauc_recall_at_1_std": -0.171349,
        "nauc_recall_at_1_diff1": 0.006199,
        "nauc_recall_at_3_max": -0.021908,
        "nauc_recall_at_3_std": -0.064883,
        "nauc_recall_at_3_diff1": -0.030317,
        "nauc_recall_at_5_max": 0.007467,
        "nauc_recall_at_5_std": -0.081525,
        "nauc_recall_at_5_diff1": -0.013236,
        "nauc_recall_at_10_max": 0.061087,
        "nauc_recall_at_10_std": -0.038088,
        "nauc_recall_at_10_diff1": 0.017325,
        "nauc_recall_at_20_max": 0.192743,
        "nauc_recall_at_20_std": 0.179136,
        "nauc_recall_at_20_diff1": 0.010035,
        "nauc_recall_at_100_max": 0.502361,
        "nauc_recall_at_100_std": 0.521886,
        "nauc_recall_at_100_diff1": 0.17778,
        "nauc_recall_at_1000_max": 0.462223,
        "nauc_recall_at_1000_std": 0.76189,
        "nauc_recall_at_1000_diff1": 0.266789,
        "nauc_precision_at_1_max": -0.103717,
        "nauc_precision_at_1_std": -0.171349,
        "nauc_precision_at_1_diff1": 0.006199,
        "nauc_precision_at_3_max": -0.021908,
        "nauc_precision_at_3_std": -0.064883,
        "nauc_precision_at_3_diff1": -0.030317,
        "nauc_precision_at_5_max": 0.007467,
        "nauc_precision_at_5_std": -0.081525,
        "nauc_precision_at_5_diff1": -0.013236,
        "nauc_precision_at_10_max": 0.061087,
        "nauc_precision_at_10_std": -0.038088,
        "nauc_precision_at_10_diff1": 0.017325,
        "nauc_precision_at_20_max": 0.192743,
        "nauc_precision_at_20_std": 0.179136,
        "nauc_precision_at_20_diff1": 0.010035,
        "nauc_precision_at_100_max": 0.502361,
        "nauc_precision_at_100_std": 0.521886,
        "nauc_precision_at_100_diff1": 0.17778,
        "nauc_precision_at_1000_max": 0.462223,
        "nauc_precision_at_1000_std": 0.76189,
        "nauc_precision_at_1000_diff1": 0.266789,
        "nauc_mrr_at_1_max": -0.100764,
        "nauc_mrr_at_1_std": -0.168363,
        "nauc_mrr_at_1_diff1": -0.002837,
        "nauc_mrr_at_3_max": -0.069872,
        "nauc_mrr_at_3_std": -0.123798,
        "nauc_mrr_at_3_diff1": -0.022857,
        "nauc_mrr_at_5_max": -0.067964,
        "nauc_mrr_at_5_std": -0.132596,
        "nauc_mrr_at_5_diff1": -0.021146,
        "nauc_mrr_at_10_max": -0.066425,
        "nauc_mrr_at_10_std": -0.130477,
        "nauc_mrr_at_10_diff1": -0.019027,
        "nauc_mrr_at_20_max": -0.065856,
        "nauc_mrr_at_20_std": -0.127494,
        "nauc_mrr_at_20_diff1": -0.020409,
        "nauc_mrr_at_100_max": -0.066717,
        "nauc_mrr_at_100_std": -0.128427,
        "nauc_mrr_at_100_diff1": -0.020365,
        "nauc_mrr_at_1000_max": -0.066948,
        "nauc_mrr_at_1000_std": -0.12866,
        "nauc_mrr_at_1000_diff1": -0.020395,
        "main_score": 0.49509,
        "hf_subset": "default",
        "languages": [
          "eng-Latn"
        ]
      }
    ]
  },
  "evaluation_time": 37.46619439125061,
  "kg_co2_emissions": null
}