{
  "dataset_revision": "8fae72a2c75530aaaac6920a02622490d923ca98",
  "task_name": "ChemRxivRetrieval",
  "mteb_version": "1.36.29",
  "scores": {
    "test": [
      {
        "ndcg_at_1": 0.807,
        "ndcg_at_3": 0.87857,
        "ndcg_at_5": 0.88896,
        "ndcg_at_10": 0.89585,
        "ndcg_at_20": 0.89936,
        "ndcg_at_100": 0.90097,
        "ndcg_at_1000": 0.90154,
        "map_at_1": 0.807,
        "map_at_3": 0.86173,
        "map_at_5": 0.8675,
        "map_at_10": 0.8704,
        "map_at_20": 0.87137,
        "map_at_100": 0.8716,
        "map_at_1000": 0.87163,
        "recall_at_1": 0.807,
        "recall_at_3": 0.927,
        "recall_at_5": 0.9522,
        "recall_at_10": 0.9732,
        "recall_at_20": 0.987,
        "recall_at_100": 0.9956,
        "recall_at_1000": 1.0,
        "precision_at_1": 0.807,
        "precision_at_3": 0.309,
        "precision_at_5": 0.19044,
        "precision_at_10": 0.09732,
        "precision_at_20": 0.04935,
        "precision_at_100": 0.00996,
        "precision_at_1000": 0.001,
        "mrr_at_1": 0.8074,
        "mrr_at_3": 0.861967,
        "mrr_at_5": 0.867737,
        "mrr_at_10": 0.87063,
        "mrr_at_20": 0.871604,
        "mrr_at_100": 0.871835,
        "mrr_at_1000": 0.871859,
        "nauc_ndcg_at_1_max": 0.520531,
        "nauc_ndcg_at_1_std": -0.224166,
        "nauc_ndcg_at_1_diff1": 0.829124,
        "nauc_ndcg_at_3_max": 0.581466,
        "nauc_ndcg_at_3_std": -0.215762,
        "nauc_ndcg_at_3_diff1": 0.809621,
        "nauc_ndcg_at_5_max": 0.578688,
        "nauc_ndcg_at_5_std": -0.213344,
        "nauc_ndcg_at_5_diff1": 0.810637,
        "nauc_ndcg_at_10_max": 0.573828,
        "nauc_ndcg_at_10_std": -0.2146,
        "nauc_ndcg_at_10_diff1": 0.812471,
        "nauc_ndcg_at_20_max": 0.568103,
        "nauc_ndcg_at_20_std": -0.21521,
        "nauc_ndcg_at_20_diff1": 0.813583,
        "nauc_ndcg_at_100_max": 0.564412,
        "nauc_ndcg_at_100_std": -0.214856,
        "nauc_ndcg_at_100_diff1": 0.814272,
        "nauc_ndcg_at_1000_max": 0.562357,
        "nauc_ndcg_at_1000_std": -0.217402,
        "nauc_ndcg_at_1000_diff1": 0.815165,
        "nauc_map_at_1_max": 0.520531,
        "nauc_map_at_1_std": -0.224166,
        "nauc_map_at_1_diff1": 0.829124,
        "nauc_map_at_3_max": 0.561578,
        "nauc_map_at_3_std": -0.220199,
        "nauc_map_at_3_diff1": 0.815364,
        "nauc_map_at_5_max": 0.559478,
        "nauc_map_at_5_std": -0.218911,
        "nauc_map_at_5_diff1": 0.816062,
        "nauc_map_at_10_max": 0.557598,
        "nauc_map_at_10_std": -0.219461,
        "nauc_map_at_10_diff1": 0.816832,
        "nauc_map_at_20_max": 0.556219,
        "nauc_map_at_20_std": -0.219744,
        "nauc_map_at_20_diff1": 0.817114,
        "nauc_map_at_100_max": 0.555811,
        "nauc_map_at_100_std": -0.21972,
        "nauc_map_at_100_diff1": 0.817202,
        "nauc_map_at_1000_max": 0.555742,
        "nauc_map_at_1000_std": -0.219797,
        "nauc_map_at_1000_diff1": 0.817225,
        "nauc_recall_at_1_max": 0.520531,
        "nauc_recall_at_1_std": -0.224166,
        "nauc_recall_at_1_diff1": 0.829124,
        "nauc_recall_at_3_max": 0.685141,
        "nauc_recall_at_3_std": -0.191356,
        "nauc_recall_at_3_diff1": 0.78015,
        "nauc_recall_at_5_max": 0.723593,
        "nauc_recall_at_5_std": -0.169351,
        "nauc_recall_at_5_diff1": 0.770541,
        "nauc_recall_at_10_max": 0.776827,
        "nauc_recall_at_10_std": -0.149247,
        "nauc_recall_at_10_diff1": 0.75933,
        "nauc_recall_at_20_max": 0.826316,
        "nauc_recall_at_20_std": -0.089614,
        "nauc_recall_at_20_diff1": 0.734741,
        "nauc_recall_at_100_max": 0.89952,
        "nauc_recall_at_100_std": 0.20654,
        "nauc_recall_at_100_diff1": 0.656905,
        "nauc_recall_at_1000_max": NaN,
        "nauc_recall_at_1000_std": NaN,
        "nauc_recall_at_1000_diff1": NaN,
        "nauc_precision_at_1_max": 0.520531,
        "nauc_precision_at_1_std": -0.224166,
        "nauc_precision_at_1_diff1": 0.829124,
        "nauc_precision_at_3_max": 0.685141,
        "nauc_precision_at_3_std": -0.191356,
        "nauc_precision_at_3_diff1": 0.78015,
        "nauc_precision_at_5_max": 0.723593,
        "nauc_precision_at_5_std": -0.169351,
        "nauc_precision_at_5_diff1": 0.770541,
        "nauc_precision_at_10_max": 0.776827,
        "nauc_precision_at_10_std": -0.149247,
        "nauc_precision_at_10_diff1": 0.75933,
        "nauc_precision_at_20_max": 0.826316,
        "nauc_precision_at_20_std": -0.089614,
        "nauc_precision_at_20_diff1": 0.734741,
        "nauc_precision_at_100_max": 0.89952,
        "nauc_precision_at_100_std": 0.20654,
        "nauc_precision_at_100_diff1": 0.656905,
        "nauc_precision_at_1000_max": 1.0,
        "nauc_precision_at_1000_std": 1.0,
        "nauc_precision_at_1000_diff1": 1.0,
        "nauc_mrr_at_1_max": 0.5175,
        "nauc_mrr_at_1_std": -0.227729,
        "nauc_mrr_at_1_diff1": 0.828506,
        "nauc_mrr_at_3_max": 0.559428,
        "nauc_mrr_at_3_std": -0.222899,
        "nauc_mrr_at_3_diff1": 0.814849,
        "nauc_mrr_at_5_max": 0.557227,
        "nauc_mrr_at_5_std": -0.221733,
        "nauc_mrr_at_5_diff1": 0.815525,
        "nauc_mrr_at_10_max": 0.55529,
        "nauc_mrr_at_10_std": -0.22235,
        "nauc_mrr_at_10_diff1": 0.816283,
        "nauc_mrr_at_20_max": 0.553891,
        "nauc_mrr_at_20_std": -0.222656,
        "nauc_mrr_at_20_diff1": 0.816561,
        "nauc_mrr_at_100_max": 0.553478,
        "nauc_mrr_at_100_std": -0.222638,
        "nauc_mrr_at_100_diff1": 0.816648,
        "nauc_mrr_at_1000_max": 0.553409,
        "nauc_mrr_at_1000_std": -0.222716,
        "nauc_mrr_at_1000_diff1": 0.816671,
        "main_score": 0.89585,
        "hf_subset": "default",
        "languages": [
          "eng-Latn"
        ]
      }
    ]
  },
  "evaluation_time": 189.78216361999512,
  "kg_co2_emissions": null
}