{
  "dataset_revision": "5d958fb6b31055495347724d46431ba41309b03a",
  "task_name": "ChemNQRetrieval",
  "mteb_version": "1.36.29",
  "scores": {
    "test": [
      {
        "ndcg_at_1": 0.44444,
        "ndcg_at_3": 0.46977,
        "ndcg_at_5": 0.50883,
        "ndcg_at_10": 0.58286,
        "ndcg_at_20": 0.58812,
        "ndcg_at_100": 0.60579,
        "ndcg_at_1000": 0.61617,
        "map_at_1": 0.34568,
        "map_at_3": 0.4321,
        "map_at_5": 0.45617,
        "map_at_10": 0.49007,
        "map_at_20": 0.49202,
        "map_at_100": 0.49502,
        "map_at_1000": 0.49557,
        "recall_at_1": 0.34568,
        "recall_at_3": 0.51235,
        "recall_at_5": 0.60494,
        "recall_at_10": 0.82099,
        "recall_at_20": 0.83951,
        "recall_at_100": 0.92593,
        "recall_at_1000": 1.0,
        "precision_at_1": 0.44444,
        "precision_at_3": 0.22222,
        "precision_at_5": 0.15556,
        "precision_at_10": 0.10741,
        "precision_at_20": 0.05556,
        "precision_at_100": 0.01222,
        "precision_at_1000": 0.0013,
        "mrr_at_1": 0.444444,
        "mrr_at_3": 0.506173,
        "mrr_at_5": 0.52284,
        "mrr_at_10": 0.546091,
        "mrr_at_20": 0.546091,
        "mrr_at_100": 0.548495,
        "mrr_at_1000": 0.549037,
        "nauc_ndcg_at_1_max": 0.531827,
        "nauc_ndcg_at_1_std": 0.240882,
        "nauc_ndcg_at_1_diff1": 0.224001,
        "nauc_ndcg_at_3_max": 0.459263,
        "nauc_ndcg_at_3_std": 0.236979,
        "nauc_ndcg_at_3_diff1": 0.072285,
        "nauc_ndcg_at_5_max": 0.511042,
        "nauc_ndcg_at_5_std": 0.188491,
        "nauc_ndcg_at_5_diff1": 0.048849,
        "nauc_ndcg_at_10_max": 0.555784,
        "nauc_ndcg_at_10_std": 0.224368,
        "nauc_ndcg_at_10_diff1": 0.060805,
        "nauc_ndcg_at_20_max": 0.567775,
        "nauc_ndcg_at_20_std": 0.250793,
        "nauc_ndcg_at_20_diff1": 0.094733,
        "nauc_ndcg_at_100_max": 0.550044,
        "nauc_ndcg_at_100_std": 0.22034,
        "nauc_ndcg_at_100_diff1": 0.109436,
        "nauc_ndcg_at_1000_max": 0.540184,
        "nauc_ndcg_at_1000_std": 0.228546,
        "nauc_ndcg_at_1000_diff1": 0.109457,
        "nauc_map_at_1_max": 0.520158,
        "nauc_map_at_1_std": 0.222591,
        "nauc_map_at_1_diff1": 0.164221,
        "nauc_map_at_3_max": 0.435393,
        "nauc_map_at_3_std": 0.224867,
        "nauc_map_at_3_diff1": 0.062518,
        "nauc_map_at_5_max": 0.477023,
        "nauc_map_at_5_std": 0.193404,
        "nauc_map_at_5_diff1": 0.054385,
        "nauc_map_at_10_max": 0.502142,
        "nauc_map_at_10_std": 0.203224,
        "nauc_map_at_10_diff1": 0.062643,
        "nauc_map_at_20_max": 0.505783,
        "nauc_map_at_20_std": 0.211707,
        "nauc_map_at_20_diff1": 0.073674,
        "nauc_map_at_100_max": 0.503054,
        "nauc_map_at_100_std": 0.20764,
        "nauc_map_at_100_diff1": 0.077222,
        "nauc_map_at_1000_max": 0.50248,
        "nauc_map_at_1000_std": 0.207766,
        "nauc_map_at_1000_diff1": 0.076941,
        "nauc_recall_at_1_max": 0.520158,
        "nauc_recall_at_1_std": 0.222591,
        "nauc_recall_at_1_diff1": 0.164221,
        "nauc_recall_at_3_max": 0.399262,
        "nauc_recall_at_3_std": 0.230074,
        "nauc_recall_at_3_diff1": -0.008329,
        "nauc_recall_at_5_max": 0.497643,
        "nauc_recall_at_5_std": 0.104283,
        "nauc_recall_at_5_diff1": -0.084954,
        "nauc_recall_at_10_max": 0.699692,
        "nauc_recall_at_10_std": 0.214265,
        "nauc_recall_at_10_diff1": -0.19553,
        "nauc_recall_at_20_max": 0.78573,
        "nauc_recall_at_20_std": 0.379438,
        "nauc_recall_at_20_diff1": -0.004701,
        "nauc_recall_at_100_max": 0.77804,
        "nauc_recall_at_100_std": -0.008272,
        "nauc_recall_at_100_diff1": 0.07532,
        "nauc_recall_at_1000_max": NaN,
        "nauc_recall_at_1000_std": NaN,
        "nauc_recall_at_1000_diff1": NaN,
        "nauc_precision_at_1_max": 0.531827,
        "nauc_precision_at_1_std": 0.240882,
        "nauc_precision_at_1_diff1": 0.224001,
        "nauc_precision_at_3_max": 0.339636,
        "nauc_precision_at_3_std": 0.16349,
        "nauc_precision_at_3_diff1": 0.021081,
        "nauc_precision_at_5_max": 0.426246,
        "nauc_precision_at_5_std": 0.021908,
        "nauc_precision_at_5_diff1": -0.006867,
        "nauc_precision_at_10_max": 0.430486,
        "nauc_precision_at_10_std": 0.117841,
        "nauc_precision_at_10_diff1": 0.122518,
        "nauc_precision_at_20_max": 0.424874,
        "nauc_precision_at_20_std": 0.20806,
        "nauc_precision_at_20_diff1": 0.254408,
        "nauc_precision_at_100_max": 0.273553,
        "nauc_precision_at_100_std": 0.076795,
        "nauc_precision_at_100_diff1": 0.264628,
        "nauc_precision_at_1000_max": 0.177555,
        "nauc_precision_at_1000_std": 0.092983,
        "nauc_precision_at_1000_diff1": 0.300651,
        "nauc_mrr_at_1_max": 0.531827,
        "nauc_mrr_at_1_std": 0.240882,
        "nauc_mrr_at_1_diff1": 0.224001,
        "nauc_mrr_at_3_max": 0.544446,
        "nauc_mrr_at_3_std": 0.260163,
        "nauc_mrr_at_3_diff1": 0.179699,
        "nauc_mrr_at_5_max": 0.553233,
        "nauc_mrr_at_5_std": 0.25009,
        "nauc_mrr_at_5_diff1": 0.162474,
        "nauc_mrr_at_10_max": 0.554777,
        "nauc_mrr_at_10_std": 0.265642,
        "nauc_mrr_at_10_diff1": 0.166132,
        "nauc_mrr_at_20_max": 0.554777,
        "nauc_mrr_at_20_std": 0.265642,
        "nauc_mrr_at_20_diff1": 0.166132,
        "nauc_mrr_at_100_max": 0.552743,
        "nauc_mrr_at_100_std": 0.262052,
        "nauc_mrr_at_100_diff1": 0.170461,
        "nauc_mrr_at_1000_max": 0.55226,
        "nauc_mrr_at_1000_std": 0.262271,
        "nauc_mrr_at_1000_diff1": 0.170342,
        "main_score": 0.58286,
        "hf_subset": "default",
        "languages": [
          "eng-Latn"
        ]
      }
    ]
  },
  "evaluation_time": 51.46824264526367,
  "kg_co2_emissions": null
}