{
  "dataset_revision": "5037d69d177c9628fb79cb57eea1299178b28c1b",
  "task_name": "PubChemSynonymPC",
  "mteb_version": "1.36.29",
  "scores": {
    "test": [
      {
        "similarity_accuracy": 0.953125,
        "similarity_accuracy_threshold": 0.787594,
        "similarity_f1": 0.718663,
        "similarity_f1_threshold": 0.712626,
        "similarity_precision": 0.832258,
        "similarity_recall": 0.632353,
        "similarity_ap": 0.74127,
        "cosine_accuracy": 0.953125,
        "cosine_accuracy_threshold": 0.787594,
        "cosine_f1": 0.718663,
        "cosine_f1_threshold": 0.712626,
        "cosine_precision": 0.832258,
        "cosine_recall": 0.632353,
        "cosine_ap": 0.74127,
        "manhattan_accuracy": 0.953125,
        "manhattan_accuracy_threshold": 14.467346,
        "manhattan_f1": 0.716667,
        "manhattan_f1_threshold": 16.811604,
        "manhattan_precision": 0.826923,
        "manhattan_recall": 0.632353,
        "manhattan_ap": 0.740806,
        "euclidean_accuracy": 0.953125,
        "euclidean_accuracy_threshold": 0.651239,
        "euclidean_f1": 0.720222,
        "euclidean_f1_threshold": 0.760354,
        "euclidean_precision": 0.828025,
        "euclidean_recall": 0.637255,
        "euclidean_ap": 0.740981,
        "dot_accuracy": 0.953613,
        "dot_accuracy_threshold": 0.785676,
        "dot_f1": 0.716667,
        "dot_f1_threshold": 0.712034,
        "dot_precision": 0.826923,
        "dot_recall": 0.632353,
        "dot_ap": 0.741856,
        "max_accuracy": 0.953613,
        "max_f1": 0.720222,
        "max_precision": 0.832258,
        "max_recall": 0.637255,
        "max_ap": 0.741856,
        "main_score": 0.741856,
        "hf_subset": "default",
        "languages": [
          "eng-Latn"
        ]
      }
    ]
  },
  "evaluation_time": 3.184084892272949,
  "kg_co2_emissions": null
}