{
  "dataset_revision": "5d958fb6b31055495347724d46431ba41309b03a",
  "task_name": "ChemNQRetrieval",
  "mteb_version": "1.36.29",
  "scores": {
    "test": [
      {
        "ndcg_at_1": 0.48148,
        "ndcg_at_3": 0.55949,
        "ndcg_at_5": 0.60995,
        "ndcg_at_10": 0.61652,
        "ndcg_at_20": 0.64795,
        "ndcg_at_100": 0.65501,
        "ndcg_at_1000": 0.66873,
        "map_at_1": 0.38272,
        "map_at_3": 0.51543,
        "map_at_5": 0.54691,
        "map_at_10": 0.55062,
        "map_at_20": 0.56236,
        "map_at_100": 0.56336,
        "map_at_1000": 0.56402,
        "recall_at_1": 0.38272,
        "recall_at_3": 0.62346,
        "recall_at_5": 0.73457,
        "recall_at_10": 0.75309,
        "recall_at_20": 0.8642,
        "recall_at_100": 0.90123,
        "recall_at_1000": 1.0,
        "precision_at_1": 0.48148,
        "precision_at_3": 0.25926,
        "precision_at_5": 0.18519,
        "precision_at_10": 0.0963,
        "precision_at_20": 0.05556,
        "precision_at_100": 0.01148,
        "precision_at_1000": 0.0013,
        "mrr_at_1": 0.481481,
        "mrr_at_3": 0.58642,
        "mrr_at_5": 0.612346,
        "mrr_at_10": 0.612346,
        "mrr_at_20": 0.617637,
        "mrr_at_100": 0.618638,
        "mrr_at_1000": 0.619006,
        "nauc_ndcg_at_1_max": 0.381769,
        "nauc_ndcg_at_1_std": 0.104981,
        "nauc_ndcg_at_1_diff1": 0.325769,
        "nauc_ndcg_at_3_max": 0.277288,
        "nauc_ndcg_at_3_std": 0.097879,
        "nauc_ndcg_at_3_diff1": 0.027396,
        "nauc_ndcg_at_5_max": 0.294962,
        "nauc_ndcg_at_5_std": 0.07552,
        "nauc_ndcg_at_5_diff1": -0.023997,
        "nauc_ndcg_at_10_max": 0.312921,
        "nauc_ndcg_at_10_std": 0.068027,
        "nauc_ndcg_at_10_diff1": -0.032915,
        "nauc_ndcg_at_20_max": 0.344014,
        "nauc_ndcg_at_20_std": 0.134719,
        "nauc_ndcg_at_20_diff1": 0.067981,
        "nauc_ndcg_at_100_max": 0.333085,
        "nauc_ndcg_at_100_std": 0.122576,
        "nauc_ndcg_at_100_diff1": 0.059636,
        "nauc_ndcg_at_1000_max": 0.329029,
        "nauc_ndcg_at_1000_std": 0.107938,
        "nauc_ndcg_at_1000_diff1": 0.065693,
        "nauc_map_at_1_max": 0.258276,
        "nauc_map_at_1_std": 0.086109,
        "nauc_map_at_1_diff1": 0.126026,
        "nauc_map_at_3_max": 0.225939,
        "nauc_map_at_3_std": 0.055093,
        "nauc_map_at_3_diff1": 0.052233,
        "nauc_map_at_5_max": 0.249096,
        "nauc_map_at_5_std": 0.039485,
        "nauc_map_at_5_diff1": 0.022118,
        "nauc_map_at_10_max": 0.25779,
        "nauc_map_at_10_std": 0.035382,
        "nauc_map_at_10_diff1": 0.017897,
        "nauc_map_at_20_max": 0.277089,
        "nauc_map_at_20_std": 0.068167,
        "nauc_map_at_20_diff1": 0.046944,
        "nauc_map_at_100_max": 0.275574,
        "nauc_map_at_100_std": 0.06651,
        "nauc_map_at_100_diff1": 0.045889,
        "nauc_map_at_1000_max": 0.274697,
        "nauc_map_at_1000_std": 0.065257,
        "nauc_map_at_1000_diff1": 0.046083,
        "nauc_recall_at_1_max": 0.258276,
        "nauc_recall_at_1_std": 0.086109,
        "nauc_recall_at_1_diff1": 0.126026,
        "nauc_recall_at_3_max": 0.221274,
        "nauc_recall_at_3_std": 0.13048,
        "nauc_recall_at_3_diff1": -0.153456,
        "nauc_recall_at_5_max": 0.220533,
        "nauc_recall_at_5_std": 0.053476,
        "nauc_recall_at_5_diff1": -0.334534,
        "nauc_recall_at_10_max": 0.279049,
        "nauc_recall_at_10_std": 0.025886,
        "nauc_recall_at_10_diff1": -0.380284,
        "nauc_recall_at_20_max": 0.388161,
        "nauc_recall_at_20_std": 0.341441,
        "nauc_recall_at_20_diff1": 0.105272,
        "nauc_recall_at_100_max": 0.249654,
        "nauc_recall_at_100_std": 0.249654,
        "nauc_recall_at_100_diff1": 0.007184,
        "nauc_recall_at_1000_max": NaN,
        "nauc_recall_at_1000_std": NaN,
        "nauc_recall_at_1000_diff1": NaN,
        "nauc_precision_at_1_max": 0.381769,
        "nauc_precision_at_1_std": 0.104981,
        "nauc_precision_at_1_diff1": 0.325769,
        "nauc_precision_at_3_max": 0.29,
        "nauc_precision_at_3_std": 0.032422,
        "nauc_precision_at_3_diff1": 0.129797,
        "nauc_precision_at_5_max": 0.378395,
        "nauc_precision_at_5_std": 0.078297,
        "nauc_precision_at_5_diff1": -0.006024,
        "nauc_precision_at_10_max": 0.388753,
        "nauc_precision_at_10_std": 0.037766,
        "nauc_precision_at_10_diff1": -0.037424,
        "nauc_precision_at_20_max": 0.466307,
        "nauc_precision_at_20_std": 0.288083,
        "nauc_precision_at_20_diff1": 0.227162,
        "nauc_precision_at_100_max": 0.441116,
        "nauc_precision_at_100_std": 0.261811,
        "nauc_precision_at_100_diff1": 0.21438,
        "nauc_precision_at_1000_max": 0.319408,
        "nauc_precision_at_1000_std": 0.14539,
        "nauc_precision_at_1000_diff1": 0.359469,
        "nauc_mrr_at_1_max": 0.381769,
        "nauc_mrr_at_1_std": 0.104981,
        "nauc_mrr_at_1_diff1": 0.325769,
        "nauc_mrr_at_3_max": 0.429114,
        "nauc_mrr_at_3_std": 0.155639,
        "nauc_mrr_at_3_diff1": 0.178334,
        "nauc_mrr_at_5_max": 0.421833,
        "nauc_mrr_at_5_std": 0.150468,
        "nauc_mrr_at_5_diff1": 0.166291,
        "nauc_mrr_at_10_max": 0.421833,
        "nauc_mrr_at_10_std": 0.150468,
        "nauc_mrr_at_10_diff1": 0.166291,
        "nauc_mrr_at_20_max": 0.415448,
        "nauc_mrr_at_20_std": 0.1467,
        "nauc_mrr_at_20_diff1": 0.190278,
        "nauc_mrr_at_100_max": 0.414369,
        "nauc_mrr_at_100_std": 0.145265,
        "nauc_mrr_at_100_diff1": 0.189691,
        "nauc_mrr_at_1000_max": 0.413851,
        "nauc_mrr_at_1000_std": 0.1444,
        "nauc_mrr_at_1000_diff1": 0.188823,
        "main_score": 0.61652,
        "hf_subset": "default",
        "languages": [
          "eng-Latn"
        ]
      }
    ]
  },
  "evaluation_time": 49.697638750076294,
  "kg_co2_emissions": null
}