{
  "dataset_revision": "c22ab2a51041ffd869aaddef7af8d8215647e41a",
  "task_name": "ArguAna",
  "mteb_version": "1.36.29",
  "scores": {
    "test": [
      {
        "ndcg_at_1": 0.25818,
        "ndcg_at_3": 0.41113,
        "ndcg_at_5": 0.45799,
        "ndcg_at_10": 0.51084,
        "ndcg_at_20": 0.5363,
        "ndcg_at_100": 0.55213,
        "ndcg_at_1000": 0.55443,
        "map_at_1": 0.25818,
        "map_at_3": 0.37376,
        "map_at_5": 0.39975,
        "map_at_10": 0.42165,
        "map_at_20": 0.42879,
        "map_at_100": 0.43117,
        "map_at_1000": 0.43127,
        "recall_at_1": 0.25818,
        "recall_at_3": 0.5192,
        "recall_at_5": 0.633,
        "recall_at_10": 0.79587,
        "recall_at_20": 0.89545,
        "recall_at_100": 0.97795,
        "recall_at_1000": 0.99502,
        "precision_at_1": 0.25818,
        "precision_at_3": 0.17307,
        "precision_at_5": 0.1266,
        "precision_at_10": 0.07959,
        "precision_at_20": 0.04477,
        "precision_at_100": 0.00978,
        "precision_at_1000": 0.001,
        "mrr_at_1": 0.260313,
        "mrr_at_3": 0.374467,
        "mrr_at_5": 0.400605,
        "mrr_at_10": 0.422651,
        "mrr_at_20": 0.429682,
        "mrr_at_100": 0.432029,
        "mrr_at_1000": 0.432135,
        "nauc_ndcg_at_1_max": -0.118317,
        "nauc_ndcg_at_1_std": -0.168204,
        "nauc_ndcg_at_1_diff1": 0.029648,
        "nauc_ndcg_at_3_max": -0.068789,
        "nauc_ndcg_at_3_std": -0.13853,
        "nauc_ndcg_at_3_diff1": -0.005713,
        "nauc_ndcg_at_5_max": -0.067388,
        "nauc_ndcg_at_5_std": -0.131567,
        "nauc_ndcg_at_5_diff1": -0.022727,
        "nauc_ndcg_at_10_max": -0.055682,
        "nauc_ndcg_at_10_std": -0.124585,
        "nauc_ndcg_at_10_diff1": -0.007334,
        "nauc_ndcg_at_20_max": -0.042032,
        "nauc_ndcg_at_20_std": -0.108008,
        "nauc_ndcg_at_20_diff1": -0.000358,
        "nauc_ndcg_at_100_max": -0.061892,
        "nauc_ndcg_at_100_std": -0.11939,
        "nauc_ndcg_at_100_diff1": -0.000805,
        "nauc_ndcg_at_1000_max": -0.065273,
        "nauc_ndcg_at_1000_std": -0.124997,
        "nauc_ndcg_at_1000_diff1": -0.001924,
        "nauc_map_at_1_max": -0.118317,
        "nauc_map_at_1_std": -0.168204,
        "nauc_map_at_1_diff1": 0.029648,
        "nauc_map_at_3_max": -0.083138,
        "nauc_map_at_3_std": -0.145508,
        "nauc_map_at_3_diff1": -0.000497,
        "nauc_map_at_5_max": -0.0823,
        "nauc_map_at_5_std": -0.141544,
        "nauc_map_at_5_diff1": -0.009197,
        "nauc_map_at_10_max": -0.078049,
        "nauc_map_at_10_std": -0.139031,
        "nauc_map_at_10_diff1": -0.002297,
        "nauc_map_at_20_max": -0.075068,
        "nauc_map_at_20_std": -0.1355,
        "nauc_map_at_20_diff1": -0.000376,
        "nauc_map_at_100_max": -0.077714,
        "nauc_map_at_100_std": -0.136952,
        "nauc_map_at_100_diff1": -0.000432,
        "nauc_map_at_1000_max": -0.077814,
        "nauc_map_at_1000_std": -0.137169,
        "nauc_map_at_1000_diff1": -0.000443,
        "nauc_recall_at_1_max": -0.118317,
        "nauc_recall_at_1_std": -0.168204,
        "nauc_recall_at_1_diff1": 0.029648,
        "nauc_recall_at_3_max": -0.027207,
        "nauc_recall_at_3_std": -0.118829,
        "nauc_recall_at_3_diff1": -0.019208,
        "nauc_recall_at_5_max": -0.0194,
        "nauc_recall_at_5_std": -0.099365,
        "nauc_recall_at_5_diff1": -0.067478,
        "nauc_recall_at_10_max": 0.057141,
        "nauc_recall_at_10_std": -0.051797,
        "nauc_recall_at_10_diff1": -0.025623,
        "nauc_recall_at_20_max": 0.282071,
        "nauc_recall_at_20_std": 0.175641,
        "nauc_recall_at_20_diff1": 0.025239,
        "nauc_recall_at_100_max": 0.324447,
        "nauc_recall_at_100_std": 0.532817,
        "nauc_recall_at_100_diff1": 0.09569,
        "nauc_recall_at_1000_max": 0.33571,
        "nauc_recall_at_1000_std": 0.727874,
        "nauc_recall_at_1000_diff1": -0.059776,
        "nauc_precision_at_1_max": -0.118317,
        "nauc_precision_at_1_std": -0.168204,
        "nauc_precision_at_1_diff1": 0.029648,
        "nauc_precision_at_3_max": -0.027207,
        "nauc_precision_at_3_std": -0.118829,
        "nauc_precision_at_3_diff1": -0.019208,
        "nauc_precision_at_5_max": -0.0194,
        "nauc_precision_at_5_std": -0.099365,
        "nauc_precision_at_5_diff1": -0.067478,
        "nauc_precision_at_10_max": 0.057141,
        "nauc_precision_at_10_std": -0.051797,
        "nauc_precision_at_10_diff1": -0.025623,
        "nauc_precision_at_20_max": 0.282071,
        "nauc_precision_at_20_std": 0.175641,
        "nauc_precision_at_20_diff1": 0.025239,
        "nauc_precision_at_100_max": 0.324447,
        "nauc_precision_at_100_std": 0.532817,
        "nauc_precision_at_100_diff1": 0.09569,
        "nauc_precision_at_1000_max": 0.33571,
        "nauc_precision_at_1000_std": 0.727874,
        "nauc_precision_at_1000_diff1": -0.059776,
        "nauc_mrr_at_1_max": -0.117048,
        "nauc_mrr_at_1_std": -0.162129,
        "nauc_mrr_at_1_diff1": 0.022935,
        "nauc_mrr_at_3_max": -0.086271,
        "nauc_mrr_at_3_std": -0.144425,
        "nauc_mrr_at_3_diff1": -0.007772,
        "nauc_mrr_at_5_max": -0.083935,
        "nauc_mrr_at_5_std": -0.139696,
        "nauc_mrr_at_5_diff1": -0.015076,
        "nauc_mrr_at_10_max": -0.079465,
        "nauc_mrr_at_10_std": -0.13664,
        "nauc_mrr_at_10_diff1": -0.008514,
        "nauc_mrr_at_20_max": -0.077103,
        "nauc_mrr_at_20_std": -0.133514,
        "nauc_mrr_at_20_diff1": -0.006986,
        "nauc_mrr_at_100_max": -0.079659,
        "nauc_mrr_at_100_std": -0.135009,
        "nauc_mrr_at_100_diff1": -0.007001,
        "nauc_mrr_at_1000_max": -0.079759,
        "nauc_mrr_at_1000_std": -0.135225,
        "nauc_mrr_at_1000_diff1": -0.007014,
        "main_score": 0.51084,
        "hf_subset": "default",
        "languages": [
          "eng-Latn"
        ]
      }
    ]
  },
  "evaluation_time": 27.571616411209106,
  "kg_co2_emissions": null
}