{
  "dataset_revision": "5d958fb6b31055495347724d46431ba41309b03a",
  "task_name": "ChemNQRetrieval",
  "mteb_version": "1.36.29",
  "scores": {
    "test": [
      {
        "ndcg_at_1": 0.44444,
        "ndcg_at_3": 0.46624,
        "ndcg_at_5": 0.52324,
        "ndcg_at_10": 0.57241,
        "ndcg_at_20": 0.60254,
        "ndcg_at_100": 0.621,
        "ndcg_at_1000": 0.62608,
        "map_at_1": 0.34568,
        "map_at_3": 0.42901,
        "map_at_5": 0.46975,
        "map_at_10": 0.49035,
        "map_at_20": 0.50072,
        "map_at_100": 0.50424,
        "map_at_1000": 0.50447,
        "recall_at_1": 0.34568,
        "recall_at_3": 0.49383,
        "recall_at_5": 0.62346,
        "recall_at_10": 0.76543,
        "recall_at_20": 0.87654,
        "recall_at_100": 0.96296,
        "recall_at_1000": 1.0,
        "precision_at_1": 0.44444,
        "precision_at_3": 0.20988,
        "precision_at_5": 0.16296,
        "precision_at_10": 0.1,
        "precision_at_20": 0.05741,
        "precision_at_100": 0.01259,
        "precision_at_1000": 0.0013,
        "mrr_at_1": 0.444444,
        "mrr_at_3": 0.518519,
        "mrr_at_5": 0.533333,
        "mrr_at_10": 0.553836,
        "mrr_at_20": 0.558774,
        "mrr_at_100": 0.561567,
        "mrr_at_1000": 0.561804,
        "nauc_ndcg_at_1_max": 0.413965,
        "nauc_ndcg_at_1_std": 0.172693,
        "nauc_ndcg_at_1_diff1": 0.421622,
        "nauc_ndcg_at_3_max": 0.377581,
        "nauc_ndcg_at_3_std": 0.172999,
        "nauc_ndcg_at_3_diff1": 0.18821,
        "nauc_ndcg_at_5_max": 0.447602,
        "nauc_ndcg_at_5_std": 0.115482,
        "nauc_ndcg_at_5_diff1": 0.138761,
        "nauc_ndcg_at_10_max": 0.448112,
        "nauc_ndcg_at_10_std": 0.121959,
        "nauc_ndcg_at_10_diff1": 0.131735,
        "nauc_ndcg_at_20_max": 0.490668,
        "nauc_ndcg_at_20_std": 0.184788,
        "nauc_ndcg_at_20_diff1": 0.217708,
        "nauc_ndcg_at_100_max": 0.457454,
        "nauc_ndcg_at_100_std": 0.145502,
        "nauc_ndcg_at_100_diff1": 0.211718,
        "nauc_ndcg_at_1000_max": 0.451972,
        "nauc_ndcg_at_1000_std": 0.160311,
        "nauc_ndcg_at_1000_diff1": 0.219705,
        "nauc_map_at_1_max": 0.470784,
        "nauc_map_at_1_std": 0.168464,
        "nauc_map_at_1_diff1": 0.355356,
        "nauc_map_at_3_max": 0.386141,
        "nauc_map_at_3_std": 0.157594,
        "nauc_map_at_3_diff1": 0.198598,
        "nauc_map_at_5_max": 0.426264,
        "nauc_map_at_5_std": 0.118188,
        "nauc_map_at_5_diff1": 0.171734,
        "nauc_map_at_10_max": 0.422869,
        "nauc_map_at_10_std": 0.116556,
        "nauc_map_at_10_diff1": 0.168165,
        "nauc_map_at_20_max": 0.438649,
        "nauc_map_at_20_std": 0.14432,
        "nauc_map_at_20_diff1": 0.198488,
        "nauc_map_at_100_max": 0.433069,
        "nauc_map_at_100_std": 0.138392,
        "nauc_map_at_100_diff1": 0.197628,
        "nauc_map_at_1000_max": 0.432846,
        "nauc_map_at_1000_std": 0.13894,
        "nauc_map_at_1000_diff1": 0.197916,
        "nauc_recall_at_1_max": 0.470784,
        "nauc_recall_at_1_std": 0.168464,
        "nauc_recall_at_1_diff1": 0.355356,
        "nauc_recall_at_3_max": 0.316849,
        "nauc_recall_at_3_std": 0.179729,
        "nauc_recall_at_3_diff1": 0.064251,
        "nauc_recall_at_5_max": 0.492724,
        "nauc_recall_at_5_std": 0.041276,
        "nauc_recall_at_5_diff1": -0.084748,
        "nauc_recall_at_10_max": 0.477656,
        "nauc_recall_at_10_std": 0.00607,
        "nauc_recall_at_10_diff1": -0.256899,
        "nauc_recall_at_20_max": 0.844052,
        "nauc_recall_at_20_std": 0.335229,
        "nauc_recall_at_20_diff1": 0.14624,
        "nauc_recall_at_100_max": 0.723262,
        "nauc_recall_at_100_std": -0.572623,
        "nauc_recall_at_100_diff1": -0.175564,
        "nauc_recall_at_1000_max": NaN,
        "nauc_recall_at_1000_std": NaN,
        "nauc_recall_at_1000_diff1": NaN,
        "nauc_precision_at_1_max": 0.413965,
        "nauc_precision_at_1_std": 0.172693,
        "nauc_precision_at_1_diff1": 0.421622,
        "nauc_precision_at_3_max": 0.253925,
        "nauc_precision_at_3_std": 0.10341,
        "nauc_precision_at_3_diff1": 0.082976,
        "nauc_precision_at_5_max": 0.287474,
        "nauc_precision_at_5_std": -0.05594,
        "nauc_precision_at_5_diff1": -0.043129,
        "nauc_precision_at_10_max": 0.238629,
        "nauc_precision_at_10_std": -0.036104,
        "nauc_precision_at_10_diff1": -0.031538,
        "nauc_precision_at_20_max": 0.330778,
        "nauc_precision_at_20_std": 0.200374,
        "nauc_precision_at_20_diff1": 0.279678,
        "nauc_precision_at_100_max": 0.127758,
        "nauc_precision_at_100_std": 0.038694,
        "nauc_precision_at_100_diff1": 0.239187,
        "nauc_precision_at_1000_max": 0.071099,
        "nauc_precision_at_1000_std": 0.096857,
        "nauc_precision_at_1000_diff1": 0.278648,
        "nauc_mrr_at_1_max": 0.413965,
        "nauc_mrr_at_1_std": 0.172693,
        "nauc_mrr_at_1_diff1": 0.421622,
        "nauc_mrr_at_3_max": 0.393518,
        "nauc_mrr_at_3_std": 0.189545,
        "nauc_mrr_at_3_diff1": 0.301448,
        "nauc_mrr_at_5_max": 0.419793,
        "nauc_mrr_at_5_std": 0.175823,
        "nauc_mrr_at_5_diff1": 0.284052,
        "nauc_mrr_at_10_max": 0.432252,
        "nauc_mrr_at_10_std": 0.19465,
        "nauc_mrr_at_10_diff1": 0.298897,
        "nauc_mrr_at_20_max": 0.432774,
        "nauc_mrr_at_20_std": 0.192909,
        "nauc_mrr_at_20_diff1": 0.300274,
        "nauc_mrr_at_100_max": 0.428107,
        "nauc_mrr_at_100_std": 0.188168,
        "nauc_mrr_at_100_diff1": 0.299758,
        "nauc_mrr_at_1000_max": 0.427881,
        "nauc_mrr_at_1000_std": 0.18875,
        "nauc_mrr_at_1000_diff1": 0.300122,
        "main_score": 0.57241,
        "hf_subset": "default",
        "languages": [
          "eng-Latn"
        ]
      }
    ]
  },
  "evaluation_time": 51.3266282081604,
  "kg_co2_emissions": null
}