{
  "dataset_revision": "3a309e201f3c2c4b13bd4a367a8f37eee2ec1d21",
  "task_name": "ClimateFEVERHardNegatives",
  "mteb_version": "1.36.29",
  "scores": {
    "test": [
      {
        "ndcg_at_1": 0.169,
        "ndcg_at_3": 0.15173,
        "ndcg_at_5": 0.16873,
        "ndcg_at_10": 0.19817,
        "ndcg_at_20": 0.22606,
        "ndcg_at_100": 0.27406,
        "ndcg_at_1000": 0.3184,
        "map_at_1": 0.07562,
        "map_at_3": 0.10876,
        "map_at_5": 0.12082,
        "map_at_10": 0.1331,
        "map_at_20": 0.14188,
        "map_at_100": 0.14991,
        "map_at_1000": 0.15219,
        "recall_at_1": 0.07562,
        "recall_at_3": 0.14308,
        "recall_at_5": 0.18713,
        "recall_at_10": 0.25367,
        "recall_at_20": 0.33495,
        "recall_at_100": 0.52125,
        "recall_at_1000": 0.7726,
        "precision_at_1": 0.169,
        "precision_at_3": 0.11133,
        "precision_at_5": 0.0896,
        "precision_at_10": 0.0634,
        "precision_at_20": 0.04295,
        "precision_at_100": 0.01439,
        "precision_at_1000": 0.00226,
        "mrr_at_1": 0.169,
        "mrr_at_3": 0.229167,
        "mrr_at_5": 0.249767,
        "mrr_at_10": 0.265937,
        "mrr_at_20": 0.273624,
        "mrr_at_100": 0.278626,
        "mrr_at_1000": 0.279244,
        "nauc_ndcg_at_1_max": 0.311895,
        "nauc_ndcg_at_1_std": 0.162244,
        "nauc_ndcg_at_1_diff1": 0.218705,
        "nauc_ndcg_at_3_max": 0.335879,
        "nauc_ndcg_at_3_std": 0.175553,
        "nauc_ndcg_at_3_diff1": 0.177963,
        "nauc_ndcg_at_5_max": 0.334746,
        "nauc_ndcg_at_5_std": 0.184857,
        "nauc_ndcg_at_5_diff1": 0.153868,
        "nauc_ndcg_at_10_max": 0.345326,
        "nauc_ndcg_at_10_std": 0.207662,
        "nauc_ndcg_at_10_diff1": 0.149814,
        "nauc_ndcg_at_20_max": 0.36041,
        "nauc_ndcg_at_20_std": 0.224672,
        "nauc_ndcg_at_20_diff1": 0.159737,
        "nauc_ndcg_at_100_max": 0.382764,
        "nauc_ndcg_at_100_std": 0.261523,
        "nauc_ndcg_at_100_diff1": 0.163872,
        "nauc_ndcg_at_1000_max": 0.38687,
        "nauc_ndcg_at_1000_std": 0.269698,
        "nauc_ndcg_at_1000_diff1": 0.159417,
        "nauc_map_at_1_max": 0.328182,
        "nauc_map_at_1_std": 0.154152,
        "nauc_map_at_1_diff1": 0.229011,
        "nauc_map_at_3_max": 0.344085,
        "nauc_map_at_3_std": 0.168506,
        "nauc_map_at_3_diff1": 0.191824,
        "nauc_map_at_5_max": 0.342415,
        "nauc_map_at_5_std": 0.173143,
        "nauc_map_at_5_diff1": 0.173909,
        "nauc_map_at_10_max": 0.347565,
        "nauc_map_at_10_std": 0.184437,
        "nauc_map_at_10_diff1": 0.173258,
        "nauc_map_at_20_max": 0.356369,
        "nauc_map_at_20_std": 0.193912,
        "nauc_map_at_20_diff1": 0.177897,
        "nauc_map_at_100_max": 0.361631,
        "nauc_map_at_100_std": 0.202158,
        "nauc_map_at_100_diff1": 0.180263,
        "nauc_map_at_1000_max": 0.362353,
        "nauc_map_at_1000_std": 0.203592,
        "nauc_map_at_1000_diff1": 0.179902,
        "nauc_recall_at_1_max": 0.328182,
        "nauc_recall_at_1_std": 0.154152,
        "nauc_recall_at_1_diff1": 0.229011,
        "nauc_recall_at_3_max": 0.340653,
        "nauc_recall_at_3_std": 0.173202,
        "nauc_recall_at_3_diff1": 0.150425,
        "nauc_recall_at_5_max": 0.30841,
        "nauc_recall_at_5_std": 0.174313,
        "nauc_recall_at_5_diff1": 0.0962,
        "nauc_recall_at_10_max": 0.312919,
        "nauc_recall_at_10_std": 0.205209,
        "nauc_recall_at_10_diff1": 0.088376,
        "nauc_recall_at_20_max": 0.328289,
        "nauc_recall_at_20_std": 0.222595,
        "nauc_recall_at_20_diff1": 0.111797,
        "nauc_recall_at_100_max": 0.357978,
        "nauc_recall_at_100_std": 0.308685,
        "nauc_recall_at_100_diff1": 0.101293,
        "nauc_recall_at_1000_max": 0.395842,
        "nauc_recall_at_1000_std": 0.397065,
        "nauc_recall_at_1000_diff1": 0.0509,
        "nauc_precision_at_1_max": 0.311895,
        "nauc_precision_at_1_std": 0.162244,
        "nauc_precision_at_1_diff1": 0.218705,
        "nauc_precision_at_3_max": 0.329886,
        "nauc_precision_at_3_std": 0.189624,
        "nauc_precision_at_3_diff1": 0.155307,
        "nauc_precision_at_5_max": 0.314013,
        "nauc_precision_at_5_std": 0.213717,
        "nauc_precision_at_5_diff1": 0.112658,
        "nauc_precision_at_10_max": 0.292291,
        "nauc_precision_at_10_std": 0.238889,
        "nauc_precision_at_10_diff1": 0.087223,
        "nauc_precision_at_20_max": 0.293755,
        "nauc_precision_at_20_std": 0.263415,
        "nauc_precision_at_20_diff1": 0.095799,
        "nauc_precision_at_100_max": 0.280099,
        "nauc_precision_at_100_std": 0.328966,
        "nauc_precision_at_100_diff1": 0.074093,
        "nauc_precision_at_1000_max": 0.144928,
        "nauc_precision_at_1000_std": 0.247062,
        "nauc_precision_at_1000_diff1": 0.001282,
        "nauc_mrr_at_1_max": 0.311895,
        "nauc_mrr_at_1_std": 0.162244,
        "nauc_mrr_at_1_diff1": 0.218705,
        "nauc_mrr_at_3_max": 0.323339,
        "nauc_mrr_at_3_std": 0.180158,
        "nauc_mrr_at_3_diff1": 0.180891,
        "nauc_mrr_at_5_max": 0.317938,
        "nauc_mrr_at_5_std": 0.187483,
        "nauc_mrr_at_5_diff1": 0.171358,
        "nauc_mrr_at_10_max": 0.324197,
        "nauc_mrr_at_10_std": 0.197587,
        "nauc_mrr_at_10_diff1": 0.168346,
        "nauc_mrr_at_20_max": 0.324329,
        "nauc_mrr_at_20_std": 0.198086,
        "nauc_mrr_at_20_diff1": 0.169106,
        "nauc_mrr_at_100_max": 0.325888,
        "nauc_mrr_at_100_std": 0.19906,
        "nauc_mrr_at_100_diff1": 0.169537,
        "nauc_mrr_at_1000_max": 0.325757,
        "nauc_mrr_at_1000_std": 0.198696,
        "nauc_mrr_at_1000_diff1": 0.169736,
        "main_score": 0.19817,
        "hf_subset": "default",
        "languages": [
          "eng-Latn"
        ]
      }
    ]
  },
  "evaluation_time": 187.06011319160461,
  "kg_co2_emissions": null
}