{
  "dataset_revision": "5d958fb6b31055495347724d46431ba41309b03a",
  "task_name": "ChemNQRetrieval",
  "mteb_version": "1.36.29",
  "scores": {
    "test": [
      {
        "ndcg_at_1": 0.48148,
        "ndcg_at_3": 0.57272,
        "ndcg_at_5": 0.5815,
        "ndcg_at_10": 0.60883,
        "ndcg_at_20": 0.63056,
        "ndcg_at_100": 0.65178,
        "ndcg_at_1000": 0.66045,
        "map_at_1": 0.3642,
        "map_at_3": 0.51852,
        "map_at_5": 0.52593,
        "map_at_10": 0.53845,
        "map_at_20": 0.54737,
        "map_at_100": 0.55062,
        "map_at_1000": 0.55105,
        "recall_at_1": 0.3642,
        "recall_at_3": 0.66049,
        "recall_at_5": 0.67901,
        "recall_at_10": 0.75309,
        "recall_at_20": 0.82716,
        "recall_at_100": 0.93827,
        "recall_at_1000": 1.0,
        "precision_at_1": 0.48148,
        "precision_at_3": 0.2716,
        "precision_at_5": 0.17037,
        "precision_at_10": 0.0963,
        "precision_at_20": 0.0537,
        "precision_at_100": 0.01185,
        "precision_at_1000": 0.0013,
        "mrr_at_1": 0.481481,
        "mrr_at_3": 0.598765,
        "mrr_at_5": 0.598765,
        "mrr_at_10": 0.610229,
        "mrr_at_20": 0.612698,
        "mrr_at_100": 0.615946,
        "mrr_at_1000": 0.615999,
        "nauc_ndcg_at_1_max": 0.557277,
        "nauc_ndcg_at_1_std": 0.129929,
        "nauc_ndcg_at_1_diff1": 0.371528,
        "nauc_ndcg_at_3_max": 0.271312,
        "nauc_ndcg_at_3_std": -0.06302,
        "nauc_ndcg_at_3_diff1": 0.334004,
        "nauc_ndcg_at_5_max": 0.323483,
        "nauc_ndcg_at_5_std": -0.04519,
        "nauc_ndcg_at_5_diff1": 0.315554,
        "nauc_ndcg_at_10_max": 0.406726,
        "nauc_ndcg_at_10_std": 0.07044,
        "nauc_ndcg_at_10_diff1": 0.366536,
        "nauc_ndcg_at_20_max": 0.424672,
        "nauc_ndcg_at_20_std": 0.101221,
        "nauc_ndcg_at_20_diff1": 0.379817,
        "nauc_ndcg_at_100_max": 0.389617,
        "nauc_ndcg_at_100_std": 0.049735,
        "nauc_ndcg_at_100_diff1": 0.376671,
        "nauc_ndcg_at_1000_max": 0.396613,
        "nauc_ndcg_at_1000_std": 0.053543,
        "nauc_ndcg_at_1000_diff1": 0.368076,
        "nauc_map_at_1_max": 0.377386,
        "nauc_map_at_1_std": 0.12099,
        "nauc_map_at_1_diff1": 0.358275,
        "nauc_map_at_3_max": 0.252901,
        "nauc_map_at_3_std": -0.058161,
        "nauc_map_at_3_diff1": 0.359912,
        "nauc_map_at_5_max": 0.294229,
        "nauc_map_at_5_std": -0.043933,
        "nauc_map_at_5_diff1": 0.344794,
        "nauc_map_at_10_max": 0.330233,
        "nauc_map_at_10_std": 0.004148,
        "nauc_map_at_10_diff1": 0.36909,
        "nauc_map_at_20_max": 0.341095,
        "nauc_map_at_20_std": 0.019989,
        "nauc_map_at_20_diff1": 0.368287,
        "nauc_map_at_100_max": 0.336176,
        "nauc_map_at_100_std": 0.013349,
        "nauc_map_at_100_diff1": 0.369361,
        "nauc_map_at_1000_max": 0.336048,
        "nauc_map_at_1000_std": 0.013,
        "nauc_map_at_1000_diff1": 0.369098,
        "nauc_recall_at_1_max": 0.377386,
        "nauc_recall_at_1_std": 0.12099,
        "nauc_recall_at_1_diff1": 0.358275,
        "nauc_recall_at_3_max": 0.080707,
        "nauc_recall_at_3_std": -0.169759,
        "nauc_recall_at_3_diff1": 0.250896,
        "nauc_recall_at_5_max": 0.204127,
        "nauc_recall_at_5_std": -0.136641,
        "nauc_recall_at_5_diff1": 0.222048,
        "nauc_recall_at_10_max": 0.472055,
        "nauc_recall_at_10_std": 0.222766,
        "nauc_recall_at_10_diff1": 0.391555,
        "nauc_recall_at_20_max": 0.564391,
        "nauc_recall_at_20_std": 0.399881,
        "nauc_recall_at_20_diff1": 0.526789,
        "nauc_recall_at_100_max": 0.037682,
        "nauc_recall_at_100_std": -0.200554,
        "nauc_recall_at_100_diff1": 0.576977,
        "nauc_recall_at_1000_max": NaN,
        "nauc_recall_at_1000_std": NaN,
        "nauc_recall_at_1000_diff1": NaN,
        "nauc_precision_at_1_max": 0.557277,
        "nauc_precision_at_1_std": 0.129929,
        "nauc_precision_at_1_diff1": 0.371528,
        "nauc_precision_at_3_max": 0.269818,
        "nauc_precision_at_3_std": -0.192554,
        "nauc_precision_at_3_diff1": 0.294991,
        "nauc_precision_at_5_max": 0.381156,
        "nauc_precision_at_5_std": -0.112936,
        "nauc_precision_at_5_diff1": 0.201205,
        "nauc_precision_at_10_max": 0.612122,
        "nauc_precision_at_10_std": 0.247464,
        "nauc_precision_at_10_diff1": 0.319382,
        "nauc_precision_at_20_max": 0.58882,
        "nauc_precision_at_20_std": 0.333697,
        "nauc_precision_at_20_diff1": 0.250428,
        "nauc_precision_at_100_max": 0.506433,
        "nauc_precision_at_100_std": 0.208134,
        "nauc_precision_at_100_diff1": 0.178434,
        "nauc_precision_at_1000_max": 0.391981,
        "nauc_precision_at_1000_std": 0.168638,
        "nauc_precision_at_1000_diff1": 0.019344,
        "nauc_mrr_at_1_max": 0.557277,
        "nauc_mrr_at_1_std": 0.129929,
        "nauc_mrr_at_1_diff1": 0.371528,
        "nauc_mrr_at_3_max": 0.473513,
        "nauc_mrr_at_3_std": 0.047441,
        "nauc_mrr_at_3_diff1": 0.310505,
        "nauc_mrr_at_5_max": 0.473513,
        "nauc_mrr_at_5_std": 0.047441,
        "nauc_mrr_at_5_diff1": 0.310505,
        "nauc_mrr_at_10_max": 0.500979,
        "nauc_mrr_at_10_std": 0.092264,
        "nauc_mrr_at_10_diff1": 0.320957,
        "nauc_mrr_at_20_max": 0.497299,
        "nauc_mrr_at_20_std": 0.089906,
        "nauc_mrr_at_20_diff1": 0.328189,
        "nauc_mrr_at_100_max": 0.493991,
        "nauc_mrr_at_100_std": 0.083953,
        "nauc_mrr_at_100_diff1": 0.328848,
        "nauc_mrr_at_1000_max": 0.494115,
        "nauc_mrr_at_1000_std": 0.084074,
        "nauc_mrr_at_1000_diff1": 0.328775,
        "main_score": 0.60883,
        "hf_subset": "default",
        "languages": [
          "eng-Latn"
        ]
      }
    ]
  },
  "evaluation_time": 29.142801761627197,
  "kg_co2_emissions": null
}