{
  "dataset_revision": "c22ab2a51041ffd869aaddef7af8d8215647e41a",
  "task_name": "ArguAna",
  "mteb_version": "1.36.29",
  "scores": {
    "test": [
      {
        "ndcg_at_1": 0.2596,
        "ndcg_at_3": 0.40955,
        "ndcg_at_5": 0.4607,
        "ndcg_at_10": 0.5105,
        "ndcg_at_20": 0.53869,
        "ndcg_at_100": 0.55305,
        "ndcg_at_1000": 0.5552,
        "map_at_1": 0.2596,
        "map_at_3": 0.37221,
        "map_at_5": 0.4007,
        "map_at_10": 0.42158,
        "map_at_20": 0.42958,
        "map_at_100": 0.43175,
        "map_at_1000": 0.43184,
        "recall_at_1": 0.2596,
        "recall_at_3": 0.51778,
        "recall_at_5": 0.64154,
        "recall_at_10": 0.79374,
        "recall_at_20": 0.90327,
        "recall_at_100": 0.97795,
        "recall_at_1000": 0.99431,
        "precision_at_1": 0.2596,
        "precision_at_3": 0.17259,
        "precision_at_5": 0.12831,
        "precision_at_10": 0.07937,
        "precision_at_20": 0.04516,
        "precision_at_100": 0.00978,
        "precision_at_1000": 0.00099,
        "mrr_at_1": 0.263869,
        "mrr_at_3": 0.373637,
        "mrr_at_5": 0.402086,
        "mrr_at_10": 0.42297,
        "mrr_at_20": 0.430976,
        "mrr_at_100": 0.433149,
        "mrr_at_1000": 0.433239,
        "nauc_ndcg_at_1_max": -0.104671,
        "nauc_ndcg_at_1_std": -0.156745,
        "nauc_ndcg_at_1_diff1": 0.02243,
        "nauc_ndcg_at_3_max": -0.065063,
        "nauc_ndcg_at_3_std": -0.12875,
        "nauc_ndcg_at_3_diff1": 0.001004,
        "nauc_ndcg_at_5_max": -0.057373,
        "nauc_ndcg_at_5_std": -0.12493,
        "nauc_ndcg_at_5_diff1": -0.009284,
        "nauc_ndcg_at_10_max": -0.052655,
        "nauc_ndcg_at_10_std": -0.128411,
        "nauc_ndcg_at_10_diff1": -0.003212,
        "nauc_ndcg_at_20_max": -0.045602,
        "nauc_ndcg_at_20_std": -0.108511,
        "nauc_ndcg_at_20_diff1": -0.001673,
        "nauc_ndcg_at_100_max": -0.054973,
        "nauc_ndcg_at_100_std": -0.118059,
        "nauc_ndcg_at_100_diff1": 0.00224,
        "nauc_ndcg_at_1000_max": -0.061537,
        "nauc_ndcg_at_1000_std": -0.123193,
        "nauc_ndcg_at_1000_diff1": -0.001121,
        "nauc_map_at_1_max": -0.104671,
        "nauc_map_at_1_std": -0.156745,
        "nauc_map_at_1_diff1": 0.02243,
        "nauc_map_at_3_max": -0.076341,
        "nauc_map_at_3_std": -0.1362,
        "nauc_map_at_3_diff1": 0.003044,
        "nauc_map_at_5_max": -0.073189,
        "nauc_map_at_5_std": -0.13515,
        "nauc_map_at_5_diff1": -0.002909,
        "nauc_map_at_10_max": -0.072511,
        "nauc_map_at_10_std": -0.137271,
        "nauc_map_at_10_diff1": -0.000799,
        "nauc_map_at_20_max": -0.071351,
        "nauc_map_at_20_std": -0.13273,
        "nauc_map_at_20_diff1": -0.000651,
        "nauc_map_at_100_max": -0.072706,
        "nauc_map_at_100_std": -0.134028,
        "nauc_map_at_100_diff1": -0.000314,
        "nauc_map_at_1000_max": -0.072945,
        "nauc_map_at_1000_std": -0.134206,
        "nauc_map_at_1000_diff1": -0.000425,
        "nauc_recall_at_1_max": -0.104671,
        "nauc_recall_at_1_std": -0.156745,
        "nauc_recall_at_1_diff1": 0.02243,
        "nauc_recall_at_3_max": -0.032414,
        "nauc_recall_at_3_std": -0.107355,
        "nauc_recall_at_3_diff1": -0.003571,
        "nauc_recall_at_5_max": -0.003464,
        "nauc_recall_at_5_std": -0.089978,
        "nauc_recall_at_5_diff1": -0.029461,
        "nauc_recall_at_10_max": 0.049579,
        "nauc_recall_at_10_std": -0.08483,
        "nauc_recall_at_10_diff1": -0.00851,
        "nauc_recall_at_20_max": 0.225411,
        "nauc_recall_at_20_std": 0.167396,
        "nauc_recall_at_20_diff1": 0.008704,
        "nauc_recall_at_100_max": 0.605471,
        "nauc_recall_at_100_std": 0.539085,
        "nauc_recall_at_100_diff1": 0.296736,
        "nauc_recall_at_1000_max": 0.400368,
        "nauc_recall_at_1000_std": 0.76189,
        "nauc_recall_at_1000_diff1": 0.04677,
        "nauc_precision_at_1_max": -0.104671,
        "nauc_precision_at_1_std": -0.156745,
        "nauc_precision_at_1_diff1": 0.02243,
        "nauc_precision_at_3_max": -0.032414,
        "nauc_precision_at_3_std": -0.107355,
        "nauc_precision_at_3_diff1": -0.003571,
        "nauc_precision_at_5_max": -0.003464,
        "nauc_precision_at_5_std": -0.089978,
        "nauc_precision_at_5_diff1": -0.029461,
        "nauc_precision_at_10_max": 0.049579,
        "nauc_precision_at_10_std": -0.08483,
        "nauc_precision_at_10_diff1": -0.00851,
        "nauc_precision_at_20_max": 0.225411,
        "nauc_precision_at_20_std": 0.167396,
        "nauc_precision_at_20_diff1": 0.008704,
        "nauc_precision_at_100_max": 0.605471,
        "nauc_precision_at_100_std": 0.539085,
        "nauc_precision_at_100_diff1": 0.296736,
        "nauc_precision_at_1000_max": 0.400368,
        "nauc_precision_at_1000_std": 0.76189,
        "nauc_precision_at_1000_diff1": 0.04677,
        "nauc_mrr_at_1_max": -0.103473,
        "nauc_mrr_at_1_std": -0.152589,
        "nauc_mrr_at_1_diff1": 0.00914,
        "nauc_mrr_at_3_max": -0.077678,
        "nauc_mrr_at_3_std": -0.134708,
        "nauc_mrr_at_3_diff1": -0.006061,
        "nauc_mrr_at_5_max": -0.076198,
        "nauc_mrr_at_5_std": -0.135044,
        "nauc_mrr_at_5_diff1": -0.013207,
        "nauc_mrr_at_10_max": -0.075694,
        "nauc_mrr_at_10_std": -0.137205,
        "nauc_mrr_at_10_diff1": -0.011629,
        "nauc_mrr_at_20_max": -0.074697,
        "nauc_mrr_at_20_std": -0.132725,
        "nauc_mrr_at_20_diff1": -0.011869,
        "nauc_mrr_at_100_max": -0.07607,
        "nauc_mrr_at_100_std": -0.134018,
        "nauc_mrr_at_100_diff1": -0.011615,
        "nauc_mrr_at_1000_max": -0.076309,
        "nauc_mrr_at_1000_std": -0.134195,
        "nauc_mrr_at_1000_diff1": -0.011729,
        "main_score": 0.5105,
        "hf_subset": "default",
        "languages": [
          "eng-Latn"
        ]
      }
    ]
  },
  "evaluation_time": 25.834416389465332,
  "kg_co2_emissions": null
}