{
  "dataset_revision": "5037d69d177c9628fb79cb57eea1299178b28c1b",
  "task_name": "PubChemSynonymPC",
  "mteb_version": "1.36.20",
  "scores": {
    "test": [
      {
        "similarity_accuracy": 0.949707,
        "similarity_accuracy_threshold": 0.513769,
        "similarity_f1": 0.707521,
        "similarity_f1_threshold": 0.448202,
        "similarity_precision": 0.819355,
        "similarity_recall": 0.622549,
        "similarity_ap": 0.723196,
        "cosine_accuracy": 0.949707,
        "cosine_accuracy_threshold": 0.513769,
        "cosine_f1": 0.707521,
        "cosine_f1_threshold": 0.448202,
        "cosine_precision": 0.819355,
        "cosine_recall": 0.622549,
        "cosine_ap": 0.723196,
        "manhattan_accuracy": 0.945801,
        "manhattan_accuracy_threshold": 404.014313,
        "manhattan_f1": 0.645768,
        "manhattan_f1_threshold": 410.940491,
        "manhattan_precision": 0.895652,
        "manhattan_recall": 0.504902,
        "manhattan_ap": 0.658945,
        "euclidean_accuracy": 0.945801,
        "euclidean_accuracy_threshold": 17.4478,
        "euclidean_f1": 0.647619,
        "euclidean_f1_threshold": 18.257181,
        "euclidean_precision": 0.918919,
        "euclidean_recall": 0.5,
        "euclidean_ap": 0.65767,
        "dot_accuracy": 0.952148,
        "dot_accuracy_threshold": 197.502075,
        "dot_f1": 0.698507,
        "dot_f1_threshold": 181.833069,
        "dot_precision": 0.89313,
        "dot_recall": 0.573529,
        "dot_ap": 0.723737,
        "max_accuracy": 0.952148,
        "max_f1": 0.707521,
        "max_precision": 0.918919,
        "max_recall": 0.622549,
        "max_ap": 0.723737,
        "main_score": 0.723737,
        "hf_subset": "default",
        "languages": [
          "eng-Latn"
        ]
      }
    ]
  },
  "evaluation_time": 3.509476661682129,
  "kg_co2_emissions": null
}