{
  "dataset_revision": "1840e8a5ac6ec752bbdd97d543ead0189bc7c25b",
  "task_name": "ChemHotpotQARetrieval",
  "mteb_version": "1.36.29",
  "scores": {
    "train": [
      {
        "ndcg_at_1": 0.81667,
        "ndcg_at_3": 0.85989,
        "ndcg_at_5": 0.874,
        "ndcg_at_10": 0.88305,
        "ndcg_at_20": 0.88602,
        "ndcg_at_100": 0.88904,
        "ndcg_at_1000": 0.89054,
        "map_at_1": 0.79722,
        "map_at_3": 0.8463,
        "map_at_5": 0.85435,
        "map_at_10": 0.85813,
        "map_at_20": 0.85902,
        "map_at_100": 0.85966,
        "map_at_1000": 0.85973,
        "recall_at_1": 0.79722,
        "recall_at_3": 0.89167,
        "recall_at_5": 0.925,
        "recall_at_10": 0.95278,
        "recall_at_20": 0.96389,
        "recall_at_100": 0.97778,
        "recall_at_1000": 0.98889,
        "precision_at_1": 0.81667,
        "precision_at_3": 0.30741,
        "precision_at_5": 0.19111,
        "precision_at_10": 0.09833,
        "precision_at_20": 0.04972,
        "precision_at_100": 0.01017,
        "precision_at_1000": 0.00103,
        "mrr_at_1": 0.816667,
        "mrr_at_3": 0.85463,
        "mrr_at_5": 0.862685,
        "mrr_at_10": 0.866466,
        "mrr_at_20": 0.867356,
        "mrr_at_100": 0.867511,
        "mrr_at_1000": 0.867577,
        "nauc_ndcg_at_1_max": 0.619875,
        "nauc_ndcg_at_1_std": -0.211909,
        "nauc_ndcg_at_1_diff1": 0.899904,
        "nauc_ndcg_at_3_max": 0.523786,
        "nauc_ndcg_at_3_std": -0.318706,
        "nauc_ndcg_at_3_diff1": 0.772134,
        "nauc_ndcg_at_5_max": 0.48432,
        "nauc_ndcg_at_5_std": -0.391375,
        "nauc_ndcg_at_5_diff1": 0.773533,
        "nauc_ndcg_at_10_max": 0.483938,
        "nauc_ndcg_at_10_std": -0.356812,
        "nauc_ndcg_at_10_diff1": 0.766084,
        "nauc_ndcg_at_20_max": 0.475477,
        "nauc_ndcg_at_20_std": -0.348706,
        "nauc_ndcg_at_20_diff1": 0.761469,
        "nauc_ndcg_at_100_max": 0.500952,
        "nauc_ndcg_at_100_std": -0.315727,
        "nauc_ndcg_at_100_diff1": 0.791255,
        "nauc_ndcg_at_1000_max": 0.497823,
        "nauc_ndcg_at_1000_std": -0.307762,
        "nauc_ndcg_at_1000_diff1": 0.791138,
        "nauc_map_at_1_max": 0.505948,
        "nauc_map_at_1_std": -0.282136,
        "nauc_map_at_1_diff1": 0.831719,
        "nauc_map_at_3_max": 0.518012,
        "nauc_map_at_3_std": -0.308046,
        "nauc_map_at_3_diff1": 0.767532,
        "nauc_map_at_5_max": 0.498189,
        "nauc_map_at_5_std": -0.343003,
        "nauc_map_at_5_diff1": 0.767564,
        "nauc_map_at_10_max": 0.498024,
        "nauc_map_at_10_std": -0.328967,
        "nauc_map_at_10_diff1": 0.76454,
        "nauc_map_at_20_max": 0.496065,
        "nauc_map_at_20_std": -0.326887,
        "nauc_map_at_20_diff1": 0.763392,
        "nauc_map_at_100_max": 0.500973,
        "nauc_map_at_100_std": -0.321597,
        "nauc_map_at_100_diff1": 0.769088,
        "nauc_map_at_1000_max": 0.500848,
        "nauc_map_at_1000_std": -0.321294,
        "nauc_map_at_1000_diff1": 0.769066,
        "nauc_recall_at_1_max": 0.505948,
        "nauc_recall_at_1_std": -0.282136,
        "nauc_recall_at_1_diff1": 0.831719,
        "nauc_recall_at_3_max": 0.443191,
        "nauc_recall_at_3_std": -0.437048,
        "nauc_recall_at_3_diff1": 0.673716,
        "nauc_recall_at_5_max": 0.249801,
        "nauc_recall_at_5_std": -0.763928,
        "nauc_recall_at_5_diff1": 0.62854,
        "nauc_recall_at_10_max": 0.115203,
        "nauc_recall_at_10_std": -0.743423,
        "nauc_recall_at_10_diff1": 0.493244,
        "nauc_recall_at_20_max": -0.094197,
        "nauc_recall_at_20_std": -0.76862,
        "nauc_recall_at_20_diff1": 0.35743,
        "nauc_recall_at_100_max": 0.098623,
        "nauc_recall_at_100_std": -0.30859,
        "nauc_recall_at_100_diff1": 0.753735,
        "nauc_recall_at_1000_max": -0.514472,
        "nauc_recall_at_1000_std": 0.24043,
        "nauc_recall_at_1000_diff1": 0.711718,
        "nauc_precision_at_1_max": 0.619875,
        "nauc_precision_at_1_std": -0.211909,
        "nauc_precision_at_1_diff1": 0.899904,
        "nauc_precision_at_3_max": 0.452155,
        "nauc_precision_at_3_std": -0.182216,
        "nauc_precision_at_3_diff1": 0.444935,
        "nauc_precision_at_5_max": 0.321875,
        "nauc_precision_at_5_std": -0.338841,
        "nauc_precision_at_5_diff1": 0.347336,
        "nauc_precision_at_10_max": 0.265735,
        "nauc_precision_at_10_std": -0.174102,
        "nauc_precision_at_10_diff1": 0.164237,
        "nauc_precision_at_20_max": 0.177102,
        "nauc_precision_at_20_std": -0.092591,
        "nauc_precision_at_20_diff1": 0.035405,
        "nauc_precision_at_100_max": 0.28961,
        "nauc_precision_at_100_std": 0.289004,
        "nauc_precision_at_100_diff1": 0.165392,
        "nauc_precision_at_1000_max": 0.230073,
        "nauc_precision_at_1000_std": 0.450729,
        "nauc_precision_at_1000_diff1": 0.076482,
        "nauc_mrr_at_1_max": 0.619875,
        "nauc_mrr_at_1_std": -0.211909,
        "nauc_mrr_at_1_diff1": 0.899904,
        "nauc_mrr_at_3_max": 0.607113,
        "nauc_mrr_at_3_std": -0.243501,
        "nauc_mrr_at_3_diff1": 0.869596,
        "nauc_mrr_at_5_max": 0.591661,
        "nauc_mrr_at_5_std": -0.276427,
        "nauc_mrr_at_5_diff1": 0.875888,
        "nauc_mrr_at_10_max": 0.594256,
        "nauc_mrr_at_10_std": -0.259622,
        "nauc_mrr_at_10_diff1": 0.875901,
        "nauc_mrr_at_20_max": 0.592861,
        "nauc_mrr_at_20_std": -0.256936,
        "nauc_mrr_at_20_diff1": 0.87547,
        "nauc_mrr_at_100_max": 0.592908,
        "nauc_mrr_at_100_std": -0.255127,
        "nauc_mrr_at_100_diff1": 0.875478,
        "nauc_mrr_at_1000_max": 0.592825,
        "nauc_mrr_at_1000_std": -0.254774,
        "nauc_mrr_at_1000_diff1": 0.87551,
        "main_score": 0.88305,
        "hf_subset": "default",
        "languages": [
          "eng-Latn"
        ]
      }
    ],
    "dev": [
      {
        "ndcg_at_1": 0.875,
        "ndcg_at_3": 0.875,
        "ndcg_at_5": 0.875,
        "ndcg_at_10": 0.875,
        "ndcg_at_20": 0.875,
        "ndcg_at_100": 0.89634,
        "ndcg_at_1000": 0.89634,
        "map_at_1": 0.875,
        "map_at_3": 0.875,
        "map_at_5": 0.875,
        "map_at_10": 0.875,
        "map_at_20": 0.875,
        "map_at_100": 0.87719,
        "map_at_1000": 0.87719,
        "recall_at_1": 0.875,
        "recall_at_3": 0.875,
        "recall_at_5": 0.875,
        "recall_at_10": 0.875,
        "recall_at_20": 0.875,
        "recall_at_100": 1.0,
        "recall_at_1000": 1.0,
        "precision_at_1": 0.875,
        "precision_at_3": 0.29167,
        "precision_at_5": 0.175,
        "precision_at_10": 0.0875,
        "precision_at_20": 0.04375,
        "precision_at_100": 0.01,
        "precision_at_1000": 0.001,
        "mrr_at_1": 0.875,
        "mrr_at_3": 0.875,
        "mrr_at_5": 0.875,
        "mrr_at_10": 0.875,
        "mrr_at_20": 0.875,
        "mrr_at_100": 0.877193,
        "mrr_at_1000": 0.877193,
        "nauc_ndcg_at_1_max": 0.865546,
        "nauc_ndcg_at_1_std": 0.865546,
        "nauc_ndcg_at_1_diff1": 0.363585,
        "nauc_ndcg_at_3_max": 0.865546,
        "nauc_ndcg_at_3_std": 0.865546,
        "nauc_ndcg_at_3_diff1": 0.363585,
        "nauc_ndcg_at_5_max": 0.865546,
        "nauc_ndcg_at_5_std": 0.865546,
        "nauc_ndcg_at_5_diff1": 0.363585,
        "nauc_ndcg_at_10_max": 0.865546,
        "nauc_ndcg_at_10_std": 0.865546,
        "nauc_ndcg_at_10_diff1": 0.363585,
        "nauc_ndcg_at_20_max": 0.865546,
        "nauc_ndcg_at_20_std": 0.865546,
        "nauc_ndcg_at_20_diff1": 0.363585,
        "nauc_ndcg_at_100_max": 0.865546,
        "nauc_ndcg_at_100_std": 0.865546,
        "nauc_ndcg_at_100_diff1": 0.363585,
        "nauc_ndcg_at_1000_max": 0.865546,
        "nauc_ndcg_at_1000_std": 0.865546,
        "nauc_ndcg_at_1000_diff1": 0.363585,
        "nauc_map_at_1_max": 0.865546,
        "nauc_map_at_1_std": 0.865546,