{
  "dataset_revision": "c22ab2a51041ffd869aaddef7af8d8215647e41a",
  "task_name": "ArguAna",
  "mteb_version": "1.36.29",
  "scores": {
    "test": [
      {
        "ndcg_at_1": 0.26174,
        "ndcg_at_3": 0.41831,
        "ndcg_at_5": 0.46608,
        "ndcg_at_10": 0.5175,
        "ndcg_at_20": 0.54135,
        "ndcg_at_100": 0.55683,
        "ndcg_at_1000": 0.55892,
        "map_at_1": 0.26174,
        "map_at_3": 0.37933,
        "map_at_5": 0.40586,
        "map_at_10": 0.42701,
        "map_at_20": 0.4337,
        "map_at_100": 0.43605,
        "map_at_1000": 0.43614,
        "recall_at_1": 0.26174,
        "recall_at_3": 0.53129,
        "recall_at_5": 0.64723,
        "recall_at_10": 0.80654,
        "recall_at_20": 0.89972,
        "recall_at_100": 0.98009,
        "recall_at_1000": 0.99573,
        "precision_at_1": 0.26174,
        "precision_at_3": 0.1771,
        "precision_at_5": 0.12945,
        "precision_at_10": 0.08065,
        "precision_at_20": 0.04499,
        "precision_at_100": 0.0098,
        "precision_at_1000": 0.001,
        "mrr_at_1": 0.266003,
        "mrr_at_3": 0.380275,
        "mrr_at_5": 0.4078,
        "mrr_at_10": 0.428828,
        "mrr_at_20": 0.435381,
        "mrr_at_100": 0.437731,
        "mrr_at_1000": 0.437825,
        "nauc_ndcg_at_1_max": -0.102842,
        "nauc_ndcg_at_1_std": -0.170781,
        "nauc_ndcg_at_1_diff1": 0.049498,
        "nauc_ndcg_at_3_max": -0.053901,
        "nauc_ndcg_at_3_std": -0.134762,
        "nauc_ndcg_at_3_diff1": 0.004689,
        "nauc_ndcg_at_5_max": -0.059874,
        "nauc_ndcg_at_5_std": -0.136523,
        "nauc_ndcg_at_5_diff1": -0.020664,
        "nauc_ndcg_at_10_max": -0.041344,
        "nauc_ndcg_at_10_std": -0.127887,
        "nauc_ndcg_at_10_diff1": 0.005487,
        "nauc_ndcg_at_20_max": -0.037646,
        "nauc_ndcg_at_20_std": -0.124363,
        "nauc_ndcg_at_20_diff1": 0.007687,
        "nauc_ndcg_at_100_max": -0.051415,
        "nauc_ndcg_at_100_std": -0.127751,
        "nauc_ndcg_at_100_diff1": 0.010828,
        "nauc_ndcg_at_1000_max": -0.053145,
        "nauc_ndcg_at_1000_std": -0.131964,
        "nauc_ndcg_at_1000_diff1": 0.01078,
        "nauc_map_at_1_max": -0.102842,
        "nauc_map_at_1_std": -0.170781,
        "nauc_map_at_1_diff1": 0.049498,
        "nauc_map_at_3_max": -0.066692,
        "nauc_map_at_3_std": -0.144767,
        "nauc_map_at_3_diff1": 0.014624,
        "nauc_map_at_5_max": -0.069874,
        "nauc_map_at_5_std": -0.145737,
        "nauc_map_at_5_diff1": 0.001472,
        "nauc_map_at_10_max": -0.062719,
        "nauc_map_at_10_std": -0.143079,
        "nauc_map_at_10_diff1": 0.013207,
        "nauc_map_at_20_max": -0.062073,
        "nauc_map_at_20_std": -0.142494,
        "nauc_map_at_20_diff1": 0.013802,
        "nauc_map_at_100_max": -0.063595,
        "nauc_map_at_100_std": -0.142464,
        "nauc_map_at_100_diff1": 0.014293,
        "nauc_map_at_1000_max": -0.063617,
        "nauc_map_at_1000_std": -0.142605,
        "nauc_map_at_1000_diff1": 0.014319,
        "nauc_recall_at_1_max": -0.102842,
        "nauc_recall_at_1_std": -0.170781,
        "nauc_recall_at_1_diff1": 0.049498,
        "nauc_recall_at_3_max": -0.016891,
        "nauc_recall_at_3_std": -0.105599,
        "nauc_recall_at_3_diff1": -0.023411,
        "nauc_recall_at_5_max": -0.028559,
        "nauc_recall_at_5_std": -0.106697,
        "nauc_recall_at_5_diff1": -0.096696,
        "nauc_recall_at_10_max": 0.072929,
        "nauc_recall_at_10_std": -0.046061,
        "nauc_recall_at_10_diff1": -0.024654,
        "nauc_recall_at_20_max": 0.199317,
        "nauc_recall_at_20_std": 0.055343,
        "nauc_recall_at_20_diff1": -0.024432,
        "nauc_recall_at_100_max": 0.206568,
        "nauc_recall_at_100_std": 0.442248,
        "nauc_recall_at_100_diff1": 0.037048,
        "nauc_recall_at_1000_max": 0.279453,
        "nauc_recall_at_1000_std": 0.671649,
        "nauc_recall_at_1000_diff1": 0.044179,
        "nauc_precision_at_1_max": -0.102842,
        "nauc_precision_at_1_std": -0.170781,
        "nauc_precision_at_1_diff1": 0.049498,
        "nauc_precision_at_3_max": -0.016891,
        "nauc_precision_at_3_std": -0.105599,
        "nauc_precision_at_3_diff1": -0.023411,
        "nauc_precision_at_5_max": -0.028559,
        "nauc_precision_at_5_std": -0.106697,
        "nauc_precision_at_5_diff1": -0.096696,
        "nauc_precision_at_10_max": 0.072929,
        "nauc_precision_at_10_std": -0.046061,
        "nauc_precision_at_10_diff1": -0.024654,
        "nauc_precision_at_20_max": 0.199317,
        "nauc_precision_at_20_std": 0.055343,
        "nauc_precision_at_20_diff1": -0.024432,
        "nauc_precision_at_100_max": 0.206568,
        "nauc_precision_at_100_std": 0.442248,
        "nauc_precision_at_100_diff1": 0.037048,
        "nauc_precision_at_1000_max": 0.279453,
        "nauc_precision_at_1000_std": 0.671649,
        "nauc_precision_at_1000_diff1": 0.044179,
        "nauc_mrr_at_1_max": -0.101876,
        "nauc_mrr_at_1_std": -0.17004,
        "nauc_mrr_at_1_diff1": 0.036057,
        "nauc_mrr_at_3_max": -0.074684,
        "nauc_mrr_at_3_std": -0.147442,
        "nauc_mrr_at_3_diff1": -0.000245,
        "nauc_mrr_at_5_max": -0.07449,
        "nauc_mrr_at_5_std": -0.146056,
        "nauc_mrr_at_5_diff1": -0.01004,
        "nauc_mrr_at_10_max": -0.067737,
        "nauc_mrr_at_10_std": -0.143612,
        "nauc_mrr_at_10_diff1": 0.000573,
        "nauc_mrr_at_20_max": -0.06721,
        "nauc_mrr_at_20_std": -0.143383,
        "nauc_mrr_at_20_diff1": 0.001029,
        "nauc_mrr_at_100_max": -0.068777,
        "nauc_mrr_at_100_std": -0.143361,
        "nauc_mrr_at_100_diff1": 0.001405,
        "nauc_mrr_at_1000_max": -0.068801,
        "nauc_mrr_at_1000_std": -0.143502,
        "nauc_mrr_at_1000_diff1": 0.001426,
        "main_score": 0.5175,
        "hf_subset": "default",
        "languages": [
          "eng-Latn"
        ]
      }
    ]
  },
  "evaluation_time": 92.11570334434509,
  "kg_co2_emissions": null
}