{
  "dataset_revision": "3a309e201f3c2c4b13bd4a367a8f37eee2ec1d21",
  "task_name": "ClimateFEVERHardNegatives",
  "mteb_version": "1.36.29",
  "scores": {
    "test": [
      {
        "ndcg_at_1": 0.245,
        "ndcg_at_3": 0.21904,
        "ndcg_at_5": 0.23673,
        "ndcg_at_10": 0.27128,
        "ndcg_at_20": 0.30151,
        "ndcg_at_100": 0.35283,
        "ndcg_at_1000": 0.3928,
        "map_at_1": 0.11285,
        "map_at_3": 0.15984,
        "map_at_5": 0.17577,
        "map_at_10": 0.19097,
        "map_at_20": 0.20153,
        "map_at_100": 0.21098,
        "map_at_1000": 0.21329,
        "recall_at_1": 0.11285,
        "recall_at_3": 0.20467,
        "recall_at_5": 0.25423,
        "recall_at_10": 0.33235,
        "recall_at_20": 0.41722,
        "recall_at_100": 0.61503,
        "recall_at_1000": 0.83698,
        "precision_at_1": 0.245,
        "precision_at_3": 0.161,
        "precision_at_5": 0.1236,
        "precision_at_10": 0.0846,
        "precision_at_20": 0.05535,
        "precision_at_100": 0.01725,
        "precision_at_1000": 0.00248,
        "mrr_at_1": 0.245,
        "mrr_at_3": 0.3265,
        "mrr_at_5": 0.3439,
        "mrr_at_10": 0.359513,
        "mrr_at_20": 0.366637,
        "mrr_at_100": 0.371053,
        "mrr_at_1000": 0.371353,
        "nauc_ndcg_at_1_max": 0.338982,
        "nauc_ndcg_at_1_std": 0.132633,
        "nauc_ndcg_at_1_diff1": 0.260594,
        "nauc_ndcg_at_3_max": 0.375578,
        "nauc_ndcg_at_3_std": 0.105985,
        "nauc_ndcg_at_3_diff1": 0.254978,
        "nauc_ndcg_at_5_max": 0.392127,
        "nauc_ndcg_at_5_std": 0.115758,
        "nauc_ndcg_at_5_diff1": 0.262832,
        "nauc_ndcg_at_10_max": 0.408145,
        "nauc_ndcg_at_10_std": 0.131578,
        "nauc_ndcg_at_10_diff1": 0.259249,
        "nauc_ndcg_at_20_max": 0.423869,
        "nauc_ndcg_at_20_std": 0.160757,
        "nauc_ndcg_at_20_diff1": 0.251783,
        "nauc_ndcg_at_100_max": 0.429626,
        "nauc_ndcg_at_100_std": 0.18335,
        "nauc_ndcg_at_100_diff1": 0.252062,
        "nauc_ndcg_at_1000_max": 0.428263,
        "nauc_ndcg_at_1000_std": 0.191336,
        "nauc_ndcg_at_1000_diff1": 0.245229,
        "nauc_map_at_1_max": 0.373582,
        "nauc_map_at_1_std": 0.063819,
        "nauc_map_at_1_diff1": 0.323587,
        "nauc_map_at_3_max": 0.389281,
        "nauc_map_at_3_std": 0.078384,
        "nauc_map_at_3_diff1": 0.29052,
        "nauc_map_at_5_max": 0.398965,
        "nauc_map_at_5_std": 0.093137,
        "nauc_map_at_5_diff1": 0.288274,
        "nauc_map_at_10_max": 0.408294,
        "nauc_map_at_10_std": 0.101541,
        "nauc_map_at_10_diff1": 0.284491,
        "nauc_map_at_20_max": 0.416267,
        "nauc_map_at_20_std": 0.11473,
        "nauc_map_at_20_diff1": 0.280766,
        "nauc_map_at_100_max": 0.417756,
        "nauc_map_at_100_std": 0.120746,
        "nauc_map_at_100_diff1": 0.279945,
        "nauc_map_at_1000_max": 0.417915,
        "nauc_map_at_1000_std": 0.121602,
        "nauc_map_at_1000_diff1": 0.27925,
        "nauc_recall_at_1_max": 0.373582,
        "nauc_recall_at_1_std": 0.063819,
        "nauc_recall_at_1_diff1": 0.323587,
        "nauc_recall_at_3_max": 0.36927,
        "nauc_recall_at_3_std": 0.0815,
        "nauc_recall_at_3_diff1": 0.250957,
        "nauc_recall_at_5_max": 0.375969,
        "nauc_recall_at_5_std": 0.103781,
        "nauc_recall_at_5_diff1": 0.244424,
        "nauc_recall_at_10_max": 0.381962,
        "nauc_recall_at_10_std": 0.124027,
        "nauc_recall_at_10_diff1": 0.2233,
        "nauc_recall_at_20_max": 0.40167,
        "nauc_recall_at_20_std": 0.186178,
        "nauc_recall_at_20_diff1": 0.190647,
        "nauc_recall_at_100_max": 0.38738,
        "nauc_recall_at_100_std": 0.255711,
        "nauc_recall_at_100_diff1": 0.165903,
        "nauc_recall_at_1000_max": 0.410384,
        "nauc_recall_at_1000_std": 0.40607,
        "nauc_recall_at_1000_diff1": 0.078537,
        "nauc_precision_at_1_max": 0.338982,
        "nauc_precision_at_1_std": 0.132633,
        "nauc_precision_at_1_diff1": 0.260594,
        "nauc_precision_at_3_max": 0.363491,
        "nauc_precision_at_3_std": 0.144283,
        "nauc_precision_at_3_diff1": 0.193503,
        "nauc_precision_at_5_max": 0.346937,
        "nauc_precision_at_5_std": 0.166219,
        "nauc_precision_at_5_diff1": 0.16586,
        "nauc_precision_at_10_max": 0.339877,
        "nauc_precision_at_10_std": 0.190493,
        "nauc_precision_at_10_diff1": 0.131076,
        "nauc_precision_at_20_max": 0.336682,
        "nauc_precision_at_20_std": 0.257185,
        "nauc_precision_at_20_diff1": 0.099247,
        "nauc_precision_at_100_max": 0.229383,
        "nauc_precision_at_100_std": 0.278181,
        "nauc_precision_at_100_diff1": 0.038591,
        "nauc_precision_at_1000_max": 0.048213,
        "nauc_precision_at_1000_std": 0.231175,
        "nauc_precision_at_1000_diff1": -0.075153,
        "nauc_mrr_at_1_max": 0.338982,
        "nauc_mrr_at_1_std": 0.132633,
        "nauc_mrr_at_1_diff1": 0.260594,
        "nauc_mrr_at_3_max": 0.349758,
        "nauc_mrr_at_3_std": 0.139155,
        "nauc_mrr_at_3_diff1": 0.219535,
        "nauc_mrr_at_5_max": 0.353965,
        "nauc_mrr_at_5_std": 0.142514,
        "nauc_mrr_at_5_diff1": 0.222344,
        "nauc_mrr_at_10_max": 0.359723,
        "nauc_mrr_at_10_std": 0.149744,
        "nauc_mrr_at_10_diff1": 0.224923,
        "nauc_mrr_at_20_max": 0.360749,
        "nauc_mrr_at_20_std": 0.152518,
        "nauc_mrr_at_20_diff1": 0.225428,
        "nauc_mrr_at_100_max": 0.360616,
        "nauc_mrr_at_100_std": 0.152099,
        "nauc_mrr_at_100_diff1": 0.226186,
        "nauc_mrr_at_1000_max": 0.360447,
        "nauc_mrr_at_1000_std": 0.151864,
        "nauc_mrr_at_1000_diff1": 0.226087,
        "main_score": 0.27128,
        "hf_subset": "default",
        "languages": [
          "eng-Latn"
        ]
      }
    ]
  },
  "evaluation_time": 136.98017740249634,
  "kg_co2_emissions": null
}