{
  "dataset_revision": "1840e8a5ac6ec752bbdd97d543ead0189bc7c25b",
  "task_name": "ChemHotpotQARetrieval",
  "mteb_version": "1.36.29",
  "scores": {
    "train": [
      {
        "ndcg_at_1": 0.86111,
        "ndcg_at_3": 0.90541,
        "ndcg_at_5": 0.91019,
        "ndcg_at_10": 0.91798,
        "ndcg_at_20": 0.91944,
        "ndcg_at_100": 0.92103,
        "ndcg_at_1000": 0.92296,
        "map_at_1": 0.84444,
        "map_at_3": 0.89213,
        "map_at_5": 0.89491,
        "map_at_10": 0.89805,
        "map_at_20": 0.89847,
        "map_at_100": 0.89874,
        "map_at_1000": 0.89884,
        "recall_at_1": 0.84444,
        "recall_at_3": 0.93611,
        "recall_at_5": 0.94722,
        "recall_at_10": 0.97222,
        "recall_at_20": 0.97778,
        "recall_at_100": 0.98611,
        "recall_at_1000": 1.0,
        "precision_at_1": 0.86111,
        "precision_at_3": 0.32222,
        "precision_at_5": 0.19556,
        "precision_at_10": 0.10056,
        "precision_at_20": 0.05056,
        "precision_at_100": 0.01022,
        "precision_at_1000": 0.00104,
        "mrr_at_1": 0.861111,
        "mrr_at_3": 0.9,
        "mrr_at_5": 0.902778,
        "mrr_at_10": 0.905362,
        "mrr_at_20": 0.905789,
        "mrr_at_100": 0.905868,
        "mrr_at_1000": 0.905924,
        "nauc_ndcg_at_1_max": 0.573716,
        "nauc_ndcg_at_1_std": -0.444098,
        "nauc_ndcg_at_1_diff1": 0.912289,
        "nauc_ndcg_at_3_max": 0.404881,
        "nauc_ndcg_at_3_std": -0.599731,
        "nauc_ndcg_at_3_diff1": 0.776334,
        "nauc_ndcg_at_5_max": 0.388037,
        "nauc_ndcg_at_5_std": -0.588265,
        "nauc_ndcg_at_5_diff1": 0.764057,
        "nauc_ndcg_at_10_max": 0.347342,
        "nauc_ndcg_at_10_std": -0.553423,
        "nauc_ndcg_at_10_diff1": 0.748664,
        "nauc_ndcg_at_20_max": 0.337583,
        "nauc_ndcg_at_20_std": -0.553235,
        "nauc_ndcg_at_20_diff1": 0.746409,
        "nauc_ndcg_at_100_max": 0.355667,
        "nauc_ndcg_at_100_std": -0.546525,
        "nauc_ndcg_at_100_diff1": 0.770266,
        "nauc_ndcg_at_1000_max": 0.39436,
        "nauc_ndcg_at_1000_std": -0.54883,
        "nauc_ndcg_at_1000_diff1": 0.785475,
        "nauc_map_at_1_max": 0.404383,
        "nauc_map_at_1_std": -0.523909,
        "nauc_map_at_1_diff1": 0.811695,
        "nauc_map_at_3_max": 0.407381,
        "nauc_map_at_3_std": -0.587708,
        "nauc_map_at_3_diff1": 0.764016,
        "nauc_map_at_5_max": 0.399053,
        "nauc_map_at_5_std": -0.581665,
        "nauc_map_at_5_diff1": 0.757559,
        "nauc_map_at_10_max": 0.387016,
        "nauc_map_at_10_std": -0.570259,
        "nauc_map_at_10_diff1": 0.752394,
        "nauc_map_at_20_max": 0.384914,
        "nauc_map_at_20_std": -0.570289,
        "nauc_map_at_20_diff1": 0.751885,
        "nauc_map_at_100_max": 0.388864,
        "nauc_map_at_100_std": -0.568256,
        "nauc_map_at_100_diff1": 0.756578,
        "nauc_map_at_1000_max": 0.3905,
        "nauc_map_at_1000_std": -0.568196,
        "nauc_map_at_1000_diff1": 0.757582,
        "nauc_recall_at_1_max": 0.404383,
        "nauc_recall_at_1_std": -0.523909,
        "nauc_recall_at_1_diff1": 0.811695,
        "nauc_recall_at_3_max": 0.229509,
        "nauc_recall_at_3_std": -0.738136,
        "nauc_recall_at_3_diff1": 0.641274,
        "nauc_recall_at_5_max": 0.127992,
        "nauc_recall_at_5_std": -0.723303,
        "nauc_recall_at_5_diff1": 0.565753,
        "nauc_recall_at_10_max": -0.484781,
        "nauc_recall_at_10_std": -0.522035,
        "nauc_recall_at_10_diff1": 0.254995,
        "nauc_recall_at_20_max": -0.823296,
        "nauc_recall_at_20_std": -0.511671,
        "nauc_recall_at_20_diff1": 0.101424,
        "nauc_recall_at_100_max": -1.112512,
        "nauc_recall_at_100_std": -0.402148,
        "nauc_recall_at_100_diff1": 0.288609,
        "nauc_recall_at_1000_max": NaN,
        "nauc_recall_at_1000_std": NaN,
        "nauc_recall_at_1000_diff1": NaN,
        "nauc_precision_at_1_max": 0.573716,
        "nauc_precision_at_1_std": -0.444098,
        "nauc_precision_at_1_diff1": 0.912289,
        "nauc_precision_at_3_max": 0.368917,
        "nauc_precision_at_3_std": -0.290878,
        "nauc_precision_at_3_diff1": 0.338362,
        "nauc_precision_at_5_max": 0.323087,
        "nauc_precision_at_5_std": -0.221664,
        "nauc_precision_at_5_diff1": 0.249906,
        "nauc_precision_at_10_max": 0.079881,
        "nauc_precision_at_10_std": 0.119766,
        "nauc_precision_at_10_diff1": -0.056869,
        "nauc_precision_at_20_max": 0.01241,
        "nauc_precision_at_20_std": 0.178165,
        "nauc_precision_at_20_diff1": -0.136028,
        "nauc_precision_at_100_max": 0.122758,
        "nauc_precision_at_100_std": 0.321211,
        "nauc_precision_at_100_diff1": -0.032613,
        "nauc_precision_at_1000_max": 0.42516,
        "nauc_precision_at_1000_std": 0.457894,
        "nauc_precision_at_1000_diff1": -0.02112,
        "nauc_mrr_at_1_max": 0.573716,
        "nauc_mrr_at_1_std": -0.444098,
        "nauc_mrr_at_1_diff1": 0.912289,
        "nauc_mrr_at_3_max": 0.529088,
        "nauc_mrr_at_3_std": -0.508968,
        "nauc_mrr_at_3_diff1": 0.90038,
        "nauc_mrr_at_5_max": 0.52373,
        "nauc_mrr_at_5_std": -0.500178,
        "nauc_mrr_at_5_diff1": 0.897457,
        "nauc_mrr_at_10_max": 0.514426,
        "nauc_mrr_at_10_std": -0.489596,
        "nauc_mrr_at_10_diff1": 0.896245,
        "nauc_mrr_at_20_max": 0.512772,
        "nauc_mrr_at_20_std": -0.489252,
        "nauc_mrr_at_20_diff1": 0.896371,
        "nauc_mrr_at_100_max": 0.512906,
        "nauc_mrr_at_100_std": -0.489527,
        "nauc_mrr_at_100_diff1": 0.896667,
        "nauc_mrr_at_1000_max": 0.513779,
        "nauc_mrr_at_1000_std": -0.489715,
        "nauc_mrr_at_1000_diff1": 0.89673,
        "main_score": 0.91798,
        "hf_subset": "default",
        "languages": [
          "eng-Latn"
        ]
      }
    ],
    "dev": [
      {
        "ndcg_at_1": 0.875,
        "ndcg_at_3": 0.875,
        "ndcg_at_5": 0.875,
        "ndcg_at_10": 0.875,
        "ndcg_at_20": 0.90443,
        "ndcg_at_100": 0.90443,
        "ndcg_at_1000": 0.90443,
        "map_at_1": 0.875,
        "map_at_3": 0.875,
        "map_at_5": 0.875,
        "map_at_10": 0.875,
        "map_at_20": 0.88194,
        "map_at_100": 0.88194,
        "map_at_1000": 0.88194,
        "recall_at_1": 0.875,
        "recall_at_3": 0.875,
        "recall_at_5": 0.875,
        "recall_at_10": 0.875,
        "recall_at_20": 1.0,
        "recall_at_100": 1.0,
        "recall_at_1000": 1.0,
        "precision_at_1": 0.875,
        "precision_at_3": 0.29167,
        "precision_at_5": 0.175,
        "precision_at_10": 0.0875,
        "precision_at_20": 0.05,
        "precision_at_100": 0.01,
        "precision_at_1000": 0.001,
        "mrr_at_1": 0.875,
        "mrr_at_3": 0.875,
        "mrr_at_5": 0.875,
        "mrr_at_10": 0.875,
        "mrr_at_20": 0.881944,
        "mrr_at_100": 0.881944,
        "mrr_at_1000": 0.881944,
        "nauc_ndcg_at_1_max": 1.0,
        "nauc_ndcg_at_1_std": 0.128291,
        "nauc_ndcg_at_1_diff1": 1.0,
        "nauc_ndcg_at_3_max": 1.0,
        "nauc_ndcg_at_3_std": 0.128291,
        "nauc_ndcg_at_3_diff1": 1.0,
        "nauc_ndcg_at_5_max": 1.0,
        "nauc_ndcg_at_5_std": 0.128291,
        "nauc_ndcg_at_5_diff1": 1.0,
        "nauc_ndcg_at_10_max": 1.0,
        "nauc_ndcg_at_10_std": 0.128291,
        "nauc_ndcg_at_10_diff1": 1.0,
        "nauc_ndcg_at_20_max": 1.0,
        "nauc_ndcg_at_20_std": 0.128291,
        "nauc_ndcg_at_20_diff1": 1.0,
        "nauc_ndcg_at_100_max": 1.0,
        "nauc_ndcg_at_100_std": 0.128291,
        "nauc_ndcg_at_100_diff1": 1.0,
        "nauc_ndcg_at_1000_max": 1.0,
        "nauc_ndcg_at_1000_std": 0.128291,
        "nauc_ndcg_at_1000_diff1": 1.0,
        "nauc_map_at_1_max": 1.0,
        "nauc_map_at_1_std": 0.128291,
        "nauc_map_at_1_diff1": 1.0,
        "nauc_map_at_3_max": 1.0,
        "nauc_map_at_3_std": 0.128291,