{
  "dataset_revision": "5037d69d177c9628fb79cb57eea1299178b28c1b",
  "task_name": "PubChemSynonymPC",
  "mteb_version": "1.36.29",
  "scores": {
    "test": [
      {
        "similarity_accuracy": 0.949707,
        "similarity_accuracy_threshold": 0.749823,
        "similarity_f1": 0.686567,
        "similarity_f1_threshold": 0.723894,
        "similarity_precision": 0.877863,
        "similarity_recall": 0.563725,
        "similarity_ap": 0.676353,
        "cosine_accuracy": 0.949707,
        "cosine_accuracy_threshold": 0.749823,
        "cosine_f1": 0.686567,
        "cosine_f1_threshold": 0.723894,
        "cosine_precision": 0.877863,
        "cosine_recall": 0.563725,
        "cosine_ap": 0.676353,
        "manhattan_accuracy": 0.94873,
        "manhattan_accuracy_threshold": 309.723511,
        "manhattan_f1": 0.660494,
        "manhattan_f1_threshold": 327.524658,
        "manhattan_precision": 0.891667,
        "manhattan_recall": 0.52451,
        "manhattan_ap": 0.641351,
        "euclidean_accuracy": 0.949219,
        "euclidean_accuracy_threshold": 14.135543,
        "euclidean_f1": 0.662338,
        "euclidean_f1_threshold": 14.135543,
        "euclidean_precision": 0.980769,
        "euclidean_recall": 0.5,
        "euclidean_ap": 0.64156,
        "dot_accuracy": 0.941895,
        "dot_accuracy_threshold": 334.387756,
        "dot_f1": 0.622857,
        "dot_f1_threshold": 320.629761,
        "dot_precision": 0.746575,
        "dot_recall": 0.534314,
        "dot_ap": 0.614983,
        "max_accuracy": 0.949707,
        "max_f1": 0.686567,
        "max_precision": 0.980769,
        "max_recall": 0.563725,
        "max_ap": 0.676353,
        "main_score": 0.676353,
        "hf_subset": "default",
        "languages": [
          "eng-Latn"
        ]
      }
    ]
  },
  "evaluation_time": 3.6585135459899902,
  "kg_co2_emissions": null
}