{
  "dataset_revision": "5d958fb6b31055495347724d46431ba41309b03a",
  "task_name": "ChemNQRetrieval",
  "mteb_version": "1.36.20",
  "scores": {
    "test": [
      {
        "ndcg_at_1": 0.51852,
        "ndcg_at_3": 0.57547,
        "ndcg_at_5": 0.58525,
        "ndcg_at_10": 0.64718,
        "ndcg_at_20": 0.67052,
        "ndcg_at_100": 0.68851,
        "ndcg_at_1000": 0.68851,
        "map_at_1": 0.43827,
        "map_at_3": 0.54012,
        "map_at_5": 0.54938,
        "map_at_10": 0.57942,
        "map_at_20": 0.58491,
        "map_at_100": 0.58886,
        "map_at_1000": 0.58886,
        "recall_at_1": 0.43827,
        "recall_at_3": 0.62346,
        "recall_at_5": 0.64198,
        "recall_at_10": 0.82716,
        "recall_at_20": 0.91975,
        "recall_at_100": 1.0,
        "recall_at_1000": 1.0,
        "precision_at_1": 0.51852,
        "precision_at_3": 0.25926,
        "precision_at_5": 0.16296,
        "precision_at_10": 0.1037,
        "precision_at_20": 0.05741,
        "precision_at_100": 0.01296,
        "precision_at_1000": 0.0013,
        "mrr_at_1": 0.518519,
        "mrr_at_3": 0.598765,
        "mrr_at_5": 0.598765,
        "mrr_at_10": 0.616461,
        "mrr_at_20": 0.623629,
        "mrr_at_100": 0.624315,
        "mrr_at_1000": 0.624315,
        "nauc_ndcg_at_1_max": 0.292165,
        "nauc_ndcg_at_1_std": 0.197476,
        "nauc_ndcg_at_1_diff1": 0.295928,
        "nauc_ndcg_at_3_max": 0.118547,
        "nauc_ndcg_at_3_std": -0.022233,
        "nauc_ndcg_at_3_diff1": 0.204667,
        "nauc_ndcg_at_5_max": 0.138699,
        "nauc_ndcg_at_5_std": -0.004338,
        "nauc_ndcg_at_5_diff1": 0.184895,
        "nauc_ndcg_at_10_max": 0.163932,
        "nauc_ndcg_at_10_std": -0.007448,
        "nauc_ndcg_at_10_diff1": 0.13379,
        "nauc_ndcg_at_20_max": 0.185741,
        "nauc_ndcg_at_20_std": -0.005825,
        "nauc_ndcg_at_20_diff1": 0.153449,
        "nauc_ndcg_at_100_max": 0.198458,
        "nauc_ndcg_at_100_std": 0.041548,
        "nauc_ndcg_at_100_diff1": 0.19954,
        "nauc_ndcg_at_1000_max": 0.198458,
        "nauc_ndcg_at_1000_std": 0.041548,
        "nauc_ndcg_at_1000_diff1": 0.19954,
        "nauc_map_at_1_max": 0.206854,
        "nauc_map_at_1_std": 0.189051,
        "nauc_map_at_1_diff1": 0.099552,
        "nauc_map_at_3_max": 0.125284,
        "nauc_map_at_3_std": 0.000387,
        "nauc_map_at_3_diff1": 0.18444,
        "nauc_map_at_5_max": 0.143531,
        "nauc_map_at_5_std": 0.016874,
        "nauc_map_at_5_diff1": 0.166224,
        "nauc_map_at_10_max": 0.165237,
        "nauc_map_at_10_std": 0.015292,
        "nauc_map_at_10_diff1": 0.157375,
        "nauc_map_at_20_max": 0.170357,
        "nauc_map_at_20_std": 0.016928,
        "nauc_map_at_20_diff1": 0.162697,
        "nauc_map_at_100_max": 0.176227,
        "nauc_map_at_100_std": 0.027621,
        "nauc_map_at_100_diff1": 0.172893,
        "nauc_map_at_1000_max": 0.176227,
        "nauc_map_at_1000_std": 0.027621,
        "nauc_map_at_1000_diff1": 0.172893,
        "nauc_recall_at_1_max": 0.206854,
        "nauc_recall_at_1_std": 0.189051,
        "nauc_recall_at_1_diff1": 0.099552,
        "nauc_recall_at_3_max": 0.004222,
        "nauc_recall_at_3_std": -0.155952,
        "nauc_recall_at_3_diff1": 0.19433,
        "nauc_recall_at_5_max": 0.040875,
        "nauc_recall_at_5_std": -0.122954,
        "nauc_recall_at_5_diff1": 0.152592,
        "nauc_recall_at_10_max": 0.062665,
        "nauc_recall_at_10_std": -0.211601,
        "nauc_recall_at_10_diff1": -0.181832,
        "nauc_recall_at_20_max": 0.087917,
        "nauc_recall_at_20_std": -0.535971,
        "nauc_recall_at_20_diff1": -0.413799,
        "nauc_recall_at_100_max": NaN,
        "nauc_recall_at_100_std": NaN,
        "nauc_recall_at_100_diff1": NaN,
        "nauc_recall_at_1000_max": NaN,
        "nauc_recall_at_1000_std": NaN,
        "nauc_recall_at_1000_diff1": NaN,
        "nauc_precision_at_1_max": 0.292165,
        "nauc_precision_at_1_std": 0.197476,
        "nauc_precision_at_1_diff1": 0.295928,
        "nauc_precision_at_3_max": 0.106833,
        "nauc_precision_at_3_std": -0.178452,
        "nauc_precision_at_3_diff1": 0.324776,
        "nauc_precision_at_5_max": 0.138773,
        "nauc_precision_at_5_std": -0.105608,
        "nauc_precision_at_5_diff1": 0.21852,
        "nauc_precision_at_10_max": 0.213307,
        "nauc_precision_at_10_std": -0.108671,
        "nauc_precision_at_10_diff1": 0.093876,
        "nauc_precision_at_20_max": 0.343992,
        "nauc_precision_at_20_std": -0.100343,
        "nauc_precision_at_20_diff1": 0.184865,
        "nauc_precision_at_100_max": 0.276358,
        "nauc_precision_at_100_std": 0.158223,
        "nauc_precision_at_100_diff1": 0.31679,
        "nauc_precision_at_1000_max": 0.276358,
        "nauc_precision_at_1000_std": 0.158223,
        "nauc_precision_at_1000_diff1": 0.31679,
        "nauc_mrr_at_1_max": 0.292165,
        "nauc_mrr_at_1_std": 0.197476,
        "nauc_mrr_at_1_diff1": 0.295928,
        "nauc_mrr_at_3_max": 0.21746,
        "nauc_mrr_at_3_std": 0.075813,
        "nauc_mrr_at_3_diff1": 0.27444,
        "nauc_mrr_at_5_max": 0.21746,
        "nauc_mrr_at_5_std": 0.075813,
        "nauc_mrr_at_5_diff1": 0.27444,
        "nauc_mrr_at_10_max": 0.207138,
        "nauc_mrr_at_10_std": 0.076266,
        "nauc_mrr_at_10_diff1": 0.249544,
        "nauc_mrr_at_20_max": 0.221416,
        "nauc_mrr_at_20_std": 0.086575,
        "nauc_mrr_at_20_diff1": 0.265171,
        "nauc_mrr_at_100_max": 0.220613,
        "nauc_mrr_at_100_std": 0.087204,
        "nauc_mrr_at_100_diff1": 0.266228,
        "nauc_mrr_at_1000_max": 0.220613,
        "nauc_mrr_at_1000_std": 0.087204,
        "nauc_mrr_at_1000_diff1": 0.266228,
        "main_score": 0.64718,
        "hf_subset": "default",
        "languages": [
          "eng-Latn"
        ]
      }
    ]
  },
  "evaluation_time": 29.070457458496094,
  "kg_co2_emissions": null
}