{
  "dataset_revision": "7ba40b69f5fe6ffe4cc189aac9e1710913c73c8a",
  "task_name": "PubChemSMILESPC",
  "mteb_version": "1.36.20",
  "scores": {
    "test": [
      {
        "similarity_accuracy": 0.899902,
        "similarity_accuracy_threshold": 0.560711,
        "similarity_f1": 0.192436,
        "similarity_f1_threshold": 0.229763,
        "similarity_precision": 0.108532,
        "similarity_recall": 0.848039,
        "similarity_ap": 0.103457,
        "cosine_accuracy": 0.899902,
        "cosine_accuracy_threshold": 0.560711,
        "cosine_f1": 0.192436,
        "cosine_f1_threshold": 0.229763,
        "cosine_precision": 0.108532,
        "cosine_recall": 0.848039,
        "cosine_ap": 0.103457,
        "manhattan_accuracy": 0.899902,
        "manhattan_accuracy_threshold": 393.437378,
        "manhattan_f1": 0.186197,
        "manhattan_f1_threshold": 569.396545,
        "manhattan_precision": 0.102813,
        "manhattan_recall": 0.985294,
        "manhattan_ap": 0.101026,
        "euclidean_accuracy": 0.899902,
        "euclidean_accuracy_threshold": 17.797829,
        "euclidean_f1": 0.187532,
        "euclidean_f1_threshold": 24.93778,
        "euclidean_precision": 0.104778,
        "euclidean_recall": 0.892157,
        "euclidean_ap": 0.099959,
        "dot_accuracy": 0.900879,
        "dot_accuracy_threshold": 225.634155,
        "dot_f1": 0.192513,
        "dot_f1_threshold": 91.106079,
        "dot_precision": 0.109533,
        "dot_recall": 0.794118,
        "dot_ap": 0.107687,
        "max_accuracy": 0.900879,
        "max_f1": 0.192513,
        "max_precision": 0.109533,
        "max_recall": 0.985294,
        "max_ap": 0.107687,
        "main_score": 0.107687,
        "hf_subset": "default",
        "languages": [
          "eng-Latn"
        ]
      }
    ]
  },
  "evaluation_time": 3.6948201656341553,
  "kg_co2_emissions": null
}