{
  "dataset_revision": "f33a205966ce032f957c3a22f4f9e378f89a2c56",
  "task_name": "PubChemAISentenceParaphrasePC",
  "mteb_version": "1.36.20",
  "scores": {
    "test": [
      {
        "similarity_accuracy": 0.992676,
        "similarity_accuracy_threshold": 0.857904,
        "similarity_f1": 0.962594,
        "similarity_f1_threshold": 0.85358,
        "similarity_precision": 0.984694,
        "similarity_recall": 0.941463,
        "similarity_ap": 0.97105,
        "cosine_accuracy": 0.992676,
        "cosine_accuracy_threshold": 0.857904,
        "cosine_f1": 0.962594,
        "cosine_f1_threshold": 0.85358,
        "cosine_precision": 0.984694,
        "cosine_recall": 0.941463,
        "cosine_ap": 0.97105,
        "manhattan_accuracy": 0.991699,
        "manhattan_accuracy_threshold": 227.281281,
        "manhattan_f1": 0.957179,
        "manhattan_f1_threshold": 230.054321,
        "manhattan_precision": 0.989583,
        "manhattan_recall": 0.926829,
        "manhattan_ap": 0.966644,
        "euclidean_accuracy": 0.991211,
        "euclidean_accuracy_threshold": 10.053991,
        "euclidean_f1": 0.954774,
        "euclidean_f1_threshold": 10.40974,
        "euclidean_precision": 0.984456,
        "euclidean_recall": 0.926829,
        "euclidean_ap": 0.966686,
        "dot_accuracy": 0.957031,
        "dot_accuracy_threshold": 340.584015,
        "dot_f1": 0.770781,
        "dot_f1_threshold": 316.060394,
        "dot_precision": 0.796875,
        "dot_recall": 0.746341,
        "dot_ap": 0.821686,
        "max_accuracy": 0.992676,
        "max_f1": 0.962594,
        "max_precision": 0.989583,
        "max_recall": 0.941463,
        "max_ap": 0.97105,
        "main_score": 0.97105,
        "hf_subset": "default",
        "languages": [
          "eng-Latn"
        ]
      }
    ]
  },
  "evaluation_time": 3.323735475540161,
  "kg_co2_emissions": null
}