{
  "dataset_revision": "1840e8a5ac6ec752bbdd97d543ead0189bc7c25b",
  "task_name": "ChemHotpotQARetrieval",
  "mteb_version": "1.36.29",
  "scores": {
    "train": [
      {
        "ndcg_at_1": 0.74444,
        "ndcg_at_3": 0.775,
        "ndcg_at_5": 0.7854,
        "ndcg_at_10": 0.79484,
        "ndcg_at_20": 0.80569,
        "ndcg_at_100": 0.81831,
        "ndcg_at_1000": 0.82315,
        "map_at_1": 0.725,
        "map_at_3": 0.76296,
        "map_at_5": 0.76907,
        "map_at_10": 0.77324,
        "map_at_20": 0.77649,
        "map_at_100": 0.77835,
        "map_at_1000": 0.77849,
        "recall_at_1": 0.725,
        "recall_at_3": 0.8,
        "recall_at_5": 0.825,
        "recall_at_10": 0.85278,
        "recall_at_20": 0.89444,
        "recall_at_100": 0.96111,
        "recall_at_1000": 1.0,
        "precision_at_1": 0.74444,
        "precision_at_3": 0.27593,
        "precision_at_5": 0.17111,
        "precision_at_10": 0.08833,
        "precision_at_20": 0.04639,
        "precision_at_100": 0.00994,
        "precision_at_1000": 0.00104,
        "mrr_at_1": 0.744444,
        "mrr_at_3": 0.774074,
        "mrr_at_5": 0.779074,
        "mrr_at_10": 0.783241,
        "mrr_at_20": 0.785987,
        "mrr_at_100": 0.787842,
        "mrr_at_1000": 0.787958,
        "nauc_ndcg_at_1_max": 0.57409,
        "nauc_ndcg_at_1_std": -0.041043,
        "nauc_ndcg_at_1_diff1": 0.866304,
        "nauc_ndcg_at_3_max": 0.489221,
        "nauc_ndcg_at_3_std": -0.098569,
        "nauc_ndcg_at_3_diff1": 0.783463,
        "nauc_ndcg_at_5_max": 0.477786,
        "nauc_ndcg_at_5_std": -0.110551,
        "nauc_ndcg_at_5_diff1": 0.784011,
        "nauc_ndcg_at_10_max": 0.466348,
        "nauc_ndcg_at_10_std": -0.117128,
        "nauc_ndcg_at_10_diff1": 0.780288,
        "nauc_ndcg_at_20_max": 0.465966,
        "nauc_ndcg_at_20_std": -0.08188,
        "nauc_ndcg_at_20_diff1": 0.772342,
        "nauc_ndcg_at_100_max": 0.458131,
        "nauc_ndcg_at_100_std": -0.084465,
        "nauc_ndcg_at_100_diff1": 0.770399,
        "nauc_ndcg_at_1000_max": 0.476017,
        "nauc_ndcg_at_1000_std": -0.087306,
        "nauc_ndcg_at_1000_diff1": 0.785117,
        "nauc_map_at_1_max": 0.485055,
        "nauc_map_at_1_std": -0.133858,
        "nauc_map_at_1_diff1": 0.796846,
        "nauc_map_at_3_max": 0.488642,
        "nauc_map_at_3_std": -0.104121,
        "nauc_map_at_3_diff1": 0.777259,
        "nauc_map_at_5_max": 0.481576,
        "nauc_map_at_5_std": -0.113032,
        "nauc_map_at_5_diff1": 0.777986,
        "nauc_map_at_10_max": 0.477107,
        "nauc_map_at_10_std": -0.115805,
        "nauc_map_at_10_diff1": 0.776402,
        "nauc_map_at_20_max": 0.476939,
        "nauc_map_at_20_std": -0.10512,
        "nauc_map_at_20_diff1": 0.774641,
        "nauc_map_at_100_max": 0.475719,
        "nauc_map_at_100_std": -0.104949,
        "nauc_map_at_100_diff1": 0.774644,
        "nauc_map_at_1000_max": 0.476208,
        "nauc_map_at_1000_std": -0.105055,
        "nauc_map_at_1000_diff1": 0.775067,
        "nauc_recall_at_1_max": 0.485055,
        "nauc_recall_at_1_std": -0.133858,
        "nauc_recall_at_1_diff1": 0.796846,
        "nauc_recall_at_3_max": 0.438445,
        "nauc_recall_at_3_std": -0.122615,
        "nauc_recall_at_3_diff1": 0.734758,
        "nauc_recall_at_5_max": 0.400083,
        "nauc_recall_at_5_std": -0.154091,
        "nauc_recall_at_5_diff1": 0.726571,
        "nauc_recall_at_10_max": 0.341513,
        "nauc_recall_at_10_std": -0.186685,
        "nauc_recall_at_10_diff1": 0.702012,
        "nauc_recall_at_20_max": 0.302835,
        "nauc_recall_at_20_std": 0.003365,
        "nauc_recall_at_20_diff1": 0.623237,
        "nauc_recall_at_100_max": -0.125183,
        "nauc_recall_at_100_std": 0.028145,
        "nauc_recall_at_100_diff1": 0.297519,
        "nauc_recall_at_1000_max": NaN,
        "nauc_recall_at_1000_std": NaN,
        "nauc_recall_at_1000_diff1": NaN,
        "nauc_precision_at_1_max": 0.57409,
        "nauc_precision_at_1_std": -0.041043,
        "nauc_precision_at_1_diff1": 0.866304,
        "nauc_precision_at_3_max": 0.49206,
        "nauc_precision_at_3_std": 0.063021,
        "nauc_precision_at_3_diff1": 0.670145,
        "nauc_precision_at_5_max": 0.425061,
        "nauc_precision_at_5_std": 0.038584,
        "nauc_precision_at_5_diff1": 0.612943,
        "nauc_precision_at_10_max": 0.380658,
        "nauc_precision_at_10_std": 0.038903,
        "nauc_precision_at_10_diff1": 0.57695,
        "nauc_precision_at_20_max": 0.32958,
        "nauc_precision_at_20_std": 0.2467,
        "nauc_precision_at_20_diff1": 0.437044,
        "nauc_precision_at_100_max": 0.150284,
        "nauc_precision_at_100_std": 0.457173,
        "nauc_precision_at_100_diff1": 0.135484,
        "nauc_precision_at_1000_max": 0.396182,
        "nauc_precision_at_1000_std": 0.678447,
        "nauc_precision_at_1000_diff1": 0.135383,
        "nauc_mrr_at_1_max": 0.57409,
        "nauc_mrr_at_1_std": -0.041043,
        "nauc_mrr_at_1_diff1": 0.866304,
        "nauc_mrr_at_3_max": 0.541453,
        "nauc_mrr_at_3_std": -0.059011,
        "nauc_mrr_at_3_diff1": 0.845098,
        "nauc_mrr_at_5_max": 0.538134,
        "nauc_mrr_at_5_std": -0.061316,
        "nauc_mrr_at_5_diff1": 0.846195,
        "nauc_mrr_at_10_max": 0.534541,
        "nauc_mrr_at_10_std": -0.06324,
        "nauc_mrr_at_10_diff1": 0.845806,
        "nauc_mrr_at_20_max": 0.534495,
        "nauc_mrr_at_20_std": -0.054304,
        "nauc_mrr_at_20_diff1": 0.844309,
        "nauc_mrr_at_100_max": 0.533785,
        "nauc_mrr_at_100_std": -0.053639,
        "nauc_mrr_at_100_diff1": 0.844982,
        "nauc_mrr_at_1000_max": 0.533986,
        "nauc_mrr_at_1000_std": -0.053989,
        "nauc_mrr_at_1000_diff1": 0.845087,
        "main_score": 0.79484,
        "hf_subset": "default",
        "languages": [
          "eng-Latn"
        ]
      }
    ],
    "dev": [
      {
        "ndcg_at_1": 0.875,
        "ndcg_at_3": 0.875,
        "ndcg_at_5": 0.875,
        "ndcg_at_10": 0.875,
        "ndcg_at_20": 0.90392,
        "ndcg_at_100": 0.90392,
        "ndcg_at_1000": 0.90392,
        "map_at_1": 0.875,
        "map_at_3": 0.875,
        "map_at_5": 0.875,
        "map_at_10": 0.875,
        "map_at_20": 0.88158,
        "map_at_100": 0.88158,
        "map_at_1000": 0.88158,
        "recall_at_1": 0.875,
        "recall_at_3": 0.875,
        "recall_at_5": 0.875,
        "recall_at_10": 0.875,
        "recall_at_20": 1.0,
        "recall_at_100": 1.0,
        "recall_at_1000": 1.0,
        "precision_at_1": 0.875,
        "precision_at_3": 0.29167,
        "precision_at_5": 0.175,
        "precision_at_10": 0.0875,
        "precision_at_20": 0.05,
        "precision_at_100": 0.01,
        "precision_at_1000": 0.001,
        "mrr_at_1": 0.875,
        "mrr_at_3": 0.875,
        "mrr_at_5": 0.875,
        "mrr_at_10": 0.875,
        "mrr_at_20": 0.881579,
        "mrr_at_100": 0.881579,
        "mrr_at_1000": 0.881579,
        "nauc_ndcg_at_1_max": 1.0,
        "nauc_ndcg_at_1_std": -1.597199,
        "nauc_ndcg_at_1_diff1": 1.0,
        "nauc_ndcg_at_3_max": 1.0,
        "nauc_ndcg_at_3_std": -1.597199,
        "nauc_ndcg_at_3_diff1": 1.0,
        "nauc_ndcg_at_5_max": 1.0,
        "nauc_ndcg_at_5_std": -1.597199,
        "nauc_ndcg_at_5_diff1": 1.0,
        "nauc_ndcg_at_10_max": 1.0,
        "nauc_ndcg_at_10_std": -1.597199,
        "nauc_ndcg_at_10_diff1": 1.0,
        "nauc_ndcg_at_20_max": 1.0,
        "nauc_ndcg_at_20_std": -1.597199,
        "nauc_ndcg_at_20_diff1": 1.0,
        "nauc_ndcg_at_100_max": 1.0,
        "nauc_ndcg_at_100_std": -1.597199,
        "nauc_ndcg_at_100_diff1": 1.0,
        "nauc_ndcg_at_1000_max": 1.0,
        "nauc_ndcg_at_1000_std": -1.597199,
        "nauc_ndcg_at_1000_diff1": 1.0,
        "nauc_map_at_1_max": 1.0,
        "nauc_map_at_1_std": -1.597199,
        "nauc_map_at_1_diff1": 1.0,
        "nauc_map_at_3_max": 1.0,
        "nauc_map_at_3_std": -1.597199,