{
  "dataset_revision": "5d958fb6b31055495347724d46431ba41309b03a",
  "task_name": "ChemNQRetrieval",
  "mteb_version": "1.36.29",
  "scores": {
    "test": [
      {
        "ndcg_at_1": 0.48148,
        "ndcg_at_3": 0.54935,
        "ndcg_at_5": 0.56891,
        "ndcg_at_10": 0.63303,
        "ndcg_at_20": 0.66337,
        "ndcg_at_100": 0.67011,
        "ndcg_at_1000": 0.67459,
        "map_at_1": 0.40123,
        "map_at_3": 0.50309,
        "map_at_5": 0.5216,
        "map_at_10": 0.55188,
        "map_at_20": 0.56359,
        "map_at_100": 0.56443,
        "map_at_1000": 0.56455,
        "recall_at_1": 0.40123,
        "recall_at_3": 0.60494,
        "recall_at_5": 0.64198,
        "recall_at_10": 0.82099,
        "recall_at_20": 0.92593,
        "recall_at_100": 0.96296,
        "recall_at_1000": 1.0,
        "precision_at_1": 0.48148,
        "precision_at_3": 0.24691,
        "precision_at_5": 0.16296,
        "precision_at_10": 0.10741,
        "precision_at_20": 0.06111,
        "precision_at_100": 0.01259,
        "precision_at_1000": 0.0013,
        "mrr_at_1": 0.481481,
        "mrr_at_3": 0.58642,
        "mrr_at_5": 0.58642,
        "mrr_at_10": 0.608025,
        "mrr_at_20": 0.614037,
        "mrr_at_100": 0.614879,
        "mrr_at_1000": 0.615,
        "nauc_ndcg_at_1_max": 0.349347,
        "nauc_ndcg_at_1_std": 0.213995,
        "nauc_ndcg_at_1_diff1": 0.226852,
        "nauc_ndcg_at_3_max": 0.422514,
        "nauc_ndcg_at_3_std": 0.24042,
        "nauc_ndcg_at_3_diff1": 0.201756,
        "nauc_ndcg_at_5_max": 0.419016,
        "nauc_ndcg_at_5_std": 0.259777,
        "nauc_ndcg_at_5_diff1": 0.166757,
        "nauc_ndcg_at_10_max": 0.429798,
        "nauc_ndcg_at_10_std": 0.268893,
        "nauc_ndcg_at_10_diff1": 0.251944,
        "nauc_ndcg_at_20_max": 0.43872,
        "nauc_ndcg_at_20_std": 0.279034,
        "nauc_ndcg_at_20_diff1": 0.235285,
        "nauc_ndcg_at_100_max": 0.43529,
        "nauc_ndcg_at_100_std": 0.276739,
        "nauc_ndcg_at_100_diff1": 0.231712,
        "nauc_ndcg_at_1000_max": 0.429585,
        "nauc_ndcg_at_1000_std": 0.279979,
        "nauc_ndcg_at_1000_diff1": 0.219114,
        "nauc_map_at_1_max": 0.246332,
        "nauc_map_at_1_std": 0.196157,
        "nauc_map_at_1_diff1": 0.127559,
        "nauc_map_at_3_max": 0.379952,
        "nauc_map_at_3_std": 0.21661,
        "nauc_map_at_3_diff1": 0.185238,
        "nauc_map_at_5_max": 0.376233,
        "nauc_map_at_5_std": 0.233885,
        "nauc_map_at_5_diff1": 0.153334,
        "nauc_map_at_10_max": 0.377125,
        "nauc_map_at_10_std": 0.237334,
        "nauc_map_at_10_diff1": 0.184595,
        "nauc_map_at_20_max": 0.385409,
        "nauc_map_at_20_std": 0.248323,
        "nauc_map_at_20_diff1": 0.182725,
        "nauc_map_at_100_max": 0.384906,
        "nauc_map_at_100_std": 0.248001,
        "nauc_map_at_100_diff1": 0.18221,
        "nauc_map_at_1000_max": 0.384763,
        "nauc_map_at_1000_std": 0.248058,
        "nauc_map_at_1000_diff1": 0.18192,
        "nauc_recall_at_1_max": 0.246332,
        "nauc_recall_at_1_std": 0.196157,
        "nauc_recall_at_1_diff1": 0.127559,
        "nauc_recall_at_3_max": 0.467325,
        "nauc_recall_at_3_std": 0.226693,
        "nauc_recall_at_3_diff1": 0.207595,
        "nauc_recall_at_5_max": 0.453694,
        "nauc_recall_at_5_std": 0.258766,
        "nauc_recall_at_5_diff1": 0.135397,
        "nauc_recall_at_10_max": 0.496003,
        "nauc_recall_at_10_std": 0.242077,
        "nauc_recall_at_10_diff1": 0.507223,
        "nauc_recall_at_20_max": 0.639671,
        "nauc_recall_at_20_std": 0.235378,
        "nauc_recall_at_20_diff1": 0.612599,
        "nauc_recall_at_100_max": 0.723262,
        "nauc_recall_at_100_std": 0.113206,
        "nauc_recall_at_100_diff1": 0.867647,
        "nauc_recall_at_1000_max": NaN,
        "nauc_recall_at_1000_std": NaN,
        "nauc_recall_at_1000_diff1": NaN,
        "nauc_precision_at_1_max": 0.349347,
        "nauc_precision_at_1_std": 0.213995,
        "nauc_precision_at_1_diff1": 0.226852,
        "nauc_precision_at_3_max": 0.627872,
        "nauc_precision_at_3_std": 0.21355,
        "nauc_precision_at_3_diff1": 0.304047,
        "nauc_precision_at_5_max": 0.402625,
        "nauc_precision_at_5_std": 0.180395,
        "nauc_precision_at_5_diff1": 0.111278,
        "nauc_precision_at_10_max": 0.379751,
        "nauc_precision_at_10_std": 0.221226,
        "nauc_precision_at_10_diff1": 0.268288,
        "nauc_precision_at_20_max": 0.338869,
        "nauc_precision_at_20_std": 0.241926,
        "nauc_precision_at_20_diff1": 0.204804,
        "nauc_precision_at_100_max": 0.319998,
        "nauc_precision_at_100_std": 0.231881,
        "nauc_precision_at_100_diff1": 0.191534,
        "nauc_precision_at_1000_max": 0.28163,
        "nauc_precision_at_1000_std": 0.243172,
        "nauc_precision_at_1000_diff1": 0.127206,
        "nauc_mrr_at_1_max": 0.349347,
        "nauc_mrr_at_1_std": 0.213995,
        "nauc_mrr_at_1_diff1": 0.226852,
        "nauc_mrr_at_3_max": 0.436167,
        "nauc_mrr_at_3_std": 0.294104,
        "nauc_mrr_at_3_diff1": 0.226653,
        "nauc_mrr_at_5_max": 0.436167,
        "nauc_mrr_at_5_std": 0.294104,
        "nauc_mrr_at_5_diff1": 0.226653,
        "nauc_mrr_at_10_max": 0.453424,
        "nauc_mrr_at_10_std": 0.305754,
        "nauc_mrr_at_10_diff1": 0.259739,
        "nauc_mrr_at_20_max": 0.444549,
        "nauc_mrr_at_20_std": 0.29598,
        "nauc_mrr_at_20_diff1": 0.249511,
        "nauc_mrr_at_100_max": 0.444222,
        "nauc_mrr_at_100_std": 0.295799,
        "nauc_mrr_at_100_diff1": 0.249194,
        "nauc_mrr_at_1000_max": 0.444105,
        "nauc_mrr_at_1000_std": 0.295876,
        "nauc_mrr_at_1000_diff1": 0.248934,
        "main_score": 0.63303,
        "hf_subset": "default",
        "languages": [
          "eng-Latn"
        ]
      }
    ]
  },
  "evaluation_time": 29.853267669677734,
  "kg_co2_emissions": null
}