{
  "dataset_revision": "f33a205966ce032f957c3a22f4f9e378f89a2c56",
  "task_name": "PubChemAISentenceParaphrasePC",
  "mteb_version": "1.36.29",
  "scores": {
    "test": [
      {
        "similarity_accuracy": 0.984375,
        "similarity_accuracy_threshold": 0.915301,
        "similarity_f1": 0.920398,
        "similarity_f1_threshold": 0.906116,
        "similarity_precision": 0.939086,
        "similarity_recall": 0.902439,
        "similarity_ap": 0.942738,
        "cosine_accuracy": 0.984375,
        "cosine_accuracy_threshold": 0.915301,
        "cosine_f1": 0.920398,
        "cosine_f1_threshold": 0.906116,
        "cosine_precision": 0.939086,
        "cosine_recall": 0.902439,
        "cosine_ap": 0.942738,
        "manhattan_accuracy": 0.984863,
        "manhattan_accuracy_threshold": 170.963516,
        "manhattan_f1": 0.920308,
        "manhattan_f1_threshold": 173.253799,
        "manhattan_precision": 0.972826,
        "manhattan_recall": 0.873171,
        "manhattan_ap": 0.930026,
        "euclidean_accuracy": 0.984375,
        "euclidean_accuracy_threshold": 7.791789,
        "euclidean_f1": 0.917949,
        "euclidean_f1_threshold": 7.864732,
        "euclidean_precision": 0.967568,
        "euclidean_recall": 0.873171,
        "euclidean_ap": 0.929931,
        "dot_accuracy": 0.933105,
        "dot_accuracy_threshold": 356.936096,
        "dot_f1": 0.627737,
        "dot_f1_threshold": 336.595612,
        "dot_precision": 0.626214,
        "dot_recall": 0.629268,
        "dot_ap": 0.670141,
        "max_accuracy": 0.984863,
        "max_f1": 0.920398,
        "max_precision": 0.972826,
        "max_recall": 0.902439,
        "max_ap": 0.942738,
        "main_score": 0.942738,
        "hf_subset": "default",
        "languages": [
          "eng-Latn"
        ]
      }
    ]
  },
  "evaluation_time": 3.381634473800659,
  "kg_co2_emissions": null
}