{
  "dataset_revision": "7fb14716e4106b72f51a16e682e5cd2d67e9bd70",
  "task_name": "PubChemWikiParagraphsPC",
  "mteb_version": "1.36.29",
  "scores": {
    "test": [
      {
        "similarity_accuracy": 0.899414,
        "similarity_accuracy_threshold": 0.896545,
        "similarity_f1": 0.311239,
        "similarity_f1_threshold": 0.300351,
        "similarity_precision": 0.220859,
        "similarity_recall": 0.526829,
        "similarity_ap": 0.202038,
        "cosine_accuracy": 0.899414,
        "cosine_accuracy_threshold": 0.896545,
        "cosine_f1": 0.311239,
        "cosine_f1_threshold": 0.300351,
        "cosine_precision": 0.220859,
        "cosine_recall": 0.526829,
        "cosine_ap": 0.202038,
        "manhattan_accuracy": 0.899414,
        "manhattan_accuracy_threshold": 153.667847,
        "manhattan_f1": 0.265655,
        "manhattan_f1_threshold": 368.716187,
        "manhattan_precision": 0.217391,
        "manhattan_recall": 0.341463,
        "manhattan_ap": 0.186653,
        "euclidean_accuracy": 0.899414,
        "euclidean_accuracy_threshold": 6.979979,
        "euclidean_f1": 0.265446,
        "euclidean_f1_threshold": 16.317392,
        "euclidean_precision": 0.25,
        "euclidean_recall": 0.282927,
        "euclidean_ap": 0.188796,
        "dot_accuracy": 0.899414,
        "dot_accuracy_threshold": 298.632507,
        "dot_f1": 0.252546,
        "dot_f1_threshold": 62.987068,
        "dot_precision": 0.159588,
        "dot_recall": 0.604878,
        "dot_ap": 0.145746,
        "max_accuracy": 0.899414,
        "max_f1": 0.311239,
        "max_precision": 0.25,
        "max_recall": 0.604878,
        "max_ap": 0.202038,
        "main_score": 0.202038,
        "hf_subset": "default",
        "languages": [
          "eng-Latn"
        ]
      }
    ]
  },
  "evaluation_time": 4.283294677734375,
  "kg_co2_emissions": null
}