{
  "dataset_revision": "5d958fb6b31055495347724d46431ba41309b03a",
  "task_name": "ChemNQRetrieval",
  "mteb_version": "1.36.29",
  "scores": {
    "test": [
      {
        "ndcg_at_1": 0.48148,
        "ndcg_at_3": 0.57801,
        "ndcg_at_5": 0.60374,
        "ndcg_at_10": 0.61866,
        "ndcg_at_20": 0.63943,
        "ndcg_at_100": 0.65581,
        "ndcg_at_1000": 0.66931,
        "map_at_1": 0.38272,
        "map_at_3": 0.52778,
        "map_at_5": 0.5463,
        "map_at_10": 0.5535,
        "map_at_20": 0.56119,
        "map_at_100": 0.56456,
        "map_at_1000": 0.56517,
        "recall_at_1": 0.38272,
        "recall_at_3": 0.66049,
        "recall_at_5": 0.71605,
        "recall_at_10": 0.75309,
        "recall_at_20": 0.82716,
        "recall_at_100": 0.90123,
        "recall_at_1000": 1.0,
        "precision_at_1": 0.48148,
        "precision_at_3": 0.2716,
        "precision_at_5": 0.17778,
        "precision_at_10": 0.0963,
        "precision_at_20": 0.0537,
        "precision_at_100": 0.01148,
        "precision_at_1000": 0.0013,
        "mrr_at_1": 0.481481,
        "mrr_at_3": 0.598765,
        "mrr_at_5": 0.608025,
        "mrr_at_10": 0.614198,
        "mrr_at_20": 0.616667,
        "mrr_at_100": 0.620041,
        "mrr_at_1000": 0.620338,
        "nauc_ndcg_at_1_max": 0.419682,
        "nauc_ndcg_at_1_std": 0.151866,
        "nauc_ndcg_at_1_diff1": 0.312297,
        "nauc_ndcg_at_3_max": 0.26484,
        "nauc_ndcg_at_3_std": 0.048711,
        "nauc_ndcg_at_3_diff1": 0.177776,
        "nauc_ndcg_at_5_max": 0.259731,
        "nauc_ndcg_at_5_std": 0.021305,
        "nauc_ndcg_at_5_diff1": 0.140408,
        "nauc_ndcg_at_10_max": 0.325984,
        "nauc_ndcg_at_10_std": 0.115854,
        "nauc_ndcg_at_10_diff1": 0.147569,
        "nauc_ndcg_at_20_max": 0.340241,
        "nauc_ndcg_at_20_std": 0.141956,
        "nauc_ndcg_at_20_diff1": 0.174829,
        "nauc_ndcg_at_100_max": 0.313068,
        "nauc_ndcg_at_100_std": 0.107916,
        "nauc_ndcg_at_100_diff1": 0.208391,
        "nauc_ndcg_at_1000_max": 0.313617,
        "nauc_ndcg_at_1000_std": 0.093406,
        "nauc_ndcg_at_1000_diff1": 0.194074,
        "nauc_map_at_1_max": 0.288195,
        "nauc_map_at_1_std": 0.141228,
        "nauc_map_at_1_diff1": 0.207654,
        "nauc_map_at_3_max": 0.218821,
        "nauc_map_at_3_std": 0.017227,
        "nauc_map_at_3_diff1": 0.201335,
        "nauc_map_at_5_max": 0.22874,
        "nauc_map_at_5_std": 0.008585,
        "nauc_map_at_5_diff1": 0.177024,
        "nauc_map_at_10_max": 0.260177,
        "nauc_map_at_10_std": 0.049916,
        "nauc_map_at_10_diff1": 0.18273,
        "nauc_map_at_20_max": 0.268157,
        "nauc_map_at_20_std": 0.057469,
        "nauc_map_at_20_diff1": 0.185951,
        "nauc_map_at_100_max": 0.262726,
        "nauc_map_at_100_std": 0.050705,
        "nauc_map_at_100_diff1": 0.192132,
        "nauc_map_at_1000_max": 0.26223,
        "nauc_map_at_1000_std": 0.049612,
        "nauc_map_at_1000_diff1": 0.191789,
        "nauc_recall_at_1_max": 0.288195,
        "nauc_recall_at_1_std": 0.141228,
        "nauc_recall_at_1_diff1": 0.207654,
        "nauc_recall_at_3_max": 0.198111,
        "nauc_recall_at_3_std": 0.044622,
        "nauc_recall_at_3_diff1": 0.081974,
        "nauc_recall_at_5_max": 0.165555,
        "nauc_recall_at_5_std": -0.037498,
        "nauc_recall_at_5_diff1": -0.018267,
        "nauc_recall_at_10_max": 0.377798,
        "nauc_recall_at_10_std": 0.250907,
        "nauc_recall_at_10_diff1": -0.002132,
        "nauc_recall_at_20_max": 0.438447,
        "nauc_recall_at_20_std": 0.437483,
        "nauc_recall_at_20_diff1": 0.147286,
        "nauc_recall_at_100_max": 0.188568,
        "nauc_recall_at_100_std": 0.249654,
        "nauc_recall_at_100_diff1": 0.490006,
        "nauc_recall_at_1000_max": NaN,
        "nauc_recall_at_1000_std": NaN,
        "nauc_recall_at_1000_diff1": NaN,
        "nauc_precision_at_1_max": 0.419682,
        "nauc_precision_at_1_std": 0.151866,
        "nauc_precision_at_1_diff1": 0.312297,
        "nauc_precision_at_3_max": 0.30932,
        "nauc_precision_at_3_std": -0.041042,
        "nauc_precision_at_3_diff1": 0.217649,
        "nauc_precision_at_5_max": 0.299409,
        "nauc_precision_at_5_std": -0.06479,
        "nauc_precision_at_5_diff1": 0.111343,
        "nauc_precision_at_10_max": 0.493475,
        "nauc_precision_at_10_std": 0.249508,
        "nauc_precision_at_10_diff1": 0.125786,
        "nauc_precision_at_20_max": 0.479148,
        "nauc_precision_at_20_std": 0.335586,
        "nauc_precision_at_20_diff1": 0.126803,
        "nauc_precision_at_100_max": 0.425068,
        "nauc_precision_at_100_std": 0.27161,
        "nauc_precision_at_100_diff1": 0.213923,
        "nauc_precision_at_1000_max": 0.350329,
        "nauc_precision_at_1000_std": 0.1549,
        "nauc_precision_at_1000_diff1": 0.105563,
        "nauc_mrr_at_1_max": 0.419682,
        "nauc_mrr_at_1_std": 0.151866,
        "nauc_mrr_at_1_diff1": 0.312297,
        "nauc_mrr_at_3_max": 0.415646,
        "nauc_mrr_at_3_std": 0.127103,
        "nauc_mrr_at_3_diff1": 0.213435,
        "nauc_mrr_at_5_max": 0.393643,
        "nauc_mrr_at_5_std": 0.102698,
        "nauc_mrr_at_5_diff1": 0.200797,
        "nauc_mrr_at_10_max": 0.411901,
        "nauc_mrr_at_10_std": 0.141281,
        "nauc_mrr_at_10_diff1": 0.196275,
        "nauc_mrr_at_20_max": 0.407522,
        "nauc_mrr_at_20_std": 0.139264,
        "nauc_mrr_at_20_diff1": 0.208103,
        "nauc_mrr_at_100_max": 0.403444,
        "nauc_mrr_at_100_std": 0.133171,
        "nauc_mrr_at_100_diff1": 0.21474,
        "nauc_mrr_at_1000_max": 0.403043,
        "nauc_mrr_at_1000_std": 0.132488,
        "nauc_mrr_at_1000_diff1": 0.2141,
        "main_score": 0.61866,
        "hf_subset": "default",
        "languages": [
          "eng-Latn"
        ]
      }
    ]
  },
  "evaluation_time": 43.55630922317505,
  "kg_co2_emissions": null
}