{
  "dataset_revision": "5037d69d177c9628fb79cb57eea1299178b28c1b",
  "task_name": "PubChemSynonymPC",
  "mteb_version": "1.36.29",
  "scores": {
    "test": [
      {
        "similarity_accuracy": 0.945312,
        "similarity_accuracy_threshold": 0.558478,
        "similarity_f1": 0.654434,
        "similarity_f1_threshold": 0.5419,
        "similarity_precision": 0.869919,
        "similarity_recall": 0.52451,
        "similarity_ap": 0.627043,
        "cosine_accuracy": 0.945312,
        "cosine_accuracy_threshold": 0.558478,
        "cosine_f1": 0.654434,
        "cosine_f1_threshold": 0.5419,
        "cosine_precision": 0.869919,
        "cosine_recall": 0.52451,
        "cosine_ap": 0.627043,
        "manhattan_accuracy": 0.938477,
        "manhattan_accuracy_threshold": 355.906525,
        "manhattan_f1": 0.587097,
        "manhattan_f1_threshold": 391.445923,
        "manhattan_precision": 0.858491,
        "manhattan_recall": 0.446078,
        "manhattan_ap": 0.587463,
        "euclidean_accuracy": 0.938965,
        "euclidean_accuracy_threshold": 16.767937,
        "euclidean_f1": 0.592834,
        "euclidean_f1_threshold": 17.729774,
        "euclidean_precision": 0.883495,
        "euclidean_recall": 0.446078,
        "euclidean_ap": 0.588822,
        "dot_accuracy": 0.937988,
        "dot_accuracy_threshold": 249.482605,
        "dot_f1": 0.59306,
        "dot_f1_threshold": 233.306244,
        "dot_precision": 0.831858,
        "dot_recall": 0.460784,
        "dot_ap": 0.579513,
        "max_accuracy": 0.945312,
        "max_f1": 0.654434,
        "max_precision": 0.883495,
        "max_recall": 0.52451,
        "max_ap": 0.627043,
        "main_score": 0.627043,
        "hf_subset": "default",
        "languages": [
          "eng-Latn"
        ]
      }
    ]
  },
  "evaluation_time": 5.333842515945435,
  "kg_co2_emissions": null
}