{
  "dataset_revision": "080c9ed6267b65029207906e815d44a9240bafca",
  "task_name": "FEVERHardNegatives",
  "mteb_version": "1.36.29",
  "scores": {
    "test": [
      {
        "ndcg_at_1": 0.573,
        "ndcg_at_3": 0.69224,
        "ndcg_at_5": 0.72247,
        "ndcg_at_10": 0.74151,
        "ndcg_at_20": 0.75046,
        "ndcg_at_100": 0.75713,
        "ndcg_at_1000": 0.75943,
        "map_at_1": 0.54292,
        "map_at_3": 0.64958,
        "map_at_5": 0.66778,
        "map_at_10": 0.67611,
        "map_at_20": 0.6789,
        "map_at_100": 0.68021,
        "map_at_1000": 0.68036,
        "recall_at_1": 0.54292,
        "recall_at_3": 0.77974,
        "recall_at_5": 0.8531,
        "recall_at_10": 0.91064,
        "recall_at_20": 0.94319,
        "recall_at_100": 0.9732,
        "recall_at_1000": 0.98654,
        "precision_at_1": 0.573,
        "precision_at_3": 0.27767,
        "precision_at_5": 0.1826,
        "precision_at_10": 0.098,
        "precision_at_20": 0.05115,
        "precision_at_100": 0.0108,
        "precision_at_1000": 0.00112,
        "mrr_at_1": 0.573,
        "mrr_at_3": 0.683667,
        "mrr_at_5": 0.701067,
        "mrr_at_10": 0.708736,
        "mrr_at_20": 0.710995,
        "mrr_at_100": 0.711467,
        "mrr_at_1000": 0.711474,
        "nauc_ndcg_at_1_max": 0.147091,
        "nauc_ndcg_at_1_std": -0.213197,
        "nauc_ndcg_at_1_diff1": 0.532005,
        "nauc_ndcg_at_3_max": 0.195802,
        "nauc_ndcg_at_3_std": -0.209979,
        "nauc_ndcg_at_3_diff1": 0.457938,
        "nauc_ndcg_at_5_max": 0.204091,
        "nauc_ndcg_at_5_std": -0.209851,
        "nauc_ndcg_at_5_diff1": 0.453667,
        "nauc_ndcg_at_10_max": 0.190244,
        "nauc_ndcg_at_10_std": -0.206335,
        "nauc_ndcg_at_10_diff1": 0.46493,
        "nauc_ndcg_at_20_max": 0.18697,
        "nauc_ndcg_at_20_std": -0.195383,
        "nauc_ndcg_at_20_diff1": 0.467907,
        "nauc_ndcg_at_100_max": 0.185018,
        "nauc_ndcg_at_100_std": -0.199466,
        "nauc_ndcg_at_100_diff1": 0.469617,
        "nauc_ndcg_at_1000_max": 0.186061,
        "nauc_ndcg_at_1000_std": -0.197919,
        "nauc_ndcg_at_1000_diff1": 0.471148,
        "nauc_map_at_1_max": 0.12916,
        "nauc_map_at_1_std": -0.205016,
        "nauc_map_at_1_diff1": 0.492338,
        "nauc_map_at_3_max": 0.174803,
        "nauc_map_at_3_std": -0.207354,
        "nauc_map_at_3_diff1": 0.464226,
        "nauc_map_at_5_max": 0.178876,
        "nauc_map_at_5_std": -0.208023,
        "nauc_map_at_5_diff1": 0.46353,
        "nauc_map_at_10_max": 0.173209,
        "nauc_map_at_10_std": -0.207155,
        "nauc_map_at_10_diff1": 0.468077,
        "nauc_map_at_20_max": 0.172812,
        "nauc_map_at_20_std": -0.204329,
        "nauc_map_at_20_diff1": 0.469111,
        "nauc_map_at_100_max": 0.172997,
        "nauc_map_at_100_std": -0.204591,
        "nauc_map_at_100_diff1": 0.468865,
        "nauc_map_at_1000_max": 0.173107,
        "nauc_map_at_1000_std": -0.204422,
        "nauc_map_at_1000_diff1": 0.468934,
        "nauc_recall_at_1_max": 0.12916,
        "nauc_recall_at_1_std": -0.205016,
        "nauc_recall_at_1_diff1": 0.492338,
        "nauc_recall_at_3_max": 0.249411,
        "nauc_recall_at_3_std": -0.183369,
        "nauc_recall_at_3_diff1": 0.380458,
        "nauc_recall_at_5_max": 0.296234,
        "nauc_recall_at_5_std": -0.170357,
        "nauc_recall_at_5_diff1": 0.318765,
        "nauc_recall_at_10_max": 0.246234,
        "nauc_recall_at_10_std": -0.127678,
        "nauc_recall_at_10_diff1": 0.301291,
        "nauc_recall_at_20_max": 0.220688,
        "nauc_recall_at_20_std": 0.041505,
        "nauc_recall_at_20_diff1": 0.244546,
        "nauc_recall_at_100_max": 0.185799,
        "nauc_recall_at_100_std": 0.096542,
        "nauc_recall_at_100_diff1": 0.190585,
        "nauc_recall_at_1000_max": 0.300964,
        "nauc_recall_at_1000_std": 0.438305,
        "nauc_recall_at_1000_diff1": 0.184629,
        "nauc_precision_at_1_max": 0.147091,
        "nauc_precision_at_1_std": -0.213197,
        "nauc_precision_at_1_diff1": 0.532005,
        "nauc_precision_at_3_max": 0.290454,
        "nauc_precision_at_3_std": -0.209564,
        "nauc_precision_at_3_diff1": 0.411033,
        "nauc_precision_at_5_max": 0.333051,
        "nauc_precision_at_5_std": -0.188511,
        "nauc_precision_at_5_diff1": 0.318455,
        "nauc_precision_at_10_max": 0.224592,
        "nauc_precision_at_10_std": -0.10903,
        "nauc_precision_at_10_diff1": 0.247423,
        "nauc_precision_at_20_max": 0.158733,
        "nauc_precision_at_20_std": 0.092332,
        "nauc_precision_at_20_diff1": 0.098267,
        "nauc_precision_at_100_max": 0.015801,
        "nauc_precision_at_100_std": 0.085239,
        "nauc_precision_at_100_diff1": -0.080282,
        "nauc_precision_at_1000_max": -0.003602,
        "nauc_precision_at_1000_std": 0.099606,
        "nauc_precision_at_1000_diff1": -0.102958,
        "nauc_mrr_at_1_max": 0.147091,
        "nauc_mrr_at_1_std": -0.213197,
        "nauc_mrr_at_1_diff1": 0.532005,
        "nauc_mrr_at_3_max": 0.192911,
        "nauc_mrr_at_3_std": -0.224858,
        "nauc_mrr_at_3_diff1": 0.499594,
        "nauc_mrr_at_5_max": 0.195424,
        "nauc_mrr_at_5_std": -0.225957,
        "nauc_mrr_at_5_diff1": 0.497797,
        "nauc_mrr_at_10_max": 0.190916,
        "nauc_mrr_at_10_std": -0.223703,
        "nauc_mrr_at_10_diff1": 0.502094,
        "nauc_mrr_at_20_max": 0.189087,
        "nauc_mrr_at_20_std": -0.221199,
        "nauc_mrr_at_20_diff1": 0.502712,
        "nauc_mrr_at_100_max": 0.188927,
        "nauc_mrr_at_100_std": -0.221411,
        "nauc_mrr_at_100_diff1": 0.5028,
        "nauc_mrr_at_1000_max": 0.188904,
        "nauc_mrr_at_1000_std": -0.221443,
        "nauc_mrr_at_1000_diff1": 0.502811,
        "main_score": 0.74151,
        "hf_subset": "default",
        "languages": [
          "eng-Latn"
        ]
      }
    ]
  },
  "evaluation_time": 670.0666027069092,
  "kg_co2_emissions": null
}