{
  "dataset_revision": "f8c2fcf00f625baaa80f62ec5bd9e1fff3b8ae88",
  "task_name": "SCIDOCS",
  "mteb_version": "1.36.29",
  "scores": {
    "test": [
      {
        "ndcg_at_1": 0.232,
        "ndcg_at_3": 0.19342,
        "ndcg_at_5": 0.16844,
        "ndcg_at_10": 0.20168,
        "ndcg_at_20": 0.23032,
        "ndcg_at_100": 0.27968,
        "ndcg_at_1000": 0.32956,
        "map_at_1": 0.04698,
        "map_at_3": 0.087,
        "map_at_5": 0.1044,
        "map_at_10": 0.12155,
        "map_at_20": 0.13192,
        "map_at_100": 0.1416,
        "map_at_1000": 0.14427,
        "recall_at_1": 0.04698,
        "recall_at_3": 0.11078,
        "recall_at_5": 0.15058,
        "recall_at_10": 0.21158,
        "recall_at_20": 0.27905,
        "recall_at_100": 0.4397,
        "recall_at_1000": 0.6862,
        "precision_at_1": 0.232,
        "precision_at_3": 0.182,
        "precision_at_5": 0.1484,
        "precision_at_10": 0.1044,
        "precision_at_20": 0.06885,
        "precision_at_100": 0.02168,
        "precision_at_1000": 0.00338,
        "mrr_at_1": 0.232,
        "mrr_at_3": 0.310833,
        "mrr_at_5": 0.328333,
        "mrr_at_10": 0.341694,
        "mrr_at_20": 0.348129,
        "mrr_at_100": 0.352556,
        "mrr_at_1000": 0.353057,
        "nauc_ndcg_at_1_max": 0.249555,
        "nauc_ndcg_at_1_std": 0.042082,
        "nauc_ndcg_at_1_diff1": 0.27951,
        "nauc_ndcg_at_3_max": 0.285127,
        "nauc_ndcg_at_3_std": 0.063877,
        "nauc_ndcg_at_3_diff1": 0.218281,
        "nauc_ndcg_at_5_max": 0.282357,
        "nauc_ndcg_at_5_std": 0.084877,
        "nauc_ndcg_at_5_diff1": 0.195528,
        "nauc_ndcg_at_10_max": 0.29671,
        "nauc_ndcg_at_10_std": 0.110222,
        "nauc_ndcg_at_10_diff1": 0.204729,
        "nauc_ndcg_at_20_max": 0.307126,
        "nauc_ndcg_at_20_std": 0.137353,
        "nauc_ndcg_at_20_diff1": 0.21086,
        "nauc_ndcg_at_100_max": 0.331008,
        "nauc_ndcg_at_100_std": 0.204697,
        "nauc_ndcg_at_100_diff1": 0.207377,
        "nauc_ndcg_at_1000_max": 0.32137,
        "nauc_ndcg_at_1000_std": 0.20233,
        "nauc_ndcg_at_1000_diff1": 0.210182,
        "nauc_map_at_1_max": 0.247521,
        "nauc_map_at_1_std": 0.040981,
        "nauc_map_at_1_diff1": 0.279503,
        "nauc_map_at_3_max": 0.285243,
        "nauc_map_at_3_std": 0.049461,
        "nauc_map_at_3_diff1": 0.224532,
        "nauc_map_at_5_max": 0.288934,
        "nauc_map_at_5_std": 0.063138,
        "nauc_map_at_5_diff1": 0.208856,
        "nauc_map_at_10_max": 0.297497,
        "nauc_map_at_10_std": 0.088226,
        "nauc_map_at_10_diff1": 0.208814,
        "nauc_map_at_20_max": 0.305756,
        "nauc_map_at_20_std": 0.105254,
        "nauc_map_at_20_diff1": 0.212004,
        "nauc_map_at_100_max": 0.31401,
        "nauc_map_at_100_std": 0.128672,
        "nauc_map_at_100_diff1": 0.21219,
        "nauc_map_at_1000_max": 0.313383,
        "nauc_map_at_1000_std": 0.130305,
        "nauc_map_at_1000_diff1": 0.212254,
        "nauc_recall_at_1_max": 0.247521,
        "nauc_recall_at_1_std": 0.040981,
        "nauc_recall_at_1_diff1": 0.279503,
        "nauc_recall_at_3_max": 0.290317,
        "nauc_recall_at_3_std": 0.0712,
        "nauc_recall_at_3_diff1": 0.190754,
        "nauc_recall_at_5_max": 0.274442,
        "nauc_recall_at_5_std": 0.10334,
        "nauc_recall_at_5_diff1": 0.149905,
        "nauc_recall_at_10_max": 0.290348,
        "nauc_recall_at_10_std": 0.142736,
        "nauc_recall_at_10_diff1": 0.168752,
        "nauc_recall_at_20_max": 0.293178,
        "nauc_recall_at_20_std": 0.188614,
        "nauc_recall_at_20_diff1": 0.17219,
        "nauc_recall_at_100_max": 0.319964,
        "nauc_recall_at_100_std": 0.342706,
        "nauc_recall_at_100_diff1": 0.139339,
        "nauc_recall_at_1000_max": 0.249764,
        "nauc_recall_at_1000_std": 0.332004,
        "nauc_recall_at_1000_diff1": 0.122512,
        "nauc_precision_at_1_max": 0.249555,
        "nauc_precision_at_1_std": 0.042082,
        "nauc_precision_at_1_diff1": 0.27951,
        "nauc_precision_at_3_max": 0.292654,
        "nauc_precision_at_3_std": 0.07146,
        "nauc_precision_at_3_diff1": 0.191355,
        "nauc_precision_at_5_max": 0.278554,
        "nauc_precision_at_5_std": 0.104504,
        "nauc_precision_at_5_diff1": 0.150742,
        "nauc_precision_at_10_max": 0.29366,
        "nauc_precision_at_10_std": 0.14246,
        "nauc_precision_at_10_diff1": 0.17053,
        "nauc_precision_at_20_max": 0.29748,
        "nauc_precision_at_20_std": 0.188583,
        "nauc_precision_at_20_diff1": 0.173069,
        "nauc_precision_at_100_max": 0.321737,
        "nauc_precision_at_100_std": 0.337958,
        "nauc_precision_at_100_diff1": 0.142126,
        "nauc_precision_at_1000_max": 0.253568,
        "nauc_precision_at_1000_std": 0.320225,
        "nauc_precision_at_1000_diff1": 0.125966,
        "nauc_mrr_at_1_max": 0.249555,
        "nauc_mrr_at_1_std": 0.042082,
        "nauc_mrr_at_1_diff1": 0.27951,
        "nauc_mrr_at_3_max": 0.266343,
        "nauc_mrr_at_3_std": 0.071375,
        "nauc_mrr_at_3_diff1": 0.23785,
        "nauc_mrr_at_5_max": 0.259491,
        "nauc_mrr_at_5_std": 0.079076,
        "nauc_mrr_at_5_diff1": 0.225196,
        "nauc_mrr_at_10_max": 0.261879,
        "nauc_mrr_at_10_std": 0.081416,
        "nauc_mrr_at_10_diff1": 0.227387,
        "nauc_mrr_at_20_max": 0.262196,
        "nauc_mrr_at_20_std": 0.084394,
        "nauc_mrr_at_20_diff1": 0.230178,
        "nauc_mrr_at_100_max": 0.262442,
        "nauc_mrr_at_100_std": 0.084934,
        "nauc_mrr_at_100_diff1": 0.230121,
        "nauc_mrr_at_1000_max": 0.262273,
        "nauc_mrr_at_1000_std": 0.084574,
        "nauc_mrr_at_1000_diff1": 0.230283,
        "main_score": 0.20168,
        "hf_subset": "default",
        "languages": [
          "eng-Latn"
        ]
      }
    ]
  },
  "evaluation_time": 135.8110089302063,
  "kg_co2_emissions": null
}