{
  "dataset_revision": "bb9466bac8153a0349341eb1b22e06409e78ef4e",
  "task_name": "TRECCOVID",
  "mteb_version": "1.36.29",
  "scores": {
    "test": [
      {
        "ndcg_at_1": 0.73,
        "ndcg_at_3": 0.67397,
        "ndcg_at_5": 0.64135,
        "ndcg_at_10": 0.61678,
        "ndcg_at_20": 0.60384,
        "ndcg_at_100": 0.49646,
        "ndcg_at_1000": 0.48726,
        "map_at_1": 0.00228,
        "map_at_3": 0.00587,
        "map_at_5": 0.00897,
        "map_at_10": 0.01546,
        "map_at_20": 0.02759,
        "map_at_100": 0.08858,
        "map_at_1000": 0.23059,
        "recall_at_1": 0.00228,
        "recall_at_3": 0.00613,
        "recall_at_5": 0.00963,
        "recall_at_10": 0.01753,
        "recall_at_20": 0.03411,
        "recall_at_100": 0.12563,
        "recall_at_1000": 0.46879,
        "precision_at_1": 0.84,
        "precision_at_3": 0.74,
        "precision_at_5": 0.684,
        "precision_at_10": 0.65,
        "precision_at_20": 0.65,
        "precision_at_100": 0.517,
        "precision_at_1000": 0.22026,
        "mrr_at_1": 0.84,
        "mrr_at_3": 0.87,
        "mrr_at_5": 0.874,
        "mrr_at_10": 0.881579,
        "mrr_at_20": 0.881579,
        "mrr_at_100": 0.881579,
        "mrr_at_1000": 0.881579,
        "nauc_ndcg_at_1_max": 0.574807,
        "nauc_ndcg_at_1_std": 0.450153,
        "nauc_ndcg_at_1_diff1": 0.143405,
        "nauc_ndcg_at_3_max": 0.525122,
        "nauc_ndcg_at_3_std": 0.483008,
        "nauc_ndcg_at_3_diff1": 0.011451,
        "nauc_ndcg_at_5_max": 0.473033,
        "nauc_ndcg_at_5_std": 0.484888,
        "nauc_ndcg_at_5_diff1": -0.020034,
        "nauc_ndcg_at_10_max": 0.435131,
        "nauc_ndcg_at_10_std": 0.529673,
        "nauc_ndcg_at_10_diff1": -0.039453,
        "nauc_ndcg_at_20_max": 0.418342,
        "nauc_ndcg_at_20_std": 0.575102,
        "nauc_ndcg_at_20_diff1": -0.047998,
        "nauc_ndcg_at_100_max": 0.412665,
        "nauc_ndcg_at_100_std": 0.702004,
        "nauc_ndcg_at_100_diff1": 0.043042,
        "nauc_ndcg_at_1000_max": 0.445217,
        "nauc_ndcg_at_1000_std": 0.733835,
        "nauc_ndcg_at_1000_diff1": -0.108368,
        "nauc_map_at_1_max": 0.158995,
        "nauc_map_at_1_std": 0.047924,
        "nauc_map_at_1_diff1": 0.03686,
        "nauc_map_at_3_max": 0.200966,
        "nauc_map_at_3_std": 0.147224,
        "nauc_map_at_3_diff1": -0.006791,
        "nauc_map_at_5_max": 0.204157,
        "nauc_map_at_5_std": 0.183466,
        "nauc_map_at_5_diff1": -0.003556,
        "nauc_map_at_10_max": 0.232021,
        "nauc_map_at_10_std": 0.270029,
        "nauc_map_at_10_diff1": -0.058791,
        "nauc_map_at_20_max": 0.227818,
        "nauc_map_at_20_std": 0.337361,
        "nauc_map_at_20_diff1": -0.104533,
        "nauc_map_at_100_max": 0.356627,
        "nauc_map_at_100_std": 0.627228,
        "nauc_map_at_100_diff1": -0.103506,
        "nauc_map_at_1000_max": 0.474543,
        "nauc_map_at_1000_std": 0.776129,
        "nauc_map_at_1000_diff1": -0.044463,
        "nauc_recall_at_1_max": 0.158995,
        "nauc_recall_at_1_std": 0.047924,
        "nauc_recall_at_1_diff1": 0.03686,
        "nauc_recall_at_3_max": 0.17162,
        "nauc_recall_at_3_std": 0.125702,
        "nauc_recall_at_3_diff1": -0.019691,
        "nauc_recall_at_5_max": 0.16256,
        "nauc_recall_at_5_std": 0.148746,
        "nauc_recall_at_5_diff1": -0.020967,
        "nauc_recall_at_10_max": 0.171577,
        "nauc_recall_at_10_std": 0.228411,
        "nauc_recall_at_10_diff1": -0.074061,
        "nauc_recall_at_20_max": 0.150305,
        "nauc_recall_at_20_std": 0.259463,
        "nauc_recall_at_20_diff1": -0.124793,
        "nauc_recall_at_100_max": 0.296016,
        "nauc_recall_at_100_std": 0.53789,
        "nauc_recall_at_100_diff1": -0.133771,
        "nauc_recall_at_1000_max": 0.389398,
        "nauc_recall_at_1000_std": 0.653479,
        "nauc_recall_at_1000_diff1": -0.153607,
        "nauc_precision_at_1_max": 0.82327,
        "nauc_precision_at_1_std": 0.494784,
        "nauc_precision_at_1_diff1": 0.284303,
        "nauc_precision_at_3_max": 0.568221,
        "nauc_precision_at_3_std": 0.441571,
        "nauc_precision_at_3_diff1": 0.028389,
        "nauc_precision_at_5_max": 0.482946,
        "nauc_precision_at_5_std": 0.458731,
        "nauc_precision_at_5_diff1": 0.006419,
        "nauc_precision_at_10_max": 0.42909,
        "nauc_precision_at_10_std": 0.547554,
        "nauc_precision_at_10_diff1": -0.003903,
        "nauc_precision_at_20_max": 0.42095,
        "nauc_precision_at_20_std": 0.629838,
        "nauc_precision_at_20_diff1": -0.023116,
        "nauc_precision_at_100_max": 0.413963,
        "nauc_precision_at_100_std": 0.722181,
        "nauc_precision_at_100_diff1": 0.081429,
        "nauc_precision_at_1000_max": 0.342607,
        "nauc_precision_at_1000_std": 0.475398,
        "nauc_precision_at_1000_diff1": 0.123275,
        "nauc_mrr_at_1_max": 0.82327,
        "nauc_mrr_at_1_std": 0.494784,
        "nauc_mrr_at_1_diff1": 0.284303,
        "nauc_mrr_at_3_max": 0.820279,
        "nauc_mrr_at_3_std": 0.534204,
        "nauc_mrr_at_3_diff1": 0.232705,
        "nauc_mrr_at_5_max": 0.823515,
        "nauc_mrr_at_5_std": 0.540017,
        "nauc_mrr_at_5_diff1": 0.216551,
        "nauc_mrr_at_10_max": 0.821603,
        "nauc_mrr_at_10_std": 0.5217,
        "nauc_mrr_at_10_diff1": 0.230974,
        "nauc_mrr_at_20_max": 0.821603,
        "nauc_mrr_at_20_std": 0.5217,
        "nauc_mrr_at_20_diff1": 0.230974,
        "nauc_mrr_at_100_max": 0.821603,
        "nauc_mrr_at_100_std": 0.5217,
        "nauc_mrr_at_100_diff1": 0.230974,
        "nauc_mrr_at_1000_max": 0.821603,
        "nauc_mrr_at_1000_std": 0.5217,
        "nauc_mrr_at_1000_diff1": 0.230974,
        "main_score": 0.61678,
        "hf_subset": "default",
        "languages": [
          "eng-Latn"
        ]
      }
    ]
  },
  "evaluation_time": 875.8922827243805,
  "kg_co2_emissions": null
}