{
  "dataset_revision": "5037d69d177c9628fb79cb57eea1299178b28c1b",
  "task_name": "PubChemSynonymPC",
  "mteb_version": "1.36.29",
  "scores": {
    "test": [
      {
        "similarity_accuracy": 0.938965,
        "similarity_accuracy_threshold": 0.792667,
        "similarity_f1": 0.603659,
        "similarity_f1_threshold": 0.769222,
        "similarity_precision": 0.798387,
        "similarity_recall": 0.485294,
        "similarity_ap": 0.59605,
        "cosine_accuracy": 0.938965,
        "cosine_accuracy_threshold": 0.792667,
        "cosine_f1": 0.603659,
        "cosine_f1_threshold": 0.769222,
        "cosine_precision": 0.798387,
        "cosine_recall": 0.485294,
        "cosine_ap": 0.59605,
        "manhattan_accuracy": 0.937988,
        "manhattan_accuracy_threshold": 317.794434,
        "manhattan_f1": 0.5919,
        "manhattan_f1_threshold": 321.481842,
        "manhattan_precision": 0.811966,
        "manhattan_recall": 0.465686,
        "manhattan_ap": 0.576228,
        "euclidean_accuracy": 0.9375,
        "euclidean_accuracy_threshold": 14.337677,
        "euclidean_f1": 0.595611,
        "euclidean_f1_threshold": 14.55166,
        "euclidean_precision": 0.826087,
        "euclidean_recall": 0.465686,
        "euclidean_ap": 0.577941,
        "dot_accuracy": 0.926758,
        "dot_accuracy_threshold": 396.830261,
        "dot_f1": 0.517045,
        "dot_f1_threshold": 368.054321,
        "dot_precision": 0.614865,
        "dot_recall": 0.446078,
        "dot_ap": 0.522455,
        "max_accuracy": 0.938965,
        "max_f1": 0.603659,
        "max_precision": 0.826087,
        "max_recall": 0.485294,
        "max_ap": 0.59605,
        "main_score": 0.59605,
        "hf_subset": "default",
        "languages": [
          "eng-Latn"
        ]
      }
    ]
  },
  "evaluation_time": 3.482771873474121,
  "kg_co2_emissions": null
}