{
  "dataset_revision": "5037d69d177c9628fb79cb57eea1299178b28c1b",
  "task_name": "PubChemSynonymPC",
  "mteb_version": "1.36.29",
  "scores": {
    "test": [
      {
        "similarity_accuracy": 0.953125,
        "similarity_accuracy_threshold": 0.776001,
        "similarity_f1": 0.716253,
        "similarity_f1_threshold": 0.705741,
        "similarity_precision": 0.81761,
        "similarity_recall": 0.637255,
        "similarity_ap": 0.74233,
        "cosine_accuracy": 0.953125,
        "cosine_accuracy_threshold": 0.776001,
        "cosine_f1": 0.716253,
        "cosine_f1_threshold": 0.705741,
        "cosine_precision": 0.81761,
        "cosine_recall": 0.637255,
        "cosine_ap": 0.74233,
        "manhattan_accuracy": 0.953125,
        "manhattan_accuracy_threshold": 15.103417,
        "manhattan_f1": 0.713483,
        "manhattan_f1_threshold": 16.846806,
        "manhattan_precision": 0.835526,
        "manhattan_recall": 0.622549,
        "manhattan_ap": 0.741979,
        "euclidean_accuracy": 0.953125,
        "euclidean_accuracy_threshold": 0.669681,
        "euclidean_f1": 0.716763,
        "euclidean_f1_threshold": 0.749267,
        "euclidean_precision": 0.873239,
        "euclidean_recall": 0.607843,
        "euclidean_ap": 0.742595,
        "dot_accuracy": 0.953125,
        "dot_accuracy_threshold": 0.776818,
        "dot_f1": 0.717808,
        "dot_f1_threshold": 0.703203,
        "dot_precision": 0.813665,
        "dot_recall": 0.642157,
        "dot_ap": 0.74146,
        "max_accuracy": 0.953125,
        "max_f1": 0.717808,
        "max_precision": 0.873239,
        "max_recall": 0.642157,
        "max_ap": 0.742595,
        "main_score": 0.742595,
        "hf_subset": "default",
        "languages": [
          "eng-Latn"
        ]
      }
    ]
  },
  "evaluation_time": 3.1588003635406494,
  "kg_co2_emissions": null
}