{
  "dataset_revision": "5037d69d177c9628fb79cb57eea1299178b28c1b",
  "task_name": "PubChemSynonymPC",
  "mteb_version": "1.36.29",
  "scores": {
    "test": [
      {
        "similarity_accuracy": 0.94043,
        "similarity_accuracy_threshold": 0.950694,
        "similarity_f1": 0.593333,
        "similarity_f1_threshold": 0.944416,
        "similarity_precision": 0.927083,
        "similarity_recall": 0.436275,
        "similarity_ap": 0.578369,
        "cosine_accuracy": 0.94043,
        "cosine_accuracy_threshold": 0.950694,
        "cosine_f1": 0.593333,
        "cosine_f1_threshold": 0.944416,
        "cosine_precision": 0.927083,
        "cosine_recall": 0.436275,
        "cosine_ap": 0.578369,
        "manhattan_accuracy": 0.938477,
        "manhattan_accuracy_threshold": 161.973999,
        "manhattan_f1": 0.579618,
        "manhattan_f1_threshold": 173.914948,
        "manhattan_precision": 0.827273,
        "manhattan_recall": 0.446078,
        "manhattan_ap": 0.565908,
        "euclidean_accuracy": 0.938477,
        "euclidean_accuracy_threshold": 7.165683,
        "euclidean_f1": 0.584127,
        "euclidean_f1_threshold": 7.858066,
        "euclidean_precision": 0.828829,
        "euclidean_recall": 0.45098,
        "euclidean_ap": 0.566871,
        "dot_accuracy": 0.928223,
        "dot_accuracy_threshold": 500.680786,
        "dot_f1": 0.524781,
        "dot_f1_threshold": 490.827667,
        "dot_precision": 0.647482,
        "dot_recall": 0.441176,
        "dot_ap": 0.504601,
        "max_accuracy": 0.94043,
        "max_f1": 0.593333,
        "max_precision": 0.927083,
        "max_recall": 0.45098,
        "max_ap": 0.578369,
        "main_score": 0.578369,
        "hf_subset": "default",
        "languages": [
          "eng-Latn"
        ]
      }
    ]
  },
  "evaluation_time": 3.5856146812438965,
  "kg_co2_emissions": null
}