{
  "dataset_revision": "f33a205966ce032f957c3a22f4f9e378f89a2c56",
  "task_name": "PubChemAISentenceParaphrasePC",
  "mteb_version": "1.36.29",
  "scores": {
    "test": [
      {
        "similarity_accuracy": 0.981445,
        "similarity_accuracy_threshold": 0.972409,
        "similarity_f1": 0.904523,
        "similarity_f1_threshold": 0.972133,
        "similarity_precision": 0.932642,
        "similarity_recall": 0.878049,
        "similarity_ap": 0.923021,
        "cosine_accuracy": 0.981445,
        "cosine_accuracy_threshold": 0.972409,
        "cosine_f1": 0.904523,
        "cosine_f1_threshold": 0.972133,
        "cosine_precision": 0.932642,
        "cosine_recall": 0.878049,
        "cosine_ap": 0.923021,
        "manhattan_accuracy": 0.982422,
        "manhattan_accuracy_threshold": 113.415344,
        "manhattan_f1": 0.907216,
        "manhattan_f1_threshold": 114.265884,
        "manhattan_precision": 0.961749,
        "manhattan_recall": 0.858537,
        "manhattan_ap": 0.922116,
        "euclidean_accuracy": 0.982422,
        "euclidean_accuracy_threshold": 5.170966,
        "euclidean_f1": 0.907216,
        "euclidean_f1_threshold": 5.170966,
        "euclidean_precision": 0.961749,
        "euclidean_recall": 0.858537,
        "euclidean_ap": 0.921208,
        "dot_accuracy": 0.924805,
        "dot_accuracy_threshold": 502.871674,
        "dot_f1": 0.57561,
        "dot_f1_threshold": 489.740295,
        "dot_precision": 0.57561,
        "dot_recall": 0.57561,
        "dot_ap": 0.570614,
        "max_accuracy": 0.982422,
        "max_f1": 0.907216,
        "max_precision": 0.961749,
        "max_recall": 0.878049,
        "max_ap": 0.923021,
        "main_score": 0.923021,
        "hf_subset": "default",
        "languages": [
          "eng-Latn"
        ]
      }
    ]
  },
  "evaluation_time": 3.3453140258789062,
  "kg_co2_emissions": null
}