{
  "dataset_revision": "5037d69d177c9628fb79cb57eea1299178b28c1b",
  "task_name": "PubChemSynonymPC",
  "mteb_version": "1.36.29",
  "scores": {
    "test": [
      {
        "similarity_accuracy": 0.942871,
        "similarity_accuracy_threshold": 0.930834,
        "similarity_f1": 0.633721,
        "similarity_f1_threshold": 0.910629,
        "similarity_precision": 0.778571,
        "similarity_recall": 0.534314,
        "similarity_ap": 0.614597,
        "cosine_accuracy": 0.942871,
        "cosine_accuracy_threshold": 0.930834,
        "cosine_f1": 0.633721,
        "cosine_f1_threshold": 0.910629,
        "cosine_precision": 0.778571,
        "cosine_recall": 0.534314,
        "cosine_ap": 0.614597,
        "manhattan_accuracy": 0.941895,
        "manhattan_accuracy_threshold": 182.726578,
        "manhattan_f1": 0.617284,
        "manhattan_f1_threshold": 201.258209,
        "manhattan_precision": 0.833333,
        "manhattan_recall": 0.490196,
        "manhattan_ap": 0.5982,
        "euclidean_accuracy": 0.942871,
        "euclidean_accuracy_threshold": 8.297778,
        "euclidean_f1": 0.615854,
        "euclidean_f1_threshold": 9.205003,
        "euclidean_precision": 0.814516,
        "euclidean_recall": 0.495098,
        "euclidean_ap": 0.598075,
        "dot_accuracy": 0.928223,
        "dot_accuracy_threshold": 475.942749,
        "dot_f1": 0.549849,
        "dot_f1_threshold": 472.667664,
        "dot_precision": 0.716535,
        "dot_recall": 0.446078,
        "dot_ap": 0.517656,
        "max_accuracy": 0.942871,
        "max_f1": 0.633721,
        "max_precision": 0.833333,
        "max_recall": 0.534314,
        "max_ap": 0.614597,
        "main_score": 0.614597,
        "hf_subset": "default",
        "languages": [
          "eng-Latn"
        ]
      }
    ]
  },
  "evaluation_time": 3.618927478790283,
  "kg_co2_emissions": null
}