{
  "dataset_revision": "7fb14716e4106b72f51a16e682e5cd2d67e9bd70",
  "task_name": "PubChemWikiParagraphsPC",
  "mteb_version": "1.36.29",
  "scores": {
    "test": [
      {
        "similarity_accuracy": 0.902344,
        "similarity_accuracy_threshold": 0.671766,
        "similarity_f1": 0.354756,
        "similarity_f1_threshold": 0.473782,
        "similarity_precision": 0.375,
        "similarity_recall": 0.336585,
        "similarity_ap": 0.267359,
        "cosine_accuracy": 0.902344,
        "cosine_accuracy_threshold": 0.671766,
        "cosine_f1": 0.354756,
        "cosine_f1_threshold": 0.473782,
        "cosine_precision": 0.375,
        "cosine_recall": 0.336585,
        "cosine_ap": 0.267359,
        "manhattan_accuracy": 0.904785,
        "manhattan_accuracy_threshold": 302.503113,
        "manhattan_f1": 0.332518,
        "manhattan_f1_threshold": 356.522705,
        "manhattan_precision": 0.333333,
        "manhattan_recall": 0.331707,
        "manhattan_ap": 0.266373,
        "euclidean_accuracy": 0.905762,
        "euclidean_accuracy_threshold": 13.640045,
        "euclidean_f1": 0.338673,
        "euclidean_f1_threshold": 16.343582,
        "euclidean_precision": 0.318966,
        "euclidean_recall": 0.360976,
        "euclidean_ap": 0.272188,
        "dot_accuracy": 0.899414,
        "dot_accuracy_threshold": 311.546173,
        "dot_f1": 0.274223,
        "dot_f1_threshold": 114.105972,
        "dot_precision": 0.219298,
        "dot_recall": 0.365854,
        "dot_ap": 0.187349,
        "max_accuracy": 0.905762,
        "max_f1": 0.354756,
        "max_precision": 0.375,
        "max_recall": 0.365854,
        "max_ap": 0.272188,
        "main_score": 0.272188,
        "hf_subset": "default",
        "languages": [
          "eng-Latn"
        ]
      }
    ]
  },
  "evaluation_time": 3.578030824661255,
  "kg_co2_emissions": null
}