{
  "dataset_revision": "7fb14716e4106b72f51a16e682e5cd2d67e9bd70",
  "task_name": "PubChemWikiParagraphsPC",
  "mteb_version": "1.36.29",
  "scores": {
    "test": [
      {
        "similarity_accuracy": 0.903809,
        "similarity_accuracy_threshold": 0.670417,
        "similarity_f1": 0.439716,
        "similarity_f1_threshold": 0.494335,
        "similarity_precision": 0.426606,
        "similarity_recall": 0.453659,
        "similarity_ap": 0.342056,
        "cosine_accuracy": 0.903809,
        "cosine_accuracy_threshold": 0.670417,
        "cosine_f1": 0.439716,
        "cosine_f1_threshold": 0.494335,
        "cosine_precision": 0.426606,
        "cosine_recall": 0.453659,
        "cosine_ap": 0.342056,
        "manhattan_accuracy": 0.908203,
        "manhattan_accuracy_threshold": 295.695862,
        "manhattan_f1": 0.379121,
        "manhattan_f1_threshold": 327.290161,
        "manhattan_precision": 0.433962,
        "manhattan_recall": 0.336585,
        "manhattan_ap": 0.317766,
        "euclidean_accuracy": 0.907715,
        "euclidean_accuracy_threshold": 13.381203,
        "euclidean_f1": 0.387755,
        "euclidean_f1_threshold": 15.056897,
        "euclidean_precision": 0.406417,
        "euclidean_recall": 0.370732,
        "euclidean_ap": 0.32112,
        "dot_accuracy": 0.899414,
        "dot_accuracy_threshold": 253.316101,
        "dot_f1": 0.325926,
        "dot_f1_threshold": 118.954971,
        "dot_precision": 0.262687,
        "dot_recall": 0.429268,
        "dot_ap": 0.211584,
        "max_accuracy": 0.908203,
        "max_f1": 0.439716,
        "max_precision": 0.433962,
        "max_recall": 0.453659,
        "max_ap": 0.342056,
        "main_score": 0.342056,
        "hf_subset": "default",
        "languages": [
          "eng-Latn"
        ]
      }
    ]
  },
  "evaluation_time": 3.7322492599487305,
  "kg_co2_emissions": null
}