{
  "dataset_revision": "617612fa63afcb60e3b134bed8b7216a99707c37",
  "task_name": "HotpotQAHardNegatives",
  "mteb_version": "1.36.29",
  "scores": {
    "test": [
      {
        "ndcg_at_1": 0.739,
        "ndcg_at_3": 0.62052,
        "ndcg_at_5": 0.64994,
        "ndcg_at_10": 0.67674,
        "ndcg_at_20": 0.69347,
        "ndcg_at_100": 0.71705,
        "ndcg_at_1000": 0.72845,
        "map_at_1": 0.3695,
        "map_at_3": 0.54825,
        "map_at_5": 0.57115,
        "map_at_10": 0.58707,
        "map_at_20": 0.59344,
        "map_at_100": 0.59846,
        "map_at_1000": 0.59913,
        "recall_at_1": 0.3695,
        "recall_at_3": 0.6005,
        "recall_at_5": 0.659,
        "recall_at_10": 0.7265,
        "recall_at_20": 0.7805,
        "recall_at_100": 0.884,
        "recall_at_1000": 0.958,
        "precision_at_1": 0.739,
        "precision_at_3": 0.40033,
        "precision_at_5": 0.2636,
        "precision_at_10": 0.1453,
        "precision_at_20": 0.07805,
        "precision_at_100": 0.01768,
        "precision_at_1000": 0.00192,
        "mrr_at_1": 0.739,
        "mrr_at_3": 0.7965,
        "mrr_at_5": 0.8037,
        "mrr_at_10": 0.808002,
        "mrr_at_20": 0.810213,
        "mrr_at_100": 0.810906,
        "mrr_at_1000": 0.810939,
        "nauc_ndcg_at_1_max": 0.456643,
        "nauc_ndcg_at_1_std": -0.184129,
        "nauc_ndcg_at_1_diff1": 0.743006,
        "nauc_ndcg_at_3_max": 0.271701,
        "nauc_ndcg_at_3_std": -0.14834,
        "nauc_ndcg_at_3_diff1": 0.303045,
        "nauc_ndcg_at_5_max": 0.254293,
        "nauc_ndcg_at_5_std": -0.134977,
        "nauc_ndcg_at_5_diff1": 0.286387,
        "nauc_ndcg_at_10_max": 0.258009,
        "nauc_ndcg_at_10_std": -0.125613,
        "nauc_ndcg_at_10_diff1": 0.280939,
        "nauc_ndcg_at_20_max": 0.252847,
        "nauc_ndcg_at_20_std": -0.113331,
        "nauc_ndcg_at_20_diff1": 0.275747,
        "nauc_ndcg_at_100_max": 0.259784,
        "nauc_ndcg_at_100_std": -0.105185,
        "nauc_ndcg_at_100_diff1": 0.28804,
        "nauc_ndcg_at_1000_max": 0.267266,
        "nauc_ndcg_at_1000_std": -0.106855,
        "nauc_ndcg_at_1000_diff1": 0.302503,
        "nauc_map_at_1_max": 0.456643,
        "nauc_map_at_1_std": -0.184129,
        "nauc_map_at_1_diff1": 0.743006,
        "nauc_map_at_3_max": 0.235727,
        "nauc_map_at_3_std": -0.14112,
        "nauc_map_at_3_diff1": 0.242172,
        "nauc_map_at_5_max": 0.2246,
        "nauc_map_at_5_std": -0.134823,
        "nauc_map_at_5_diff1": 0.233919,
        "nauc_map_at_10_max": 0.227369,
        "nauc_map_at_10_std": -0.13115,
        "nauc_map_at_10_diff1": 0.232794,
        "nauc_map_at_20_max": 0.226778,
        "nauc_map_at_20_std": -0.126399,
        "nauc_map_at_20_diff1": 0.231938,
        "nauc_map_at_100_max": 0.228356,
        "nauc_map_at_100_std": -0.125155,
        "nauc_map_at_100_diff1": 0.234556,
        "nauc_map_at_1000_max": 0.228643,
        "nauc_map_at_1000_std": -0.125067,
        "nauc_map_at_1000_diff1": 0.235102,
        "nauc_recall_at_1_max": 0.456643,
        "nauc_recall_at_1_std": -0.184129,
        "nauc_recall_at_1_diff1": 0.743006,
        "nauc_recall_at_3_max": 0.208679,
        "nauc_recall_at_3_std": -0.132562,
        "nauc_recall_at_3_diff1": 0.157937,
        "nauc_recall_at_5_max": 0.160659,
        "nauc_recall_at_5_std": -0.09932,
        "nauc_recall_at_5_diff1": 0.105599,
        "nauc_recall_at_10_max": 0.150804,
        "nauc_recall_at_10_std": -0.065402,
        "nauc_recall_at_10_diff1": 0.062341,
        "nauc_recall_at_20_max": 0.10877,
        "nauc_recall_at_20_std": -0.005795,
        "nauc_recall_at_20_diff1": 0.000553,
        "nauc_recall_at_100_max": 0.071551,
        "nauc_recall_at_100_std": 0.124827,
        "nauc_recall_at_100_diff1": -0.082342,
        "nauc_recall_at_1000_max": 0.05002,
        "nauc_recall_at_1000_std": 0.373566,
        "nauc_recall_at_1000_diff1": -0.178471,
        "nauc_precision_at_1_max": 0.456643,
        "nauc_precision_at_1_std": -0.184129,
        "nauc_precision_at_1_diff1": 0.743006,
        "nauc_precision_at_3_max": 0.208679,
        "nauc_precision_at_3_std": -0.132562,
        "nauc_precision_at_3_diff1": 0.157937,
        "nauc_precision_at_5_max": 0.160659,
        "nauc_precision_at_5_std": -0.09932,
        "nauc_precision_at_5_diff1": 0.105599,
        "nauc_precision_at_10_max": 0.150804,
        "nauc_precision_at_10_std": -0.065402,
        "nauc_precision_at_10_diff1": 0.062341,
        "nauc_precision_at_20_max": 0.10877,
        "nauc_precision_at_20_std": -0.005795,
        "nauc_precision_at_20_diff1": 0.000553,
        "nauc_precision_at_100_max": 0.071551,
        "nauc_precision_at_100_std": 0.124827,
        "nauc_precision_at_100_diff1": -0.082342,
        "nauc_precision_at_1000_max": 0.05002,
        "nauc_precision_at_1000_std": 0.373566,
        "nauc_precision_at_1000_diff1": -0.178471,
        "nauc_mrr_at_1_max": 0.456643,
        "nauc_mrr_at_1_std": -0.184129,
        "nauc_mrr_at_1_diff1": 0.743006,
        "nauc_mrr_at_3_max": 0.475996,
        "nauc_mrr_at_3_std": -0.191338,
        "nauc_mrr_at_3_diff1": 0.722895,
        "nauc_mrr_at_5_max": 0.473299,
        "nauc_mrr_at_5_std": -0.18045,
        "nauc_mrr_at_5_diff1": 0.721322,
        "nauc_mrr_at_10_max": 0.475058,
        "nauc_mrr_at_10_std": -0.177459,
        "nauc_mrr_at_10_diff1": 0.721013,
        "nauc_mrr_at_20_max": 0.472913,
        "nauc_mrr_at_20_std": -0.179682,
        "nauc_mrr_at_20_diff1": 0.721924,
        "nauc_mrr_at_100_max": 0.472446,
        "nauc_mrr_at_100_std": -0.179956,
        "nauc_mrr_at_100_diff1": 0.722026,
        "nauc_mrr_at_1000_max": 0.47243,
        "nauc_mrr_at_1000_std": -0.180001,
        "nauc_mrr_at_1000_diff1": 0.722043,
        "main_score": 0.67674,
        "hf_subset": "default",
        "languages": [
          "eng-Latn"
        ]
      }
    ]
  },
  "evaluation_time": 365.3634305000305,
  "kg_co2_emissions": null
}