{
  "dataset_revision": "431886eaecc48f067a3975b70d0949ea2862463c",
  "task_name": "Touche2020Retrieval.v3",
  "mteb_version": "1.36.29",
  "scores": {
    "test": [
      {
        "ndcg_at_1": 0.46939,
        "ndcg_at_3": 0.48792,
        "ndcg_at_5": 0.50553,
        "ndcg_at_10": 0.47123,
        "ndcg_at_20": 0.43568,
        "ndcg_at_100": 0.49833,
        "ndcg_at_1000": 0.62412,
        "map_at_1": 0.01804,
        "map_at_3": 0.05151,
        "map_at_5": 0.08574,
        "map_at_10": 0.14373,
        "map_at_20": 0.21122,
        "map_at_100": 0.28906,
        "map_at_1000": 0.31913,
        "recall_at_1": 0.01804,
        "recall_at_3": 0.05975,
        "recall_at_5": 0.10544,
        "recall_at_10": 0.18537,
        "recall_at_20": 0.2994,
        "recall_at_100": 0.54163,
        "recall_at_1000": 0.84496,
        "precision_at_1": 0.53061,
        "precision_at_3": 0.57143,
        "precision_at_5": 0.59592,
        "precision_at_10": 0.52857,
        "precision_at_20": 0.43367,
        "precision_at_100": 0.17102,
        "precision_at_1000": 0.02929,
        "mrr_at_1": 0.530612,
        "mrr_at_3": 0.717687,
        "mrr_at_5": 0.727891,
        "mrr_at_10": 0.730807,
        "mrr_at_20": 0.730807,
        "mrr_at_100": 0.730807,
        "mrr_at_1000": 0.730837,
        "nauc_ndcg_at_1_max": 0.269747,
        "nauc_ndcg_at_1_std": 0.273672,
        "nauc_ndcg_at_1_diff1": 0.026933,
        "nauc_ndcg_at_3_max": 0.163181,
        "nauc_ndcg_at_3_std": 0.273941,
        "nauc_ndcg_at_3_diff1": 0.074247,
        "nauc_ndcg_at_5_max": 0.223019,
        "nauc_ndcg_at_5_std": 0.266186,
        "nauc_ndcg_at_5_diff1": 0.111163,
        "nauc_ndcg_at_10_max": 0.203996,
        "nauc_ndcg_at_10_std": 0.289623,
        "nauc_ndcg_at_10_diff1": 0.009156,
        "nauc_ndcg_at_20_max": 0.159176,
        "nauc_ndcg_at_20_std": 0.278314,
        "nauc_ndcg_at_20_diff1": 0.055258,
        "nauc_ndcg_at_100_max": 0.022928,
        "nauc_ndcg_at_100_std": 0.242463,
        "nauc_ndcg_at_100_diff1": 0.091642,
        "nauc_ndcg_at_1000_max": 0.177492,
        "nauc_ndcg_at_1000_std": 0.461552,
        "nauc_ndcg_at_1000_diff1": 0.149287,
        "nauc_map_at_1_max": 0.003865,
        "nauc_map_at_1_std": 0.058548,
        "nauc_map_at_1_diff1": 0.054385,
        "nauc_map_at_3_max": -0.071323,
        "nauc_map_at_3_std": 0.000136,
        "nauc_map_at_3_diff1": 0.03683,
        "nauc_map_at_5_max": -0.049882,
        "nauc_map_at_5_std": -0.030205,
        "nauc_map_at_5_diff1": 0.049757,
        "nauc_map_at_10_max": -0.049431,
        "nauc_map_at_10_std": -0.026818,
        "nauc_map_at_10_diff1": 0.011307,
        "nauc_map_at_20_max": -0.013065,
        "nauc_map_at_20_std": 0.023251,
        "nauc_map_at_20_diff1": 0.033343,
        "nauc_map_at_100_max": 0.004956,
        "nauc_map_at_100_std": 0.109359,
        "nauc_map_at_100_diff1": 0.053029,
        "nauc_map_at_1000_max": 0.039011,
        "nauc_map_at_1000_std": 0.175613,
        "nauc_map_at_1000_diff1": 0.066419,
        "nauc_recall_at_1_max": 0.003865,
        "nauc_recall_at_1_std": 0.058548,
        "nauc_recall_at_1_diff1": 0.054385,
        "nauc_recall_at_3_max": -0.155823,
        "nauc_recall_at_3_std": -0.069403,
        "nauc_recall_at_3_diff1": 0.044016,
        "nauc_recall_at_5_max": -0.116139,
        "nauc_recall_at_5_std": -0.127042,
        "nauc_recall_at_5_diff1": 0.04734,
        "nauc_recall_at_10_max": -0.128409,
        "nauc_recall_at_10_std": -0.105617,
        "nauc_recall_at_10_diff1": -0.021774,
        "nauc_recall_at_20_max": -0.097456,
        "nauc_recall_at_20_std": -0.030079,
        "nauc_recall_at_20_diff1": 0.03995,
        "nauc_recall_at_100_max": -0.076144,
        "nauc_recall_at_100_std": 0.159773,
        "nauc_recall_at_100_diff1": 0.108064,
        "nauc_recall_at_1000_max": 0.163226,
        "nauc_recall_at_1000_std": 0.611826,
        "nauc_recall_at_1000_diff1": 0.233244,
        "nauc_precision_at_1_max": 0.240424,
        "nauc_precision_at_1_std": 0.23261,
        "nauc_precision_at_1_diff1": 0.075645,
        "nauc_precision_at_3_max": 0.0658,
        "nauc_precision_at_3_std": 0.211309,
        "nauc_precision_at_3_diff1": 0.123784,
        "nauc_precision_at_5_max": 0.188086,
        "nauc_precision_at_5_std": 0.139988,
        "nauc_precision_at_5_diff1": 0.160746,
        "nauc_precision_at_10_max": 0.140605,
        "nauc_precision_at_10_std": 0.155441,
        "nauc_precision_at_10_diff1": -0.022971,
        "nauc_precision_at_20_max": 0.180915,
        "nauc_precision_at_20_std": 0.329504,
        "nauc_precision_at_20_diff1": 0.115975,
        "nauc_precision_at_100_max": 0.342397,
        "nauc_precision_at_100_std": 0.606876,
        "nauc_precision_at_100_diff1": 0.154527,
        "nauc_precision_at_1000_max": 0.486858,
        "nauc_precision_at_1000_std": 0.525246,
        "nauc_precision_at_1000_diff1": 0.101981,
        "nauc_mrr_at_1_max": 0.240424,
        "nauc_mrr_at_1_std": 0.23261,
        "nauc_mrr_at_1_diff1": 0.075645,
        "nauc_mrr_at_3_max": 0.171187,
        "nauc_mrr_at_3_std": 0.260694,
        "nauc_mrr_at_3_diff1": 0.170846,
        "nauc_mrr_at_5_max": 0.220707,
        "nauc_mrr_at_5_std": 0.242268,
        "nauc_mrr_at_5_diff1": 0.169768,
        "nauc_mrr_at_10_max": 0.226202,
        "nauc_mrr_at_10_std": 0.261724,
        "nauc_mrr_at_10_diff1": 0.157969,
        "nauc_mrr_at_20_max": 0.226202,
        "nauc_mrr_at_20_std": 0.261724,
        "nauc_mrr_at_20_diff1": 0.157969,
        "nauc_mrr_at_100_max": 0.226202,
        "nauc_mrr_at_100_std": 0.261724,
        "nauc_mrr_at_100_diff1": 0.157969,
        "nauc_mrr_at_1000_max": 0.226089,
        "nauc_mrr_at_1000_std": 0.261616,
        "nauc_mrr_at_1000_diff1": 0.157846,
        "main_score": 0.47123,
        "hf_subset": "default",
        "languages": [
          "eng-Latn"
        ]
      }
    ]
  },
  "evaluation_time": 2124.470169067383,
  "kg_co2_emissions": null
}