{
  "dataset_revision": "27a168819829fe9bcd655c2df245fb19452e8e06",
  "task_name": "FiQA2018",
  "mteb_version": "1.36.29",
  "scores": {
    "test": [
      {
        "ndcg_at_1": 0.3071,
        "ndcg_at_3": 0.28706,
        "ndcg_at_5": 0.30647,
        "ndcg_at_10": 0.33096,
        "ndcg_at_20": 0.35154,
        "ndcg_at_100": 0.39114,
        "ndcg_at_1000": 0.42552,
        "map_at_1": 0.15831,
        "map_at_3": 0.22102,
        "map_at_5": 0.24448,
        "map_at_10": 0.26005,
        "map_at_20": 0.26753,
        "map_at_100": 0.27485,
        "map_at_1000": 0.27667,
        "recall_at_1": 0.15831,
        "recall_at_3": 0.26081,
        "recall_at_5": 0.32858,
        "recall_at_10": 0.40406,
        "recall_at_20": 0.46655,
        "recall_at_100": 0.63018,
        "recall_at_1000": 0.83964,
        "precision_at_1": 0.3071,
        "precision_at_3": 0.18981,
        "precision_at_5": 0.14722,
        "precision_at_10": 0.09244,
        "precision_at_20": 0.05502,
        "precision_at_100": 0.01552,
        "precision_at_1000": 0.00217,
        "mrr_at_1": 0.307099,
        "mrr_at_3": 0.368056,
        "mrr_at_5": 0.385648,
        "mrr_at_10": 0.395651,
        "mrr_at_20": 0.400852,
        "mrr_at_100": 0.404363,
        "mrr_at_1000": 0.404892,
        "nauc_ndcg_at_1_max": 0.322334,
        "nauc_ndcg_at_1_std": -0.095655,
        "nauc_ndcg_at_1_diff1": 0.516084,
        "nauc_ndcg_at_3_max": 0.294119,
        "nauc_ndcg_at_3_std": -0.054432,
        "nauc_ndcg_at_3_diff1": 0.444329,
        "nauc_ndcg_at_5_max": 0.263875,
        "nauc_ndcg_at_5_std": -0.057009,
        "nauc_ndcg_at_5_diff1": 0.43909,
        "nauc_ndcg_at_10_max": 0.258508,
        "nauc_ndcg_at_10_std": -0.03601,
        "nauc_ndcg_at_10_diff1": 0.436799,
        "nauc_ndcg_at_20_max": 0.260084,
        "nauc_ndcg_at_20_std": -0.029962,
        "nauc_ndcg_at_20_diff1": 0.434672,
        "nauc_ndcg_at_100_max": 0.270369,
        "nauc_ndcg_at_100_std": 0.000433,
        "nauc_ndcg_at_100_diff1": 0.423219,
        "nauc_ndcg_at_1000_max": 0.292769,
        "nauc_ndcg_at_1000_std": -0.000417,
        "nauc_ndcg_at_1000_diff1": 0.430265,
        "nauc_map_at_1_max": 0.191059,
        "nauc_map_at_1_std": -0.111122,
        "nauc_map_at_1_diff1": 0.468425,
        "nauc_map_at_3_max": 0.226525,
        "nauc_map_at_3_std": -0.082799,
        "nauc_map_at_3_diff1": 0.448276,
        "nauc_map_at_5_max": 0.235714,
        "nauc_map_at_5_std": -0.07985,
        "nauc_map_at_5_diff1": 0.443086,
        "nauc_map_at_10_max": 0.245438,
        "nauc_map_at_10_std": -0.065173,
        "nauc_map_at_10_diff1": 0.444635,
        "nauc_map_at_20_max": 0.249307,
        "nauc_map_at_20_std": -0.06038,
        "nauc_map_at_20_diff1": 0.444131,
        "nauc_map_at_100_max": 0.252437,
        "nauc_map_at_100_std": -0.054567,
        "nauc_map_at_100_diff1": 0.442138,
        "nauc_map_at_1000_max": 0.254343,
        "nauc_map_at_1000_std": -0.05408,
        "nauc_map_at_1000_diff1": 0.442277,
        "nauc_recall_at_1_max": 0.191059,
        "nauc_recall_at_1_std": -0.111122,
        "nauc_recall_at_1_diff1": 0.468425,
        "nauc_recall_at_3_max": 0.188691,
        "nauc_recall_at_3_std": -0.047407,
        "nauc_recall_at_3_diff1": 0.38945,
        "nauc_recall_at_5_max": 0.166255,
        "nauc_recall_at_5_std": -0.036658,
        "nauc_recall_at_5_diff1": 0.359917,
        "nauc_recall_at_10_max": 0.165889,
        "nauc_recall_at_10_std": 0.012355,
        "nauc_recall_at_10_diff1": 0.334476,
        "nauc_recall_at_20_max": 0.159411,
        "nauc_recall_at_20_std": 0.029421,
        "nauc_recall_at_20_diff1": 0.315187,
        "nauc_recall_at_100_max": 0.153431,
        "nauc_recall_at_100_std": 0.163427,
        "nauc_recall_at_100_diff1": 0.245102,
        "nauc_recall_at_1000_max": 0.227149,
        "nauc_recall_at_1000_std": 0.235592,
        "nauc_recall_at_1000_diff1": 0.244187,
        "nauc_precision_at_1_max": 0.322334,
        "nauc_precision_at_1_std": -0.095655,
        "nauc_precision_at_1_diff1": 0.516084,
        "nauc_precision_at_3_max": 0.360175,
        "nauc_precision_at_3_std": -0.000297,
        "nauc_precision_at_3_diff1": 0.377527,
        "nauc_precision_at_5_max": 0.36725,
        "nauc_precision_at_5_std": 0.016894,
        "nauc_precision_at_5_diff1": 0.33234,
        "nauc_precision_at_10_max": 0.371637,
        "nauc_precision_at_10_std": 0.086373,
        "nauc_precision_at_10_diff1": 0.281377,
        "nauc_precision_at_20_max": 0.352741,
        "nauc_precision_at_20_std": 0.105928,
        "nauc_precision_at_20_diff1": 0.243143,
        "nauc_precision_at_100_max": 0.335028,
        "nauc_precision_at_100_std": 0.18542,
        "nauc_precision_at_100_diff1": 0.11635,
        "nauc_precision_at_1000_max": 0.366497,
        "nauc_precision_at_1000_std": 0.191299,
        "nauc_precision_at_1000_diff1": 0.028944,
        "nauc_mrr_at_1_max": 0.322334,
        "nauc_mrr_at_1_std": -0.095655,
        "nauc_mrr_at_1_diff1": 0.516084,
        "nauc_mrr_at_3_max": 0.326917,
        "nauc_mrr_at_3_std": -0.053601,
        "nauc_mrr_at_3_diff1": 0.469637,
        "nauc_mrr_at_5_max": 0.320157,
        "nauc_mrr_at_5_std": -0.049864,
        "nauc_mrr_at_5_diff1": 0.46817,
        "nauc_mrr_at_10_max": 0.320694,
        "nauc_mrr_at_10_std": -0.044348,
        "nauc_mrr_at_10_diff1": 0.465788,
        "nauc_mrr_at_20_max": 0.320127,
        "nauc_mrr_at_20_std": -0.0447,
        "nauc_mrr_at_20_diff1": 0.466741,
        "nauc_mrr_at_100_max": 0.321258,
        "nauc_mrr_at_100_std": -0.042574,
        "nauc_mrr_at_100_diff1": 0.46627,
        "nauc_mrr_at_1000_max": 0.321383,
        "nauc_mrr_at_1000_std": -0.043037,
        "nauc_mrr_at_1000_diff1": 0.466586,
        "main_score": 0.33096,
        "hf_subset": "default",
        "languages": [
          "eng-Latn"
        ]
      }
    ]
  },
  "evaluation_time": 120.70302534103394,
  "kg_co2_emissions": null
}