{
  "dataset_revision": "5037d69d177c9628fb79cb57eea1299178b28c1b",
  "task_name": "PubChemSynonymPC",
  "mteb_version": "1.36.29",
  "scores": {
    "test": [
      {
        "similarity_accuracy": 0.952148,
        "similarity_accuracy_threshold": 0.757337,
        "similarity_f1": 0.697406,
        "similarity_f1_threshold": 0.703755,
        "similarity_precision": 0.846154,
        "similarity_recall": 0.593137,
        "similarity_ap": 0.712693,
        "cosine_accuracy": 0.952148,
        "cosine_accuracy_threshold": 0.757337,
        "cosine_f1": 0.697406,
        "cosine_f1_threshold": 0.703755,
        "cosine_precision": 0.846154,
        "cosine_recall": 0.593137,
        "cosine_ap": 0.712693,
        "manhattan_accuracy": 0.952148,
        "manhattan_accuracy_threshold": 15.358759,
        "manhattan_f1": 0.697674,
        "manhattan_f1_threshold": 16.93845,
        "manhattan_precision": 0.857143,
        "manhattan_recall": 0.588235,
        "manhattan_ap": 0.709887,
        "euclidean_accuracy": 0.952148,
        "euclidean_accuracy_threshold": 0.697068,
        "euclidean_f1": 0.697406,
        "euclidean_f1_threshold": 0.770393,
        "euclidean_precision": 0.846154,
        "euclidean_recall": 0.593137,
        "euclidean_ap": 0.712062,
        "dot_accuracy": 0.952148,
        "dot_accuracy_threshold": 0.758314,
        "dot_f1": 0.695402,
        "dot_f1_threshold": 0.703025,
        "dot_precision": 0.840278,
        "dot_recall": 0.593137,
        "dot_ap": 0.713455,
        "max_accuracy": 0.952148,
        "max_f1": 0.697674,
        "max_precision": 0.857143,
        "max_recall": 0.593137,
        "max_ap": 0.713455,
        "main_score": 0.713455,
        "hf_subset": "default",
        "languages": [
          "eng-Latn"
        ]
      }
    ]
  },
  "evaluation_time": 3.196545362472534,
  "kg_co2_emissions": null
}