{
  "dataset_revision": "27a168819829fe9bcd655c2df245fb19452e8e06",
  "task_name": "FiQA2018",
  "mteb_version": "1.36.29",
  "scores": {
    "test": [
      {
        "ndcg_at_1": 0.30093,
        "ndcg_at_3": 0.27575,
        "ndcg_at_5": 0.29097,
        "ndcg_at_10": 0.31351,
        "ndcg_at_20": 0.33676,
        "ndcg_at_100": 0.37678,
        "ndcg_at_1000": 0.41165,
        "map_at_1": 0.1539,
        "map_at_3": 0.21139,
        "map_at_5": 0.23164,
        "map_at_10": 0.2468,
        "map_at_20": 0.25477,
        "map_at_100": 0.26166,
        "map_at_1000": 0.26352,
        "recall_at_1": 0.1539,
        "recall_at_3": 0.2488,
        "recall_at_5": 0.30921,
        "recall_at_10": 0.37562,
        "recall_at_20": 0.44847,
        "recall_at_100": 0.6184,
        "recall_at_1000": 0.83175,
        "precision_at_1": 0.30093,
        "precision_at_3": 0.18158,
        "precision_at_5": 0.13796,
        "precision_at_10": 0.08719,
        "precision_at_20": 0.05301,
        "precision_at_100": 0.01511,
        "precision_at_1000": 0.00213,
        "mrr_at_1": 0.300926,
        "mrr_at_3": 0.355195,
        "mrr_at_5": 0.371631,
        "mrr_at_10": 0.381526,
        "mrr_at_20": 0.387382,
        "mrr_at_100": 0.391243,
        "mrr_at_1000": 0.391753,
        "nauc_ndcg_at_1_max": 0.342818,
        "nauc_ndcg_at_1_std": -0.07752,
        "nauc_ndcg_at_1_diff1": 0.443267,
        "nauc_ndcg_at_3_max": 0.302314,
        "nauc_ndcg_at_3_std": -0.058098,
        "nauc_ndcg_at_3_diff1": 0.385665,
        "nauc_ndcg_at_5_max": 0.26639,
        "nauc_ndcg_at_5_std": -0.047554,
        "nauc_ndcg_at_5_diff1": 0.35836,
        "nauc_ndcg_at_10_max": 0.257963,
        "nauc_ndcg_at_10_std": -0.039236,
        "nauc_ndcg_at_10_diff1": 0.355666,
        "nauc_ndcg_at_20_max": 0.260781,
        "nauc_ndcg_at_20_std": -0.020982,
        "nauc_ndcg_at_20_diff1": 0.347451,
        "nauc_ndcg_at_100_max": 0.270979,
        "nauc_ndcg_at_100_std": -0.003647,
        "nauc_ndcg_at_100_diff1": 0.346826,
        "nauc_ndcg_at_1000_max": 0.293192,
        "nauc_ndcg_at_1000_std": 0.008677,
        "nauc_ndcg_at_1000_diff1": 0.349888,
        "nauc_map_at_1_max": 0.186816,
        "nauc_map_at_1_std": -0.096506,
        "nauc_map_at_1_diff1": 0.387398,
        "nauc_map_at_3_max": 0.230138,
        "nauc_map_at_3_std": -0.078479,
        "nauc_map_at_3_diff1": 0.381126,
        "nauc_map_at_5_max": 0.232125,
        "nauc_map_at_5_std": -0.069897,
        "nauc_map_at_5_diff1": 0.363545,
        "nauc_map_at_10_max": 0.24153,
        "nauc_map_at_10_std": -0.060684,
        "nauc_map_at_10_diff1": 0.368713,
        "nauc_map_at_20_max": 0.245926,
        "nauc_map_at_20_std": -0.052533,
        "nauc_map_at_20_diff1": 0.365745,
        "nauc_map_at_100_max": 0.248821,
        "nauc_map_at_100_std": -0.048521,
        "nauc_map_at_100_diff1": 0.365659,
        "nauc_map_at_1000_max": 0.250803,
        "nauc_map_at_1000_std": -0.047148,
        "nauc_map_at_1000_diff1": 0.365508,
        "nauc_recall_at_1_max": 0.186816,
        "nauc_recall_at_1_std": -0.096506,
        "nauc_recall_at_1_diff1": 0.387398,
        "nauc_recall_at_3_max": 0.204152,
        "nauc_recall_at_3_std": -0.061825,
        "nauc_recall_at_3_diff1": 0.339165,
        "nauc_recall_at_5_max": 0.178577,
        "nauc_recall_at_5_std": -0.026667,
        "nauc_recall_at_5_diff1": 0.268368,
        "nauc_recall_at_10_max": 0.169195,
        "nauc_recall_at_10_std": -0.009475,
        "nauc_recall_at_10_diff1": 0.255728,
        "nauc_recall_at_20_max": 0.162687,
        "nauc_recall_at_20_std": 0.04445,
        "nauc_recall_at_20_diff1": 0.225841,
        "nauc_recall_at_100_max": 0.151363,
        "nauc_recall_at_100_std": 0.107639,
        "nauc_recall_at_100_diff1": 0.199266,
        "nauc_recall_at_1000_max": 0.217315,
        "nauc_recall_at_1000_std": 0.258884,
        "nauc_recall_at_1000_diff1": 0.186549,
        "nauc_precision_at_1_max": 0.342818,
        "nauc_precision_at_1_std": -0.07752,
        "nauc_precision_at_1_diff1": 0.443267,
        "nauc_precision_at_3_max": 0.37521,
        "nauc_precision_at_3_std": -0.019505,
        "nauc_precision_at_3_diff1": 0.346133,
        "nauc_precision_at_5_max": 0.369984,
        "nauc_precision_at_5_std": 0.024962,
        "nauc_precision_at_5_diff1": 0.279109,
        "nauc_precision_at_10_max": 0.370892,
        "nauc_precision_at_10_std": 0.068367,
        "nauc_precision_at_10_diff1": 0.246507,
        "nauc_precision_at_20_max": 0.355144,
        "nauc_precision_at_20_std": 0.111754,
        "nauc_precision_at_20_diff1": 0.186794,
        "nauc_precision_at_100_max": 0.352806,
        "nauc_precision_at_100_std": 0.171319,
        "nauc_precision_at_100_diff1": 0.109052,
        "nauc_precision_at_1000_max": 0.380763,
        "nauc_precision_at_1000_std": 0.230825,
        "nauc_precision_at_1000_diff1": 0.013721,
        "nauc_mrr_at_1_max": 0.342818,
        "nauc_mrr_at_1_std": -0.07752,
        "nauc_mrr_at_1_diff1": 0.443267,
        "nauc_mrr_at_3_max": 0.333673,
        "nauc_mrr_at_3_std": -0.059472,
        "nauc_mrr_at_3_diff1": 0.415304,
        "nauc_mrr_at_5_max": 0.331465,
        "nauc_mrr_at_5_std": -0.044645,
        "nauc_mrr_at_5_diff1": 0.399913,
        "nauc_mrr_at_10_max": 0.327618,
        "nauc_mrr_at_10_std": -0.045342,
        "nauc_mrr_at_10_diff1": 0.393592,
        "nauc_mrr_at_20_max": 0.327416,
        "nauc_mrr_at_20_std": -0.041638,
        "nauc_mrr_at_20_diff1": 0.392936,
        "nauc_mrr_at_100_max": 0.328965,
        "nauc_mrr_at_100_std": -0.040511,
        "nauc_mrr_at_100_diff1": 0.394186,
        "nauc_mrr_at_1000_max": 0.329013,
        "nauc_mrr_at_1000_std": -0.04073,
        "nauc_mrr_at_1000_diff1": 0.394412,
        "main_score": 0.31351,
        "hf_subset": "default",
        "languages": [
          "eng-Latn"
        ]
      }
    ]
  },
  "evaluation_time": 159.6739890575409,
  "kg_co2_emissions": null
}