{
  "dataset_revision": "5d958fb6b31055495347724d46431ba41309b03a",
  "task_name": "ChemNQRetrieval",
  "mteb_version": "1.36.29",
  "scores": {
    "test": [
      {
        "ndcg_at_1": 0.40741,
        "ndcg_at_3": 0.45685,
        "ndcg_at_5": 0.49236,
        "ndcg_at_10": 0.55921,
        "ndcg_at_20": 0.59095,
        "ndcg_at_100": 0.60759,
        "ndcg_at_1000": 0.61282,
        "map_at_1": 0.33333,
        "map_at_3": 0.41975,
        "map_at_5": 0.44753,
        "map_at_10": 0.47686,
        "map_at_20": 0.48553,
        "map_at_100": 0.49017,
        "map_at_1000": 0.49045,
        "recall_at_1": 0.33333,
        "recall_at_3": 0.49383,
        "recall_at_5": 0.5679,
        "recall_at_10": 0.76543,
        "recall_at_20": 0.89506,
        "recall_at_100": 0.96296,
        "recall_at_1000": 1.0,
        "precision_at_1": 0.40741,
        "precision_at_3": 0.20988,
        "precision_at_5": 0.14815,
        "precision_at_10": 0.1,
        "precision_at_20": 0.05741,
        "precision_at_100": 0.01259,
        "precision_at_1000": 0.0013,
        "mrr_at_1": 0.407407,
        "mrr_at_3": 0.493827,
        "mrr_at_5": 0.503086,
        "mrr_at_10": 0.526587,
        "mrr_at_20": 0.532606,
        "mrr_at_100": 0.534216,
        "mrr_at_1000": 0.53449,
        "nauc_ndcg_at_1_max": 0.436294,
        "nauc_ndcg_at_1_std": 0.04556,
        "nauc_ndcg_at_1_diff1": 0.577684,
        "nauc_ndcg_at_3_max": 0.217777,
        "nauc_ndcg_at_3_std": -0.083349,
        "nauc_ndcg_at_3_diff1": 0.372297,
        "nauc_ndcg_at_5_max": 0.331339,
        "nauc_ndcg_at_5_std": -0.010016,
        "nauc_ndcg_at_5_diff1": 0.392464,
        "nauc_ndcg_at_10_max": 0.316037,
        "nauc_ndcg_at_10_std": -0.061346,
        "nauc_ndcg_at_10_diff1": 0.373971,
        "nauc_ndcg_at_20_max": 0.345107,
        "nauc_ndcg_at_20_std": -0.014255,
        "nauc_ndcg_at_20_diff1": 0.434468,
        "nauc_ndcg_at_100_max": 0.342729,
        "nauc_ndcg_at_100_std": -0.015794,
        "nauc_ndcg_at_100_diff1": 0.448978,
        "nauc_ndcg_at_1000_max": 0.338273,
        "nauc_ndcg_at_1000_std": -0.012457,
        "nauc_ndcg_at_1000_diff1": 0.440233,
        "nauc_map_at_1_max": 0.376283,
        "nauc_map_at_1_std": 0.070217,
        "nauc_map_at_1_diff1": 0.461862,
        "nauc_map_at_3_max": 0.22747,
        "nauc_map_at_3_std": -0.065741,
        "nauc_map_at_3_diff1": 0.384095,
        "nauc_map_at_5_max": 0.300515,
        "nauc_map_at_5_std": -0.027033,
        "nauc_map_at_5_diff1": 0.401524,
        "nauc_map_at_10_max": 0.29799,
        "nauc_map_at_10_std": -0.050482,
        "nauc_map_at_10_diff1": 0.386853,
        "nauc_map_at_20_max": 0.307622,
        "nauc_map_at_20_std": -0.034366,
        "nauc_map_at_20_diff1": 0.406056,
        "nauc_map_at_100_max": 0.307481,
        "nauc_map_at_100_std": -0.032545,
        "nauc_map_at_100_diff1": 0.410223,
        "nauc_map_at_1000_max": 0.307263,
        "nauc_map_at_1000_std": -0.032419,
        "nauc_map_at_1000_diff1": 0.409821,
        "nauc_recall_at_1_max": 0.376283,
        "nauc_recall_at_1_std": 0.070217,
        "nauc_recall_at_1_diff1": 0.461862,
        "nauc_recall_at_3_max": 0.10242,
        "nauc_recall_at_3_std": -0.151566,
        "nauc_recall_at_3_diff1": 0.253494,
        "nauc_recall_at_5_max": 0.350138,
        "nauc_recall_at_5_std": 0.020915,
        "nauc_recall_at_5_diff1": 0.283822,
        "nauc_recall_at_10_max": 0.227377,
        "nauc_recall_at_10_std": -0.240011,
        "nauc_recall_at_10_diff1": 0.107177,
        "nauc_recall_at_20_max": 0.427793,
        "nauc_recall_at_20_std": -0.002328,
        "nauc_recall_at_20_diff1": 0.424615,
        "nauc_recall_at_100_max": 0.556079,
        "nauc_recall_at_100_std": -0.175564,
        "nauc_recall_at_100_diff1": 0.867647,
        "nauc_recall_at_1000_max": NaN,
        "nauc_recall_at_1000_std": NaN,
        "nauc_recall_at_1000_diff1": NaN,
        "nauc_precision_at_1_max": 0.436294,
        "nauc_precision_at_1_std": 0.04556,
        "nauc_precision_at_1_diff1": 0.577684,
        "nauc_precision_at_3_max": 0.133391,
        "nauc_precision_at_3_std": -0.170942,
        "nauc_precision_at_3_diff1": 0.320476,
        "nauc_precision_at_5_max": 0.291843,
        "nauc_precision_at_5_std": -0.024205,
        "nauc_precision_at_5_diff1": 0.277851,
        "nauc_precision_at_10_max": 0.202441,
        "nauc_precision_at_10_std": -0.109677,
        "nauc_precision_at_10_diff1": 0.156981,
        "nauc_precision_at_20_max": 0.294496,
        "nauc_precision_at_20_std": 0.085701,
        "nauc_precision_at_20_diff1": 0.331644,
        "nauc_precision_at_100_max": 0.216209,
        "nauc_precision_at_100_std": 0.130171,
        "nauc_precision_at_100_diff1": 0.309647,
        "nauc_precision_at_1000_max": 0.183872,
        "nauc_precision_at_1000_std": 0.159259,
        "nauc_precision_at_1000_diff1": 0.256557,
        "nauc_mrr_at_1_max": 0.436294,
        "nauc_mrr_at_1_std": 0.04556,
        "nauc_mrr_at_1_diff1": 0.577684,
        "nauc_mrr_at_3_max": 0.315073,
        "nauc_mrr_at_3_std": -0.042034,
        "nauc_mrr_at_3_diff1": 0.467328,
        "nauc_mrr_at_5_max": 0.367365,
        "nauc_mrr_at_5_std": 0.004829,
        "nauc_mrr_at_5_diff1": 0.471338,
        "nauc_mrr_at_10_max": 0.37613,
        "nauc_mrr_at_10_std": 0.011072,
        "nauc_mrr_at_10_diff1": 0.497029,
        "nauc_mrr_at_20_max": 0.377428,
        "nauc_mrr_at_20_std": 0.013611,
        "nauc_mrr_at_20_diff1": 0.504108,
        "nauc_mrr_at_100_max": 0.37426,
        "nauc_mrr_at_100_std": 0.008592,
        "nauc_mrr_at_100_diff1": 0.501585,
        "nauc_mrr_at_1000_max": 0.374102,
        "nauc_mrr_at_1000_std": 0.008752,
        "nauc_mrr_at_1000_diff1": 0.501268,
        "main_score": 0.55921,
        "hf_subset": "default",
        "languages": [
          "eng-Latn"
        ]
      }
    ]
  },
  "evaluation_time": 29.858654737472534,
  "kg_co2_emissions": null
}