{
  "dataset_revision": "1840e8a5ac6ec752bbdd97d543ead0189bc7c25b",
  "task_name": "ChemHotpotQARetrieval",
  "mteb_version": "1.36.29",
  "scores": {
    "train": [
      {
        "ndcg_at_1": 0.77778,
        "ndcg_at_3": 0.8101,
        "ndcg_at_5": 0.82373,
        "ndcg_at_10": 0.83418,
        "ndcg_at_20": 0.83964,
        "ndcg_at_100": 0.84773,
        "ndcg_at_1000": 0.85234,
        "map_at_1": 0.76111,
        "map_at_3": 0.79861,
        "map_at_5": 0.80611,
        "map_at_10": 0.81024,
        "map_at_20": 0.81165,
        "map_at_100": 0.81294,
        "map_at_1000": 0.81316,
        "recall_at_1": 0.76111,
        "recall_at_3": 0.83611,
        "recall_at_5": 0.86944,
        "recall_at_10": 0.90278,
        "recall_at_20": 0.925,
        "recall_at_100": 0.96667,
        "recall_at_1000": 1.0,
        "precision_at_1": 0.77778,
        "precision_at_3": 0.28889,
        "precision_at_5": 0.18,
        "precision_at_10": 0.09333,
        "precision_at_20": 0.04778,
        "precision_at_100": 0.01,
        "precision_at_1000": 0.00104,
        "mrr_at_1": 0.777778,
        "mrr_at_3": 0.806481,
        "mrr_at_5": 0.813981,
        "mrr_at_10": 0.818108,
        "mrr_at_20": 0.819523,
        "mrr_at_100": 0.820654,
        "mrr_at_1000": 0.820832,
        "nauc_ndcg_at_1_max": 0.689369,
        "nauc_ndcg_at_1_std": -0.034781,
        "nauc_ndcg_at_1_diff1": 0.863161,
        "nauc_ndcg_at_3_max": 0.589645,
        "nauc_ndcg_at_3_std": -0.15942,
        "nauc_ndcg_at_3_diff1": 0.781243,
        "nauc_ndcg_at_5_max": 0.573276,
        "nauc_ndcg_at_5_std": -0.176304,
        "nauc_ndcg_at_5_diff1": 0.768562,
        "nauc_ndcg_at_10_max": 0.58314,
        "nauc_ndcg_at_10_std": -0.155528,
        "nauc_ndcg_at_10_diff1": 0.764575,
        "nauc_ndcg_at_20_max": 0.574181,
        "nauc_ndcg_at_20_std": -0.145998,
        "nauc_ndcg_at_20_diff1": 0.762225,
        "nauc_ndcg_at_100_max": 0.567209,
        "nauc_ndcg_at_100_std": -0.145695,
        "nauc_ndcg_at_100_diff1": 0.755788,
        "nauc_ndcg_at_1000_max": 0.588167,
        "nauc_ndcg_at_1000_std": -0.142571,
        "nauc_ndcg_at_1000_diff1": 0.775593,
        "nauc_map_at_1_max": 0.577207,
        "nauc_map_at_1_std": -0.137308,
        "nauc_map_at_1_diff1": 0.798157,
        "nauc_map_at_3_max": 0.586031,
        "nauc_map_at_3_std": -0.154669,
        "nauc_map_at_3_diff1": 0.773104,
        "nauc_map_at_5_max": 0.577374,
        "nauc_map_at_5_std": -0.163975,
        "nauc_map_at_5_diff1": 0.766569,
        "nauc_map_at_10_max": 0.581191,
        "nauc_map_at_10_std": -0.156369,
        "nauc_map_at_10_diff1": 0.765181,
        "nauc_map_at_20_max": 0.579102,
        "nauc_map_at_20_std": -0.154201,
        "nauc_map_at_20_diff1": 0.764504,
        "nauc_map_at_100_max": 0.578105,
        "nauc_map_at_100_std": -0.154205,
        "nauc_map_at_100_diff1": 0.763772,
        "nauc_map_at_1000_max": 0.579008,
        "nauc_map_at_1000_std": -0.154029,
        "nauc_map_at_1000_diff1": 0.764541,
        "nauc_recall_at_1_max": 0.577207,
        "nauc_recall_at_1_std": -0.137308,
        "nauc_recall_at_1_diff1": 0.798157,
        "nauc_recall_at_3_max": 0.525763,
        "nauc_recall_at_3_std": -0.230661,
        "nauc_recall_at_3_diff1": 0.728185,
        "nauc_recall_at_5_max": 0.460633,
        "nauc_recall_at_5_std": -0.295049,
        "nauc_recall_at_5_diff1": 0.674765,
        "nauc_recall_at_10_max": 0.469501,
        "nauc_recall_at_10_std": -0.225345,
        "nauc_recall_at_10_diff1": 0.619614,
        "nauc_recall_at_20_max": 0.362434,
        "nauc_recall_at_20_std": -0.167739,
        "nauc_recall_at_20_diff1": 0.557509,
        "nauc_recall_at_100_max": -0.029256,
        "nauc_recall_at_100_std": -0.191799,
        "nauc_recall_at_100_diff1": 0.172269,
        "nauc_recall_at_1000_max": NaN,
        "nauc_recall_at_1000_std": NaN,
        "nauc_recall_at_1000_diff1": NaN,
        "nauc_precision_at_1_max": 0.689369,
        "nauc_precision_at_1_std": -0.034781,
        "nauc_precision_at_1_diff1": 0.863161,
        "nauc_precision_at_3_max": 0.530908,
        "nauc_precision_at_3_std": -0.041382,
        "nauc_precision_at_3_diff1": 0.568073,
        "nauc_precision_at_5_max": 0.479676,
        "nauc_precision_at_5_std": -0.058248,
        "nauc_precision_at_5_diff1": 0.495912,
        "nauc_precision_at_10_max": 0.493575,
        "nauc_precision_at_10_std": 0.049492,
        "nauc_precision_at_10_diff1": 0.415209,
        "nauc_precision_at_20_max": 0.424037,
        "nauc_precision_at_20_std": 0.147715,
        "nauc_precision_at_20_diff1": 0.330001,
        "nauc_precision_at_100_max": 0.212404,
        "nauc_precision_at_100_std": 0.306287,
        "nauc_precision_at_100_diff1": -0.030295,
        "nauc_precision_at_1000_max": 0.396182,
        "nauc_precision_at_1000_std": 0.581854,
        "nauc_precision_at_1000_diff1": 0.023918,
        "nauc_mrr_at_1_max": 0.689369,
        "nauc_mrr_at_1_std": -0.034781,
        "nauc_mrr_at_1_diff1": 0.863161,
        "nauc_mrr_at_3_max": 0.658718,
        "nauc_mrr_at_3_std": -0.094469,
        "nauc_mrr_at_3_diff1": 0.848409,
        "nauc_mrr_at_5_max": 0.652514,
        "nauc_mrr_at_5_std": -0.101814,
        "nauc_mrr_at_5_diff1": 0.844495,
        "nauc_mrr_at_10_max": 0.658118,
        "nauc_mrr_at_10_std": -0.09258,
        "nauc_mrr_at_10_diff1": 0.844781,
        "nauc_mrr_at_20_max": 0.656606,
        "nauc_mrr_at_20_std": -0.089802,
        "nauc_mrr_at_20_diff1": 0.844751,
        "nauc_mrr_at_100_max": 0.655828,
        "nauc_mrr_at_100_std": -0.089787,
        "nauc_mrr_at_100_diff1": 0.844359,
        "nauc_mrr_at_1000_max": 0.656307,
        "nauc_mrr_at_1000_std": -0.089941,
        "nauc_mrr_at_1000_diff1": 0.84467,
        "main_score": 0.83418,
        "hf_subset": "default",
        "languages": [
          "eng-Latn"
        ]
      }
    ],
    "dev": [
      {
        "ndcg_at_1": 0.875,
        "ndcg_at_3": 0.875,
        "ndcg_at_5": 0.875,
        "ndcg_at_10": 0.875,
        "ndcg_at_20": 0.90625,
        "ndcg_at_100": 0.90625,
        "ndcg_at_1000": 0.90625,
        "map_at_1": 0.875,
        "map_at_3": 0.875,
        "map_at_5": 0.875,
        "map_at_10": 0.875,
        "map_at_20": 0.88333,
        "map_at_100": 0.88333,
        "map_at_1000": 0.88333,
        "recall_at_1": 0.875,
        "recall_at_3": 0.875,
        "recall_at_5": 0.875,
        "recall_at_10": 0.875,
        "recall_at_20": 1.0,
        "recall_at_100": 1.0,
        "recall_at_1000": 1.0,
        "precision_at_1": 0.875,
        "precision_at_3": 0.29167,
        "precision_at_5": 0.175,
        "precision_at_10": 0.0875,
        "precision_at_20": 0.05,
        "precision_at_100": 0.01,
        "precision_at_1000": 0.001,
        "mrr_at_1": 0.875,
        "mrr_at_3": 0.875,
        "mrr_at_5": 0.875,
        "mrr_at_10": 0.875,
        "mrr_at_20": 0.883333,
        "mrr_at_100": 0.883333,
        "mrr_at_1000": 0.883333,
        "nauc_ndcg_at_1_max": 1.0,
        "nauc_ndcg_at_1_std": -0.185434,
        "nauc_ndcg_at_1_diff1": 1.0,
        "nauc_ndcg_at_3_max": 1.0,
        "nauc_ndcg_at_3_std": -0.185434,
        "nauc_ndcg_at_3_diff1": 1.0,
        "nauc_ndcg_at_5_max": 1.0,
        "nauc_ndcg_at_5_std": -0.185434,
        "nauc_ndcg_at_5_diff1": 1.0,
        "nauc_ndcg_at_10_max": 1.0,
        "nauc_ndcg_at_10_std": -0.185434,
        "nauc_ndcg_at_10_diff1": 1.0,
        "nauc_ndcg_at_20_max": 1.0,
        "nauc_ndcg_at_20_std": -0.185434,
        "nauc_ndcg_at_20_diff1": 1.0,
        "nauc_ndcg_at_100_max": 1.0,
        "nauc_ndcg_at_100_std": -0.185434,
        "nauc_ndcg_at_100_diff1": 1.0,
        "nauc_ndcg_at_1000_max": 1.0,
        "nauc_ndcg_at_1000_std": -0.185434,
        "nauc_ndcg_at_1000_diff1": 1.0,
        "nauc_map_at_1_max": 1.0,
        "nauc_map_at_1_std": -0.185434,
        "nauc_map_at_1_diff1": 1.0,
        "nauc_map_at_3_max": 1.0,
        "nauc_map_at_3_std": -0.185434,