{
  "dataset_revision": "5037d69d177c9628fb79cb57eea1299178b28c1b",
  "task_name": "PubChemSynonymPC",
  "mteb_version": "1.36.29",
  "scores": {
    "test": [
      {
        "similarity_accuracy": 0.94873,
        "similarity_accuracy_threshold": 0.709959,
        "similarity_f1": 0.678466,
        "similarity_f1_threshold": 0.675023,
        "similarity_precision": 0.851852,
        "similarity_recall": 0.563725,
        "similarity_ap": 0.66892,
        "cosine_accuracy": 0.94873,
        "cosine_accuracy_threshold": 0.709959,
        "cosine_f1": 0.678466,
        "cosine_f1_threshold": 0.675023,
        "cosine_precision": 0.851852,
        "cosine_recall": 0.563725,
        "cosine_ap": 0.66892,
        "manhattan_accuracy": 0.947754,
        "manhattan_accuracy_threshold": 319.452881,
        "manhattan_f1": 0.658537,
        "manhattan_f1_threshold": 339.97522,
        "manhattan_precision": 0.870968,
        "manhattan_recall": 0.529412,
        "manhattan_ap": 0.629718,
        "euclidean_accuracy": 0.948242,
        "euclidean_accuracy_threshold": 14.491433,
        "euclidean_f1": 0.653595,
        "euclidean_f1_threshold": 14.491433,
        "euclidean_precision": 0.980392,
        "euclidean_recall": 0.490196,
        "euclidean_ap": 0.628898,
        "dot_accuracy": 0.941895,
        "dot_accuracy_threshold": 306.981995,
        "dot_f1": 0.629412,
        "dot_f1_threshold": 290.902466,
        "dot_precision": 0.786765,
        "dot_recall": 0.52451,
        "dot_ap": 0.620251,
        "max_accuracy": 0.94873,
        "max_f1": 0.678466,
        "max_precision": 0.980392,
        "max_recall": 0.563725,
        "max_ap": 0.66892,
        "main_score": 0.66892,
        "hf_subset": "default",
        "languages": [
          "eng-Latn"
        ]
      }
    ]
  },
  "evaluation_time": 3.5994088649749756,
  "kg_co2_emissions": null
}