{
  "dataset_revision": "6c6430d3a6d36f8d2a829195bc5dc94d7e063e53",
  "task_name": "CQADupstackUnixRetrieval",
  "mteb_version": "1.36.29",
  "scores": {
    "test": [
      {
        "ndcg_at_1": 0.30037,
        "ndcg_at_3": 0.33345,
        "ndcg_at_5": 0.35339,
        "ndcg_at_10": 0.374,
        "ndcg_at_20": 0.39403,
        "ndcg_at_100": 0.42585,
        "ndcg_at_1000": 0.45092,
        "map_at_1": 0.25305,
        "map_at_3": 0.30348,
        "map_at_5": 0.31769,
        "map_at_10": 0.32719,
        "map_at_20": 0.33319,
        "map_at_100": 0.33817,
        "map_at_1000": 0.33926,
        "recall_at_1": 0.25305,
        "recall_at_3": 0.35894,
        "recall_at_5": 0.41195,
        "recall_at_10": 0.47399,
        "recall_at_20": 0.54722,
        "recall_at_100": 0.70318,
        "recall_at_1000": 0.87884,
        "precision_at_1": 0.30037,
        "precision_at_3": 0.15112,
        "precision_at_5": 0.10634,
        "precision_at_10": 0.06194,
        "precision_at_20": 0.03638,
        "precision_at_100": 0.00982,
        "precision_at_1000": 0.00131,
        "mrr_at_1": 0.300373,
        "mrr_at_3": 0.35028,
        "mrr_at_5": 0.361987,
        "mrr_at_10": 0.370622,
        "mrr_at_20": 0.375822,
        "mrr_at_100": 0.379413,
        "mrr_at_1000": 0.380108,
        "nauc_ndcg_at_1_max": 0.482398,
        "nauc_ndcg_at_1_std": 0.036446,
        "nauc_ndcg_at_1_diff1": 0.573012,
        "nauc_ndcg_at_3_max": 0.461854,
        "nauc_ndcg_at_3_std": 0.032045,
        "nauc_ndcg_at_3_diff1": 0.519293,
        "nauc_ndcg_at_5_max": 0.458553,
        "nauc_ndcg_at_5_std": 0.041882,
        "nauc_ndcg_at_5_diff1": 0.5136,
        "nauc_ndcg_at_10_max": 0.450316,
        "nauc_ndcg_at_10_std": 0.040163,
        "nauc_ndcg_at_10_diff1": 0.510871,
        "nauc_ndcg_at_20_max": 0.450367,
        "nauc_ndcg_at_20_std": 0.036395,
        "nauc_ndcg_at_20_diff1": 0.512093,
        "nauc_ndcg_at_100_max": 0.450574,
        "nauc_ndcg_at_100_std": 0.047775,
        "nauc_ndcg_at_100_diff1": 0.504275,
        "nauc_ndcg_at_1000_max": 0.460957,
        "nauc_ndcg_at_1000_std": 0.056059,
        "nauc_ndcg_at_1000_diff1": 0.50626,
        "nauc_map_at_1_max": 0.462292,
        "nauc_map_at_1_std": 0.018601,
        "nauc_map_at_1_diff1": 0.575695,
        "nauc_map_at_3_max": 0.462689,
        "nauc_map_at_3_std": 0.027254,
        "nauc_map_at_3_diff1": 0.539581,
        "nauc_map_at_5_max": 0.462748,
        "nauc_map_at_5_std": 0.034657,
        "nauc_map_at_5_diff1": 0.534386,
        "nauc_map_at_10_max": 0.459387,
        "nauc_map_at_10_std": 0.033396,
        "nauc_map_at_10_diff1": 0.533161,
        "nauc_map_at_20_max": 0.459489,
        "nauc_map_at_20_std": 0.032805,
        "nauc_map_at_20_diff1": 0.533057,
        "nauc_map_at_100_max": 0.459734,
        "nauc_map_at_100_std": 0.034736,
        "nauc_map_at_100_diff1": 0.531545,
        "nauc_map_at_1000_max": 0.460083,
        "nauc_map_at_1000_std": 0.035002,
        "nauc_map_at_1000_diff1": 0.531481,
        "nauc_recall_at_1_max": 0.462292,
        "nauc_recall_at_1_std": 0.018601,
        "nauc_recall_at_1_diff1": 0.575695,
        "nauc_recall_at_3_max": 0.429916,
        "nauc_recall_at_3_std": 0.025694,
        "nauc_recall_at_3_diff1": 0.471854,
        "nauc_recall_at_5_max": 0.420525,
        "nauc_recall_at_5_std": 0.050833,
        "nauc_recall_at_5_diff1": 0.447779,
        "nauc_recall_at_10_max": 0.387242,
        "nauc_recall_at_10_std": 0.044534,
        "nauc_recall_at_10_diff1": 0.431706,
        "nauc_recall_at_20_max": 0.378758,
        "nauc_recall_at_20_std": 0.026435,
        "nauc_recall_at_20_diff1": 0.4312,
        "nauc_recall_at_100_max": 0.354452,
        "nauc_recall_at_100_std": 0.083144,
        "nauc_recall_at_100_diff1": 0.365327,
        "nauc_recall_at_1000_max": 0.464822,
        "nauc_recall_at_1000_std": 0.288605,
        "nauc_recall_at_1000_diff1": 0.312594,
        "nauc_precision_at_1_max": 0.482398,
        "nauc_precision_at_1_std": 0.036446,
        "nauc_precision_at_1_diff1": 0.573012,
        "nauc_precision_at_3_max": 0.442238,
        "nauc_precision_at_3_std": 0.052923,
        "nauc_precision_at_3_diff1": 0.429386,
        "nauc_precision_at_5_max": 0.4027,
        "nauc_precision_at_5_std": 0.077901,
        "nauc_precision_at_5_diff1": 0.37186,
        "nauc_precision_at_10_max": 0.354188,
        "nauc_precision_at_10_std": 0.071241,
        "nauc_precision_at_10_diff1": 0.322005,
        "nauc_precision_at_20_max": 0.312162,
        "nauc_precision_at_20_std": 0.058412,
        "nauc_precision_at_20_diff1": 0.274179,
        "nauc_precision_at_100_max": 0.196474,
        "nauc_precision_at_100_std": 0.105444,
        "nauc_precision_at_100_diff1": 0.114118,
        "nauc_precision_at_1000_max": 0.097916,
        "nauc_precision_at_1000_std": 0.102758,
        "nauc_precision_at_1000_diff1": -0.040527,
        "nauc_mrr_at_1_max": 0.482398,
        "nauc_mrr_at_1_std": 0.036446,
        "nauc_mrr_at_1_diff1": 0.573012,
        "nauc_mrr_at_3_max": 0.469397,
        "nauc_mrr_at_3_std": 0.035923,
        "nauc_mrr_at_3_diff1": 0.527961,
        "nauc_mrr_at_5_max": 0.467831,
        "nauc_mrr_at_5_std": 0.044042,
        "nauc_mrr_at_5_diff1": 0.523081,
        "nauc_mrr_at_10_max": 0.463512,
        "nauc_mrr_at_10_std": 0.043877,
        "nauc_mrr_at_10_diff1": 0.52104,
        "nauc_mrr_at_20_max": 0.463696,
        "nauc_mrr_at_20_std": 0.042359,
        "nauc_mrr_at_20_diff1": 0.521294,
        "nauc_mrr_at_100_max": 0.464515,
        "nauc_mrr_at_100_std": 0.043606,
        "nauc_mrr_at_100_diff1": 0.521204,
        "nauc_mrr_at_1000_max": 0.464713,
        "nauc_mrr_at_1000_std": 0.043691,
        "nauc_mrr_at_1000_diff1": 0.521255,
        "main_score": 0.374,
        "hf_subset": "default",
        "languages": [
          "eng-Latn"
        ]
      }
    ]
  },
  "evaluation_time": 515.479415178299,
  "kg_co2_emissions": null
}