{
  "dataset_revision": "27a168819829fe9bcd655c2df245fb19452e8e06",
  "task_name": "FiQA2018",
  "mteb_version": "1.36.29",
  "scores": {
    "test": [
      {
        "ndcg_at_1": 0.30864,
        "ndcg_at_3": 0.28176,
        "ndcg_at_5": 0.29499,
        "ndcg_at_10": 0.31846,
        "ndcg_at_20": 0.34358,
        "ndcg_at_100": 0.38192,
        "ndcg_at_1000": 0.41848,
        "map_at_1": 0.15197,
        "map_at_3": 0.2167,
        "map_at_5": 0.23599,
        "map_at_10": 0.25091,
        "map_at_20": 0.25992,
        "map_at_100": 0.26696,
        "map_at_1000": 0.26885,
        "recall_at_1": 0.15197,
        "recall_at_3": 0.2526,
        "recall_at_5": 0.30961,
        "recall_at_10": 0.38514,
        "recall_at_20": 0.46248,
        "recall_at_100": 0.62261,
        "recall_at_1000": 0.8475,
        "precision_at_1": 0.30864,
        "precision_at_3": 0.19136,
        "precision_at_5": 0.14352,
        "precision_at_10": 0.08981,
        "precision_at_20": 0.05532,
        "precision_at_100": 0.01546,
        "precision_at_1000": 0.00218,
        "mrr_at_1": 0.308642,
        "mrr_at_3": 0.357767,
        "mrr_at_5": 0.373894,
        "mrr_at_10": 0.385265,
        "mrr_at_20": 0.391204,
        "mrr_at_100": 0.394397,
        "mrr_at_1000": 0.39499,
        "nauc_ndcg_at_1_max": 0.396167,
        "nauc_ndcg_at_1_std": -0.040066,
        "nauc_ndcg_at_1_diff1": 0.466444,
        "nauc_ndcg_at_3_max": 0.356502,
        "nauc_ndcg_at_3_std": -0.044392,
        "nauc_ndcg_at_3_diff1": 0.411589,
        "nauc_ndcg_at_5_max": 0.333814,
        "nauc_ndcg_at_5_std": -0.03219,
        "nauc_ndcg_at_5_diff1": 0.407932,
        "nauc_ndcg_at_10_max": 0.333338,
        "nauc_ndcg_at_10_std": -0.016308,
        "nauc_ndcg_at_10_diff1": 0.412656,
        "nauc_ndcg_at_20_max": 0.339866,
        "nauc_ndcg_at_20_std": -0.004612,
        "nauc_ndcg_at_20_diff1": 0.407715,
        "nauc_ndcg_at_100_max": 0.352302,
        "nauc_ndcg_at_100_std": 0.021345,
        "nauc_ndcg_at_100_diff1": 0.402001,
        "nauc_ndcg_at_1000_max": 0.367085,
        "nauc_ndcg_at_1000_std": 0.023164,
        "nauc_ndcg_at_1000_diff1": 0.408688,
        "nauc_map_at_1_max": 0.260958,
        "nauc_map_at_1_std": -0.079298,
        "nauc_map_at_1_diff1": 0.46505,
        "nauc_map_at_3_max": 0.297148,
        "nauc_map_at_3_std": -0.058576,
        "nauc_map_at_3_diff1": 0.424266,
        "nauc_map_at_5_max": 0.30601,
        "nauc_map_at_5_std": -0.047629,
        "nauc_map_at_5_diff1": 0.419485,
        "nauc_map_at_10_max": 0.318168,
        "nauc_map_at_10_std": -0.037182,
        "nauc_map_at_10_diff1": 0.424942,
        "nauc_map_at_20_max": 0.323499,
        "nauc_map_at_20_std": -0.030932,
        "nauc_map_at_20_diff1": 0.422821,
        "nauc_map_at_100_max": 0.326175,
        "nauc_map_at_100_std": -0.0261,
        "nauc_map_at_100_diff1": 0.421461,
        "nauc_map_at_1000_max": 0.327554,
        "nauc_map_at_1000_std": -0.025402,
        "nauc_map_at_1000_diff1": 0.421699,
        "nauc_recall_at_1_max": 0.260958,
        "nauc_recall_at_1_std": -0.079298,
        "nauc_recall_at_1_diff1": 0.46505,
        "nauc_recall_at_3_max": 0.265886,
        "nauc_recall_at_3_std": -0.049479,
        "nauc_recall_at_3_diff1": 0.359233,
        "nauc_recall_at_5_max": 0.248505,
        "nauc_recall_at_5_std": -0.014402,
        "nauc_recall_at_5_diff1": 0.333765,
        "nauc_recall_at_10_max": 0.243701,
        "nauc_recall_at_10_std": 0.017366,
        "nauc_recall_at_10_diff1": 0.328795,
        "nauc_recall_at_20_max": 0.245269,
        "nauc_recall_at_20_std": 0.044978,
        "nauc_recall_at_20_diff1": 0.304221,
        "nauc_recall_at_100_max": 0.250489,
        "nauc_recall_at_100_std": 0.150902,
        "nauc_recall_at_100_diff1": 0.247436,
        "nauc_recall_at_1000_max": 0.298396,
        "nauc_recall_at_1000_std": 0.240565,
        "nauc_recall_at_1000_diff1": 0.261059,
        "nauc_precision_at_1_max": 0.396167,
        "nauc_precision_at_1_std": -0.040066,
        "nauc_precision_at_1_diff1": 0.466444,
        "nauc_precision_at_3_max": 0.391095,
        "nauc_precision_at_3_std": -0.019499,
        "nauc_precision_at_3_diff1": 0.325409,
        "nauc_precision_at_5_max": 0.393331,
        "nauc_precision_at_5_std": 0.01279,
        "nauc_precision_at_5_diff1": 0.299233,
        "nauc_precision_at_10_max": 0.407052,
        "nauc_precision_at_10_std": 0.061374,
        "nauc_precision_at_10_diff1": 0.276089,
        "nauc_precision_at_20_max": 0.404373,
        "nauc_precision_at_20_std": 0.10428,
        "nauc_precision_at_20_diff1": 0.222742,
        "nauc_precision_at_100_max": 0.382393,
        "nauc_precision_at_100_std": 0.173399,
        "nauc_precision_at_100_diff1": 0.143172,
        "nauc_precision_at_1000_max": 0.353781,
        "nauc_precision_at_1000_std": 0.181304,
        "nauc_precision_at_1000_diff1": 0.05388,
        "nauc_mrr_at_1_max": 0.396167,
        "nauc_mrr_at_1_std": -0.040066,
        "nauc_mrr_at_1_diff1": 0.466444,
        "nauc_mrr_at_3_max": 0.393264,
        "nauc_mrr_at_3_std": -0.038277,
        "nauc_mrr_at_3_diff1": 0.42635,
        "nauc_mrr_at_5_max": 0.386163,
        "nauc_mrr_at_5_std": -0.032792,
        "nauc_mrr_at_5_diff1": 0.42379,
        "nauc_mrr_at_10_max": 0.390117,
        "nauc_mrr_at_10_std": -0.021858,
        "nauc_mrr_at_10_diff1": 0.425492,
        "nauc_mrr_at_20_max": 0.390216,
        "nauc_mrr_at_20_std": -0.019983,
        "nauc_mrr_at_20_diff1": 0.424566,
        "nauc_mrr_at_100_max": 0.390821,
        "nauc_mrr_at_100_std": -0.018336,
        "nauc_mrr_at_100_diff1": 0.424539,
        "nauc_mrr_at_1000_max": 0.390798,
        "nauc_mrr_at_1000_std": -0.018818,
        "nauc_mrr_at_1000_diff1": 0.424776,
        "main_score": 0.31846,
        "hf_subset": "default",
        "languages": [
          "eng-Latn"
        ]
      }
    ]
  },
  "evaluation_time": 282.8484525680542,
  "kg_co2_emissions": null
}