{
  "dataset_revision": "8fae72a2c75530aaaac6920a02622490d923ca98",
  "task_name": "ChemRxivNC2",
  "mteb_version": "1.36.29",
  "scores": {
    "test": [
      {
        "ndcg_at_1": 0.8134,
        "ndcg_at_3": 0.88157,
        "ndcg_at_5": 0.89134,
        "ndcg_at_10": 0.89774,
        "ndcg_at_20": 0.90124,
        "ndcg_at_100": 0.90315,
        "ndcg_at_1000": 0.90379,
        "map_at_1": 0.8134,
        "map_at_3": 0.8655,
        "map_at_5": 0.87095,
        "map_at_10": 0.87363,
        "map_at_20": 0.87465,
        "map_at_100": 0.87494,
        "map_at_1000": 0.87497,
        "recall_at_1": 0.8134,
        "recall_at_3": 0.9278,
        "recall_at_5": 0.9514,
        "recall_at_10": 0.971,
        "recall_at_20": 0.9844,
        "recall_at_100": 0.9944,
        "recall_at_1000": 0.9992,
        "precision_at_1": 0.8134,
        "precision_at_3": 0.30927,
        "precision_at_5": 0.19028,
        "precision_at_10": 0.0971,
        "precision_at_20": 0.04922,
        "precision_at_100": 0.00994,
        "precision_at_1000": 0.001,
        "mrr_at_1": 0.813,
        "mrr_at_3": 0.8653,
        "mrr_at_5": 0.87079,
        "mrr_at_10": 0.87344,
        "mrr_at_20": 0.87446,
        "mrr_at_100": 0.87475,
        "mrr_at_1000": 0.874777,
        "nauc_ndcg_at_1_max": 0.51842,
        "nauc_ndcg_at_1_std": -0.245639,
        "nauc_ndcg_at_1_diff1": 0.824841,
        "nauc_ndcg_at_3_max": 0.575425,
        "nauc_ndcg_at_3_std": -0.237928,
        "nauc_ndcg_at_3_diff1": 0.798043,
        "nauc_ndcg_at_5_max": 0.574369,
        "nauc_ndcg_at_5_std": -0.242744,
        "nauc_ndcg_at_5_diff1": 0.803073,
        "nauc_ndcg_at_10_max": 0.570324,
        "nauc_ndcg_at_10_std": -0.238359,
        "nauc_ndcg_at_10_diff1": 0.803837,
        "nauc_ndcg_at_20_max": 0.568218,
        "nauc_ndcg_at_20_std": -0.23259,
        "nauc_ndcg_at_20_diff1": 0.806747,
        "nauc_ndcg_at_100_max": 0.562717,
        "nauc_ndcg_at_100_std": -0.232898,
        "nauc_ndcg_at_100_diff1": 0.806197,
        "nauc_ndcg_at_1000_max": 0.560564,
        "nauc_ndcg_at_1000_std": -0.235424,
        "nauc_ndcg_at_1000_diff1": 0.806971,
        "nauc_map_at_1_max": 0.51842,
        "nauc_map_at_1_std": -0.245639,
        "nauc_map_at_1_diff1": 0.824841,
        "nauc_map_at_3_max": 0.557683,
        "nauc_map_at_3_std": -0.240471,
        "nauc_map_at_3_diff1": 0.805264,
        "nauc_map_at_5_max": 0.556601,
        "nauc_map_at_5_std": -0.24229,
        "nauc_map_at_5_diff1": 0.807985,
        "nauc_map_at_10_max": 0.554658,
        "nauc_map_at_10_std": -0.240971,
        "nauc_map_at_10_diff1": 0.808363,
        "nauc_map_at_20_max": 0.554091,
        "nauc_map_at_20_std": -0.239498,
        "nauc_map_at_20_diff1": 0.809056,
        "nauc_map_at_100_max": 0.553409,
        "nauc_map_at_100_std": -0.239507,
        "nauc_map_at_100_diff1": 0.808983,
        "nauc_map_at_1000_max": 0.553331,
        "nauc_map_at_1000_std": -0.239587,
        "nauc_map_at_1000_diff1": 0.809008,
        "nauc_recall_at_1_max": 0.51842,
        "nauc_recall_at_1_std": -0.245639,
        "nauc_recall_at_1_diff1": 0.824841,
        "nauc_recall_at_3_max": 0.666037,
        "nauc_recall_at_3_std": -0.224832,
        "nauc_recall_at_3_diff1": 0.762034,
        "nauc_recall_at_5_max": 0.702443,
        "nauc_recall_at_5_std": -0.24944,
        "nauc_recall_at_5_diff1": 0.770381,
        "nauc_recall_at_10_max": 0.750848,
        "nauc_recall_at_10_std": -0.20492,
        "nauc_recall_at_10_diff1": 0.756039,
        "nauc_recall_at_20_max": 0.85418,
        "nauc_recall_at_20_std": -0.051432,
        "nauc_recall_at_20_diff1": 0.78335,
        "nauc_recall_at_100_max": 0.888039,
        "nauc_recall_at_100_std": 0.235894,
        "nauc_recall_at_100_diff1": 0.695812,
        "nauc_recall_at_1000_max": 1.0,
        "nauc_recall_at_1000_std": 0.855859,
        "nauc_recall_at_1000_diff1": 0.707633,
        "nauc_precision_at_1_max": 0.51842,
        "nauc_precision_at_1_std": -0.245639,
        "nauc_precision_at_1_diff1": 0.824841,
        "nauc_precision_at_3_max": 0.666037,
        "nauc_precision_at_3_std": -0.224832,
        "nauc_precision_at_3_diff1": 0.762034,
        "nauc_precision_at_5_max": 0.702443,
        "nauc_precision_at_5_std": -0.24944,
        "nauc_precision_at_5_diff1": 0.770381,
        "nauc_precision_at_10_max": 0.750848,
        "nauc_precision_at_10_std": -0.20492,
        "nauc_precision_at_10_diff1": 0.756039,
        "nauc_precision_at_20_max": 0.85418,
        "nauc_precision_at_20_std": -0.051432,
        "nauc_precision_at_20_diff1": 0.78335,
        "nauc_precision_at_100_max": 0.888039,
        "nauc_precision_at_100_std": 0.235894,
        "nauc_precision_at_100_diff1": 0.695812,
        "nauc_precision_at_1000_max": 1.0,
        "nauc_precision_at_1000_std": 0.855859,
        "nauc_precision_at_1000_diff1": 0.707633,
        "nauc_mrr_at_1_max": 0.519935,
        "nauc_mrr_at_1_std": -0.244136,
        "nauc_mrr_at_1_diff1": 0.825485,
        "nauc_mrr_at_3_max": 0.558662,
        "nauc_mrr_at_3_std": -0.239454,
        "nauc_mrr_at_3_diff1": 0.805729,
        "nauc_mrr_at_5_max": 0.557524,
        "nauc_mrr_at_5_std": -0.240741,
        "nauc_mrr_at_5_diff1": 0.808405,
        "nauc_mrr_at_10_max": 0.555672,
        "nauc_mrr_at_10_std": -0.239846,
        "nauc_mrr_at_10_diff1": 0.808848,
        "nauc_mrr_at_20_max": 0.555115,
        "nauc_mrr_at_20_std": -0.238366,
        "nauc_mrr_at_20_diff1": 0.809544,
        "nauc_mrr_at_100_max": 0.554436,
        "nauc_mrr_at_100_std": -0.238372,
        "nauc_mrr_at_100_diff1": 0.809472,
        "nauc_mrr_at_1000_max": 0.554359,
        "nauc_mrr_at_1000_std": -0.238452,
        "nauc_mrr_at_1000_diff1": 0.809498,
        "main_score": 0.89774,
        "hf_subset": "default",
        "languages": [
          "eng-Latn"
        ]
      }
    ]
  },
  "evaluation_time": 174.31734132766724,
  "kg_co2_emissions": null
}