{
  "dataset_revision": "5d958fb6b31055495347724d46431ba41309b03a",
  "task_name": "ChemNQRetrieval",
  "mteb_version": "1.36.29",
  "scores": {
    "test": [
      {
        "ndcg_at_1": 0.44444,
        "ndcg_at_3": 0.46977,
        "ndcg_at_5": 0.50883,
        "ndcg_at_10": 0.58286,
        "ndcg_at_20": 0.58812,
        "ndcg_at_100": 0.60566,
        "ndcg_at_1000": 0.61608,
        "map_at_1": 0.34568,
        "map_at_3": 0.4321,
        "map_at_5": 0.45617,
        "map_at_10": 0.49007,
        "map_at_20": 0.49202,
        "map_at_100": 0.49495,
        "map_at_1000": 0.4955,
        "recall_at_1": 0.34568,
        "recall_at_3": 0.51235,
        "recall_at_5": 0.60494,
        "recall_at_10": 0.82099,
        "recall_at_20": 0.83951,
        "recall_at_100": 0.92593,
        "recall_at_1000": 1.0,
        "precision_at_1": 0.44444,
        "precision_at_3": 0.22222,
        "precision_at_5": 0.15556,
        "precision_at_10": 0.10741,
        "precision_at_20": 0.05556,
        "precision_at_100": 0.01222,
        "precision_at_1000": 0.0013,
        "mrr_at_1": 0.444444,
        "mrr_at_3": 0.506173,
        "mrr_at_5": 0.52284,
        "mrr_at_10": 0.546091,
        "mrr_at_20": 0.546091,
        "mrr_at_100": 0.548414,
        "mrr_at_1000": 0.548963,
        "nauc_ndcg_at_1_max": 0.531827,
        "nauc_ndcg_at_1_std": 0.240882,
        "nauc_ndcg_at_1_diff1": 0.254694,
        "nauc_ndcg_at_3_max": 0.459263,
        "nauc_ndcg_at_3_std": 0.236979,
        "nauc_ndcg_at_3_diff1": 0.10508,
        "nauc_ndcg_at_5_max": 0.511042,
        "nauc_ndcg_at_5_std": 0.188491,
        "nauc_ndcg_at_5_diff1": 0.07572,
        "nauc_ndcg_at_10_max": 0.555784,
        "nauc_ndcg_at_10_std": 0.224368,
        "nauc_ndcg_at_10_diff1": 0.086709,
        "nauc_ndcg_at_20_max": 0.567775,
        "nauc_ndcg_at_20_std": 0.250793,
        "nauc_ndcg_at_20_diff1": 0.12104,
        "nauc_ndcg_at_100_max": 0.549546,
        "nauc_ndcg_at_100_std": 0.220589,
        "nauc_ndcg_at_100_diff1": 0.136804,
        "nauc_ndcg_at_1000_max": 0.539668,
        "nauc_ndcg_at_1000_std": 0.228901,
        "nauc_ndcg_at_1000_diff1": 0.138039,
        "nauc_map_at_1_max": 0.520158,
        "nauc_map_at_1_std": 0.222591,
        "nauc_map_at_1_diff1": 0.187479,
        "nauc_map_at_3_max": 0.435393,
        "nauc_map_at_3_std": 0.224867,
        "nauc_map_at_3_diff1": 0.094878,
        "nauc_map_at_5_max": 0.477023,
        "nauc_map_at_5_std": 0.193404,
        "nauc_map_at_5_diff1": 0.083763,
        "nauc_map_at_10_max": 0.502142,
        "nauc_map_at_10_std": 0.203224,
        "nauc_map_at_10_diff1": 0.092116,
        "nauc_map_at_20_max": 0.505783,
        "nauc_map_at_20_std": 0.211707,
        "nauc_map_at_20_diff1": 0.103298,
        "nauc_map_at_100_max": 0.502833,
        "nauc_map_at_100_std": 0.207762,
        "nauc_map_at_100_diff1": 0.10687,
        "nauc_map_at_1000_max": 0.502258,
        "nauc_map_at_1000_std": 0.207906,
        "nauc_map_at_1000_diff1": 0.106656,
        "nauc_recall_at_1_max": 0.520158,
        "nauc_recall_at_1_std": 0.222591,
        "nauc_recall_at_1_diff1": 0.187479,
        "nauc_recall_at_3_max": 0.399262,
        "nauc_recall_at_3_std": 0.230074,
        "nauc_recall_at_3_diff1": 0.024138,
        "nauc_recall_at_5_max": 0.497643,
        "nauc_recall_at_5_std": 0.104283,
        "nauc_recall_at_5_diff1": -0.068986,
        "nauc_recall_at_10_max": 0.699692,
        "nauc_recall_at_10_std": 0.214265,
        "nauc_recall_at_10_diff1": -0.19553,
        "nauc_recall_at_20_max": 0.78573,
        "nauc_recall_at_20_std": 0.379438,
        "nauc_recall_at_20_diff1": -0.004701,
        "nauc_recall_at_100_max": 0.77804,
        "nauc_recall_at_100_std": -0.008272,
        "nauc_recall_at_100_diff1": 0.07532,
        "nauc_recall_at_1000_max": NaN,
        "nauc_recall_at_1000_std": NaN,
        "nauc_recall_at_1000_diff1": NaN,
        "nauc_precision_at_1_max": 0.531827,
        "nauc_precision_at_1_std": 0.240882,
        "nauc_precision_at_1_diff1": 0.254694,
        "nauc_precision_at_3_max": 0.339636,
        "nauc_precision_at_3_std": 0.16349,
        "nauc_precision_at_3_diff1": 0.059819,
        "nauc_precision_at_5_max": 0.426246,
        "nauc_precision_at_5_std": 0.021908,
        "nauc_precision_at_5_diff1": 0.016768,
        "nauc_precision_at_10_max": 0.430486,
        "nauc_precision_at_10_std": 0.117841,
        "nauc_precision_at_10_diff1": 0.136372,
        "nauc_precision_at_20_max": 0.424874,
        "nauc_precision_at_20_std": 0.20806,
        "nauc_precision_at_20_diff1": 0.267633,
        "nauc_precision_at_100_max": 0.273553,
        "nauc_precision_at_100_std": 0.076795,
        "nauc_precision_at_100_diff1": 0.277992,
        "nauc_precision_at_1000_max": 0.177555,
        "nauc_precision_at_1000_std": 0.092983,
        "nauc_precision_at_1000_diff1": 0.316558,
        "nauc_mrr_at_1_max": 0.531827,
        "nauc_mrr_at_1_std": 0.240882,
        "nauc_mrr_at_1_diff1": 0.254694,
        "nauc_mrr_at_3_max": 0.544446,
        "nauc_mrr_at_3_std": 0.260163,
        "nauc_mrr_at_3_diff1": 0.211958,
        "nauc_mrr_at_5_max": 0.553233,
        "nauc_mrr_at_5_std": 0.25009,
        "nauc_mrr_at_5_diff1": 0.191925,
        "nauc_mrr_at_10_max": 0.554777,
        "nauc_mrr_at_10_std": 0.265642,
        "nauc_mrr_at_10_diff1": 0.195554,
        "nauc_mrr_at_20_max": 0.554777,
        "nauc_mrr_at_20_std": 0.265642,
        "nauc_mrr_at_20_diff1": 0.195554,
        "nauc_mrr_at_100_max": 0.552518,
        "nauc_mrr_at_100_std": 0.262162,
        "nauc_mrr_at_100_diff1": 0.199867,
        "nauc_mrr_at_1000_max": 0.552034,
        "nauc_mrr_at_1000_std": 0.262399,
        "nauc_mrr_at_1000_diff1": 0.199816,
        "main_score": 0.58286,
        "hf_subset": "default",
        "languages": [
          "eng-Latn"
        ]
      }
    ]
  },
  "evaluation_time": 51.5052535533905,
  "kg_co2_emissions": null
}