{
  "dataset_revision": "5d958fb6b31055495347724d46431ba41309b03a",
  "task_name": "ChemNQRetrieval",
  "mteb_version": "1.36.29",
  "scores": {
    "test": [
      {
        "ndcg_at_1": 0.48148,
        "ndcg_at_3": 0.53083,
        "ndcg_at_5": 0.55557,
        "ndcg_at_10": 0.58912,
        "ndcg_at_20": 0.62386,
        "ndcg_at_100": 0.6422,
        "ndcg_at_1000": 0.6485,
        "map_at_1": 0.3642,
        "map_at_3": 0.48765,
        "map_at_5": 0.50432,
        "map_at_10": 0.51898,
        "map_at_20": 0.53118,
        "map_at_100": 0.53433,
        "map_at_1000": 0.53466,
        "recall_at_1": 0.3642,
        "recall_at_3": 0.58642,
        "recall_at_5": 0.64198,
        "recall_at_10": 0.73457,
        "recall_at_20": 0.8642,
        "recall_at_100": 0.95062,
        "recall_at_1000": 1.0,
        "precision_at_1": 0.48148,
        "precision_at_3": 0.24691,
        "precision_at_5": 0.16296,
        "precision_at_10": 0.09259,
        "precision_at_20": 0.05556,
        "precision_at_100": 0.01222,
        "precision_at_1000": 0.0013,
        "mrr_at_1": 0.481481,
        "mrr_at_3": 0.567901,
        "mrr_at_5": 0.57716,
        "mrr_at_10": 0.594136,
        "mrr_at_20": 0.597937,
        "mrr_at_100": 0.600696,
        "mrr_at_1000": 0.600741,
        "nauc_ndcg_at_1_max": 0.250661,
        "nauc_ndcg_at_1_std": -0.037724,
        "nauc_ndcg_at_1_diff1": 0.271255,
        "nauc_ndcg_at_3_max": 0.182197,
        "nauc_ndcg_at_3_std": -0.107212,
        "nauc_ndcg_at_3_diff1": 0.253944,
        "nauc_ndcg_at_5_max": 0.191493,
        "nauc_ndcg_at_5_std": -0.131357,
        "nauc_ndcg_at_5_diff1": 0.225479,
        "nauc_ndcg_at_10_max": 0.231998,
        "nauc_ndcg_at_10_std": -0.067415,
        "nauc_ndcg_at_10_diff1": 0.200902,
        "nauc_ndcg_at_20_max": 0.244753,
        "nauc_ndcg_at_20_std": -0.048898,
        "nauc_ndcg_at_20_diff1": 0.221579,
        "nauc_ndcg_at_100_max": 0.212638,
        "nauc_ndcg_at_100_std": -0.079386,
        "nauc_ndcg_at_100_diff1": 0.256347,
        "nauc_ndcg_at_1000_max": 0.222817,
        "nauc_ndcg_at_1000_std": -0.070062,
        "nauc_ndcg_at_1000_diff1": 0.249276,
        "nauc_map_at_1_max": 0.063803,
        "nauc_map_at_1_std": -0.086826,
        "nauc_map_at_1_diff1": 0.200586,
        "nauc_map_at_3_max": 0.136963,
        "nauc_map_at_3_std": -0.149093,
        "nauc_map_at_3_diff1": 0.261364,
        "nauc_map_at_5_max": 0.153852,
        "nauc_map_at_5_std": -0.158633,
        "nauc_map_at_5_diff1": 0.237901,
        "nauc_map_at_10_max": 0.165249,
        "nauc_map_at_10_std": -0.137899,
        "nauc_map_at_10_diff1": 0.223232,
        "nauc_map_at_20_max": 0.181821,
        "nauc_map_at_20_std": -0.116218,
        "nauc_map_at_20_diff1": 0.239517,
        "nauc_map_at_100_max": 0.176686,
        "nauc_map_at_100_std": -0.121435,
        "nauc_map_at_100_diff1": 0.244754,
        "nauc_map_at_1000_max": 0.176554,
        "nauc_map_at_1000_std": -0.121262,
        "nauc_map_at_1000_diff1": 0.244495,
        "nauc_recall_at_1_max": 0.063803,
        "nauc_recall_at_1_std": -0.086826,
        "nauc_recall_at_1_diff1": 0.200586,
        "nauc_recall_at_3_max": 0.158186,
        "nauc_recall_at_3_std": -0.096493,
        "nauc_recall_at_3_diff1": 0.226612,
        "nauc_recall_at_5_max": 0.171153,
        "nauc_recall_at_5_std": -0.160115,
        "nauc_recall_at_5_diff1": 0.166706,
        "nauc_recall_at_10_max": 0.288445,
        "nauc_recall_at_10_std": 0.042854,
        "nauc_recall_at_10_diff1": 0.051244,
        "nauc_recall_at_20_max": 0.304455,
        "nauc_recall_at_20_std": 0.062587,
        "nauc_recall_at_20_diff1": 0.012927,
        "nauc_recall_at_100_max": -0.34008,
        "nauc_recall_at_100_std": -0.473358,
        "nauc_recall_at_100_diff1": 0.506447,
        "nauc_recall_at_1000_max": NaN,
        "nauc_recall_at_1000_std": NaN,
        "nauc_recall_at_1000_diff1": NaN,
        "nauc_precision_at_1_max": 0.250661,
        "nauc_precision_at_1_std": -0.037724,
        "nauc_precision_at_1_diff1": 0.271255,
        "nauc_precision_at_3_max": 0.336101,
        "nauc_precision_at_3_std": -0.105865,
        "nauc_precision_at_3_diff1": 0.332916,
        "nauc_precision_at_5_max": 0.375109,
        "nauc_precision_at_5_std": -0.107976,
        "nauc_precision_at_5_diff1": 0.20859,
        "nauc_precision_at_10_max": 0.563219,
        "nauc_precision_at_10_std": 0.108654,
        "nauc_precision_at_10_diff1": 0.215588,
        "nauc_precision_at_20_max": 0.553005,
        "nauc_precision_at_20_std": 0.242758,
        "nauc_precision_at_20_diff1": 0.269937,
        "nauc_precision_at_100_max": 0.451508,
        "nauc_precision_at_100_std": 0.202693,
        "nauc_precision_at_100_diff1": 0.349333,
        "nauc_precision_at_1000_max": 0.440297,
        "nauc_precision_at_1000_std": 0.259659,
        "nauc_precision_at_1000_diff1": 0.2379,
        "nauc_mrr_at_1_max": 0.250661,
        "nauc_mrr_at_1_std": -0.037724,
        "nauc_mrr_at_1_diff1": 0.271255,
        "nauc_mrr_at_3_max": 0.290347,
        "nauc_mrr_at_3_std": -0.009044,
        "nauc_mrr_at_3_diff1": 0.240189,
        "nauc_mrr_at_5_max": 0.269594,
        "nauc_mrr_at_5_std": -0.030446,
        "nauc_mrr_at_5_diff1": 0.240787,
        "nauc_mrr_at_10_max": 0.295922,
        "nauc_mrr_at_10_std": 0.008169,
        "nauc_mrr_at_10_diff1": 0.236587,
        "nauc_mrr_at_20_max": 0.286489,
        "nauc_mrr_at_20_std": -0.002631,
        "nauc_mrr_at_20_diff1": 0.230208,
        "nauc_mrr_at_100_max": 0.282642,
        "nauc_mrr_at_100_std": -0.00697,
        "nauc_mrr_at_100_diff1": 0.235689,
        "nauc_mrr_at_1000_max": 0.282774,
        "nauc_mrr_at_1000_std": -0.006883,
        "nauc_mrr_at_1000_diff1": 0.23564,
        "main_score": 0.58912,
        "hf_subset": "default",
        "languages": [
          "eng-Latn"
        ]
      }
    ]
  },
  "evaluation_time": 29.662188291549683,
  "kg_co2_emissions": null
}