{
  "dataset_revision": "8fae72a2c75530aaaac6920a02622490d923ca98",
  "task_name": "ChemRxivRetrieval",
  "mteb_version": "1.36.29",
  "scores": {
    "test": [
      {
        "ndcg_at_1": 0.575,
        "ndcg_at_3": 0.67417,
        "ndcg_at_5": 0.69914,
        "ndcg_at_10": 0.71868,
        "ndcg_at_20": 0.72834,
        "ndcg_at_100": 0.73792,
        "ndcg_at_1000": 0.74238,
        "map_at_1": 0.575,
        "map_at_3": 0.65007,
        "map_at_5": 0.66393,
        "map_at_10": 0.67215,
        "map_at_20": 0.67485,
        "map_at_100": 0.6762,
        "map_at_1000": 0.67637,
        "recall_at_1": 0.575,
        "recall_at_3": 0.7438,
        "recall_at_5": 0.8044,
        "recall_at_10": 0.864,
        "recall_at_20": 0.9018,
        "recall_at_100": 0.953,
        "recall_at_1000": 0.9884,
        "precision_at_1": 0.575,
        "precision_at_3": 0.24793,
        "precision_at_5": 0.16088,
        "precision_at_10": 0.0864,
        "precision_at_20": 0.04509,
        "precision_at_100": 0.00953,
        "precision_at_1000": 0.00099,
        "mrr_at_1": 0.5748,
        "mrr_at_3": 0.650067,
        "mrr_at_5": 0.663887,
        "mrr_at_10": 0.672109,
        "mrr_at_20": 0.674808,
        "mrr_at_100": 0.676159,
        "mrr_at_1000": 0.676324,
        "nauc_ndcg_at_1_max": 0.336457,
        "nauc_ndcg_at_1_std": -0.091653,
        "nauc_ndcg_at_1_diff1": 0.676571,
        "nauc_ndcg_at_3_max": 0.374168,
        "nauc_ndcg_at_3_std": -0.07461,
        "nauc_ndcg_at_3_diff1": 0.62714,
        "nauc_ndcg_at_5_max": 0.389773,
        "nauc_ndcg_at_5_std": -0.058659,
        "nauc_ndcg_at_5_diff1": 0.625456,
        "nauc_ndcg_at_10_max": 0.397891,
        "nauc_ndcg_at_10_std": -0.050388,
        "nauc_ndcg_at_10_diff1": 0.630168,
        "nauc_ndcg_at_20_max": 0.398299,
        "nauc_ndcg_at_20_std": -0.044308,
        "nauc_ndcg_at_20_diff1": 0.630554,
        "nauc_ndcg_at_100_max": 0.392378,
        "nauc_ndcg_at_100_std": -0.046393,
        "nauc_ndcg_at_100_diff1": 0.636107,
        "nauc_ndcg_at_1000_max": 0.386712,
        "nauc_ndcg_at_1000_std": -0.053076,
        "nauc_ndcg_at_1000_diff1": 0.637035,
        "nauc_map_at_1_max": 0.336457,
        "nauc_map_at_1_std": -0.091653,
        "nauc_map_at_1_diff1": 0.676571,
        "nauc_map_at_3_max": 0.363536,
        "nauc_map_at_3_std": -0.079401,
        "nauc_map_at_3_diff1": 0.640236,
        "nauc_map_at_5_max": 0.37133,
        "nauc_map_at_5_std": -0.071585,
        "nauc_map_at_5_diff1": 0.639956,
        "nauc_map_at_10_max": 0.373833,
        "nauc_map_at_10_std": -0.069227,
        "nauc_map_at_10_diff1": 0.642217,
        "nauc_map_at_20_max": 0.373765,
        "nauc_map_at_20_std": -0.067931,
        "nauc_map_at_20_diff1": 0.642441,
        "nauc_map_at_100_max": 0.373,
        "nauc_map_at_100_std": -0.068208,
        "nauc_map_at_100_diff1": 0.643166,
        "nauc_map_at_1000_max": 0.372822,
        "nauc_map_at_1000_std": -0.068406,
        "nauc_map_at_1000_diff1": 0.643187,
        "nauc_recall_at_1_max": 0.336457,
        "nauc_recall_at_1_std": -0.091653,
        "nauc_recall_at_1_diff1": 0.676571,
        "nauc_recall_at_3_max": 0.412286,
        "nauc_recall_at_3_std": -0.057442,
        "nauc_recall_at_3_diff1": 0.580609,
        "nauc_recall_at_5_max": 0.471752,
        "nauc_recall_at_5_std": 0.000378,
        "nauc_recall_at_5_diff1": 0.563199,
        "nauc_recall_at_10_max": 0.548114,
        "nauc_recall_at_10_std": 0.072212,
        "nauc_recall_at_10_diff1": 0.562743,
        "nauc_recall_at_20_max": 0.601376,
        "nauc_recall_at_20_std": 0.167608,
        "nauc_recall_at_20_diff1": 0.542967,
        "nauc_recall_at_100_max": 0.673306,
        "nauc_recall_at_100_std": 0.340515,
        "nauc_recall_at_100_diff1": 0.581381,
        "nauc_recall_at_1000_max": 0.712587,
        "nauc_recall_at_1000_std": 0.547732,
        "nauc_recall_at_1000_diff1": 0.557037,
        "nauc_precision_at_1_max": 0.336457,
        "nauc_precision_at_1_std": -0.091653,
        "nauc_precision_at_1_diff1": 0.676571,
        "nauc_precision_at_3_max": 0.412286,
        "nauc_precision_at_3_std": -0.057442,
        "nauc_precision_at_3_diff1": 0.580609,
        "nauc_precision_at_5_max": 0.471752,
        "nauc_precision_at_5_std": 0.000378,
        "nauc_precision_at_5_diff1": 0.563199,
        "nauc_precision_at_10_max": 0.548114,
        "nauc_precision_at_10_std": 0.072212,
        "nauc_precision_at_10_diff1": 0.562743,
        "nauc_precision_at_20_max": 0.601376,
        "nauc_precision_at_20_std": 0.167608,
        "nauc_precision_at_20_diff1": 0.542967,
        "nauc_precision_at_100_max": 0.673306,
        "nauc_precision_at_100_std": 0.340515,
        "nauc_precision_at_100_diff1": 0.581381,
        "nauc_precision_at_1000_max": 0.712587,
        "nauc_precision_at_1000_std": 0.547732,
        "nauc_precision_at_1000_diff1": 0.557037,
        "nauc_mrr_at_1_max": 0.336163,
        "nauc_mrr_at_1_std": -0.091325,
        "nauc_mrr_at_1_diff1": 0.677039,
        "nauc_mrr_at_3_max": 0.363385,
        "nauc_mrr_at_3_std": -0.078894,
        "nauc_mrr_at_3_diff1": 0.640514,
        "nauc_mrr_at_5_max": 0.371181,
        "nauc_mrr_at_5_std": -0.071167,
        "nauc_mrr_at_5_diff1": 0.640204,
        "nauc_mrr_at_10_max": 0.373683,
        "nauc_mrr_at_10_std": -0.068802,
        "nauc_mrr_at_10_diff1": 0.642473,
        "nauc_mrr_at_20_max": 0.373614,
        "nauc_mrr_at_20_std": -0.067504,
        "nauc_mrr_at_20_diff1": 0.642699,
        "nauc_mrr_at_100_max": 0.372848,
        "nauc_mrr_at_100_std": -0.067779,
        "nauc_mrr_at_100_diff1": 0.643425,
        "nauc_mrr_at_1000_max": 0.37267,
        "nauc_mrr_at_1000_std": -0.067977,
        "nauc_mrr_at_1000_diff1": 0.643446,
        "main_score": 0.71868,
        "hf_subset": "default",
        "languages": [
          "eng-Latn"
        ]
      }
    ]
  },
  "evaluation_time": 127.57556390762329,
  "kg_co2_emissions": null
}