{
  "dataset_revision": "f33a205966ce032f957c3a22f4f9e378f89a2c56",
  "task_name": "PubChemAISentenceParaphrasePC",
  "mteb_version": "1.36.29",
  "scores": {
    "test": [
      {
        "similarity_accuracy": 0.98291,
        "similarity_accuracy_threshold": 0.976252,
        "similarity_f1": 0.910486,
        "similarity_f1_threshold": 0.976143,
        "similarity_precision": 0.956989,
        "similarity_recall": 0.868293,
        "similarity_ap": 0.920944,
        "cosine_accuracy": 0.98291,
        "cosine_accuracy_threshold": 0.976252,
        "cosine_f1": 0.910486,
        "cosine_f1_threshold": 0.976143,
        "cosine_precision": 0.956989,
        "cosine_recall": 0.868293,
        "cosine_ap": 0.920944,
        "manhattan_accuracy": 0.98291,
        "manhattan_accuracy_threshold": 109.997307,
        "manhattan_f1": 0.910026,
        "manhattan_f1_threshold": 109.997307,
        "manhattan_precision": 0.961957,
        "manhattan_recall": 0.863415,
        "manhattan_ap": 0.920945,
        "euclidean_accuracy": 0.98291,
        "euclidean_accuracy_threshold": 4.997371,
        "euclidean_f1": 0.910026,
        "euclidean_f1_threshold": 4.997371,
        "euclidean_precision": 0.961957,
        "euclidean_recall": 0.863415,
        "euclidean_ap": 0.920326,
        "dot_accuracy": 0.92334,
        "dot_accuracy_threshold": 508.248657,
        "dot_f1": 0.569378,
        "dot_f1_threshold": 499.854919,
        "dot_precision": 0.558685,
        "dot_recall": 0.580488,
        "dot_ap": 0.556393,
        "max_accuracy": 0.98291,
        "max_f1": 0.910486,
        "max_precision": 0.961957,
        "max_recall": 0.868293,
        "max_ap": 0.920945,
        "main_score": 0.920945,
        "hf_subset": "default",
        "languages": [
          "eng-Latn"
        ]
      }
    ]
  },
  "evaluation_time": 3.337472915649414,
  "kg_co2_emissions": null
}