{
  "dataset_revision": "1840e8a5ac6ec752bbdd97d543ead0189bc7c25b",
  "task_name": "ChemHotpotQARetrieval",
  "mteb_version": "1.36.29",
  "scores": {
    "train": [
      {
        "ndcg_at_1": 0.87778,
        "ndcg_at_3": 0.90732,
        "ndcg_at_5": 0.91162,
        "ndcg_at_10": 0.91867,
        "ndcg_at_20": 0.92249,
        "ndcg_at_100": 0.92324,
        "ndcg_at_1000": 0.9258,
        "map_at_1": 0.86111,
        "map_at_3": 0.89676,
        "map_at_5": 0.89898,
        "map_at_10": 0.9018,
        "map_at_20": 0.90308,
        "map_at_100": 0.90332,
        "map_at_1000": 0.90344,
        "recall_at_1": 0.86111,
        "recall_at_3": 0.93056,
        "recall_at_5": 0.94167,
        "recall_at_10": 0.96389,
        "recall_at_20": 0.97778,
        "recall_at_100": 0.98056,
        "recall_at_1000": 1.0,
        "precision_at_1": 0.87778,
        "precision_at_3": 0.32037,
        "precision_at_5": 0.19444,
        "precision_at_10": 0.09944,
        "precision_at_20": 0.05056,
        "precision_at_100": 0.01017,
        "precision_at_1000": 0.00104,
        "mrr_at_1": 0.877778,
        "mrr_at_3": 0.90463,
        "mrr_at_5": 0.906852,
        "mrr_at_10": 0.909674,
        "mrr_at_20": 0.910576,
        "mrr_at_100": 0.910576,
        "mrr_at_1000": 0.910646,
        "nauc_ndcg_at_1_max": 0.367055,
        "nauc_ndcg_at_1_std": -0.681223,
        "nauc_ndcg_at_1_diff1": 0.88338,
        "nauc_ndcg_at_3_max": 0.19449,
        "nauc_ndcg_at_3_std": -0.872521,
        "nauc_ndcg_at_3_diff1": 0.75327,
        "nauc_ndcg_at_5_max": 0.183165,
        "nauc_ndcg_at_5_std": -0.844047,
        "nauc_ndcg_at_5_diff1": 0.741016,
        "nauc_ndcg_at_10_max": 0.1469,
        "nauc_ndcg_at_10_std": -0.797612,
        "nauc_ndcg_at_10_diff1": 0.723848,
        "nauc_ndcg_at_20_max": 0.119281,
        "nauc_ndcg_at_20_std": -0.827237,
        "nauc_ndcg_at_20_diff1": 0.716189,
        "nauc_ndcg_at_100_max": 0.137537,
        "nauc_ndcg_at_100_std": -0.817282,
        "nauc_ndcg_at_100_diff1": 0.73968,
        "nauc_ndcg_at_1000_max": 0.1779,
        "nauc_ndcg_at_1000_std": -0.81049,
        "nauc_ndcg_at_1000_diff1": 0.758525,
        "nauc_map_at_1_max": 0.190773,
        "nauc_map_at_1_std": -0.731789,
        "nauc_map_at_1_diff1": 0.767465,
        "nauc_map_at_3_max": 0.196297,
        "nauc_map_at_3_std": -0.84338,
        "nauc_map_at_3_diff1": 0.731871,
        "nauc_map_at_5_max": 0.191196,
        "nauc_map_at_5_std": -0.829793,
        "nauc_map_at_5_diff1": 0.725824,
        "nauc_map_at_10_max": 0.179174,
        "nauc_map_at_10_std": -0.813076,
        "nauc_map_at_10_diff1": 0.719668,
        "nauc_map_at_20_max": 0.17317,
        "nauc_map_at_20_std": -0.820946,
        "nauc_map_at_20_diff1": 0.718041,
        "nauc_map_at_100_max": 0.178014,
        "nauc_map_at_100_std": -0.818316,
        "nauc_map_at_100_diff1": 0.724098,
        "nauc_map_at_1000_max": 0.179548,
        "nauc_map_at_1000_std": -0.817787,
        "nauc_map_at_1000_diff1": 0.725468,
        "nauc_recall_at_1_max": 0.190773,
        "nauc_recall_at_1_std": -0.731789,
        "nauc_recall_at_1_diff1": 0.767465,
        "nauc_recall_at_3_max": 0.037591,
        "nauc_recall_at_3_std": -1.043492,
        "nauc_recall_at_3_diff1": 0.654099,
        "nauc_recall_at_5_max": -0.035725,
        "nauc_recall_at_5_std": -0.966853,
        "nauc_recall_at_5_diff1": 0.588213,
        "nauc_recall_at_10_max": -0.41927,
        "nauc_recall_at_10_std": -0.732421,
        "nauc_recall_at_10_diff1": 0.375027,
        "nauc_recall_at_20_max": -1.127218,
        "nauc_recall_at_20_std": -1.068394,
        "nauc_recall_at_20_diff1": 0.064659,
        "nauc_recall_at_100_max": -1.039683,
        "nauc_recall_at_100_std": -0.972456,
        "nauc_recall_at_100_diff1": 0.322462,
        "nauc_recall_at_1000_max": NaN,
        "nauc_recall_at_1000_std": NaN,
        "nauc_recall_at_1000_diff1": NaN,
        "nauc_precision_at_1_max": 0.367055,
        "nauc_precision_at_1_std": -0.681223,
        "nauc_precision_at_1_diff1": 0.88338,
        "nauc_precision_at_3_max": 0.250507,
        "nauc_precision_at_3_std": -0.553782,
        "nauc_precision_at_3_diff1": 0.374292,
        "nauc_precision_at_5_max": 0.228953,
        "nauc_precision_at_5_std": -0.441994,
        "nauc_precision_at_5_diff1": 0.295881,
        "nauc_precision_at_10_max": 0.109025,
        "nauc_precision_at_10_std": -0.139043,
        "nauc_precision_at_10_diff1": 0.082247,
        "nauc_precision_at_20_max": -0.033678,
        "nauc_precision_at_20_std": -0.076414,
        "nauc_precision_at_20_diff1": -0.117473,
        "nauc_precision_at_100_max": 0.100146,
        "nauc_precision_at_100_std": 0.062943,
        "nauc_precision_at_100_diff1": 0.027199,
        "nauc_precision_at_1000_max": 0.480701,
        "nauc_precision_at_1000_std": 0.42033,
        "nauc_precision_at_1000_diff1": 0.008778,
        "nauc_mrr_at_1_max": 0.367055,
        "nauc_mrr_at_1_std": -0.681223,
        "nauc_mrr_at_1_diff1": 0.88338,
        "nauc_mrr_at_3_max": 0.322149,
        "nauc_mrr_at_3_std": -0.780941,
        "nauc_mrr_at_3_diff1": 0.881804,
        "nauc_mrr_at_5_max": 0.319717,
        "nauc_mrr_at_5_std": -0.764828,
        "nauc_mrr_at_5_diff1": 0.878939,
        "nauc_mrr_at_10_max": 0.31085,
        "nauc_mrr_at_10_std": -0.744761,
        "nauc_mrr_at_10_diff1": 0.877171,
        "nauc_mrr_at_20_max": 0.304375,
        "nauc_mrr_at_20_std": -0.75191,
        "nauc_mrr_at_20_diff1": 0.875912,
        "nauc_mrr_at_100_max": 0.304375,
        "nauc_mrr_at_100_std": -0.75191,
        "nauc_mrr_at_100_diff1": 0.875912,
        "nauc_mrr_at_1000_max": 0.304979,
        "nauc_mrr_at_1000_std": -0.751909,
        "nauc_mrr_at_1000_diff1": 0.876076,
        "main_score": 0.91867,
        "hf_subset": "default",
        "languages": [
          "eng-Latn"
        ]
      }
    ],
    "dev": [
      {
        "ndcg_at_1": 0.875,
        "ndcg_at_3": 0.875,
        "ndcg_at_5": 0.875,
        "ndcg_at_10": 0.875,
        "ndcg_at_20": 0.90878,
        "ndcg_at_100": 0.90878,
        "ndcg_at_1000": 0.90878,
        "map_at_1": 0.875,
        "map_at_3": 0.875,
        "map_at_5": 0.875,
        "map_at_10": 0.875,
        "map_at_20": 0.88542,
        "map_at_100": 0.88542,
        "map_at_1000": 0.88542,
        "recall_at_1": 0.875,
        "recall_at_3": 0.875,
        "recall_at_5": 0.875,
        "recall_at_10": 0.875,
        "recall_at_20": 1.0,
        "recall_at_100": 1.0,
        "recall_at_1000": 1.0,
        "precision_at_1": 0.875,
        "precision_at_3": 0.29167,
        "precision_at_5": 0.175,
        "precision_at_10": 0.0875,
        "precision_at_20": 0.05,
        "precision_at_100": 0.01,
        "precision_at_1000": 0.001,
        "mrr_at_1": 0.875,
        "mrr_at_3": 0.875,
        "mrr_at_5": 0.875,
        "mrr_at_10": 0.875,
        "mrr_at_20": 0.885417,
        "mrr_at_100": 0.885417,
        "mrr_at_1000": 0.885417,
        "nauc_ndcg_at_1_max": 1.0,
        "nauc_ndcg_at_1_std": 0.128291,
        "nauc_ndcg_at_1_diff1": 1.0,
        "nauc_ndcg_at_3_max": 1.0,
        "nauc_ndcg_at_3_std": 0.128291,
        "nauc_ndcg_at_3_diff1": 1.0,
        "nauc_ndcg_at_5_max": 1.0,
        "nauc_ndcg_at_5_std": 0.128291,
        "nauc_ndcg_at_5_diff1": 1.0,
        "nauc_ndcg_at_10_max": 1.0,
        "nauc_ndcg_at_10_std": 0.128291,
        "nauc_ndcg_at_10_diff1": 1.0,
        "nauc_ndcg_at_20_max": 1.0,
        "nauc_ndcg_at_20_std": 0.128291,
        "nauc_ndcg_at_20_diff1": 1.0,
        "nauc_ndcg_at_100_max": 1.0,
        "nauc_ndcg_at_100_std": 0.128291,
        "nauc_ndcg_at_100_diff1": 1.0,
        "nauc_ndcg_at_1000_max": 1.0,
        "nauc_ndcg_at_1000_std": 0.128291,
        "nauc_ndcg_at_1000_diff1": 1.0,
        "nauc_map_at_1_max": 1.0,
        "nauc_map_at_1_std": 0.128291,
        "nauc_map_at_1_diff1": 1.0,
        "nauc_map_at_3_max": 1.0,
        "nauc_map_at_3_std": 0.128291,