{
  "dataset_revision": "7ba40b69f5fe6ffe4cc189aac9e1710913c73c8a",
  "task_name": "PubChemSMILESPC",
  "mteb_version": "1.36.29",
  "scores": {
    "test": [
      {
        "similarity_accuracy": 0.900879,
        "similarity_accuracy_threshold": 0.621689,
        "similarity_f1": 0.187399,
        "similarity_f1_threshold": 0.315563,
        "similarity_precision": 0.105263,
        "similarity_recall": 0.852941,
        "similarity_ap": 0.121153,
        "cosine_accuracy": 0.900879,
        "cosine_accuracy_threshold": 0.621689,
        "cosine_f1": 0.187399,
        "cosine_f1_threshold": 0.315563,
        "cosine_precision": 0.105263,
        "cosine_recall": 0.852941,
        "cosine_ap": 0.121153,
        "manhattan_accuracy": 0.899902,
        "manhattan_accuracy_threshold": 374.481354,
        "manhattan_f1": 0.187032,
        "manhattan_f1_threshold": 448.218994,
        "manhattan_precision": 0.125418,
        "manhattan_recall": 0.367647,
        "manhattan_ap": 0.111746,
        "euclidean_accuracy": 0.899902,
        "euclidean_accuracy_threshold": 16.962822,
        "euclidean_f1": 0.187364,
        "euclidean_f1_threshold": 20.554562,
        "euclidean_precision": 0.120448,
        "euclidean_recall": 0.421569,
        "euclidean_ap": 0.111092,
        "dot_accuracy": 0.900879,
        "dot_accuracy_threshold": 275.94342,
        "dot_f1": 0.190164,
        "dot_f1_threshold": 103.936508,
        "dot_precision": 0.107011,
        "dot_recall": 0.852941,
        "dot_ap": 0.113379,
        "max_accuracy": 0.900879,
        "max_f1": 0.190164,
        "max_precision": 0.125418,
        "max_recall": 0.852941,
        "max_ap": 0.121153,
        "main_score": 0.121153,
        "hf_subset": "default",
        "languages": [
          "eng-Latn"
        ]
      }
    ]
  },
  "evaluation_time": 3.7558727264404297,
  "kg_co2_emissions": null
}