{
  "dataset_revision": "5d958fb6b31055495347724d46431ba41309b03a",
  "task_name": "ChemNQRetrieval",
  "mteb_version": "1.36.29",
  "scores": {
    "test": [
      {
        "ndcg_at_1": 0.44444,
        "ndcg_at_3": 0.5542,
        "ndcg_at_5": 0.57376,
        "ndcg_at_10": 0.64351,
        "ndcg_at_20": 0.65905,
        "ndcg_at_100": 0.66568,
        "ndcg_at_1000": 0.67045,
        "map_at_1": 0.3642,
        "map_at_3": 0.49691,
        "map_at_5": 0.51543,
        "map_at_10": 0.55081,
        "map_at_20": 0.5563,
        "map_at_100": 0.55709,
        "map_at_1000": 0.55726,
        "recall_at_1": 0.3642,
        "recall_at_3": 0.64198,
        "recall_at_5": 0.67901,
        "recall_at_10": 0.87037,
        "recall_at_20": 0.92593,
        "recall_at_100": 0.96296,
        "recall_at_1000": 1.0,
        "precision_at_1": 0.44444,
        "precision_at_3": 0.25926,
        "precision_at_5": 0.17037,
        "precision_at_10": 0.11481,
        "precision_at_20": 0.06111,
        "precision_at_100": 0.01259,
        "precision_at_1000": 0.0013,
        "mrr_at_1": 0.444444,
        "mrr_at_3": 0.580247,
        "mrr_at_5": 0.580247,
        "mrr_at_10": 0.60097,
        "mrr_at_20": 0.603819,
        "mrr_at_100": 0.604607,
        "mrr_at_1000": 0.604779,
        "nauc_ndcg_at_1_max": 0.301414,
        "nauc_ndcg_at_1_std": 0.163933,
        "nauc_ndcg_at_1_diff1": 0.336931,
        "nauc_ndcg_at_3_max": 0.351554,
        "nauc_ndcg_at_3_std": 0.149598,
        "nauc_ndcg_at_3_diff1": 0.205296,
        "nauc_ndcg_at_5_max": 0.346555,
        "nauc_ndcg_at_5_std": 0.167279,
        "nauc_ndcg_at_5_diff1": 0.184527,
        "nauc_ndcg_at_10_max": 0.36621,
        "nauc_ndcg_at_10_std": 0.179535,
        "nauc_ndcg_at_10_diff1": 0.259309,
        "nauc_ndcg_at_20_max": 0.390668,
        "nauc_ndcg_at_20_std": 0.192342,
        "nauc_ndcg_at_20_diff1": 0.266506,
        "nauc_ndcg_at_100_max": 0.380861,
        "nauc_ndcg_at_100_std": 0.18747,
        "nauc_ndcg_at_100_diff1": 0.263821,
        "nauc_ndcg_at_1000_max": 0.370308,
        "nauc_ndcg_at_1000_std": 0.19534,
        "nauc_ndcg_at_1000_diff1": 0.247862,
        "nauc_map_at_1_max": 0.230049,
        "nauc_map_at_1_std": 0.168396,
        "nauc_map_at_1_diff1": 0.25044,
        "nauc_map_at_3_max": 0.316197,
        "nauc_map_at_3_std": 0.145081,
        "nauc_map_at_3_diff1": 0.200516,
        "nauc_map_at_5_max": 0.311223,
        "nauc_map_at_5_std": 0.161098,
        "nauc_map_at_5_diff1": 0.182231,
        "nauc_map_at_10_max": 0.316561,
        "nauc_map_at_10_std": 0.167229,
        "nauc_map_at_10_diff1": 0.213397,
        "nauc_map_at_20_max": 0.328497,
        "nauc_map_at_20_std": 0.176492,
        "nauc_map_at_20_diff1": 0.216966,
        "nauc_map_at_100_max": 0.327377,
        "nauc_map_at_100_std": 0.175979,
        "nauc_map_at_100_diff1": 0.216568,
        "nauc_map_at_1000_max": 0.327044,
        "nauc_map_at_1000_std": 0.176196,
        "nauc_map_at_1000_diff1": 0.216084,
        "nauc_recall_at_1_max": 0.230049,
        "nauc_recall_at_1_std": 0.168396,
        "nauc_recall_at_1_diff1": 0.25044,
        "nauc_recall_at_3_max": 0.387072,
        "nauc_recall_at_3_std": 0.099028,
        "nauc_recall_at_3_diff1": 0.17268,
        "nauc_recall_at_5_max": 0.373633,
        "nauc_recall_at_5_std": 0.128858,
        "nauc_recall_at_5_diff1": 0.125679,
        "nauc_recall_at_10_max": 0.501553,
        "nauc_recall_at_10_std": 0.091246,
        "nauc_recall_at_10_diff1": 0.473908,
        "nauc_recall_at_20_max": 0.795455,
        "nauc_recall_at_20_std": 0.090993,
        "nauc_recall_at_20_diff1": 0.678775,
        "nauc_recall_at_100_max": 0.867647,
        "nauc_recall_at_100_std": -0.175564,
        "nauc_recall_at_100_diff1": 1.0,
        "nauc_recall_at_1000_max": NaN,
        "nauc_recall_at_1000_std": NaN,
        "nauc_recall_at_1000_diff1": NaN,
        "nauc_precision_at_1_max": 0.301414,
        "nauc_precision_at_1_std": 0.163933,
        "nauc_precision_at_1_diff1": 0.336931,
        "nauc_precision_at_3_max": 0.510321,
        "nauc_precision_at_3_std": 0.070313,
        "nauc_precision_at_3_diff1": 0.303379,
        "nauc_precision_at_5_max": 0.306623,
        "nauc_precision_at_5_std": 0.078735,
        "nauc_precision_at_5_diff1": 0.137446,
        "nauc_precision_at_10_max": 0.253847,
        "nauc_precision_at_10_std": 0.109984,
        "nauc_precision_at_10_diff1": 0.230061,
        "nauc_precision_at_20_max": 0.321456,
        "nauc_precision_at_20_std": 0.172679,
        "nauc_precision_at_20_diff1": 0.239243,
        "nauc_precision_at_100_max": 0.286548,
        "nauc_precision_at_100_std": 0.156617,
        "nauc_precision_at_100_diff1": 0.228964,
        "nauc_precision_at_1000_max": 0.23126,
        "nauc_precision_at_1000_std": 0.188222,
        "nauc_precision_at_1000_diff1": 0.155605,
        "nauc_mrr_at_1_max": 0.301414,
        "nauc_mrr_at_1_std": 0.163933,
        "nauc_mrr_at_1_diff1": 0.336931,
        "nauc_mrr_at_3_max": 0.355899,
        "nauc_mrr_at_3_std": 0.195931,
        "nauc_mrr_at_3_diff1": 0.240806,
        "nauc_mrr_at_5_max": 0.355899,
        "nauc_mrr_at_5_std": 0.195931,
        "nauc_mrr_at_5_diff1": 0.240806,
        "nauc_mrr_at_10_max": 0.380311,
        "nauc_mrr_at_10_std": 0.213182,
        "nauc_mrr_at_10_diff1": 0.273211,
        "nauc_mrr_at_20_max": 0.374093,
        "nauc_mrr_at_20_std": 0.205286,
        "nauc_mrr_at_20_diff1": 0.270372,
        "nauc_mrr_at_100_max": 0.373121,
        "nauc_mrr_at_100_std": 0.204863,
        "nauc_mrr_at_100_diff1": 0.27013,
        "nauc_mrr_at_1000_max": 0.372821,
        "nauc_mrr_at_1000_std": 0.205093,
        "nauc_mrr_at_1000_diff1": 0.269687,
        "main_score": 0.64351,
        "hf_subset": "default",
        "languages": [
          "eng-Latn"
        ]
      }
    ]
  },
  "evaluation_time": 30.006422996520996,
  "kg_co2_emissions": null
}