{
  "dataset_revision": "f33a205966ce032f957c3a22f4f9e378f89a2c56",
  "task_name": "PubChemAISentenceParaphrasePC",
  "mteb_version": "1.36.29",
  "scores": {
    "test": [
      {
        "similarity_accuracy": 0.984375,
        "similarity_accuracy_threshold": 0.924973,
        "similarity_f1": 0.919192,
        "similarity_f1_threshold": 0.924973,
        "similarity_precision": 0.95288,
        "similarity_recall": 0.887805,
        "similarity_ap": 0.938495,
        "cosine_accuracy": 0.984375,
        "cosine_accuracy_threshold": 0.924973,
        "cosine_f1": 0.919192,
        "cosine_f1_threshold": 0.924973,
        "cosine_precision": 0.95288,
        "cosine_recall": 0.887805,
        "cosine_ap": 0.938495,
        "manhattan_accuracy": 0.98291,
        "manhattan_accuracy_threshold": 161.821396,
        "manhattan_f1": 0.910026,
        "manhattan_f1_threshold": 163.153442,
        "manhattan_precision": 0.961957,
        "manhattan_recall": 0.863415,
        "manhattan_ap": 0.926382,
        "euclidean_accuracy": 0.982422,
        "euclidean_accuracy_threshold": 7.193399,
        "euclidean_f1": 0.906329,
        "euclidean_f1_threshold": 7.720607,
        "euclidean_precision": 0.942105,
        "euclidean_recall": 0.873171,
        "euclidean_ap": 0.926073,
        "dot_accuracy": 0.932129,
        "dot_accuracy_threshold": 370.669983,
        "dot_f1": 0.628062,
        "dot_f1_threshold": 340.654419,
        "dot_precision": 0.577869,
        "dot_recall": 0.687805,
        "dot_ap": 0.668429,
        "max_accuracy": 0.984375,
        "max_f1": 0.919192,
        "max_precision": 0.961957,
        "max_recall": 0.887805,
        "max_ap": 0.938495,
        "main_score": 0.938495,
        "hf_subset": "default",
        "languages": [
          "eng-Latn"
        ]
      }
    ]
  },
  "evaluation_time": 3.414104461669922,
  "kg_co2_emissions": null
}