{
  "dataset_revision": "f33a205966ce032f957c3a22f4f9e378f89a2c56",
  "task_name": "PubChemAISentenceParaphrasePC",
  "mteb_version": "1.36.29",
  "scores": {
    "test": [
      {
        "similarity_accuracy": 0.983398,
        "similarity_accuracy_threshold": 0.80937,
        "similarity_f1": 0.914141,
        "similarity_f1_threshold": 0.803333,
        "similarity_precision": 0.947644,
        "similarity_recall": 0.882927,
        "similarity_ap": 0.947272,
        "cosine_accuracy": 0.983398,
        "cosine_accuracy_threshold": 0.80937,
        "cosine_f1": 0.914141,
        "cosine_f1_threshold": 0.803333,
        "cosine_precision": 0.947644,
        "cosine_recall": 0.882927,
        "cosine_ap": 0.947272,
        "manhattan_accuracy": 0.984863,
        "manhattan_accuracy_threshold": 239.070465,
        "manhattan_f1": 0.920308,
        "manhattan_f1_threshold": 239.070465,
        "manhattan_precision": 0.972826,
        "manhattan_recall": 0.873171,
        "manhattan_ap": 0.93005,
        "euclidean_accuracy": 0.984863,
        "euclidean_accuracy_threshold": 10.857533,
        "euclidean_f1": 0.920716,
        "euclidean_f1_threshold": 10.857533,
        "euclidean_precision": 0.967742,
        "euclidean_recall": 0.878049,
        "euclidean_ap": 0.930191,
        "dot_accuracy": 0.941406,
        "dot_accuracy_threshold": 246.281784,
        "dot_f1": 0.699301,
        "dot_f1_threshold": 235.12262,
        "dot_precision": 0.669643,
        "dot_recall": 0.731707,
        "dot_ap": 0.752112,
        "max_accuracy": 0.984863,
        "max_f1": 0.920716,
        "max_precision": 0.972826,
        "max_recall": 0.882927,
        "max_ap": 0.947272,
        "main_score": 0.947272,
        "hf_subset": "default",
        "languages": [
          "eng-Latn"
        ]
      }
    ]
  },
  "evaluation_time": 3.026876211166382,
  "kg_co2_emissions": null
}