{
  "dataset_revision": "8fae72a2c75530aaaac6920a02622490d923ca98",
  "task_name": "ChemRxivRetrieval",
  "mteb_version": "1.36.29",
  "scores": {
    "test": [
      {
        "ndcg_at_1": 0.6148,
        "ndcg_at_3": 0.72415,
        "ndcg_at_5": 0.74574,
        "ndcg_at_10": 0.76281,
        "ndcg_at_20": 0.77092,
        "ndcg_at_100": 0.77752,
        "ndcg_at_1000": 0.7803,
        "map_at_1": 0.6148,
        "map_at_3": 0.69773,
        "map_at_5": 0.70967,
        "map_at_10": 0.71682,
        "map_at_20": 0.71909,
        "map_at_100": 0.72005,
        "map_at_1000": 0.72015,
        "recall_at_1": 0.6148,
        "recall_at_3": 0.8004,
        "recall_at_5": 0.853,
        "recall_at_10": 0.9052,
        "recall_at_20": 0.937,
        "recall_at_100": 0.9718,
        "recall_at_1000": 0.9938,
        "precision_at_1": 0.6148,
        "precision_at_3": 0.2668,
        "precision_at_5": 0.1706,
        "precision_at_10": 0.09052,
        "precision_at_20": 0.04685,
        "precision_at_100": 0.00972,
        "precision_at_1000": 0.00099,
        "mrr_at_1": 0.6158,
        "mrr_at_3": 0.698233,
        "mrr_at_5": 0.710093,
        "mrr_at_10": 0.717309,
        "mrr_at_20": 0.719572,
        "mrr_at_100": 0.720535,
        "mrr_at_1000": 0.720639,
        "nauc_ndcg_at_1_max": 0.298091,
        "nauc_ndcg_at_1_std": -0.127173,
        "nauc_ndcg_at_1_diff1": 0.702916,
        "nauc_ndcg_at_3_max": 0.343584,
        "nauc_ndcg_at_3_std": -0.103598,
        "nauc_ndcg_at_3_diff1": 0.64786,
        "nauc_ndcg_at_5_max": 0.352409,
        "nauc_ndcg_at_5_std": -0.094985,
        "nauc_ndcg_at_5_diff1": 0.646694,
        "nauc_ndcg_at_10_max": 0.360506,
        "nauc_ndcg_at_10_std": -0.07742,
        "nauc_ndcg_at_10_diff1": 0.65137,
        "nauc_ndcg_at_20_max": 0.356703,
        "nauc_ndcg_at_20_std": -0.077924,
        "nauc_ndcg_at_20_diff1": 0.654762,
        "nauc_ndcg_at_100_max": 0.351108,
        "nauc_ndcg_at_100_std": -0.081999,
        "nauc_ndcg_at_100_diff1": 0.659689,
        "nauc_ndcg_at_1000_max": 0.346477,
        "nauc_ndcg_at_1000_std": -0.088563,
        "nauc_ndcg_at_1000_diff1": 0.661074,
        "nauc_map_at_1_max": 0.298091,
        "nauc_map_at_1_std": -0.127173,
        "nauc_map_at_1_diff1": 0.702916,
        "nauc_map_at_3_max": 0.330722,
        "nauc_map_at_3_std": -0.110396,
        "nauc_map_at_3_diff1": 0.663223,
        "nauc_map_at_5_max": 0.334359,
        "nauc_map_at_5_std": -0.106449,
        "nauc_map_at_5_diff1": 0.663321,
        "nauc_map_at_10_max": 0.33663,
        "nauc_map_at_10_std": -0.100719,
        "nauc_map_at_10_diff1": 0.665467,
        "nauc_map_at_20_max": 0.335482,
        "nauc_map_at_20_std": -0.101124,
        "nauc_map_at_20_diff1": 0.666382,
        "nauc_map_at_100_max": 0.33477,
        "nauc_map_at_100_std": -0.101654,
        "nauc_map_at_100_diff1": 0.667069,
        "nauc_map_at_1000_max": 0.33462,
        "nauc_map_at_1000_std": -0.101837,
        "nauc_map_at_1000_diff1": 0.667102,
        "nauc_recall_at_1_max": 0.298091,
        "nauc_recall_at_1_std": -0.127173,
        "nauc_recall_at_1_diff1": 0.702916,
        "nauc_recall_at_3_max": 0.393817,
        "nauc_recall_at_3_std": -0.07697,
        "nauc_recall_at_3_diff1": 0.587978,
        "nauc_recall_at_5_max": 0.444624,
        "nauc_recall_at_5_std": -0.035741,
        "nauc_recall_at_5_diff1": 0.564011,
        "nauc_recall_at_10_max": 0.544386,
        "nauc_recall_at_10_std": 0.111285,
        "nauc_recall_at_10_diff1": 0.554082,
        "nauc_recall_at_20_max": 0.592179,
        "nauc_recall_at_20_std": 0.202134,
        "nauc_recall_at_20_diff1": 0.546224,
        "nauc_recall_at_100_max": 0.681649,
        "nauc_recall_at_100_std": 0.397696,
        "nauc_recall_at_100_diff1": 0.577739,
        "nauc_recall_at_1000_max": 0.773395,
        "nauc_recall_at_1000_std": 0.507876,
        "nauc_recall_at_1000_diff1": 0.642315,
        "nauc_precision_at_1_max": 0.298091,
        "nauc_precision_at_1_std": -0.127173,
        "nauc_precision_at_1_diff1": 0.702916,
        "nauc_precision_at_3_max": 0.393817,
        "nauc_precision_at_3_std": -0.07697,
        "nauc_precision_at_3_diff1": 0.587978,
        "nauc_precision_at_5_max": 0.444624,
        "nauc_precision_at_5_std": -0.035741,
        "nauc_precision_at_5_diff1": 0.564011,
        "nauc_precision_at_10_max": 0.544386,
        "nauc_precision_at_10_std": 0.111285,
        "nauc_precision_at_10_diff1": 0.554082,
        "nauc_precision_at_20_max": 0.592179,
        "nauc_precision_at_20_std": 0.202134,
        "nauc_precision_at_20_diff1": 0.546224,
        "nauc_precision_at_100_max": 0.681649,
        "nauc_precision_at_100_std": 0.397696,
        "nauc_precision_at_100_diff1": 0.577739,
        "nauc_precision_at_1000_max": 0.773395,
        "nauc_precision_at_1000_std": 0.507876,
        "nauc_precision_at_1000_diff1": 0.642315,
        "nauc_mrr_at_1_max": 0.29742,
        "nauc_mrr_at_1_std": -0.126434,
        "nauc_mrr_at_1_diff1": 0.70092,
        "nauc_mrr_at_3_max": 0.330411,
        "nauc_mrr_at_3_std": -0.110009,
        "nauc_mrr_at_3_diff1": 0.661933,
        "nauc_mrr_at_5_max": 0.334206,
        "nauc_mrr_at_5_std": -0.106131,
        "nauc_mrr_at_5_diff1": 0.662116,
        "nauc_mrr_at_10_max": 0.336347,
        "nauc_mrr_at_10_std": -0.100315,
        "nauc_mrr_at_10_diff1": 0.664115,
        "nauc_mrr_at_20_max": 0.335196,
        "nauc_mrr_at_20_std": -0.100716,
        "nauc_mrr_at_20_diff1": 0.665017,
        "nauc_mrr_at_100_max": 0.334481,
        "nauc_mrr_at_100_std": -0.101244,
        "nauc_mrr_at_100_diff1": 0.665699,
        "nauc_mrr_at_1000_max": 0.334331,
        "nauc_mrr_at_1000_std": -0.101427,
        "nauc_mrr_at_1000_diff1": 0.665731,
        "main_score": 0.76281,
        "hf_subset": "default",
        "languages": [
          "eng-Latn"
        ]
      }
    ]
  },
  "evaluation_time": 871.4285368919373,
  "kg_co2_emissions": null
}