{
  "dataset_revision": "7ba40b69f5fe6ffe4cc189aac9e1710913c73c8a",
  "task_name": "PubChemSMILESPC",
  "mteb_version": "1.36.29",
  "scores": {
    "test": [
      {
        "similarity_accuracy": 0.900879,
        "similarity_accuracy_threshold": 0.413499,
        "similarity_f1": 0.189908,
        "similarity_f1_threshold": 0.090923,
        "similarity_precision": 0.106772,
        "similarity_recall": 0.857843,
        "similarity_ap": 0.120654,
        "cosine_accuracy": 0.900879,
        "cosine_accuracy_threshold": 0.413499,
        "cosine_f1": 0.189908,
        "cosine_f1_threshold": 0.090923,
        "cosine_precision": 0.106772,
        "cosine_recall": 0.857843,
        "cosine_ap": 0.120654,
        "manhattan_accuracy": 0.899902,
        "manhattan_accuracy_threshold": 414.336304,
        "manhattan_f1": 0.184223,
        "manhattan_f1_threshold": 574.248962,
        "manhattan_precision": 0.101934,
        "manhattan_recall": 0.955882,
        "manhattan_ap": 0.102911,
        "euclidean_accuracy": 0.899902,
        "euclidean_accuracy_threshold": 18.907402,
        "euclidean_f1": 0.183673,
        "euclidean_f1_threshold": 26.213739,
        "euclidean_precision": 0.101434,
        "euclidean_recall": 0.970588,
        "euclidean_ap": 0.102397,
        "dot_accuracy": 0.900391,
        "dot_accuracy_threshold": 163.870926,
        "dot_f1": 0.187696,
        "dot_f1_threshold": 21.422497,
        "dot_precision": 0.105018,
        "dot_recall": 0.882353,
        "dot_ap": 0.115813,
        "max_accuracy": 0.900879,
        "max_f1": 0.189908,
        "max_precision": 0.106772,
        "max_recall": 0.970588,
        "max_ap": 0.120654,
        "main_score": 0.120654,
        "hf_subset": "default",
        "languages": [
          "eng-Latn"
        ]
      }
    ]
  },
  "evaluation_time": 6.503022193908691,
  "kg_co2_emissions": null
}