{
  "dataset_revision": "080c9ed6267b65029207906e815d44a9240bafca",
  "task_name": "FEVERHardNegatives",
  "mteb_version": "1.36.29",
  "scores": {
    "test": [
      {
        "ndcg_at_1": 0.642,
        "ndcg_at_3": 0.73306,
        "ndcg_at_5": 0.75539,
        "ndcg_at_10": 0.77046,
        "ndcg_at_20": 0.77919,
        "ndcg_at_100": 0.78692,
        "ndcg_at_1000": 0.78962,
        "map_at_1": 0.60549,
        "map_at_3": 0.69734,
        "map_at_5": 0.71124,
        "map_at_10": 0.71825,
        "map_at_20": 0.72108,
        "map_at_100": 0.7224,
        "map_at_1000": 0.72255,
        "recall_at_1": 0.60549,
        "recall_at_3": 0.8008,
        "recall_at_5": 0.8567,
        "recall_at_10": 0.90035,
        "recall_at_20": 0.93177,
        "recall_at_100": 0.96894,
        "recall_at_1000": 0.98588,
        "precision_at_1": 0.642,
        "precision_at_3": 0.28667,
        "precision_at_5": 0.1844,
        "precision_at_10": 0.0981,
        "precision_at_20": 0.05125,
        "precision_at_100": 0.01085,
        "precision_at_1000": 0.00113,
        "mrr_at_1": 0.642,
        "mrr_at_3": 0.730333,
        "mrr_at_5": 0.742633,
        "mrr_at_10": 0.748575,
        "mrr_at_20": 0.750789,
        "mrr_at_100": 0.75149,
        "mrr_at_1000": 0.751522,
        "nauc_ndcg_at_1_max": 0.223337,
        "nauc_ndcg_at_1_std": -0.018474,
        "nauc_ndcg_at_1_diff1": 0.647042,
        "nauc_ndcg_at_3_max": 0.309749,
        "nauc_ndcg_at_3_std": 0.068419,
        "nauc_ndcg_at_3_diff1": 0.624953,
        "nauc_ndcg_at_5_max": 0.311808,
        "nauc_ndcg_at_5_std": 0.083008,
        "nauc_ndcg_at_5_diff1": 0.622475,
        "nauc_ndcg_at_10_max": 0.307874,
        "nauc_ndcg_at_10_std": 0.088122,
        "nauc_ndcg_at_10_diff1": 0.623889,
        "nauc_ndcg_at_20_max": 0.301364,
        "nauc_ndcg_at_20_std": 0.074139,
        "nauc_ndcg_at_20_diff1": 0.626407,
        "nauc_ndcg_at_100_max": 0.297543,
        "nauc_ndcg_at_100_std": 0.067743,
        "nauc_ndcg_at_100_diff1": 0.628589,
        "nauc_ndcg_at_1000_max": 0.295988,
        "nauc_ndcg_at_1000_std": 0.066556,
        "nauc_ndcg_at_1000_diff1": 0.62889,
        "nauc_map_at_1_max": 0.229467,
        "nauc_map_at_1_std": -0.031795,
        "nauc_map_at_1_diff1": 0.638417,
        "nauc_map_at_3_max": 0.29282,
        "nauc_map_at_3_std": 0.037533,
        "nauc_map_at_3_diff1": 0.629475,
        "nauc_map_at_5_max": 0.293558,
        "nauc_map_at_5_std": 0.044488,
        "nauc_map_at_5_diff1": 0.627202,
        "nauc_map_at_10_max": 0.291785,
        "nauc_map_at_10_std": 0.045872,
        "nauc_map_at_10_diff1": 0.628207,
        "nauc_map_at_20_max": 0.29067,
        "nauc_map_at_20_std": 0.042628,
        "nauc_map_at_20_diff1": 0.629094,
        "nauc_map_at_100_max": 0.289841,
        "nauc_map_at_100_std": 0.041593,
        "nauc_map_at_100_diff1": 0.62936,
        "nauc_map_at_1000_max": 0.289798,
        "nauc_map_at_1000_std": 0.04165,
        "nauc_map_at_1000_diff1": 0.629372,
        "nauc_recall_at_1_max": 0.229467,
        "nauc_recall_at_1_std": -0.031795,
        "nauc_recall_at_1_diff1": 0.638417,
        "nauc_recall_at_3_max": 0.38411,
        "nauc_recall_at_3_std": 0.168844,
        "nauc_recall_at_3_diff1": 0.589067,
        "nauc_recall_at_5_max": 0.408981,
        "nauc_recall_at_5_std": 0.247686,
        "nauc_recall_at_5_diff1": 0.5663,
        "nauc_recall_at_10_max": 0.41489,
        "nauc_recall_at_10_std": 0.335264,
        "nauc_recall_at_10_diff1": 0.548247,
        "nauc_recall_at_20_max": 0.387107,
        "nauc_recall_at_20_std": 0.298029,
        "nauc_recall_at_20_diff1": 0.531019,
        "nauc_recall_at_100_max": 0.438988,
        "nauc_recall_at_100_std": 0.380946,
        "nauc_recall_at_100_diff1": 0.552013,
        "nauc_recall_at_1000_max": 0.519127,
        "nauc_recall_at_1000_std": 0.586432,
        "nauc_recall_at_1000_diff1": 0.594275,
        "nauc_precision_at_1_max": 0.223337,
        "nauc_precision_at_1_std": -0.018474,
        "nauc_precision_at_1_diff1": 0.647042,
        "nauc_precision_at_3_max": 0.324589,
        "nauc_precision_at_3_std": 0.188473,
        "nauc_precision_at_3_diff1": 0.484505,
        "nauc_precision_at_5_max": 0.292771,
        "nauc_precision_at_5_std": 0.265319,
        "nauc_precision_at_5_diff1": 0.354614,
        "nauc_precision_at_10_max": 0.191749,
        "nauc_precision_at_10_std": 0.295337,
        "nauc_precision_at_10_diff1": 0.160774,
        "nauc_precision_at_20_max": 0.075753,
        "nauc_precision_at_20_std": 0.218299,
        "nauc_precision_at_20_diff1": 0.000579,
        "nauc_precision_at_100_max": -0.057483,
        "nauc_precision_at_100_std": 0.148704,
        "nauc_precision_at_100_diff1": -0.183043,
        "nauc_precision_at_1000_max": -0.110124,
        "nauc_precision_at_1000_std": 0.121723,
        "nauc_precision_at_1000_diff1": -0.247385,
        "nauc_mrr_at_1_max": 0.223337,
        "nauc_mrr_at_1_std": -0.018474,
        "nauc_mrr_at_1_diff1": 0.647042,
        "nauc_mrr_at_3_max": 0.277085,
        "nauc_mrr_at_3_std": 0.052573,
        "nauc_mrr_at_3_diff1": 0.632151,
        "nauc_mrr_at_5_max": 0.276373,
        "nauc_mrr_at_5_std": 0.056577,
        "nauc_mrr_at_5_diff1": 0.6333,
        "nauc_mrr_at_10_max": 0.274073,
        "nauc_mrr_at_10_std": 0.0578,
        "nauc_mrr_at_10_diff1": 0.633041,
        "nauc_mrr_at_20_max": 0.271967,
        "nauc_mrr_at_20_std": 0.053473,
        "nauc_mrr_at_20_diff1": 0.633047,
        "nauc_mrr_at_100_max": 0.271609,
        "nauc_mrr_at_100_std": 0.052152,
        "nauc_mrr_at_100_diff1": 0.633322,
        "nauc_mrr_at_1000_max": 0.271591,
        "nauc_mrr_at_1000_std": 0.05205,
        "nauc_mrr_at_1000_diff1": 0.633366,
        "main_score": 0.77046,
        "hf_subset": "default",
        "languages": [
          "eng-Latn"
        ]
      }
    ]
  },
  "evaluation_time": 399.24268198013306,
  "kg_co2_emissions": null
}