{
  "dataset_revision": "27a168819829fe9bcd655c2df245fb19452e8e06",
  "task_name": "FiQA2018",
  "mteb_version": "1.36.29",
  "scores": {
    "test": [
      {
        "ndcg_at_1": 0.29321,
        "ndcg_at_3": 0.27466,
        "ndcg_at_5": 0.28908,
        "ndcg_at_10": 0.31313,
        "ndcg_at_20": 0.33281,
        "ndcg_at_100": 0.37507,
        "ndcg_at_1000": 0.40972,
        "map_at_1": 0.14664,
        "map_at_3": 0.21033,
        "map_at_5": 0.22917,
        "map_at_10": 0.2448,
        "map_at_20": 0.25162,
        "map_at_100": 0.25908,
        "map_at_1000": 0.2609,
        "recall_at_1": 0.14664,
        "recall_at_3": 0.25189,
        "recall_at_5": 0.31063,
        "recall_at_10": 0.38202,
        "recall_at_20": 0.44227,
        "recall_at_100": 0.62121,
        "recall_at_1000": 0.83359,
        "precision_at_1": 0.29321,
        "precision_at_3": 0.18261,
        "precision_at_5": 0.13796,
        "precision_at_10": 0.08812,
        "precision_at_20": 0.05247,
        "precision_at_100": 0.01517,
        "precision_at_1000": 0.00214,
        "mrr_at_1": 0.29321,
        "mrr_at_3": 0.350051,
        "mrr_at_5": 0.367644,
        "mrr_at_10": 0.377608,
        "mrr_at_20": 0.382695,
        "mrr_at_100": 0.386825,
        "mrr_at_1000": 0.38732,
        "nauc_ndcg_at_1_max": 0.337061,
        "nauc_ndcg_at_1_std": -0.0802,
        "nauc_ndcg_at_1_diff1": 0.476725,
        "nauc_ndcg_at_3_max": 0.300262,
        "nauc_ndcg_at_3_std": -0.054835,
        "nauc_ndcg_at_3_diff1": 0.40226,
        "nauc_ndcg_at_5_max": 0.272645,
        "nauc_ndcg_at_5_std": -0.045675,
        "nauc_ndcg_at_5_diff1": 0.387325,
        "nauc_ndcg_at_10_max": 0.264911,
        "nauc_ndcg_at_10_std": -0.035776,
        "nauc_ndcg_at_10_diff1": 0.381383,
        "nauc_ndcg_at_20_max": 0.267399,
        "nauc_ndcg_at_20_std": -0.017651,
        "nauc_ndcg_at_20_diff1": 0.372412,
        "nauc_ndcg_at_100_max": 0.281669,
        "nauc_ndcg_at_100_std": 0.001248,
        "nauc_ndcg_at_100_diff1": 0.374666,
        "nauc_ndcg_at_1000_max": 0.300753,
        "nauc_ndcg_at_1000_std": 0.0096,
        "nauc_ndcg_at_1000_diff1": 0.377025,
        "nauc_map_at_1_max": 0.206448,
        "nauc_map_at_1_std": -0.094422,
        "nauc_map_at_1_diff1": 0.43892,
        "nauc_map_at_3_max": 0.236613,
        "nauc_map_at_3_std": -0.071741,
        "nauc_map_at_3_diff1": 0.405235,
        "nauc_map_at_5_max": 0.242021,
        "nauc_map_at_5_std": -0.065148,
        "nauc_map_at_5_diff1": 0.396364,
        "nauc_map_at_10_max": 0.25082,
        "nauc_map_at_10_std": -0.055591,
        "nauc_map_at_10_diff1": 0.397639,
        "nauc_map_at_20_max": 0.254646,
        "nauc_map_at_20_std": -0.04676,
        "nauc_map_at_20_diff1": 0.394657,
        "nauc_map_at_100_max": 0.258332,
        "nauc_map_at_100_std": -0.042569,
        "nauc_map_at_100_diff1": 0.394974,
        "nauc_map_at_1000_max": 0.260189,
        "nauc_map_at_1000_std": -0.041402,
        "nauc_map_at_1000_diff1": 0.394819,
        "nauc_recall_at_1_max": 0.206448,
        "nauc_recall_at_1_std": -0.094422,
        "nauc_recall_at_1_diff1": 0.43892,
        "nauc_recall_at_3_max": 0.195451,
        "nauc_recall_at_3_std": -0.060464,
        "nauc_recall_at_3_diff1": 0.332801,
        "nauc_recall_at_5_max": 0.184722,
        "nauc_recall_at_5_std": -0.025678,
        "nauc_recall_at_5_diff1": 0.291255,
        "nauc_recall_at_10_max": 0.176984,
        "nauc_recall_at_10_std": -0.002352,
        "nauc_recall_at_10_diff1": 0.2697,
        "nauc_recall_at_20_max": 0.171034,
        "nauc_recall_at_20_std": 0.046177,
        "nauc_recall_at_20_diff1": 0.236538,
        "nauc_recall_at_100_max": 0.178609,
        "nauc_recall_at_100_std": 0.117595,
        "nauc_recall_at_100_diff1": 0.216927,
        "nauc_recall_at_1000_max": 0.219262,
        "nauc_recall_at_1000_std": 0.233256,
        "nauc_recall_at_1000_diff1": 0.189419,
        "nauc_precision_at_1_max": 0.337061,
        "nauc_precision_at_1_std": -0.0802,
        "nauc_precision_at_1_diff1": 0.476725,
        "nauc_precision_at_3_max": 0.362509,
        "nauc_precision_at_3_std": -0.011976,
        "nauc_precision_at_3_diff1": 0.352541,
        "nauc_precision_at_5_max": 0.372705,
        "nauc_precision_at_5_std": 0.0229,
        "nauc_precision_at_5_diff1": 0.307304,
        "nauc_precision_at_10_max": 0.374389,
        "nauc_precision_at_10_std": 0.066229,
        "nauc_precision_at_10_diff1": 0.261393,
        "nauc_precision_at_20_max": 0.366695,
        "nauc_precision_at_20_std": 0.117029,
        "nauc_precision_at_20_diff1": 0.208249,
        "nauc_precision_at_100_max": 0.367774,
        "nauc_precision_at_100_std": 0.176475,
        "nauc_precision_at_100_diff1": 0.125715,
        "nauc_precision_at_1000_max": 0.386095,
        "nauc_precision_at_1000_std": 0.218448,
        "nauc_precision_at_1000_diff1": 0.019602,
        "nauc_mrr_at_1_max": 0.337061,
        "nauc_mrr_at_1_std": -0.0802,
        "nauc_mrr_at_1_diff1": 0.476725,
        "nauc_mrr_at_3_max": 0.324024,
        "nauc_mrr_at_3_std": -0.064493,
        "nauc_mrr_at_3_diff1": 0.433819,
        "nauc_mrr_at_5_max": 0.326049,
        "nauc_mrr_at_5_std": -0.048496,
        "nauc_mrr_at_5_diff1": 0.424277,
        "nauc_mrr_at_10_max": 0.323588,
        "nauc_mrr_at_10_std": -0.047705,
        "nauc_mrr_at_10_diff1": 0.417392,
        "nauc_mrr_at_20_max": 0.3234,
        "nauc_mrr_at_20_std": -0.04427,
        "nauc_mrr_at_20_diff1": 0.417117,
        "nauc_mrr_at_100_max": 0.324511,
        "nauc_mrr_at_100_std": -0.043352,
        "nauc_mrr_at_100_diff1": 0.418696,
        "nauc_mrr_at_1000_max": 0.324447,
        "nauc_mrr_at_1000_std": -0.04355,
        "nauc_mrr_at_1000_diff1": 0.418899,
        "main_score": 0.31313,
        "hf_subset": "default",
        "languages": [
          "eng-Latn"
        ]
      }
    ]
  },
  "evaluation_time": 153.90060091018677,
  "kg_co2_emissions": null
}