{
  "dataset_revision": "f8c2fcf00f625baaa80f62ec5bd9e1fff3b8ae88",
  "task_name": "SCIDOCS",
  "mteb_version": "1.36.29",
  "scores": {
    "test": [
      {
        "ndcg_at_1": 0.168,
        "ndcg_at_3": 0.13492,
        "ndcg_at_5": 0.11789,
        "ndcg_at_10": 0.14057,
        "ndcg_at_20": 0.16054,
        "ndcg_at_100": 0.2,
        "ndcg_at_1000": 0.24798,
        "map_at_1": 0.03418,
        "map_at_3": 0.05904,
        "map_at_5": 0.06927,
        "map_at_10": 0.07964,
        "map_at_20": 0.08597,
        "map_at_100": 0.09281,
        "map_at_1000": 0.09501,
        "recall_at_1": 0.03418,
        "recall_at_3": 0.07707,
        "recall_at_5": 0.10505,
        "recall_at_10": 0.14688,
        "recall_at_20": 0.19398,
        "recall_at_100": 0.32183,
        "recall_at_1000": 0.55857,
        "precision_at_1": 0.168,
        "precision_at_3": 0.12633,
        "precision_at_5": 0.1034,
        "precision_at_10": 0.0724,
        "precision_at_20": 0.04785,
        "precision_at_100": 0.01587,
        "precision_at_1000": 0.00275,
        "mrr_at_1": 0.168,
        "mrr_at_3": 0.223833,
        "mrr_at_5": 0.241383,
        "mrr_at_10": 0.252897,
        "mrr_at_20": 0.258986,
        "mrr_at_100": 0.264078,
        "mrr_at_1000": 0.264868,
        "nauc_ndcg_at_1_max": 0.161095,
        "nauc_ndcg_at_1_std": -0.037222,
        "nauc_ndcg_at_1_diff1": 0.19513,
        "nauc_ndcg_at_3_max": 0.191778,
        "nauc_ndcg_at_3_std": 0.009606,
        "nauc_ndcg_at_3_diff1": 0.177569,
        "nauc_ndcg_at_5_max": 0.189955,
        "nauc_ndcg_at_5_std": 0.034071,
        "nauc_ndcg_at_5_diff1": 0.166048,
        "nauc_ndcg_at_10_max": 0.201578,
        "nauc_ndcg_at_10_std": 0.059723,
        "nauc_ndcg_at_10_diff1": 0.158342,
        "nauc_ndcg_at_20_max": 0.217881,
        "nauc_ndcg_at_20_std": 0.090407,
        "nauc_ndcg_at_20_diff1": 0.16207,
        "nauc_ndcg_at_100_max": 0.236742,
        "nauc_ndcg_at_100_std": 0.13054,
        "nauc_ndcg_at_100_diff1": 0.165426,
        "nauc_ndcg_at_1000_max": 0.242463,
        "nauc_ndcg_at_1000_std": 0.149672,
        "nauc_ndcg_at_1000_diff1": 0.170913,
        "nauc_map_at_1_max": 0.159734,
        "nauc_map_at_1_std": -0.039643,
        "nauc_map_at_1_diff1": 0.190655,
        "nauc_map_at_3_max": 0.19069,
        "nauc_map_at_3_std": -0.004386,
        "nauc_map_at_3_diff1": 0.177488,
        "nauc_map_at_5_max": 0.196194,
        "nauc_map_at_5_std": 0.020338,
        "nauc_map_at_5_diff1": 0.169051,
        "nauc_map_at_10_max": 0.204681,
        "nauc_map_at_10_std": 0.037503,
        "nauc_map_at_10_diff1": 0.162412,
        "nauc_map_at_20_max": 0.214057,
        "nauc_map_at_20_std": 0.055668,
        "nauc_map_at_20_diff1": 0.163449,
        "nauc_map_at_100_max": 0.221202,
        "nauc_map_at_100_std": 0.071473,
        "nauc_map_at_100_diff1": 0.16481,
        "nauc_map_at_1000_max": 0.222061,
        "nauc_map_at_1000_std": 0.073728,
        "nauc_map_at_1000_diff1": 0.165927,
        "nauc_recall_at_1_max": 0.159734,
        "nauc_recall_at_1_std": -0.039643,
        "nauc_recall_at_1_diff1": 0.190655,
        "nauc_recall_at_3_max": 0.198011,
        "nauc_recall_at_3_std": 0.022236,
        "nauc_recall_at_3_diff1": 0.165849,
        "nauc_recall_at_5_max": 0.193843,
        "nauc_recall_at_5_std": 0.066762,
        "nauc_recall_at_5_diff1": 0.148453,
        "nauc_recall_at_10_max": 0.206383,
        "nauc_recall_at_10_std": 0.107746,
        "nauc_recall_at_10_diff1": 0.129307,
        "nauc_recall_at_20_max": 0.23118,
        "nauc_recall_at_20_std": 0.163138,
        "nauc_recall_at_20_diff1": 0.133754,
        "nauc_recall_at_100_max": 0.256865,
        "nauc_recall_at_100_std": 0.239183,
        "nauc_recall_at_100_diff1": 0.133727,
        "nauc_recall_at_1000_max": 0.247269,
        "nauc_recall_at_1000_std": 0.295788,
        "nauc_recall_at_1000_diff1": 0.126192,
        "nauc_precision_at_1_max": 0.161095,
        "nauc_precision_at_1_std": -0.037222,
        "nauc_precision_at_1_diff1": 0.19513,
        "nauc_precision_at_3_max": 0.202454,
        "nauc_precision_at_3_std": 0.027621,
        "nauc_precision_at_3_diff1": 0.169614,
        "nauc_precision_at_5_max": 0.196665,
        "nauc_precision_at_5_std": 0.070287,
        "nauc_precision_at_5_diff1": 0.151179,
        "nauc_precision_at_10_max": 0.209697,
        "nauc_precision_at_10_std": 0.110547,
        "nauc_precision_at_10_diff1": 0.132447,
        "nauc_precision_at_20_max": 0.233236,
        "nauc_precision_at_20_std": 0.165473,
        "nauc_precision_at_20_diff1": 0.137207,
        "nauc_precision_at_100_max": 0.26116,
        "nauc_precision_at_100_std": 0.242852,
        "nauc_precision_at_100_diff1": 0.137305,
        "nauc_precision_at_1000_max": 0.251259,
        "nauc_precision_at_1000_std": 0.294548,
        "nauc_precision_at_1000_diff1": 0.130494,
        "nauc_mrr_at_1_max": 0.161095,
        "nauc_mrr_at_1_std": -0.037222,
        "nauc_mrr_at_1_diff1": 0.19513,
        "nauc_mrr_at_3_max": 0.178759,
        "nauc_mrr_at_3_std": 0.002739,
        "nauc_mrr_at_3_diff1": 0.180898,
        "nauc_mrr_at_5_max": 0.171532,
        "nauc_mrr_at_5_std": 0.009232,
        "nauc_mrr_at_5_diff1": 0.176664,
        "nauc_mrr_at_10_max": 0.174495,
        "nauc_mrr_at_10_std": 0.018031,
        "nauc_mrr_at_10_diff1": 0.174515,
        "nauc_mrr_at_20_max": 0.17663,
        "nauc_mrr_at_20_std": 0.02133,
        "nauc_mrr_at_20_diff1": 0.176261,
        "nauc_mrr_at_100_max": 0.1768,
        "nauc_mrr_at_100_std": 0.021772,
        "nauc_mrr_at_100_diff1": 0.176747,
        "nauc_mrr_at_1000_max": 0.176742,
        "nauc_mrr_at_1000_std": 0.021563,
        "nauc_mrr_at_1000_diff1": 0.176767,
        "main_score": 0.14057,
        "hf_subset": "default",
        "languages": [
          "eng-Latn"
        ]
      }
    ]
  },
  "evaluation_time": 74.30444765090942,
  "kg_co2_emissions": null
}