{
  "dataset_revision": "1840e8a5ac6ec752bbdd97d543ead0189bc7c25b",
  "task_name": "ChemHotpotQARetrieval",
  "mteb_version": "1.36.29",
  "scores": {
    "train": [
      {
        "ndcg_at_1": 0.86111,
        "ndcg_at_3": 0.89767,
        "ndcg_at_5": 0.90724,
        "ndcg_at_10": 0.91347,
        "ndcg_at_20": 0.91653,
        "ndcg_at_100": 0.91724,
        "ndcg_at_1000": 0.91845,
        "map_at_1": 0.84444,
        "map_at_3": 0.88565,
        "map_at_5": 0.8912,
        "map_at_10": 0.89386,
        "map_at_20": 0.89483,
        "map_at_100": 0.89505,
        "map_at_1000": 0.89511,
        "recall_at_1": 0.84444,
        "recall_at_3": 0.925,
        "recall_at_5": 0.94722,
        "recall_at_10": 0.96667,
        "recall_at_20": 0.97778,
        "recall_at_100": 0.98056,
        "recall_at_1000": 0.98889,
        "precision_at_1": 0.86111,
        "precision_at_3": 0.31852,
        "precision_at_5": 0.19556,
        "precision_at_10": 0.1,
        "precision_at_20": 0.05056,
        "precision_at_100": 0.01017,
        "precision_at_1000": 0.00103,
        "mrr_at_1": 0.861111,
        "mrr_at_3": 0.893519,
        "mrr_at_5": 0.899074,
        "mrr_at_10": 0.901118,
        "mrr_at_20": 0.902086,
        "mrr_at_100": 0.902086,
        "mrr_at_1000": 0.902114,
        "nauc_ndcg_at_1_max": 0.543574,
        "nauc_ndcg_at_1_std": -0.365129,
        "nauc_ndcg_at_1_diff1": 0.878659,
        "nauc_ndcg_at_3_max": 0.387673,
        "nauc_ndcg_at_3_std": -0.588764,
        "nauc_ndcg_at_3_diff1": 0.724068,
        "nauc_ndcg_at_5_max": 0.366272,
        "nauc_ndcg_at_5_std": -0.537824,
        "nauc_ndcg_at_5_diff1": 0.705608,
        "nauc_ndcg_at_10_max": 0.337833,
        "nauc_ndcg_at_10_std": -0.524703,
        "nauc_ndcg_at_10_diff1": 0.69737,
        "nauc_ndcg_at_20_max": 0.315304,
        "nauc_ndcg_at_20_std": -0.536378,
        "nauc_ndcg_at_20_diff1": 0.690892,
        "nauc_ndcg_at_100_max": 0.333317,
        "nauc_ndcg_at_100_std": -0.525104,
        "nauc_ndcg_at_100_diff1": 0.711877,
        "nauc_ndcg_at_1000_max": 0.345358,
        "nauc_ndcg_at_1000_std": -0.517112,
        "nauc_ndcg_at_1000_diff1": 0.727644,
        "nauc_map_at_1_max": 0.373513,
        "nauc_map_at_1_std": -0.468081,
        "nauc_map_at_1_diff1": 0.781351,
        "nauc_map_at_3_max": 0.390449,
        "nauc_map_at_3_std": -0.560643,
        "nauc_map_at_3_diff1": 0.719448,
        "nauc_map_at_5_max": 0.379957,
        "nauc_map_at_5_std": -0.533836,
        "nauc_map_at_5_diff1": 0.710028,
        "nauc_map_at_10_max": 0.371184,
        "nauc_map_at_10_std": -0.529841,
        "nauc_map_at_10_diff1": 0.707363,
        "nauc_map_at_20_max": 0.365793,
        "nauc_map_at_20_std": -0.532929,
        "nauc_map_at_20_diff1": 0.705821,
        "nauc_map_at_100_max": 0.370126,
        "nauc_map_at_100_std": -0.530241,
        "nauc_map_at_100_diff1": 0.710776,
        "nauc_map_at_1000_max": 0.37093,
        "nauc_map_at_1000_std": -0.529735,
        "nauc_map_at_1000_diff1": 0.711736,
        "nauc_recall_at_1_max": 0.373513,
        "nauc_recall_at_1_std": -0.468081,
        "nauc_recall_at_1_diff1": 0.781351,
        "nauc_recall_at_3_max": 0.235588,
        "nauc_recall_at_3_std": -0.800135,
        "nauc_recall_at_3_diff1": 0.583584,
        "nauc_recall_at_5_max": 0.086712,
        "nauc_recall_at_5_std": -0.687184,
        "nauc_recall_at_5_diff1": 0.451251,
        "nauc_recall_at_10_max": -0.302677,
        "nauc_recall_at_10_std": -0.654995,
        "nauc_recall_at_10_diff1": 0.244164,
        "nauc_recall_at_20_max": -0.921335,
        "nauc_recall_at_20_std": -0.872316,
        "nauc_recall_at_20_diff1": -0.068394,
        "nauc_recall_at_100_max": -0.804388,
        "nauc_recall_at_100_std": -0.748366,
        "nauc_recall_at_100_diff1": 0.170401,
        "nauc_recall_at_1000_max": -1.151727,
        "nauc_recall_at_1000_std": -0.592904,
        "nauc_recall_at_1000_diff1": 0.456116,
        "nauc_precision_at_1_max": 0.543574,
        "nauc_precision_at_1_std": -0.365129,
        "nauc_precision_at_1_diff1": 0.878659,
        "nauc_precision_at_3_max": 0.368881,
        "nauc_precision_at_3_std": -0.35428,
        "nauc_precision_at_3_diff1": 0.322343,
        "nauc_precision_at_5_max": 0.30998,
        "nauc_precision_at_5_std": -0.163338,
        "nauc_precision_at_5_diff1": 0.168456,
        "nauc_precision_at_10_max": 0.132731,
        "nauc_precision_at_10_std": 0.053331,
        "nauc_precision_at_10_diff1": -0.04839,
        "nauc_precision_at_20_max": -0.004349,
        "nauc_precision_at_20_std": 0.100116,
        "nauc_precision_at_20_diff1": -0.205259,
        "nauc_precision_at_100_max": 0.125677,
        "nauc_precision_at_100_std": 0.216618,
        "nauc_precision_at_100_diff1": -0.049222,
        "nauc_precision_at_1000_max": 0.216574,
        "nauc_precision_at_1000_std": 0.367761,
        "nauc_precision_at_1000_diff1": 0.036974,
        "nauc_mrr_at_1_max": 0.543574,
        "nauc_mrr_at_1_std": -0.365129,
        "nauc_mrr_at_1_diff1": 0.878659,
        "nauc_mrr_at_3_max": 0.503452,
        "nauc_mrr_at_3_std": -0.469312,
        "nauc_mrr_at_3_diff1": 0.844957,
        "nauc_mrr_at_5_max": 0.498612,
        "nauc_mrr_at_5_std": -0.435483,
        "nauc_mrr_at_5_diff1": 0.841969,
        "nauc_mrr_at_10_max": 0.49196,
        "nauc_mrr_at_10_std": -0.433546,
        "nauc_mrr_at_10_diff1": 0.842601,
        "nauc_mrr_at_20_max": 0.487438,
        "nauc_mrr_at_20_std": -0.435861,
        "nauc_mrr_at_20_diff1": 0.84233,
        "nauc_mrr_at_100_max": 0.487438,
        "nauc_mrr_at_100_std": -0.435861,
        "nauc_mrr_at_100_diff1": 0.84233,
        "nauc_mrr_at_1000_max": 0.487477,
        "nauc_mrr_at_1000_std": -0.435823,
        "nauc_mrr_at_1000_diff1": 0.842417,
        "main_score": 0.91347,
        "hf_subset": "default",
        "languages": [
          "eng-Latn"
        ]
      }
    ],
    "dev": [
      {
        "ndcg_at_1": 0.875,
        "ndcg_at_3": 0.875,
        "ndcg_at_5": 0.875,
        "ndcg_at_10": 0.875,
        "ndcg_at_20": 0.90625,
        "ndcg_at_100": 0.90625,
        "ndcg_at_1000": 0.90625,
        "map_at_1": 0.875,
        "map_at_3": 0.875,
        "map_at_5": 0.875,
        "map_at_10": 0.875,
        "map_at_20": 0.88333,
        "map_at_100": 0.88333,
        "map_at_1000": 0.88333,
        "recall_at_1": 0.875,
        "recall_at_3": 0.875,
        "recall_at_5": 0.875,
        "recall_at_10": 0.875,
        "recall_at_20": 1.0,
        "recall_at_100": 1.0,
        "recall_at_1000": 1.0,
        "precision_at_1": 0.875,
        "precision_at_3": 0.29167,
        "precision_at_5": 0.175,
        "precision_at_10": 0.0875,
        "precision_at_20": 0.05,
        "precision_at_100": 0.01,
        "precision_at_1000": 0.001,
        "mrr_at_1": 0.875,
        "mrr_at_3": 0.875,
        "mrr_at_5": 0.875,
        "mrr_at_10": 0.875,
        "mrr_at_20": 0.883333,
        "mrr_at_100": 0.883333,
        "mrr_at_1000": 0.883333,
        "nauc_ndcg_at_1_max": 1.0,
        "nauc_ndcg_at_1_std": 0.128291,
        "nauc_ndcg_at_1_diff1": 0.865546,
        "nauc_ndcg_at_3_max": 1.0,
        "nauc_ndcg_at_3_std": 0.128291,
        "nauc_ndcg_at_3_diff1": 0.865546,
        "nauc_ndcg_at_5_max": 1.0,
        "nauc_ndcg_at_5_std": 0.128291,
        "nauc_ndcg_at_5_diff1": 0.865546,
        "nauc_ndcg_at_10_max": 1.0,
        "nauc_ndcg_at_10_std": 0.128291,
        "nauc_ndcg_at_10_diff1": 0.865546,
        "nauc_ndcg_at_20_max": 1.0,
        "nauc_ndcg_at_20_std": 0.128291,
        "nauc_ndcg_at_20_diff1": 0.865546,
        "nauc_ndcg_at_100_max": 1.0,
        "nauc_ndcg_at_100_std": 0.128291,
        "nauc_ndcg_at_100_diff1": 0.865546,
        "nauc_ndcg_at_1000_max": 1.0,
        "nauc_ndcg_at_1000_std": 0.128291,
        "nauc_ndcg_at_1000_diff1": 0.865546,
        "nauc_map_at_1_max": 1.0,
        "nauc_map_at_1_std": 0.128291,
        "nauc_map_at_1_diff1": 0.865546,