{
  "dataset_revision": "5037d69d177c9628fb79cb57eea1299178b28c1b",
  "task_name": "PubChemSynonymPC",
  "mteb_version": "1.36.29",
  "scores": {
    "test": [
      {
        "similarity_accuracy": 0.942383,
        "similarity_accuracy_threshold": 0.664541,
        "similarity_f1": 0.625369,
        "similarity_f1_threshold": 0.585033,
        "similarity_precision": 0.785185,
        "similarity_recall": 0.519608,
        "similarity_ap": 0.611473,
        "cosine_accuracy": 0.942383,
        "cosine_accuracy_threshold": 0.664541,
        "cosine_f1": 0.625369,
        "cosine_f1_threshold": 0.585033,
        "cosine_precision": 0.785185,
        "cosine_recall": 0.519608,
        "cosine_ap": 0.611473,
        "manhattan_accuracy": 0.94043,
        "manhattan_accuracy_threshold": 360.216736,
        "manhattan_f1": 0.588997,
        "manhattan_f1_threshold": 371.035492,
        "manhattan_precision": 0.866667,
        "manhattan_recall": 0.446078,
        "manhattan_ap": 0.576924,
        "euclidean_accuracy": 0.94043,
        "euclidean_accuracy_threshold": 16.152649,
        "euclidean_f1": 0.599349,
        "euclidean_f1_threshold": 16.742199,
        "euclidean_precision": 0.893204,
        "euclidean_recall": 0.45098,
        "euclidean_ap": 0.579653,
        "dot_accuracy": 0.936035,
        "dot_accuracy_threshold": 285.254303,
        "dot_f1": 0.56305,
        "dot_f1_threshold": 252.310013,
        "dot_precision": 0.70073,
        "dot_recall": 0.470588,
        "dot_ap": 0.558094,
        "max_accuracy": 0.942383,
        "max_f1": 0.625369,
        "max_precision": 0.893204,
        "max_recall": 0.519608,
        "max_ap": 0.611473,
        "main_score": 0.611473,
        "hf_subset": "default",
        "languages": [
          "eng-Latn"
        ]
      }
    ]
  },
  "evaluation_time": 3.5706722736358643,
  "kg_co2_emissions": null
}