{
  "dataset_revision": "1840e8a5ac6ec752bbdd97d543ead0189bc7c25b",
  "task_name": "ChemHotpotQARetrieval",
  "mteb_version": "1.36.29",
  "scores": {
    "train": [
      {
        "ndcg_at_1": 0.87222,
        "ndcg_at_3": 0.90069,
        "ndcg_at_5": 0.90978,
        "ndcg_at_10": 0.91518,
        "ndcg_at_20": 0.91884,
        "ndcg_at_100": 0.91957,
        "ndcg_at_1000": 0.92182,
        "map_at_1": 0.85278,
        "map_at_3": 0.88981,
        "map_at_5": 0.89481,
        "map_at_10": 0.89705,
        "map_at_20": 0.89819,
        "map_at_100": 0.89842,
        "map_at_1000": 0.89848,
        "recall_at_1": 0.85278,
        "recall_at_3": 0.925,
        "recall_at_5": 0.94722,
        "recall_at_10": 0.96389,
        "recall_at_20": 0.97778,
        "recall_at_100": 0.98056,
        "recall_at_1000": 1.0,
        "precision_at_1": 0.87222,
        "precision_at_3": 0.31852,
        "precision_at_5": 0.19556,
        "precision_at_10": 0.09944,
        "precision_at_20": 0.05056,
        "precision_at_100": 0.01017,
        "precision_at_1000": 0.00104,
        "mrr_at_1": 0.872222,
        "mrr_at_3": 0.898148,
        "mrr_at_5": 0.903148,
        "mrr_at_10": 0.905386,
        "mrr_at_20": 0.90613,
        "mrr_at_100": 0.90613,
        "mrr_at_1000": 0.906158,
        "nauc_ndcg_at_1_max": 0.62535,
        "nauc_ndcg_at_1_std": -0.296306,
        "nauc_ndcg_at_1_diff1": 0.869009,
        "nauc_ndcg_at_3_max": 0.417805,
        "nauc_ndcg_at_3_std": -0.422096,
        "nauc_ndcg_at_3_diff1": 0.699003,
        "nauc_ndcg_at_5_max": 0.398404,
        "nauc_ndcg_at_5_std": -0.477418,
        "nauc_ndcg_at_5_diff1": 0.711582,
        "nauc_ndcg_at_10_max": 0.383893,
        "nauc_ndcg_at_10_std": -0.445033,
        "nauc_ndcg_at_10_diff1": 0.701744,
        "nauc_ndcg_at_20_max": 0.371797,
        "nauc_ndcg_at_20_std": -0.439488,
        "nauc_ndcg_at_20_diff1": 0.698631,
        "nauc_ndcg_at_100_max": 0.391083,
        "nauc_ndcg_at_100_std": -0.426795,
        "nauc_ndcg_at_100_diff1": 0.720573,
        "nauc_ndcg_at_1000_max": 0.422834,
        "nauc_ndcg_at_1000_std": -0.416206,
        "nauc_ndcg_at_1000_diff1": 0.733764,
        "nauc_map_at_1_max": 0.44251,
        "nauc_map_at_1_std": -0.381057,
        "nauc_map_at_1_diff1": 0.76865,
        "nauc_map_at_3_max": 0.430111,
        "nauc_map_at_3_std": -0.42349,
        "nauc_map_at_3_diff1": 0.694417,
        "nauc_map_at_5_max": 0.421714,
        "nauc_map_at_5_std": -0.44967,
        "nauc_map_at_5_diff1": 0.700513,
        "nauc_map_at_10_max": 0.417815,
        "nauc_map_at_10_std": -0.436387,
        "nauc_map_at_10_diff1": 0.696952,
        "nauc_map_at_20_max": 0.415974,
        "nauc_map_at_20_std": -0.433906,
        "nauc_map_at_20_diff1": 0.69665,
        "nauc_map_at_100_max": 0.420901,
        "nauc_map_at_100_std": -0.430712,
        "nauc_map_at_100_diff1": 0.702148,
        "nauc_map_at_1000_max": 0.421718,
        "nauc_map_at_1000_std": -0.430359,
        "nauc_map_at_1000_diff1": 0.702804,
        "nauc_recall_at_1_max": 0.44251,
        "nauc_recall_at_1_std": -0.381057,
        "nauc_recall_at_1_diff1": 0.76865,
        "nauc_recall_at_3_max": 0.215289,
        "nauc_recall_at_3_std": -0.526248,
        "nauc_recall_at_3_diff1": 0.546755,
        "nauc_recall_at_5_max": 0.049265,
        "nauc_recall_at_5_std": -0.796722,
        "nauc_recall_at_5_diff1": 0.531107,
        "nauc_recall_at_10_max": -0.222186,
        "nauc_recall_at_10_std": -0.738454,
        "nauc_recall_at_10_diff1": 0.377541,
        "nauc_recall_at_20_max": -0.774276,
        "nauc_recall_at_20_std": -0.872316,
        "nauc_recall_at_20_diff1": 0.134104,
        "nauc_recall_at_100_max": -0.636321,
        "nauc_recall_at_100_std": -0.748366,
        "nauc_recall_at_100_diff1": 0.401827,
        "nauc_recall_at_1000_max": NaN,
        "nauc_recall_at_1000_std": NaN,
        "nauc_recall_at_1000_diff1": NaN,
        "nauc_precision_at_1_max": 0.62535,
        "nauc_precision_at_1_std": -0.296306,
        "nauc_precision_at_1_diff1": 0.869009,
        "nauc_precision_at_3_max": 0.353738,
        "nauc_precision_at_3_std": -0.174776,
        "nauc_precision_at_3_diff1": 0.296858,
        "nauc_precision_at_5_max": 0.285326,
        "nauc_precision_at_5_std": -0.252559,
        "nauc_precision_at_5_diff1": 0.220104,
        "nauc_precision_at_10_max": 0.19701,
        "nauc_precision_at_10_std": -0.084394,
        "nauc_precision_at_10_diff1": 0.058631,
        "nauc_precision_at_20_max": 0.054866,
        "nauc_precision_at_20_std": 0.074977,
        "nauc_precision_at_20_diff1": -0.119269,
        "nauc_precision_at_100_max": 0.177227,
        "nauc_precision_at_100_std": 0.194734,
        "nauc_precision_at_100_diff1": 0.025636,
        "nauc_precision_at_1000_max": 0.449845,
        "nauc_precision_at_1000_std": 0.501361,
        "nauc_precision_at_1000_diff1": -0.015754,
        "nauc_mrr_at_1_max": 0.62535,
        "nauc_mrr_at_1_std": -0.296306,
        "nauc_mrr_at_1_diff1": 0.869009,
        "nauc_mrr_at_3_max": 0.554477,
        "nauc_mrr_at_3_std": -0.325547,
        "nauc_mrr_at_3_diff1": 0.831389,
        "nauc_mrr_at_5_max": 0.551983,
        "nauc_mrr_at_5_std": -0.348569,
        "nauc_mrr_at_5_diff1": 0.845156,
        "nauc_mrr_at_10_max": 0.550921,
        "nauc_mrr_at_10_std": -0.331811,
        "nauc_mrr_at_10_diff1": 0.844805,
        "nauc_mrr_at_20_max": 0.548982,
        "nauc_mrr_at_20_std": -0.331629,
        "nauc_mrr_at_20_diff1": 0.844607,
        "nauc_mrr_at_100_max": 0.548982,
        "nauc_mrr_at_100_std": -0.331629,
        "nauc_mrr_at_100_diff1": 0.844607,
        "nauc_mrr_at_1000_max": 0.549263,
        "nauc_mrr_at_1000_std": -0.331632,
        "nauc_mrr_at_1000_diff1": 0.844646,
        "main_score": 0.91518,
        "hf_subset": "default",
        "languages": [
          "eng-Latn"
        ]
      }
    ],
    "dev": [
      {
        "ndcg_at_1": 0.875,
        "ndcg_at_3": 0.875,
        "ndcg_at_5": 0.875,
        "ndcg_at_10": 0.875,
        "ndcg_at_20": 0.90558,
        "ndcg_at_100": 0.90558,
        "ndcg_at_1000": 0.90558,
        "map_at_1": 0.875,
        "map_at_3": 0.875,
        "map_at_5": 0.875,
        "map_at_10": 0.875,
        "map_at_20": 0.88281,
        "map_at_100": 0.88281,
        "map_at_1000": 0.88281,
        "recall_at_1": 0.875,
        "recall_at_3": 0.875,
        "recall_at_5": 0.875,
        "recall_at_10": 0.875,
        "recall_at_20": 1.0,
        "recall_at_100": 1.0,
        "recall_at_1000": 1.0,
        "precision_at_1": 0.875,
        "precision_at_3": 0.29167,
        "precision_at_5": 0.175,
        "precision_at_10": 0.0875,
        "precision_at_20": 0.05,
        "precision_at_100": 0.01,
        "precision_at_1000": 0.001,
        "mrr_at_1": 0.875,
        "mrr_at_3": 0.875,
        "mrr_at_5": 0.875,
        "mrr_at_10": 0.875,
        "mrr_at_20": 0.882812,
        "mrr_at_100": 0.882812,
        "mrr_at_1000": 0.882812,
        "nauc_ndcg_at_1_max": 1.0,
        "nauc_ndcg_at_1_std": 0.551821,
        "nauc_ndcg_at_1_diff1": 1.0,
        "nauc_ndcg_at_3_max": 1.0,
        "nauc_ndcg_at_3_std": 0.551821,
        "nauc_ndcg_at_3_diff1": 1.0,
        "nauc_ndcg_at_5_max": 1.0,
        "nauc_ndcg_at_5_std": 0.551821,
        "nauc_ndcg_at_5_diff1": 1.0,
        "nauc_ndcg_at_10_max": 1.0,
        "nauc_ndcg_at_10_std": 0.551821,
        "nauc_ndcg_at_10_diff1": 1.0,
        "nauc_ndcg_at_20_max": 1.0,
        "nauc_ndcg_at_20_std": 0.551821,
        "nauc_ndcg_at_20_diff1": 1.0,
        "nauc_ndcg_at_100_max": 1.0,
        "nauc_ndcg_at_100_std": 0.551821,
        "nauc_ndcg_at_100_diff1": 1.0,
        "nauc_ndcg_at_1000_max": 1.0,
        "nauc_ndcg_at_1000_std": 0.551821,
        "nauc_ndcg_at_1000_diff1": 1.0,
        "nauc_map_at_1_max": 1.0,
        "nauc_map_at_1_std": 0.551821,
        "nauc_map_at_1_diff1": 1.0,
        "nauc_map_at_3_max": 1.0,
        "nauc_map_at_3_std": 0.551821,