{
  "dataset_revision": "f8c2fcf00f625baaa80f62ec5bd9e1fff3b8ae88",
  "task_name": "SCIDOCS",
  "mteb_version": "1.36.29",
  "scores": {
    "test": [
      {
        "ndcg_at_1": 0.199,
        "ndcg_at_3": 0.15801,
        "ndcg_at_5": 0.13745,
        "ndcg_at_10": 0.1654,
        "ndcg_at_20": 0.18969,
        "ndcg_at_100": 0.23241,
        "ndcg_at_1000": 0.28313,
        "map_at_1": 0.04023,
        "map_at_3": 0.0697,
        "map_at_5": 0.08255,
        "map_at_10": 0.09564,
        "map_at_20": 0.10392,
        "map_at_100": 0.11185,
        "map_at_1000": 0.11447,
        "recall_at_1": 0.04023,
        "recall_at_3": 0.08868,
        "recall_at_5": 0.12098,
        "recall_at_10": 0.17223,
        "recall_at_20": 0.22955,
        "recall_at_100": 0.36795,
        "recall_at_1000": 0.61662,
        "precision_at_1": 0.199,
        "precision_at_3": 0.146,
        "precision_at_5": 0.1194,
        "precision_at_10": 0.0851,
        "precision_at_20": 0.0566,
        "precision_at_100": 0.01813,
        "precision_at_1000": 0.00303,
        "mrr_at_1": 0.199,
        "mrr_at_3": 0.2635,
        "mrr_at_5": 0.28165,
        "mrr_at_10": 0.294715,
        "mrr_at_20": 0.301051,
        "mrr_at_100": 0.305604,
        "mrr_at_1000": 0.30636,
        "nauc_ndcg_at_1_max": 0.140944,
        "nauc_ndcg_at_1_std": -0.002415,
        "nauc_ndcg_at_1_diff1": 0.220162,
        "nauc_ndcg_at_3_max": 0.166618,
        "nauc_ndcg_at_3_std": 0.026843,
        "nauc_ndcg_at_3_diff1": 0.185157,
        "nauc_ndcg_at_5_max": 0.175544,
        "nauc_ndcg_at_5_std": 0.036159,
        "nauc_ndcg_at_5_diff1": 0.175629,
        "nauc_ndcg_at_10_max": 0.201904,
        "nauc_ndcg_at_10_std": 0.078139,
        "nauc_ndcg_at_10_diff1": 0.188386,
        "nauc_ndcg_at_20_max": 0.215632,
        "nauc_ndcg_at_20_std": 0.109115,
        "nauc_ndcg_at_20_diff1": 0.176848,
        "nauc_ndcg_at_100_max": 0.224783,
        "nauc_ndcg_at_100_std": 0.162606,
        "nauc_ndcg_at_100_diff1": 0.172017,
        "nauc_ndcg_at_1000_max": 0.228788,
        "nauc_ndcg_at_1000_std": 0.187442,
        "nauc_ndcg_at_1000_diff1": 0.172692,
        "nauc_map_at_1_max": 0.140496,
        "nauc_map_at_1_std": -0.00528,
        "nauc_map_at_1_diff1": 0.220315,
        "nauc_map_at_3_max": 0.172444,
        "nauc_map_at_3_std": 0.017885,
        "nauc_map_at_3_diff1": 0.191823,
        "nauc_map_at_5_max": 0.183312,
        "nauc_map_at_5_std": 0.021192,
        "nauc_map_at_5_diff1": 0.188747,
        "nauc_map_at_10_max": 0.199439,
        "nauc_map_at_10_std": 0.052795,
        "nauc_map_at_10_diff1": 0.19224,
        "nauc_map_at_20_max": 0.209226,
        "nauc_map_at_20_std": 0.073774,
        "nauc_map_at_20_diff1": 0.188191,
        "nauc_map_at_100_max": 0.212454,
        "nauc_map_at_100_std": 0.093445,
        "nauc_map_at_100_diff1": 0.18582,
        "nauc_map_at_1000_max": 0.213603,
        "nauc_map_at_1000_std": 0.097382,
        "nauc_map_at_1000_diff1": 0.186449,
        "nauc_recall_at_1_max": 0.140496,
        "nauc_recall_at_1_std": -0.00528,
        "nauc_recall_at_1_diff1": 0.220315,
        "nauc_recall_at_3_max": 0.172002,
        "nauc_recall_at_3_std": 0.037692,
        "nauc_recall_at_3_diff1": 0.161789,
        "nauc_recall_at_5_max": 0.180739,
        "nauc_recall_at_5_std": 0.051772,
        "nauc_recall_at_5_diff1": 0.146396,
        "nauc_recall_at_10_max": 0.217506,
        "nauc_recall_at_10_std": 0.124923,
        "nauc_recall_at_10_diff1": 0.167283,
        "nauc_recall_at_20_max": 0.234315,
        "nauc_recall_at_20_std": 0.179563,
        "nauc_recall_at_20_diff1": 0.137355,
        "nauc_recall_at_100_max": 0.226984,
        "nauc_recall_at_100_std": 0.289579,
        "nauc_recall_at_100_diff1": 0.110187,
        "nauc_recall_at_1000_max": 0.203337,
        "nauc_recall_at_1000_std": 0.363111,
        "nauc_recall_at_1000_diff1": 0.076647,
        "nauc_precision_at_1_max": 0.140944,
        "nauc_precision_at_1_std": -0.002415,
        "nauc_precision_at_1_diff1": 0.220162,
        "nauc_precision_at_3_max": 0.172844,
        "nauc_precision_at_3_std": 0.039387,
        "nauc_precision_at_3_diff1": 0.165359,
        "nauc_precision_at_5_max": 0.18301,
        "nauc_precision_at_5_std": 0.054818,
        "nauc_precision_at_5_diff1": 0.150025,
        "nauc_precision_at_10_max": 0.220066,
        "nauc_precision_at_10_std": 0.126556,
        "nauc_precision_at_10_diff1": 0.171386,
        "nauc_precision_at_20_max": 0.239401,
        "nauc_precision_at_20_std": 0.18242,
        "nauc_precision_at_20_diff1": 0.144036,
        "nauc_precision_at_100_max": 0.233141,
        "nauc_precision_at_100_std": 0.290189,
        "nauc_precision_at_100_diff1": 0.116997,
        "nauc_precision_at_1000_max": 0.212935,
        "nauc_precision_at_1000_std": 0.358424,
        "nauc_precision_at_1000_diff1": 0.088592,
        "nauc_mrr_at_1_max": 0.140944,
        "nauc_mrr_at_1_std": -0.002415,
        "nauc_mrr_at_1_diff1": 0.220162,
        "nauc_mrr_at_3_max": 0.148744,
        "nauc_mrr_at_3_std": 0.023539,
        "nauc_mrr_at_3_diff1": 0.192177,
        "nauc_mrr_at_5_max": 0.150969,
        "nauc_mrr_at_5_std": 0.031681,
        "nauc_mrr_at_5_diff1": 0.185104,
        "nauc_mrr_at_10_max": 0.15765,
        "nauc_mrr_at_10_std": 0.039934,
        "nauc_mrr_at_10_diff1": 0.190707,
        "nauc_mrr_at_20_max": 0.157919,
        "nauc_mrr_at_20_std": 0.042298,
        "nauc_mrr_at_20_diff1": 0.18723,
        "nauc_mrr_at_100_max": 0.15941,
        "nauc_mrr_at_100_std": 0.043804,
        "nauc_mrr_at_100_diff1": 0.188975,
        "nauc_mrr_at_1000_max": 0.159323,
        "nauc_mrr_at_1000_std": 0.043562,
        "nauc_mrr_at_1000_diff1": 0.18901,
        "main_score": 0.1654,
        "hf_subset": "default",
        "languages": [
          "eng-Latn"
        ]
      }
    ]
  },
  "evaluation_time": 71.31770610809326,
  "kg_co2_emissions": null
}