{
  "dataset_revision": "70970daeab8776df92f5ea462b6173c0b46fd2d1",
  "task_name": "TwitterSemEval2015",
  "mteb_version": "1.36.29",
  "scores": {
    "test": [
      {
        "similarity_accuracy": 0.864934,
        "similarity_accuracy_threshold": 0.800123,
        "similarity_f1": 0.69733,
        "similarity_f1_threshold": 0.784939,
        "similarity_precision": 0.675997,
        "similarity_recall": 0.720053,
        "similarity_ap": 0.7563,
        "cosine_accuracy": 0.864934,
        "cosine_accuracy_threshold": 0.800123,
        "cosine_f1": 0.69733,
        "cosine_f1_threshold": 0.784939,
        "cosine_precision": 0.675997,
        "cosine_recall": 0.720053,
        "cosine_ap": 0.7563,
        "manhattan_accuracy": 0.869345,
        "manhattan_accuracy_threshold": 288.746521,
        "manhattan_f1": 0.705658,
        "manhattan_f1_threshold": 301.285645,
        "manhattan_precision": 0.680982,
        "manhattan_recall": 0.73219,
        "manhattan_ap": 0.762141,
        "euclidean_accuracy": 0.869405,
        "euclidean_accuracy_threshold": 13.138208,
        "euclidean_f1": 0.706058,
        "euclidean_f1_threshold": 13.763014,
        "euclidean_precision": 0.669187,
        "euclidean_recall": 0.74723,
        "euclidean_ap": 0.76213,
        "dot_accuracy": 0.820945,
        "dot_accuracy_threshold": 355.322479,
        "dot_f1": 0.592797,
        "dot_f1_threshold": 329.47937,
        "dot_precision": 0.509882,
        "dot_recall": 0.707916,
        "dot_ap": 0.612827,
        "max_accuracy": 0.869405,
        "max_f1": 0.706058,
        "max_precision": 0.680982,
        "max_recall": 0.74723,
        "max_ap": 0.762141,
        "main_score": 0.762141,
        "hf_subset": "default",
        "languages": [
          "eng-Latn"
        ]
      }
    ]
  },
  "evaluation_time": 15.50097107887268,
  "kg_co2_emissions": null
}