{
  "dataset_revision": "3a309e201f3c2c4b13bd4a367a8f37eee2ec1d21",
  "task_name": "ClimateFEVERHardNegatives",
  "mteb_version": "1.36.29",
  "scores": {
    "test": [
      {
        "ndcg_at_1": 0.227,
        "ndcg_at_3": 0.20248,
        "ndcg_at_5": 0.22243,
        "ndcg_at_10": 0.25581,
        "ndcg_at_20": 0.28484,
        "ndcg_at_100": 0.3385,
        "ndcg_at_1000": 0.37902,
        "map_at_1": 0.10203,
        "map_at_3": 0.14715,
        "map_at_5": 0.16317,
        "map_at_10": 0.17813,
        "map_at_20": 0.18775,
        "map_at_100": 0.19752,
        "map_at_1000": 0.19979,
        "recall_at_1": 0.10203,
        "recall_at_3": 0.1903,
        "recall_at_5": 0.24282,
        "recall_at_10": 0.31825,
        "recall_at_20": 0.4,
        "recall_at_100": 0.60692,
        "recall_at_1000": 0.8328,
        "precision_at_1": 0.227,
        "precision_at_3": 0.14833,
        "precision_at_5": 0.1172,
        "precision_at_10": 0.0805,
        "precision_at_20": 0.05255,
        "precision_at_100": 0.01699,
        "precision_at_1000": 0.00247,
        "mrr_at_1": 0.227,
        "mrr_at_3": 0.302667,
        "mrr_at_5": 0.323667,
        "mrr_at_10": 0.338056,
        "mrr_at_20": 0.345664,
        "mrr_at_100": 0.350731,
        "mrr_at_1000": 0.351049,
        "nauc_ndcg_at_1_max": 0.326075,
        "nauc_ndcg_at_1_std": 0.101019,
        "nauc_ndcg_at_1_diff1": 0.263754,
        "nauc_ndcg_at_3_max": 0.357829,
        "nauc_ndcg_at_3_std": 0.094493,
        "nauc_ndcg_at_3_diff1": 0.252548,
        "nauc_ndcg_at_5_max": 0.37585,
        "nauc_ndcg_at_5_std": 0.103953,
        "nauc_ndcg_at_5_diff1": 0.25265,
        "nauc_ndcg_at_10_max": 0.390258,
        "nauc_ndcg_at_10_std": 0.121027,
        "nauc_ndcg_at_10_diff1": 0.258223,
        "nauc_ndcg_at_20_max": 0.403709,
        "nauc_ndcg_at_20_std": 0.140257,
        "nauc_ndcg_at_20_diff1": 0.253964,
        "nauc_ndcg_at_100_max": 0.414759,
        "nauc_ndcg_at_100_std": 0.171131,
        "nauc_ndcg_at_100_diff1": 0.253184,
        "nauc_ndcg_at_1000_max": 0.417003,
        "nauc_ndcg_at_1000_std": 0.176499,
        "nauc_ndcg_at_1000_diff1": 0.251123,
        "nauc_map_at_1_max": 0.377627,
        "nauc_map_at_1_std": 0.031567,
        "nauc_map_at_1_diff1": 0.349506,
        "nauc_map_at_3_max": 0.37455,
        "nauc_map_at_3_std": 0.063414,
        "nauc_map_at_3_diff1": 0.291449,
        "nauc_map_at_5_max": 0.385061,
        "nauc_map_at_5_std": 0.075789,
        "nauc_map_at_5_diff1": 0.288083,
        "nauc_map_at_10_max": 0.394592,
        "nauc_map_at_10_std": 0.086827,
        "nauc_map_at_10_diff1": 0.289766,
        "nauc_map_at_20_max": 0.401257,
        "nauc_map_at_20_std": 0.095188,
        "nauc_map_at_20_diff1": 0.288319,
        "nauc_map_at_100_max": 0.405323,
        "nauc_map_at_100_std": 0.10466,
        "nauc_map_at_100_diff1": 0.287534,
        "nauc_map_at_1000_max": 0.405734,
        "nauc_map_at_1000_std": 0.105405,
        "nauc_map_at_1000_diff1": 0.287297,
        "nauc_recall_at_1_max": 0.377627,
        "nauc_recall_at_1_std": 0.031567,
        "nauc_recall_at_1_diff1": 0.349506,
        "nauc_recall_at_3_max": 0.344462,
        "nauc_recall_at_3_std": 0.081017,
        "nauc_recall_at_3_diff1": 0.231668,
        "nauc_recall_at_5_max": 0.353386,
        "nauc_recall_at_5_std": 0.102064,
        "nauc_recall_at_5_diff1": 0.212457,
        "nauc_recall_at_10_max": 0.360314,
        "nauc_recall_at_10_std": 0.125863,
        "nauc_recall_at_10_diff1": 0.215049,
        "nauc_recall_at_20_max": 0.37101,
        "nauc_recall_at_20_std": 0.160027,
        "nauc_recall_at_20_diff1": 0.188194,
        "nauc_recall_at_100_max": 0.365869,
        "nauc_recall_at_100_std": 0.249624,
        "nauc_recall_at_100_diff1": 0.153442,
        "nauc_recall_at_1000_max": 0.42022,
        "nauc_recall_at_1000_std": 0.382815,
        "nauc_recall_at_1000_diff1": 0.105153,
        "nauc_precision_at_1_max": 0.326075,
        "nauc_precision_at_1_std": 0.101019,
        "nauc_precision_at_1_diff1": 0.263754,
        "nauc_precision_at_3_max": 0.343909,
        "nauc_precision_at_3_std": 0.141051,
        "nauc_precision_at_3_diff1": 0.188102,
        "nauc_precision_at_5_max": 0.343061,
        "nauc_precision_at_5_std": 0.162012,
        "nauc_precision_at_5_diff1": 0.153809,
        "nauc_precision_at_10_max": 0.330913,
        "nauc_precision_at_10_std": 0.183968,
        "nauc_precision_at_10_diff1": 0.138395,
        "nauc_precision_at_20_max": 0.321479,
        "nauc_precision_at_20_std": 0.225181,
        "nauc_precision_at_20_diff1": 0.111146,
        "nauc_precision_at_100_max": 0.235137,
        "nauc_precision_at_100_std": 0.273426,
        "nauc_precision_at_100_diff1": 0.047617,
        "nauc_precision_at_1000_max": 0.074038,
        "nauc_precision_at_1000_std": 0.215106,
        "nauc_precision_at_1000_diff1": -0.051673,
        "nauc_mrr_at_1_max": 0.326075,
        "nauc_mrr_at_1_std": 0.101019,
        "nauc_mrr_at_1_diff1": 0.263754,
        "nauc_mrr_at_3_max": 0.330893,
        "nauc_mrr_at_3_std": 0.122162,
        "nauc_mrr_at_3_diff1": 0.219542,
        "nauc_mrr_at_5_max": 0.3382,
        "nauc_mrr_at_5_std": 0.127931,
        "nauc_mrr_at_5_diff1": 0.217237,
        "nauc_mrr_at_10_max": 0.340253,
        "nauc_mrr_at_10_std": 0.132139,
        "nauc_mrr_at_10_diff1": 0.220626,
        "nauc_mrr_at_20_max": 0.342824,
        "nauc_mrr_at_20_std": 0.134655,
        "nauc_mrr_at_20_diff1": 0.222028,
        "nauc_mrr_at_100_max": 0.342653,
        "nauc_mrr_at_100_std": 0.134132,
        "nauc_mrr_at_100_diff1": 0.223056,
        "nauc_mrr_at_1000_max": 0.342513,
        "nauc_mrr_at_1000_std": 0.133908,
        "nauc_mrr_at_1000_diff1": 0.222945,
        "main_score": 0.25581,
        "hf_subset": "default",
        "languages": [
          "eng-Latn"
        ]
      }
    ]
  },
  "evaluation_time": 139.25630903244019,
  "kg_co2_emissions": null
}