{
  "dataset_revision": "4885aa143210c98657558c04aaf3dc47cfb54340",
  "task_name": "CQADupstackGamingRetrieval",
  "mteb_version": "1.36.29",
  "scores": {
    "test": [
      {
        "ndcg_at_1": 0.4652,
        "ndcg_at_3": 0.52801,
        "ndcg_at_5": 0.55283,
        "ndcg_at_10": 0.57848,
        "ndcg_at_20": 0.59463,
        "ndcg_at_100": 0.61645,
        "ndcg_at_1000": 0.62886,
        "map_at_1": 0.40737,
        "map_at_3": 0.49254,
        "map_at_5": 0.50964,
        "map_at_10": 0.52268,
        "map_at_20": 0.52852,
        "map_at_100": 0.53226,
        "map_at_1000": 0.53286,
        "recall_at_1": 0.40737,
        "recall_at_3": 0.57201,
        "recall_at_5": 0.63338,
        "recall_at_10": 0.70701,
        "recall_at_20": 0.76463,
        "recall_at_100": 0.87162,
        "recall_at_1000": 0.95984,
        "precision_at_1": 0.4652,
        "precision_at_3": 0.23218,
        "precision_at_5": 0.15749,
        "precision_at_10": 0.09091,
        "precision_at_20": 0.05066,
        "precision_at_100": 0.01194,
        "precision_at_1000": 0.00134,
        "mrr_at_1": 0.465204,
        "mrr_at_3": 0.5372,
        "mrr_at_5": 0.550836,
        "mrr_at_10": 0.560167,
        "mrr_at_20": 0.563785,
        "mrr_at_100": 0.56601,
        "mrr_at_1000": 0.566342,
        "nauc_ndcg_at_1_max": 0.483357,
        "nauc_ndcg_at_1_std": -0.031978,
        "nauc_ndcg_at_1_diff1": 0.608931,
        "nauc_ndcg_at_3_max": 0.469046,
        "nauc_ndcg_at_3_std": -0.030268,
        "nauc_ndcg_at_3_diff1": 0.556212,
        "nauc_ndcg_at_5_max": 0.472063,
        "nauc_ndcg_at_5_std": -0.021838,
        "nauc_ndcg_at_5_diff1": 0.547077,
        "nauc_ndcg_at_10_max": 0.472557,
        "nauc_ndcg_at_10_std": -0.011877,
        "nauc_ndcg_at_10_diff1": 0.544474,
        "nauc_ndcg_at_20_max": 0.475345,
        "nauc_ndcg_at_20_std": -0.001072,
        "nauc_ndcg_at_20_diff1": 0.54397,
        "nauc_ndcg_at_100_max": 0.482557,
        "nauc_ndcg_at_100_std": 0.014107,
        "nauc_ndcg_at_100_diff1": 0.548804,
        "nauc_ndcg_at_1000_max": 0.481365,
        "nauc_ndcg_at_1000_std": 0.009993,
        "nauc_ndcg_at_1000_diff1": 0.551485,
        "nauc_map_at_1_max": 0.412299,
        "nauc_map_at_1_std": -0.072552,
        "nauc_map_at_1_diff1": 0.606935,
        "nauc_map_at_3_max": 0.451192,
        "nauc_map_at_3_std": -0.052345,
        "nauc_map_at_3_diff1": 0.56901,
        "nauc_map_at_5_max": 0.456655,
        "nauc_map_at_5_std": -0.042464,
        "nauc_map_at_5_diff1": 0.563104,
        "nauc_map_at_10_max": 0.459736,
        "nauc_map_at_10_std": -0.034529,
        "nauc_map_at_10_diff1": 0.560687,
        "nauc_map_at_20_max": 0.462832,
        "nauc_map_at_20_std": -0.02844,
        "nauc_map_at_20_diff1": 0.560734,
        "nauc_map_at_100_max": 0.464865,
        "nauc_map_at_100_std": -0.024662,
        "nauc_map_at_100_diff1": 0.561042,
        "nauc_map_at_1000_max": 0.464899,
        "nauc_map_at_1000_std": -0.024523,
        "nauc_map_at_1000_diff1": 0.561178,
        "nauc_recall_at_1_max": 0.412299,
        "nauc_recall_at_1_std": -0.072552,
        "nauc_recall_at_1_diff1": 0.606935,
        "nauc_recall_at_3_max": 0.442591,
        "nauc_recall_at_3_std": -0.045504,
        "nauc_recall_at_3_diff1": 0.513806,
        "nauc_recall_at_5_max": 0.449034,
        "nauc_recall_at_5_std": -0.013278,
        "nauc_recall_at_5_diff1": 0.47906,
        "nauc_recall_at_10_max": 0.445819,
        "nauc_recall_at_10_std": 0.019799,
        "nauc_recall_at_10_diff1": 0.45676,
        "nauc_recall_at_20_max": 0.45469,
        "nauc_recall_at_20_std": 0.074275,
        "nauc_recall_at_20_diff1": 0.439666,
        "nauc_recall_at_100_max": 0.511509,
        "nauc_recall_at_100_std": 0.257295,
        "nauc_recall_at_100_diff1": 0.437675,
        "nauc_recall_at_1000_max": 0.522764,
        "nauc_recall_at_1000_std": 0.463263,
        "nauc_recall_at_1000_diff1": 0.389076,
        "nauc_precision_at_1_max": 0.483357,
        "nauc_precision_at_1_std": -0.031978,
        "nauc_precision_at_1_diff1": 0.608931,
        "nauc_precision_at_3_max": 0.461433,
        "nauc_precision_at_3_std": 0.078267,
        "nauc_precision_at_3_diff1": 0.363989,
        "nauc_precision_at_5_max": 0.41845,
        "nauc_precision_at_5_std": 0.126783,
        "nauc_precision_at_5_diff1": 0.263642,
        "nauc_precision_at_10_max": 0.35652,
        "nauc_precision_at_10_std": 0.191103,
        "nauc_precision_at_10_diff1": 0.152971,
        "nauc_precision_at_20_max": 0.318753,
        "nauc_precision_at_20_std": 0.257649,
        "nauc_precision_at_20_diff1": 0.073513,
        "nauc_precision_at_100_max": 0.242267,
        "nauc_precision_at_100_std": 0.351289,
        "nauc_precision_at_100_diff1": -0.039056,
        "nauc_precision_at_1000_max": 0.138371,
        "nauc_precision_at_1000_std": 0.338434,
        "nauc_precision_at_1000_diff1": -0.120556,
        "nauc_mrr_at_1_max": 0.483357,
        "nauc_mrr_at_1_std": -0.031978,
        "nauc_mrr_at_1_diff1": 0.608931,
        "nauc_mrr_at_3_max": 0.492732,
        "nauc_mrr_at_3_std": -0.015599,
        "nauc_mrr_at_3_diff1": 0.572898,
        "nauc_mrr_at_5_max": 0.493857,
        "nauc_mrr_at_5_std": -0.009817,
        "nauc_mrr_at_5_diff1": 0.567453,
        "nauc_mrr_at_10_max": 0.492723,
        "nauc_mrr_at_10_std": -0.007551,
        "nauc_mrr_at_10_diff1": 0.56718,
        "nauc_mrr_at_20_max": 0.49229,
        "nauc_mrr_at_20_std": -0.006238,
        "nauc_mrr_at_20_diff1": 0.566985,
        "nauc_mrr_at_100_max": 0.492739,
        "nauc_mrr_at_100_std": -0.005456,
        "nauc_mrr_at_100_diff1": 0.567741,
        "nauc_mrr_at_1000_max": 0.492688,
        "nauc_mrr_at_1000_std": -0.005655,
        "nauc_mrr_at_1000_diff1": 0.567843,
        "main_score": 0.57848,
        "hf_subset": "default",
        "languages": [
          "eng-Latn"
        ]
      }
    ]
  },
  "evaluation_time": 73.9122109413147,
  "kg_co2_emissions": null
}