{
  "dataset_revision": "f33a205966ce032f957c3a22f4f9e378f89a2c56",
  "task_name": "PubChemAISentenceParaphrasePC",
  "mteb_version": "1.36.29",
  "scores": {
    "test": [
      {
        "similarity_accuracy": 0.979492,
        "similarity_accuracy_threshold": 0.860307,
        "similarity_f1": 0.895522,
        "similarity_f1_threshold": 0.852172,
        "similarity_precision": 0.913706,
        "similarity_recall": 0.878049,
        "similarity_ap": 0.935431,
        "cosine_accuracy": 0.979492,
        "cosine_accuracy_threshold": 0.860307,
        "cosine_f1": 0.895522,
        "cosine_f1_threshold": 0.852172,
        "cosine_precision": 0.913706,
        "cosine_recall": 0.878049,
        "cosine_ap": 0.935431,
        "manhattan_accuracy": 0.979492,
        "manhattan_accuracy_threshold": 204.791138,
        "manhattan_f1": 0.888889,
        "manhattan_f1_threshold": 206.196762,
        "manhattan_precision": 0.971098,
        "manhattan_recall": 0.819512,
        "manhattan_ap": 0.92717,
        "euclidean_accuracy": 0.97998,
        "euclidean_accuracy_threshold": 9.528608,
        "euclidean_f1": 0.89295,
        "euclidean_f1_threshold": 9.528608,
        "euclidean_precision": 0.960674,
        "euclidean_recall": 0.834146,
        "euclidean_ap": 0.927136,
        "dot_accuracy": 0.927734,
        "dot_accuracy_threshold": 324.711365,
        "dot_f1": 0.618605,
        "dot_f1_threshold": 287.828125,
        "dot_precision": 0.591111,
        "dot_recall": 0.64878,
        "dot_ap": 0.650496,
        "max_accuracy": 0.97998,
        "max_f1": 0.895522,
        "max_precision": 0.971098,
        "max_recall": 0.878049,
        "max_ap": 0.935431,
        "main_score": 0.935431,
        "hf_subset": "default",
        "languages": [
          "eng-Latn"
        ]
      }
    ]
  },
  "evaluation_time": 3.3671135902404785,
  "kg_co2_emissions": null
}