{
  "dataset_revision": "5037d69d177c9628fb79cb57eea1299178b28c1b",
  "task_name": "PubChemSynonymPC",
  "mteb_version": "1.36.29",
  "scores": {
    "test": [
      {
        "similarity_accuracy": 0.941406,
        "similarity_accuracy_threshold": 0.745558,
        "similarity_f1": 0.612903,
        "similarity_f1_threshold": 0.730305,
        "similarity_precision": 0.896226,
        "similarity_recall": 0.465686,
        "similarity_ap": 0.599912,
        "cosine_accuracy": 0.941406,
        "cosine_accuracy_threshold": 0.745558,
        "cosine_f1": 0.612903,
        "cosine_f1_threshold": 0.730305,
        "cosine_precision": 0.896226,
        "cosine_recall": 0.465686,
        "cosine_ap": 0.599912,
        "manhattan_accuracy": 0.938965,
        "manhattan_accuracy_threshold": 326.518311,
        "manhattan_f1": 0.613982,
        "manhattan_f1_threshold": 354.482605,
        "manhattan_precision": 0.808,
        "manhattan_recall": 0.495098,
        "manhattan_ap": 0.58236,
        "euclidean_accuracy": 0.939453,
        "euclidean_accuracy_threshold": 14.784721,
        "euclidean_f1": 0.606811,
        "euclidean_f1_threshold": 15.87034,
        "euclidean_precision": 0.823529,
        "euclidean_recall": 0.480392,
        "euclidean_ap": 0.584004,
        "dot_accuracy": 0.928711,
        "dot_accuracy_threshold": 367.684875,
        "dot_f1": 0.513716,
        "dot_f1_threshold": 314.59082,
        "dot_precision": 0.522843,
        "dot_recall": 0.504902,
        "dot_ap": 0.51946,
        "max_accuracy": 0.941406,
        "max_f1": 0.613982,
        "max_precision": 0.896226,
        "max_recall": 0.504902,
        "max_ap": 0.599912,
        "main_score": 0.599912,
        "hf_subset": "default",
        "languages": [
          "eng-Latn"
        ]
      }
    ]
  },
  "evaluation_time": 3.6254165172576904,
  "kg_co2_emissions": null
}