{
  "dataset_revision": "7fb14716e4106b72f51a16e682e5cd2d67e9bd70",
  "task_name": "PubChemWikiParagraphsPC",
  "mteb_version": "1.36.29",
  "scores": {
    "test": [
      {
        "similarity_accuracy": 0.899414,
        "similarity_accuracy_threshold": 0.970532,
        "similarity_f1": 0.320423,
        "similarity_f1_threshold": 0.745403,
        "similarity_precision": 0.250689,
        "similarity_recall": 0.443902,
        "similarity_ap": 0.210272,
        "cosine_accuracy": 0.899414,
        "cosine_accuracy_threshold": 0.970532,
        "cosine_f1": 0.320423,
        "cosine_f1_threshold": 0.745403,
        "cosine_precision": 0.250689,
        "cosine_recall": 0.443902,
        "cosine_ap": 0.210272,
        "manhattan_accuracy": 0.899414,
        "manhattan_accuracy_threshold": 111.815208,
        "manhattan_f1": 0.349882,
        "manhattan_f1_threshold": 291.430725,
        "manhattan_precision": 0.33945,
        "manhattan_recall": 0.360976,
        "manhattan_ap": 0.22451,
        "euclidean_accuracy": 0.899414,
        "euclidean_accuracy_threshold": 5.088083,
        "euclidean_f1": 0.347305,
        "euclidean_f1_threshold": 13.608363,
        "euclidean_precision": 0.293919,
        "euclidean_recall": 0.42439,
        "euclidean_ap": 0.227545,
        "dot_accuracy": 0.899414,
        "dot_accuracy_threshold": 505.341888,
        "dot_f1": 0.220096,
        "dot_f1_threshold": 248.085052,
        "dot_precision": 0.127981,
        "dot_recall": 0.785366,
        "dot_ap": 0.119219,
        "max_accuracy": 0.899414,
        "max_f1": 0.349882,
        "max_precision": 0.33945,
        "max_recall": 0.785366,
        "max_ap": 0.227545,
        "main_score": 0.227545,
        "hf_subset": "default",
        "languages": [
          "eng-Latn"
        ]
      }
    ]
  },
  "evaluation_time": 3.6494803428649902,
  "kg_co2_emissions": null
}