{
  "dataset_revision": "1840e8a5ac6ec752bbdd97d543ead0189bc7c25b",
  "task_name": "ChemHotpotQARetrieval",
  "mteb_version": "1.36.29",
  "scores": {
    "train": [
      {
        "ndcg_at_1": 0.8,
        "ndcg_at_3": 0.84673,
        "ndcg_at_5": 0.8582,
        "ndcg_at_10": 0.86611,
        "ndcg_at_20": 0.86888,
        "ndcg_at_100": 0.87619,
        "ndcg_at_1000": 0.87788,
        "map_at_1": 0.78333,
        "map_at_3": 0.83241,
        "map_at_5": 0.8388,
        "map_at_10": 0.84236,
        "map_at_20": 0.8431,
        "map_at_100": 0.8442,
        "map_at_1000": 0.84427,
        "recall_at_1": 0.78333,
        "recall_at_3": 0.88056,
        "recall_at_5": 0.90833,
        "recall_at_10": 0.93056,
        "recall_at_20": 0.94167,
        "recall_at_100": 0.98056,
        "recall_at_1000": 0.99444,
        "precision_at_1": 0.8,
        "precision_at_3": 0.30185,
        "precision_at_5": 0.18667,
        "precision_at_10": 0.09611,
        "precision_at_20": 0.04861,
        "precision_at_100": 0.01017,
        "precision_at_1000": 0.00103,
        "mrr_at_1": 0.8,
        "mrr_at_3": 0.840741,
        "mrr_at_5": 0.84713,
        "mrr_at_10": 0.850602,
        "mrr_at_20": 0.851343,
        "mrr_at_100": 0.852093,
        "mrr_at_1000": 0.852112,
        "nauc_ndcg_at_1_max": 0.674478,
        "nauc_ndcg_at_1_std": -0.089313,
        "nauc_ndcg_at_1_diff1": 0.891497,
        "nauc_ndcg_at_3_max": 0.628061,
        "nauc_ndcg_at_3_std": -0.122936,
        "nauc_ndcg_at_3_diff1": 0.792065,
        "nauc_ndcg_at_5_max": 0.616367,
        "nauc_ndcg_at_5_std": -0.114222,
        "nauc_ndcg_at_5_diff1": 0.779497,
        "nauc_ndcg_at_10_max": 0.596722,
        "nauc_ndcg_at_10_std": -0.165752,
        "nauc_ndcg_at_10_diff1": 0.786602,
        "nauc_ndcg_at_20_max": 0.595636,
        "nauc_ndcg_at_20_std": -0.150865,
        "nauc_ndcg_at_20_diff1": 0.785204,
        "nauc_ndcg_at_100_max": 0.59788,
        "nauc_ndcg_at_100_std": -0.149122,
        "nauc_ndcg_at_100_diff1": 0.796159,
        "nauc_ndcg_at_1000_max": 0.605801,
        "nauc_ndcg_at_1000_std": -0.149692,
        "nauc_ndcg_at_1000_diff1": 0.805408,
        "nauc_map_at_1_max": 0.562538,
        "nauc_map_at_1_std": -0.170805,
        "nauc_map_at_1_diff1": 0.829019,
        "nauc_map_at_3_max": 0.608377,
        "nauc_map_at_3_std": -0.134499,
        "nauc_map_at_3_diff1": 0.786627,
        "nauc_map_at_5_max": 0.601716,
        "nauc_map_at_5_std": -0.130381,
        "nauc_map_at_5_diff1": 0.779938,
        "nauc_map_at_10_max": 0.593837,
        "nauc_map_at_10_std": -0.15039,
        "nauc_map_at_10_diff1": 0.782588,
        "nauc_map_at_20_max": 0.593508,
        "nauc_map_at_20_std": -0.147202,
        "nauc_map_at_20_diff1": 0.782367,
        "nauc_map_at_100_max": 0.593928,
        "nauc_map_at_100_std": -0.146826,
        "nauc_map_at_100_diff1": 0.783995,
        "nauc_map_at_1000_max": 0.594543,
        "nauc_map_at_1000_std": -0.146572,
        "nauc_map_at_1000_diff1": 0.784671,
        "nauc_recall_at_1_max": 0.562538,
        "nauc_recall_at_1_std": -0.170805,
        "nauc_recall_at_1_diff1": 0.829019,
        "nauc_recall_at_3_max": 0.614614,
        "nauc_recall_at_3_std": -0.127515,
        "nauc_recall_at_3_diff1": 0.709216,
        "nauc_recall_at_5_max": 0.562558,
        "nauc_recall_at_5_std": -0.098195,
        "nauc_recall_at_5_diff1": 0.634114,
        "nauc_recall_at_10_max": 0.443492,
        "nauc_recall_at_10_std": -0.357218,
        "nauc_recall_at_10_diff1": 0.624034,
        "nauc_recall_at_20_max": 0.406407,
        "nauc_recall_at_20_std": -0.261905,
        "nauc_recall_at_20_diff1": 0.578876,
        "nauc_recall_at_100_max": 0.109177,
        "nauc_recall_at_100_std": -0.468254,
        "nauc_recall_at_100_diff1": 0.529212,
        "nauc_recall_at_1000_max": -0.171335,
        "nauc_recall_at_1000_std": -1.739963,
        "nauc_recall_at_1000_diff1": 1.0,
        "nauc_precision_at_1_max": 0.674478,
        "nauc_precision_at_1_std": -0.089313,
        "nauc_precision_at_1_diff1": 0.891497,
        "nauc_precision_at_3_max": 0.667084,
        "nauc_precision_at_3_std": 0.086399,
        "nauc_precision_at_3_diff1": 0.56385,
        "nauc_precision_at_5_max": 0.642862,
        "nauc_precision_at_5_std": 0.159221,
        "nauc_precision_at_5_diff1": 0.475376,
        "nauc_precision_at_10_max": 0.467195,
        "nauc_precision_at_10_std": -0.034832,
        "nauc_precision_at_10_diff1": 0.356096,
        "nauc_precision_at_20_max": 0.445767,
        "nauc_precision_at_20_std": 0.068274,
        "nauc_precision_at_20_diff1": 0.29281,
        "nauc_precision_at_100_max": 0.278137,
        "nauc_precision_at_100_std": 0.223913,
        "nauc_precision_at_100_diff1": 0.077393,
        "nauc_precision_at_1000_max": 0.307641,
        "nauc_precision_at_1000_std": 0.264355,
        "nauc_precision_at_1000_diff1": 0.080266,
        "nauc_mrr_at_1_max": 0.674478,
        "nauc_mrr_at_1_std": -0.089313,
        "nauc_mrr_at_1_diff1": 0.891497,
        "nauc_mrr_at_3_max": 0.683102,
        "nauc_mrr_at_3_std": -0.089077,
        "nauc_mrr_at_3_diff1": 0.871514,
        "nauc_mrr_at_5_max": 0.67926,
        "nauc_mrr_at_5_std": -0.082908,
        "nauc_mrr_at_5_diff1": 0.868064,
        "nauc_mrr_at_10_max": 0.673123,
        "nauc_mrr_at_10_std": -0.101855,
        "nauc_mrr_at_10_diff1": 0.872832,
        "nauc_mrr_at_20_max": 0.673196,
        "nauc_mrr_at_20_std": -0.098278,
        "nauc_mrr_at_20_diff1": 0.873075,
        "nauc_mrr_at_100_max": 0.672678,
        "nauc_mrr_at_100_std": -0.098653,
        "nauc_mrr_at_100_diff1": 0.873254,
        "nauc_mrr_at_1000_max": 0.672664,
        "nauc_mrr_at_1000_std": -0.098702,
        "nauc_mrr_at_1000_diff1": 0.873263,
        "main_score": 0.86611,
        "hf_subset": "default",
        "languages": [
          "eng-Latn"
        ]
      }
    ],
    "dev": [
      {
        "ndcg_at_1": 0.75,
        "ndcg_at_3": 0.82887,
        "ndcg_at_5": 0.82887,
        "ndcg_at_10": 0.82887,
        "ndcg_at_20": 0.82887,
        "ndcg_at_100": 0.82887,
        "ndcg_at_1000": 0.84628,
        "map_at_1": 0.75,
        "map_at_3": 0.8125,
        "map_at_5": 0.8125,
        "map_at_10": 0.8125,
        "map_at_20": 0.8125,
        "map_at_100": 0.8125,
        "map_at_1000": 0.81337,
        "recall_at_1": 0.75,
        "recall_at_3": 0.875,
        "recall_at_5": 0.875,
        "recall_at_10": 0.875,
        "recall_at_20": 0.875,
        "recall_at_100": 0.875,
        "recall_at_1000": 1.0,
        "precision_at_1": 0.75,
        "precision_at_3": 0.29167,
        "precision_at_5": 0.175,
        "precision_at_10": 0.0875,
        "precision_at_20": 0.04375,
        "precision_at_100": 0.00875,
        "precision_at_1000": 0.001,
        "mrr_at_1": 0.75,
        "mrr_at_3": 0.8125,
        "mrr_at_5": 0.8125,
        "mrr_at_10": 0.8125,
        "mrr_at_20": 0.8125,
        "mrr_at_100": 0.8125,
        "mrr_at_1000": 0.813368,
        "nauc_ndcg_at_1_max": 1.0,
        "nauc_ndcg_at_1_std": 0.196396,
        "nauc_ndcg_at_1_diff1": 1.0,
        "nauc_ndcg_at_3_max": 1.0,
        "nauc_ndcg_at_3_std": 0.366352,
        "nauc_ndcg_at_3_diff1": 0.935707,
        "nauc_ndcg_at_5_max": 1.0,
        "nauc_ndcg_at_5_std": 0.366352,
        "nauc_ndcg_at_5_diff1": 0.935707,
        "nauc_ndcg_at_10_max": 1.0,
        "nauc_ndcg_at_10_std": 0.366352,
        "nauc_ndcg_at_10_diff1": 0.935707,
        "nauc_ndcg_at_20_max": 1.0,
        "nauc_ndcg_at_20_std": 0.366352,
        "nauc_ndcg_at_20_diff1": 0.935707,
        "nauc_ndcg_at_100_max": 1.0,
        "nauc_ndcg_at_100_std": 0.366352,
        "nauc_ndcg_at_100_diff1": 0.935707,
        "nauc_ndcg_at_1000_max": 1.0,
        "nauc_ndcg_at_1000_std": 0.344464,
        "nauc_ndcg_at_1000_diff1": 0.943987,
        "nauc_map_at_1_max": 1.0,
        "nauc_map_at_1_std": 0.196396,
        "nauc_map_at_1_diff1": 1.0,
        "nauc_map_at_3_max": 1.0,