{
  "dataset_revision": "3a309e201f3c2c4b13bd4a367a8f37eee2ec1d21",
  "task_name": "ClimateFEVERHardNegatives",
  "mteb_version": "1.36.29",
  "scores": {
    "test": [
      {
        "ndcg_at_1": 0.22,
        "ndcg_at_3": 0.19399,
        "ndcg_at_5": 0.21231,
        "ndcg_at_10": 0.24625,
        "ndcg_at_20": 0.27489,
        "ndcg_at_100": 0.32789,
        "ndcg_at_1000": 0.36915,
        "map_at_1": 0.09803,
        "map_at_3": 0.14087,
        "map_at_5": 0.15512,
        "map_at_10": 0.17005,
        "map_at_20": 0.17945,
        "map_at_100": 0.18884,
        "map_at_1000": 0.19114,
        "recall_at_1": 0.09803,
        "recall_at_3": 0.1839,
        "recall_at_5": 0.23202,
        "recall_at_10": 0.3099,
        "recall_at_20": 0.39105,
        "recall_at_100": 0.59647,
        "recall_at_1000": 0.82603,
        "precision_at_1": 0.22,
        "precision_at_3": 0.14267,
        "precision_at_5": 0.112,
        "precision_at_10": 0.0778,
        "precision_at_20": 0.0511,
        "precision_at_100": 0.01665,
        "precision_at_1000": 0.00244,
        "mrr_at_1": 0.22,
        "mrr_at_3": 0.289667,
        "mrr_at_5": 0.310117,
        "mrr_at_10": 0.325423,
        "mrr_at_20": 0.332787,
        "mrr_at_100": 0.33791,
        "mrr_at_1000": 0.338266,
        "nauc_ndcg_at_1_max": 0.349629,
        "nauc_ndcg_at_1_std": 0.114322,
        "nauc_ndcg_at_1_diff1": 0.249242,
        "nauc_ndcg_at_3_max": 0.363536,
        "nauc_ndcg_at_3_std": 0.081761,
        "nauc_ndcg_at_3_diff1": 0.269312,
        "nauc_ndcg_at_5_max": 0.373309,
        "nauc_ndcg_at_5_std": 0.094272,
        "nauc_ndcg_at_5_diff1": 0.260308,
        "nauc_ndcg_at_10_max": 0.397299,
        "nauc_ndcg_at_10_std": 0.122093,
        "nauc_ndcg_at_10_diff1": 0.269417,
        "nauc_ndcg_at_20_max": 0.406758,
        "nauc_ndcg_at_20_std": 0.135324,
        "nauc_ndcg_at_20_diff1": 0.263846,
        "nauc_ndcg_at_100_max": 0.419322,
        "nauc_ndcg_at_100_std": 0.171619,
        "nauc_ndcg_at_100_diff1": 0.268737,
        "nauc_ndcg_at_1000_max": 0.423883,
        "nauc_ndcg_at_1000_std": 0.175912,
        "nauc_ndcg_at_1000_diff1": 0.264925,
        "nauc_map_at_1_max": 0.401874,
        "nauc_map_at_1_std": 0.04919,
        "nauc_map_at_1_diff1": 0.35067,
        "nauc_map_at_3_max": 0.381328,
        "nauc_map_at_3_std": 0.056937,
        "nauc_map_at_3_diff1": 0.310192,
        "nauc_map_at_5_max": 0.388535,
        "nauc_map_at_5_std": 0.070896,
        "nauc_map_at_5_diff1": 0.299361,
        "nauc_map_at_10_max": 0.40171,
        "nauc_map_at_10_std": 0.086587,
        "nauc_map_at_10_diff1": 0.30217,
        "nauc_map_at_20_max": 0.407584,
        "nauc_map_at_20_std": 0.09386,
        "nauc_map_at_20_diff1": 0.300584,
        "nauc_map_at_100_max": 0.412286,
        "nauc_map_at_100_std": 0.10458,
        "nauc_map_at_100_diff1": 0.30109,
        "nauc_map_at_1000_max": 0.412864,
        "nauc_map_at_1000_std": 0.105364,
        "nauc_map_at_1000_diff1": 0.300587,
        "nauc_recall_at_1_max": 0.401874,
        "nauc_recall_at_1_std": 0.04919,
        "nauc_recall_at_1_diff1": 0.35067,
        "nauc_recall_at_3_max": 0.337417,
        "nauc_recall_at_3_std": 0.055744,
        "nauc_recall_at_3_diff1": 0.26106,
        "nauc_recall_at_5_max": 0.33558,
        "nauc_recall_at_5_std": 0.085773,
        "nauc_recall_at_5_diff1": 0.222423,
        "nauc_recall_at_10_max": 0.360133,
        "nauc_recall_at_10_std": 0.128293,
        "nauc_recall_at_10_diff1": 0.232413,
        "nauc_recall_at_20_max": 0.365082,
        "nauc_recall_at_20_std": 0.151706,
        "nauc_recall_at_20_diff1": 0.203682,
        "nauc_recall_at_100_max": 0.358136,
        "nauc_recall_at_100_std": 0.250669,
        "nauc_recall_at_100_diff1": 0.188309,
        "nauc_recall_at_1000_max": 0.412306,
        "nauc_recall_at_1000_std": 0.368129,
        "nauc_recall_at_1000_diff1": 0.14609,
        "nauc_precision_at_1_max": 0.349629,
        "nauc_precision_at_1_std": 0.114322,
        "nauc_precision_at_1_diff1": 0.249242,
        "nauc_precision_at_3_max": 0.338688,
        "nauc_precision_at_3_std": 0.113849,
        "nauc_precision_at_3_diff1": 0.209145,
        "nauc_precision_at_5_max": 0.328814,
        "nauc_precision_at_5_std": 0.134103,
        "nauc_precision_at_5_diff1": 0.162505,
        "nauc_precision_at_10_max": 0.340857,
        "nauc_precision_at_10_std": 0.188924,
        "nauc_precision_at_10_diff1": 0.151008,
        "nauc_precision_at_20_max": 0.326811,
        "nauc_precision_at_20_std": 0.206118,
        "nauc_precision_at_20_diff1": 0.124493,
        "nauc_precision_at_100_max": 0.245103,
        "nauc_precision_at_100_std": 0.273189,
        "nauc_precision_at_100_diff1": 0.075933,
        "nauc_precision_at_1000_max": 0.087584,
        "nauc_precision_at_1000_std": 0.204076,
        "nauc_precision_at_1000_diff1": -0.037575,
        "nauc_mrr_at_1_max": 0.349629,
        "nauc_mrr_at_1_std": 0.114322,
        "nauc_mrr_at_1_diff1": 0.249242,
        "nauc_mrr_at_3_max": 0.34267,
        "nauc_mrr_at_3_std": 0.115771,
        "nauc_mrr_at_3_diff1": 0.221455,
        "nauc_mrr_at_5_max": 0.344128,
        "nauc_mrr_at_5_std": 0.121702,
        "nauc_mrr_at_5_diff1": 0.21501,
        "nauc_mrr_at_10_max": 0.352862,
        "nauc_mrr_at_10_std": 0.132649,
        "nauc_mrr_at_10_diff1": 0.219955,
        "nauc_mrr_at_20_max": 0.353183,
        "nauc_mrr_at_20_std": 0.132815,
        "nauc_mrr_at_20_diff1": 0.220403,
        "nauc_mrr_at_100_max": 0.35342,
        "nauc_mrr_at_100_std": 0.133437,
        "nauc_mrr_at_100_diff1": 0.221591,
        "nauc_mrr_at_1000_max": 0.353359,
        "nauc_mrr_at_1000_std": 0.133224,
        "nauc_mrr_at_1000_diff1": 0.221468,
        "main_score": 0.24625,
        "hf_subset": "default",
        "languages": [
          "eng-Latn"
        ]
      }
    ]
  },
  "evaluation_time": 136.99780821800232,
  "kg_co2_emissions": null
}