{
  "dataset_revision": "617612fa63afcb60e3b134bed8b7216a99707c37",
  "task_name": "HotpotQAHardNegatives",
  "mteb_version": "1.36.29",
  "scores": {
    "test": [
      {
        "ndcg_at_1": 0.779,
        "ndcg_at_3": 0.6606,
        "ndcg_at_5": 0.69269,
        "ndcg_at_10": 0.72115,
        "ndcg_at_20": 0.7377,
        "ndcg_at_100": 0.75799,
        "ndcg_at_1000": 0.76763,
        "map_at_1": 0.3895,
        "map_at_3": 0.59425,
        "map_at_5": 0.61998,
        "map_at_10": 0.6372,
        "map_at_20": 0.6441,
        "map_at_100": 0.64822,
        "map_at_1000": 0.64873,
        "recall_at_1": 0.3895,
        "recall_at_3": 0.638,
        "recall_at_5": 0.701,
        "recall_at_10": 0.772,
        "recall_at_20": 0.825,
        "recall_at_100": 0.914,
        "recall_at_1000": 0.978,
        "precision_at_1": 0.779,
        "precision_at_3": 0.42533,
        "precision_at_5": 0.2804,
        "precision_at_10": 0.1544,
        "precision_at_20": 0.0825,
        "precision_at_100": 0.01828,
        "precision_at_1000": 0.00196,
        "mrr_at_1": 0.779,
        "mrr_at_3": 0.827833,
        "mrr_at_5": 0.834983,
        "mrr_at_10": 0.839443,
        "mrr_at_20": 0.840647,
        "mrr_at_100": 0.841585,
        "mrr_at_1000": 0.8416,
        "nauc_ndcg_at_1_max": 0.461945,
        "nauc_ndcg_at_1_std": -0.071959,
        "nauc_ndcg_at_1_diff1": 0.703828,
        "nauc_ndcg_at_3_max": 0.230306,
        "nauc_ndcg_at_3_std": -0.128349,
        "nauc_ndcg_at_3_diff1": 0.249049,
        "nauc_ndcg_at_5_max": 0.218749,
        "nauc_ndcg_at_5_std": -0.118072,
        "nauc_ndcg_at_5_diff1": 0.247485,
        "nauc_ndcg_at_10_max": 0.216226,
        "nauc_ndcg_at_10_std": -0.117871,
        "nauc_ndcg_at_10_diff1": 0.234961,
        "nauc_ndcg_at_20_max": 0.222975,
        "nauc_ndcg_at_20_std": -0.104994,
        "nauc_ndcg_at_20_diff1": 0.239226,
        "nauc_ndcg_at_100_max": 0.22159,
        "nauc_ndcg_at_100_std": -0.087861,
        "nauc_ndcg_at_100_diff1": 0.242194,
        "nauc_ndcg_at_1000_max": 0.233754,
        "nauc_ndcg_at_1000_std": -0.091547,
        "nauc_ndcg_at_1000_diff1": 0.262304,
        "nauc_map_at_1_max": 0.461945,
        "nauc_map_at_1_std": -0.071959,
        "nauc_map_at_1_diff1": 0.703828,
        "nauc_map_at_3_max": 0.189593,
        "nauc_map_at_3_std": -0.133418,
        "nauc_map_at_3_diff1": 0.18911,
        "nauc_map_at_5_max": 0.183815,
        "nauc_map_at_5_std": -0.125971,
        "nauc_map_at_5_diff1": 0.192133,
        "nauc_map_at_10_max": 0.184505,
        "nauc_map_at_10_std": -0.124404,
        "nauc_map_at_10_diff1": 0.187195,
        "nauc_map_at_20_max": 0.185863,
        "nauc_map_at_20_std": -0.120627,
        "nauc_map_at_20_diff1": 0.188369,
        "nauc_map_at_100_max": 0.186085,
        "nauc_map_at_100_std": -0.118187,
        "nauc_map_at_100_diff1": 0.188775,
        "nauc_map_at_1000_max": 0.186451,
        "nauc_map_at_1000_std": -0.118112,
        "nauc_map_at_1000_diff1": 0.189442,
        "nauc_recall_at_1_max": 0.461945,
        "nauc_recall_at_1_std": -0.071959,
        "nauc_recall_at_1_diff1": 0.703828,
        "nauc_recall_at_3_max": 0.170332,
        "nauc_recall_at_3_std": -0.138159,
        "nauc_recall_at_3_diff1": 0.125723,
        "nauc_recall_at_5_max": 0.136031,
        "nauc_recall_at_5_std": -0.115582,
        "nauc_recall_at_5_diff1": 0.105388,
        "nauc_recall_at_10_max": 0.107044,
        "nauc_recall_at_10_std": -0.107973,
        "nauc_recall_at_10_diff1": 0.035027,
        "nauc_recall_at_20_max": 0.111921,
        "nauc_recall_at_20_std": -0.050823,
        "nauc_recall_at_20_diff1": 0.010219,
        "nauc_recall_at_100_max": 0.004716,
        "nauc_recall_at_100_std": 0.152329,
        "nauc_recall_at_100_diff1": -0.144852,
        "nauc_recall_at_1000_max": 0.125584,
        "nauc_recall_at_1000_std": 0.50434,
        "nauc_recall_at_1000_diff1": -0.088235,
        "nauc_precision_at_1_max": 0.461945,
        "nauc_precision_at_1_std": -0.071959,
        "nauc_precision_at_1_diff1": 0.703828,
        "nauc_precision_at_3_max": 0.170332,
        "nauc_precision_at_3_std": -0.138159,
        "nauc_precision_at_3_diff1": 0.125723,
        "nauc_precision_at_5_max": 0.136031,
        "nauc_precision_at_5_std": -0.115582,
        "nauc_precision_at_5_diff1": 0.105388,
        "nauc_precision_at_10_max": 0.107044,
        "nauc_precision_at_10_std": -0.107973,
        "nauc_precision_at_10_diff1": 0.035027,
        "nauc_precision_at_20_max": 0.111921,
        "nauc_precision_at_20_std": -0.050823,
        "nauc_precision_at_20_diff1": 0.010219,
        "nauc_precision_at_100_max": 0.004716,
        "nauc_precision_at_100_std": 0.152329,
        "nauc_precision_at_100_diff1": -0.144852,
        "nauc_precision_at_1000_max": 0.125584,
        "nauc_precision_at_1000_std": 0.50434,
        "nauc_precision_at_1000_diff1": -0.088235,
        "nauc_mrr_at_1_max": 0.461945,
        "nauc_mrr_at_1_std": -0.071959,
        "nauc_mrr_at_1_diff1": 0.703828,
        "nauc_mrr_at_3_max": 0.477762,
        "nauc_mrr_at_3_std": -0.087073,
        "nauc_mrr_at_3_diff1": 0.686722,
        "nauc_mrr_at_5_max": 0.475121,
        "nauc_mrr_at_5_std": -0.08429,
        "nauc_mrr_at_5_diff1": 0.686685,
        "nauc_mrr_at_10_max": 0.470807,
        "nauc_mrr_at_10_std": -0.09108,
        "nauc_mrr_at_10_diff1": 0.68734,
        "nauc_mrr_at_20_max": 0.473481,
        "nauc_mrr_at_20_std": -0.090125,
        "nauc_mrr_at_20_diff1": 0.688508,
        "nauc_mrr_at_100_max": 0.472897,
        "nauc_mrr_at_100_std": -0.089113,
        "nauc_mrr_at_100_diff1": 0.688498,
        "nauc_mrr_at_1000_max": 0.472889,
        "nauc_mrr_at_1000_std": -0.089149,
        "nauc_mrr_at_1000_diff1": 0.688489,
        "main_score": 0.72115,
        "hf_subset": "default",
        "languages": [
          "eng-Latn"
        ]
      }
    ]
  },
  "evaluation_time": 271.5610566139221,
  "kg_co2_emissions": null
}