{
  "dataset_revision": "27a168819829fe9bcd655c2df245fb19452e8e06",
  "task_name": "FiQA2018",
  "mteb_version": "1.36.29",
  "scores": {
    "test": [
      {
        "ndcg_at_1": 0.29321,
        "ndcg_at_3": 0.27732,
        "ndcg_at_5": 0.29314,
        "ndcg_at_10": 0.31706,
        "ndcg_at_20": 0.33622,
        "ndcg_at_100": 0.37806,
        "ndcg_at_1000": 0.41395,
        "map_at_1": 0.15122,
        "map_at_3": 0.21234,
        "map_at_5": 0.23253,
        "map_at_10": 0.24807,
        "map_at_20": 0.25536,
        "map_at_100": 0.26276,
        "map_at_1000": 0.26469,
        "recall_at_1": 0.15122,
        "recall_at_3": 0.25534,
        "recall_at_5": 0.31578,
        "recall_at_10": 0.38677,
        "recall_at_20": 0.44539,
        "recall_at_100": 0.61885,
        "recall_at_1000": 0.83698,
        "precision_at_1": 0.29321,
        "precision_at_3": 0.18621,
        "precision_at_5": 0.14105,
        "precision_at_10": 0.08966,
        "precision_at_20": 0.05278,
        "precision_at_100": 0.01534,
        "precision_at_1000": 0.00216,
        "mrr_at_1": 0.29321,
        "mrr_at_3": 0.35108,
        "mrr_at_5": 0.368827,
        "mrr_at_10": 0.379415,
        "mrr_at_20": 0.383883,
        "mrr_at_100": 0.388046,
        "mrr_at_1000": 0.388636,
        "nauc_ndcg_at_1_max": 0.349355,
        "nauc_ndcg_at_1_std": -0.084537,
        "nauc_ndcg_at_1_diff1": 0.517682,
        "nauc_ndcg_at_3_max": 0.326403,
        "nauc_ndcg_at_3_std": -0.061628,
        "nauc_ndcg_at_3_diff1": 0.442545,
        "nauc_ndcg_at_5_max": 0.300135,
        "nauc_ndcg_at_5_std": -0.053964,
        "nauc_ndcg_at_5_diff1": 0.416452,
        "nauc_ndcg_at_10_max": 0.2973,
        "nauc_ndcg_at_10_std": -0.025418,
        "nauc_ndcg_at_10_diff1": 0.415013,
        "nauc_ndcg_at_20_max": 0.295667,
        "nauc_ndcg_at_20_std": -0.012317,
        "nauc_ndcg_at_20_diff1": 0.406297,
        "nauc_ndcg_at_100_max": 0.314016,
        "nauc_ndcg_at_100_std": 0.00592,
        "nauc_ndcg_at_100_diff1": 0.406868,
        "nauc_ndcg_at_1000_max": 0.32499,
        "nauc_ndcg_at_1000_std": 0.011166,
        "nauc_ndcg_at_1000_diff1": 0.403074,
        "nauc_map_at_1_max": 0.209644,
        "nauc_map_at_1_std": -0.093663,
        "nauc_map_at_1_diff1": 0.451868,
        "nauc_map_at_3_max": 0.265062,
        "nauc_map_at_3_std": -0.073432,
        "nauc_map_at_3_diff1": 0.447093,
        "nauc_map_at_5_max": 0.276516,
        "nauc_map_at_5_std": -0.067083,
        "nauc_map_at_5_diff1": 0.431552,
        "nauc_map_at_10_max": 0.284821,
        "nauc_map_at_10_std": -0.050338,
        "nauc_map_at_10_diff1": 0.429726,
        "nauc_map_at_20_max": 0.28458,
        "nauc_map_at_20_std": -0.044544,
        "nauc_map_at_20_diff1": 0.426411,
        "nauc_map_at_100_max": 0.289487,
        "nauc_map_at_100_std": -0.039694,
        "nauc_map_at_100_diff1": 0.426029,
        "nauc_map_at_1000_max": 0.290724,
        "nauc_map_at_1000_std": -0.038846,
        "nauc_map_at_1000_diff1": 0.425652,
        "nauc_recall_at_1_max": 0.209644,
        "nauc_recall_at_1_std": -0.093663,
        "nauc_recall_at_1_diff1": 0.451868,
        "nauc_recall_at_3_max": 0.229801,
        "nauc_recall_at_3_std": -0.066784,
        "nauc_recall_at_3_diff1": 0.397943,
        "nauc_recall_at_5_max": 0.207309,
        "nauc_recall_at_5_std": -0.0407,
        "nauc_recall_at_5_diff1": 0.329644,
        "nauc_recall_at_10_max": 0.210511,
        "nauc_recall_at_10_std": 0.025863,
        "nauc_recall_at_10_diff1": 0.308903,
        "nauc_recall_at_20_max": 0.204025,
        "nauc_recall_at_20_std": 0.060565,
        "nauc_recall_at_20_diff1": 0.277868,
        "nauc_recall_at_100_max": 0.228328,
        "nauc_recall_at_100_std": 0.131099,
        "nauc_recall_at_100_diff1": 0.257309,
        "nauc_recall_at_1000_max": 0.21373,
        "nauc_recall_at_1000_std": 0.232373,
        "nauc_recall_at_1000_diff1": 0.165732,
        "nauc_precision_at_1_max": 0.349355,
        "nauc_precision_at_1_std": -0.084537,
        "nauc_precision_at_1_diff1": 0.517682,
        "nauc_precision_at_3_max": 0.386857,
        "nauc_precision_at_3_std": -0.024926,
        "nauc_precision_at_3_diff1": 0.382153,
        "nauc_precision_at_5_max": 0.403732,
        "nauc_precision_at_5_std": 0.004853,
        "nauc_precision_at_5_diff1": 0.305716,
        "nauc_precision_at_10_max": 0.390493,
        "nauc_precision_at_10_std": 0.075942,
        "nauc_precision_at_10_diff1": 0.238065,
        "nauc_precision_at_20_max": 0.359442,
        "nauc_precision_at_20_std": 0.110138,
        "nauc_precision_at_20_diff1": 0.186264,
        "nauc_precision_at_100_max": 0.357097,
        "nauc_precision_at_100_std": 0.162591,
        "nauc_precision_at_100_diff1": 0.08793,
        "nauc_precision_at_1000_max": 0.341104,
        "nauc_precision_at_1000_std": 0.19427,
        "nauc_precision_at_1000_diff1": -0.035073,
        "nauc_mrr_at_1_max": 0.349355,
        "nauc_mrr_at_1_std": -0.084537,
        "nauc_mrr_at_1_diff1": 0.517682,
        "nauc_mrr_at_3_max": 0.349701,
        "nauc_mrr_at_3_std": -0.067229,
        "nauc_mrr_at_3_diff1": 0.475792,
        "nauc_mrr_at_5_max": 0.34661,
        "nauc_mrr_at_5_std": -0.056101,
        "nauc_mrr_at_5_diff1": 0.461961,
        "nauc_mrr_at_10_max": 0.346581,
        "nauc_mrr_at_10_std": -0.047234,
        "nauc_mrr_at_10_diff1": 0.45824,
        "nauc_mrr_at_20_max": 0.347006,
        "nauc_mrr_at_20_std": -0.044609,
        "nauc_mrr_at_20_diff1": 0.456273,
        "nauc_mrr_at_100_max": 0.348485,
        "nauc_mrr_at_100_std": -0.044249,
        "nauc_mrr_at_100_diff1": 0.457768,
        "nauc_mrr_at_1000_max": 0.348438,
        "nauc_mrr_at_1000_std": -0.044624,
        "nauc_mrr_at_1000_diff1": 0.457983,
        "main_score": 0.31706,
        "hf_subset": "default",
        "languages": [
          "eng-Latn"
        ]
      }
    ]
  },
  "evaluation_time": 150.9987165927887,
  "kg_co2_emissions": null
}