{
  "dataset_revision": "1840e8a5ac6ec752bbdd97d543ead0189bc7c25b",
  "task_name": "ChemHotpotQARetrieval",
  "mteb_version": "1.36.29",
  "scores": {
    "train": [
      {
        "ndcg_at_1": 0.86667,
        "ndcg_at_3": 0.90746,
        "ndcg_at_5": 0.91439,
        "ndcg_at_10": 0.91884,
        "ndcg_at_20": 0.92185,
        "ndcg_at_100": 0.92253,
        "ndcg_at_1000": 0.92502,
        "map_at_1": 0.85,
        "map_at_3": 0.89491,
        "map_at_5": 0.8988,
        "map_at_10": 0.90073,
        "map_at_20": 0.90166,
        "map_at_100": 0.90183,
        "map_at_1000": 0.90193,
        "recall_at_1": 0.85,
        "recall_at_3": 0.93611,
        "recall_at_5": 0.95278,
        "recall_at_10": 0.96667,
        "recall_at_20": 0.97778,
        "recall_at_100": 0.98056,
        "recall_at_1000": 1.0,
        "precision_at_1": 0.86667,
        "precision_at_3": 0.32222,
        "precision_at_5": 0.19667,
        "precision_at_10": 0.1,
        "precision_at_20": 0.05056,
        "precision_at_100": 0.01017,
        "precision_at_1000": 0.00104,
        "mrr_at_1": 0.866667,
        "mrr_at_3": 0.902778,
        "mrr_at_5": 0.906667,
        "mrr_at_10": 0.907978,
        "mrr_at_20": 0.908911,
        "mrr_at_100": 0.908911,
        "mrr_at_1000": 0.908976,
        "nauc_ndcg_at_1_max": 0.538248,
        "nauc_ndcg_at_1_std": -0.502815,
        "nauc_ndcg_at_1_diff1": 0.891208,
        "nauc_ndcg_at_3_max": 0.329075,
        "nauc_ndcg_at_3_std": -0.715831,
        "nauc_ndcg_at_3_diff1": 0.761465,
        "nauc_ndcg_at_5_max": 0.306903,
        "nauc_ndcg_at_5_std": -0.684057,
        "nauc_ndcg_at_5_diff1": 0.748726,
        "nauc_ndcg_at_10_max": 0.284416,
        "nauc_ndcg_at_10_std": -0.644166,
        "nauc_ndcg_at_10_diff1": 0.739919,
        "nauc_ndcg_at_20_max": 0.258563,
        "nauc_ndcg_at_20_std": -0.666179,
        "nauc_ndcg_at_20_diff1": 0.732122,
        "nauc_ndcg_at_100_max": 0.276226,
        "nauc_ndcg_at_100_std": -0.655883,
        "nauc_ndcg_at_100_diff1": 0.753557,
        "nauc_ndcg_at_1000_max": 0.316955,
        "nauc_ndcg_at_1000_std": -0.650409,
        "nauc_ndcg_at_1000_diff1": 0.769453,
        "nauc_map_at_1_max": 0.358445,
        "nauc_map_at_1_std": -0.579383,
        "nauc_map_at_1_diff1": 0.786103,
        "nauc_map_at_3_max": 0.342563,
        "nauc_map_at_3_std": -0.688991,
        "nauc_map_at_3_diff1": 0.74597,
        "nauc_map_at_5_max": 0.332479,
        "nauc_map_at_5_std": -0.673684,
        "nauc_map_at_5_diff1": 0.739224,
        "nauc_map_at_10_max": 0.326222,
        "nauc_map_at_10_std": -0.659751,
        "nauc_map_at_10_diff1": 0.7361,
        "nauc_map_at_20_max": 0.320211,
        "nauc_map_at_20_std": -0.665582,
        "nauc_map_at_20_diff1": 0.734102,
        "nauc_map_at_100_max": 0.323897,
        "nauc_map_at_100_std": -0.663461,
        "nauc_map_at_100_diff1": 0.738445,
        "nauc_map_at_1000_max": 0.325087,
        "nauc_map_at_1000_std": -0.663176,
        "nauc_map_at_1000_diff1": 0.739406,
        "nauc_recall_at_1_max": 0.358445,
        "nauc_recall_at_1_std": -0.579383,
        "nauc_recall_at_1_diff1": 0.786103,
        "nauc_recall_at_3_max": 0.102363,
        "nauc_recall_at_3_std": -0.931779,
        "nauc_recall_at_3_diff1": 0.641274,
        "nauc_recall_at_5_max": -0.071099,
        "nauc_recall_at_5_std": -0.865684,
        "nauc_recall_at_5_diff1": 0.545422,
        "nauc_recall_at_10_max": -0.400716,
        "nauc_recall_at_10_std": -0.648459,
        "nauc_recall_at_10_diff1": 0.400949,
        "nauc_recall_at_20_max": -1.068394,
        "nauc_recall_at_20_std": -0.921335,
        "nauc_recall_at_20_diff1": 0.134104,
        "nauc_recall_at_100_max": -0.972456,
        "nauc_recall_at_100_std": -0.804388,
        "nauc_recall_at_100_diff1": 0.401827,
        "nauc_recall_at_1000_max": NaN,
        "nauc_recall_at_1000_std": NaN,
        "nauc_recall_at_1000_diff1": NaN,
        "nauc_precision_at_1_max": 0.538248,
        "nauc_precision_at_1_std": -0.502815,
        "nauc_precision_at_1_diff1": 0.891208,
        "nauc_precision_at_3_max": 0.3012,
        "nauc_precision_at_3_std": -0.439523,
        "nauc_precision_at_3_diff1": 0.348271,
        "nauc_precision_at_5_max": 0.238312,
        "nauc_precision_at_5_std": -0.293492,
        "nauc_precision_at_5_diff1": 0.226941,
        "nauc_precision_at_10_max": 0.106969,
        "nauc_precision_at_10_std": -0.003919,
        "nauc_precision_at_10_diff1": 0.042086,
        "nauc_precision_at_20_max": -0.034516,
        "nauc_precision_at_20_std": 0.012968,
        "nauc_precision_at_20_diff1": -0.11049,
        "nauc_precision_at_100_max": 0.099416,
        "nauc_precision_at_100_std": 0.140753,
        "nauc_precision_at_100_diff1": 0.033278,
        "nauc_precision_at_1000_max": 0.460577,
        "nauc_precision_at_1000_std": 0.457894,
        "nauc_precision_at_1000_diff1": -0.007321,
        "nauc_mrr_at_1_max": 0.538248,
        "nauc_mrr_at_1_std": -0.502815,
        "nauc_mrr_at_1_diff1": 0.891208,
        "nauc_mrr_at_3_max": 0.469573,
        "nauc_mrr_at_3_std": -0.598349,
        "nauc_mrr_at_3_diff1": 0.8845,
        "nauc_mrr_at_5_max": 0.464151,
        "nauc_mrr_at_5_std": -0.578027,
        "nauc_mrr_at_5_diff1": 0.883157,
        "nauc_mrr_at_10_max": 0.458236,
        "nauc_mrr_at_10_std": -0.565609,
        "nauc_mrr_at_10_diff1": 0.882462,
        "nauc_mrr_at_20_max": 0.453182,
        "nauc_mrr_at_20_std": -0.570866,
        "nauc_mrr_at_20_diff1": 0.881858,
        "nauc_mrr_at_100_max": 0.453182,
        "nauc_mrr_at_100_std": -0.570866,
        "nauc_mrr_at_100_diff1": 0.881858,
        "nauc_mrr_at_1000_max": 0.453701,
        "nauc_mrr_at_1000_std": -0.570981,
        "nauc_mrr_at_1000_diff1": 0.881991,
        "main_score": 0.91884,
        "hf_subset": "default",
        "languages": [
          "eng-Latn"
        ]
      }
    ],
    "dev": [
      {
        "ndcg_at_1": 0.875,
        "ndcg_at_3": 0.875,
        "ndcg_at_5": 0.875,
        "ndcg_at_10": 0.875,
        "ndcg_at_20": 0.90625,
        "ndcg_at_100": 0.90625,
        "ndcg_at_1000": 0.90625,
        "map_at_1": 0.875,
        "map_at_3": 0.875,
        "map_at_5": 0.875,
        "map_at_10": 0.875,
        "map_at_20": 0.88333,
        "map_at_100": 0.88333,
        "map_at_1000": 0.88333,
        "recall_at_1": 0.875,
        "recall_at_3": 0.875,
        "recall_at_5": 0.875,
        "recall_at_10": 0.875,
        "recall_at_20": 1.0,
        "recall_at_100": 1.0,
        "recall_at_1000": 1.0,
        "precision_at_1": 0.875,
        "precision_at_3": 0.29167,
        "precision_at_5": 0.175,
        "precision_at_10": 0.0875,
        "precision_at_20": 0.05,
        "precision_at_100": 0.01,
        "precision_at_1000": 0.001,
        "mrr_at_1": 0.875,
        "mrr_at_3": 0.875,
        "mrr_at_5": 0.875,
        "mrr_at_10": 0.875,
        "mrr_at_20": 0.883333,
        "mrr_at_100": 0.883333,
        "mrr_at_1000": 0.883333,
        "nauc_ndcg_at_1_max": 1.0,
        "nauc_ndcg_at_1_std": 0.128291,
        "nauc_ndcg_at_1_diff1": 1.0,
        "nauc_ndcg_at_3_max": 1.0,
        "nauc_ndcg_at_3_std": 0.128291,
        "nauc_ndcg_at_3_diff1": 1.0,
        "nauc_ndcg_at_5_max": 1.0,
        "nauc_ndcg_at_5_std": 0.128291,
        "nauc_ndcg_at_5_diff1": 1.0,
        "nauc_ndcg_at_10_max": 1.0,
        "nauc_ndcg_at_10_std": 0.128291,
        "nauc_ndcg_at_10_diff1": 1.0,
        "nauc_ndcg_at_20_max": 1.0,
        "nauc_ndcg_at_20_std": 0.128291,
        "nauc_ndcg_at_20_diff1": 1.0,
        "nauc_ndcg_at_100_max": 1.0,
        "nauc_ndcg_at_100_std": 0.128291,
        "nauc_ndcg_at_100_diff1": 1.0,
        "nauc_ndcg_at_1000_max": 1.0,
        "nauc_ndcg_at_1000_std": 0.128291,
        "nauc_ndcg_at_1000_diff1": 1.0,
        "nauc_map_at_1_max": 1.0,
        "nauc_map_at_1_std": 0.128291,
        "nauc_map_at_1_diff1": 1.0,
        "nauc_map_at_3_max": 1.0,
        "nauc_map_at_3_std": 0.128291,