{
  "dataset_revision": "8fae72a2c75530aaaac6920a02622490d923ca98",
  "task_name": "ChemRxivNC2",
  "mteb_version": "1.36.29",
  "scores": {
    "test": [
      {
        "ndcg_at_1": 0.631,
        "ndcg_at_3": 0.7356,
        "ndcg_at_5": 0.75828,
        "ndcg_at_10": 0.7734,
        "ndcg_at_20": 0.78149,
        "ndcg_at_100": 0.78841,
        "ndcg_at_1000": 0.79064,
        "map_at_1": 0.631,
        "map_at_3": 0.7105,
        "map_at_5": 0.72314,
        "map_at_10": 0.72953,
        "map_at_20": 0.73178,
        "map_at_100": 0.73277,
        "map_at_1000": 0.73285,
        "recall_at_1": 0.631,
        "recall_at_3": 0.808,
        "recall_at_5": 0.8628,
        "recall_at_10": 0.9088,
        "recall_at_20": 0.9406,
        "recall_at_100": 0.9774,
        "recall_at_1000": 0.9952,
        "precision_at_1": 0.631,
        "precision_at_3": 0.26933,
        "precision_at_5": 0.17256,
        "precision_at_10": 0.09088,
        "precision_at_20": 0.04703,
        "precision_at_100": 0.00977,
        "precision_at_1000": 0.001,
        "mrr_at_1": 0.6312,
        "mrr_at_3": 0.710533,
        "mrr_at_5": 0.723223,
        "mrr_at_10": 0.729593,
        "mrr_at_20": 0.731862,
        "mrr_at_100": 0.73285,
        "mrr_at_1000": 0.732929,
        "nauc_ndcg_at_1_max": 0.393057,
        "nauc_ndcg_at_1_std": -0.101741,
        "nauc_ndcg_at_1_diff1": 0.706834,
        "nauc_ndcg_at_3_max": 0.432723,
        "nauc_ndcg_at_3_std": -0.073948,
        "nauc_ndcg_at_3_diff1": 0.662803,
        "nauc_ndcg_at_5_max": 0.442238,
        "nauc_ndcg_at_5_std": -0.06031,
        "nauc_ndcg_at_5_diff1": 0.658705,
        "nauc_ndcg_at_10_max": 0.445405,
        "nauc_ndcg_at_10_std": -0.049205,
        "nauc_ndcg_at_10_diff1": 0.666185,
        "nauc_ndcg_at_20_max": 0.44445,
        "nauc_ndcg_at_20_std": -0.04746,
        "nauc_ndcg_at_20_diff1": 0.67182,
        "nauc_ndcg_at_100_max": 0.436196,
        "nauc_ndcg_at_100_std": -0.052574,
        "nauc_ndcg_at_100_diff1": 0.673289,
        "nauc_ndcg_at_1000_max": 0.433831,
        "nauc_ndcg_at_1000_std": -0.058896,
        "nauc_ndcg_at_1000_diff1": 0.673902,
        "nauc_map_at_1_max": 0.393057,
        "nauc_map_at_1_std": -0.101741,
        "nauc_map_at_1_diff1": 0.706834,
        "nauc_map_at_3_max": 0.421232,
        "nauc_map_at_3_std": -0.08184,
        "nauc_map_at_3_diff1": 0.674874,
        "nauc_map_at_5_max": 0.425656,
        "nauc_map_at_5_std": -0.075513,
        "nauc_map_at_5_diff1": 0.673445,
        "nauc_map_at_10_max": 0.426193,
        "nauc_map_at_10_std": -0.072002,
        "nauc_map_at_10_diff1": 0.676426,
        "nauc_map_at_20_max": 0.425931,
        "nauc_map_at_20_std": -0.071702,
        "nauc_map_at_20_diff1": 0.677879,
        "nauc_map_at_100_max": 0.424903,
        "nauc_map_at_100_std": -0.072246,
        "nauc_map_at_100_diff1": 0.678029,
        "nauc_map_at_1000_max": 0.424837,
        "nauc_map_at_1000_std": -0.072411,
        "nauc_map_at_1000_diff1": 0.67805,
        "nauc_recall_at_1_max": 0.393057,
        "nauc_recall_at_1_std": -0.101741,
        "nauc_recall_at_1_diff1": 0.706834,
        "nauc_recall_at_3_max": 0.477873,
        "nauc_recall_at_3_std": -0.043028,
        "nauc_recall_at_3_diff1": 0.615759,
        "nauc_recall_at_5_max": 0.528704,
        "nauc_recall_at_5_std": 0.020702,
        "nauc_recall_at_5_diff1": 0.582892,
        "nauc_recall_at_10_max": 0.590899,
        "nauc_recall_at_10_std": 0.131223,
        "nauc_recall_at_10_diff1": 0.598607,
        "nauc_recall_at_20_max": 0.652796,
        "nauc_recall_at_20_std": 0.245904,
        "nauc_recall_at_20_diff1": 0.630651,
        "nauc_recall_at_100_max": 0.641469,
        "nauc_recall_at_100_std": 0.486325,
        "nauc_recall_at_100_diff1": 0.631562,
        "nauc_recall_at_1000_max": 0.689406,
        "nauc_recall_at_1000_std": 0.563414,
        "nauc_recall_at_1000_diff1": 0.651163,
        "nauc_precision_at_1_max": 0.393057,
        "nauc_precision_at_1_std": -0.101741,
        "nauc_precision_at_1_diff1": 0.706834,
        "nauc_precision_at_3_max": 0.477873,
        "nauc_precision_at_3_std": -0.043028,
        "nauc_precision_at_3_diff1": 0.615759,
        "nauc_precision_at_5_max": 0.528704,
        "nauc_precision_at_5_std": 0.020702,
        "nauc_precision_at_5_diff1": 0.582892,
        "nauc_precision_at_10_max": 0.590899,
        "nauc_precision_at_10_std": 0.131223,
        "nauc_precision_at_10_diff1": 0.598607,
        "nauc_precision_at_20_max": 0.652796,
        "nauc_precision_at_20_std": 0.245904,
        "nauc_precision_at_20_diff1": 0.630651,
        "nauc_precision_at_100_max": 0.641469,
        "nauc_precision_at_100_std": 0.486325,
        "nauc_precision_at_100_diff1": 0.631562,
        "nauc_precision_at_1000_max": 0.689406,
        "nauc_precision_at_1000_std": 0.563414,
        "nauc_precision_at_1000_diff1": 0.651163,
        "nauc_mrr_at_1_max": 0.390072,
        "nauc_mrr_at_1_std": -0.105001,
        "nauc_mrr_at_1_diff1": 0.706425,
        "nauc_mrr_at_3_max": 0.419178,
        "nauc_mrr_at_3_std": -0.083838,
        "nauc_mrr_at_3_diff1": 0.674731,
        "nauc_mrr_at_5_max": 0.423704,
        "nauc_mrr_at_5_std": -0.077582,
        "nauc_mrr_at_5_diff1": 0.673207,
        "nauc_mrr_at_10_max": 0.424204,
        "nauc_mrr_at_10_std": -0.074216,
        "nauc_mrr_at_10_diff1": 0.676211,
        "nauc_mrr_at_20_max": 0.423912,
        "nauc_mrr_at_20_std": -0.073856,
        "nauc_mrr_at_20_diff1": 0.677639,
        "nauc_mrr_at_100_max": 0.422874,
        "nauc_mrr_at_100_std": -0.074409,
        "nauc_mrr_at_100_diff1": 0.677788,
        "nauc_mrr_at_1000_max": 0.422807,
        "nauc_mrr_at_1000_std": -0.074576,
        "nauc_mrr_at_1000_diff1": 0.677809,
        "main_score": 0.7734,
        "hf_subset": "default",
        "languages": [
          "eng-Latn"
        ]
      }
    ]
  },
  "evaluation_time": 176.53510665893555,
  "kg_co2_emissions": null
}