{
  "dataset_revision": "431886eaecc48f067a3975b70d0949ea2862463c",
  "task_name": "Touche2020Retrieval.v3",
  "mteb_version": "1.36.29",
  "scores": {
    "test": [
      {
        "ndcg_at_1": 0.65306,
        "ndcg_at_3": 0.59612,
        "ndcg_at_5": 0.58614,
        "ndcg_at_10": 0.5352,
        "ndcg_at_20": 0.48364,
        "ndcg_at_100": 0.55478,
        "ndcg_at_1000": 0.66798,
        "map_at_1": 0.02531,
        "map_at_3": 0.06624,
        "map_at_5": 0.10505,
        "map_at_10": 0.16955,
        "map_at_20": 0.24538,
        "map_at_100": 0.34418,
        "map_at_1000": 0.373,
        "recall_at_1": 0.02531,
        "recall_at_3": 0.07156,
        "recall_at_5": 0.11738,
        "recall_at_10": 0.20186,
        "recall_at_20": 0.32265,
        "recall_at_100": 0.59835,
        "recall_at_1000": 0.87083,
        "precision_at_1": 0.77551,
        "precision_at_3": 0.70748,
        "precision_at_5": 0.69388,
        "precision_at_10": 0.59184,
        "precision_at_20": 0.47755,
        "precision_at_100": 0.19184,
        "precision_at_1000": 0.02998,
        "mrr_at_1": 0.77551,
        "mrr_at_3": 0.860544,
        "mrr_at_5": 0.860544,
        "mrr_at_10": 0.86346,
        "mrr_at_20": 0.86346,
        "mrr_at_100": 0.86431,
        "mrr_at_1000": 0.86431,
        "nauc_ndcg_at_1_max": -0.188362,
        "nauc_ndcg_at_1_std": 0.104078,
        "nauc_ndcg_at_1_diff1": -0.316108,
        "nauc_ndcg_at_3_max": 0.097358,
        "nauc_ndcg_at_3_std": 0.141969,
        "nauc_ndcg_at_3_diff1": -0.063307,
        "nauc_ndcg_at_5_max": 0.126923,
        "nauc_ndcg_at_5_std": 0.152735,
        "nauc_ndcg_at_5_diff1": 0.033678,
        "nauc_ndcg_at_10_max": 0.090734,
        "nauc_ndcg_at_10_std": 0.106665,
        "nauc_ndcg_at_10_diff1": -0.00374,
        "nauc_ndcg_at_20_max": 0.043045,
        "nauc_ndcg_at_20_std": 0.128301,
        "nauc_ndcg_at_20_diff1": -0.041088,
        "nauc_ndcg_at_100_max": -0.130944,
        "nauc_ndcg_at_100_std": 0.152544,
        "nauc_ndcg_at_100_diff1": -0.062284,
        "nauc_ndcg_at_1000_max": 0.051856,
        "nauc_ndcg_at_1000_std": 0.364917,
        "nauc_ndcg_at_1000_diff1": -0.042482,
        "nauc_map_at_1_max": -0.247302,
        "nauc_map_at_1_std": -0.187289,
        "nauc_map_at_1_diff1": -0.133244,
        "nauc_map_at_3_max": -0.168038,
        "nauc_map_at_3_std": -0.218442,
        "nauc_map_at_3_diff1": 0.019789,
        "nauc_map_at_5_max": -0.134921,
        "nauc_map_at_5_std": -0.183022,
        "nauc_map_at_5_diff1": 0.088483,
        "nauc_map_at_10_max": -0.101441,
        "nauc_map_at_10_std": -0.171272,
        "nauc_map_at_10_diff1": 0.107492,
        "nauc_map_at_20_max": -0.085261,
        "nauc_map_at_20_std": -0.079023,
        "nauc_map_at_20_diff1": 0.077116,
        "nauc_map_at_100_max": -0.083076,
        "nauc_map_at_100_std": 0.024472,
        "nauc_map_at_100_diff1": 0.023213,
        "nauc_map_at_1000_max": -0.040129,
        "nauc_map_at_1000_std": 0.078262,
        "nauc_map_at_1000_diff1": 0.022186,
        "nauc_recall_at_1_max": -0.247302,
        "nauc_recall_at_1_std": -0.187289,
        "nauc_recall_at_1_diff1": -0.133244,
        "nauc_recall_at_3_max": -0.208097,
        "nauc_recall_at_3_std": -0.271691,
        "nauc_recall_at_3_diff1": 0.069079,
        "nauc_recall_at_5_max": -0.17319,
        "nauc_recall_at_5_std": -0.211495,
        "nauc_recall_at_5_diff1": 0.129914,
        "nauc_recall_at_10_max": -0.163318,
        "nauc_recall_at_10_std": -0.191419,
        "nauc_recall_at_10_diff1": 0.110846,
        "nauc_recall_at_20_max": -0.182007,
        "nauc_recall_at_20_std": -0.083932,
        "nauc_recall_at_20_diff1": 0.041702,
        "nauc_recall_at_100_max": -0.249878,
        "nauc_recall_at_100_std": 0.101835,
        "nauc_recall_at_100_diff1": -0.077978,
        "nauc_recall_at_1000_max": 0.019273,
        "nauc_recall_at_1000_std": 0.571962,
        "nauc_recall_at_1000_diff1": -0.016566,
        "nauc_precision_at_1_max": -0.138042,
        "nauc_precision_at_1_std": -0.037476,
        "nauc_precision_at_1_diff1": -0.492836,
        "nauc_precision_at_3_max": 0.168626,
        "nauc_precision_at_3_std": -0.085361,
        "nauc_precision_at_3_diff1": -0.042251,
        "nauc_precision_at_5_max": 0.217342,
        "nauc_precision_at_5_std": 0.003127,
        "nauc_precision_at_5_diff1": 0.07286,
        "nauc_precision_at_10_max": 0.15201,
        "nauc_precision_at_10_std": 0.026272,
        "nauc_precision_at_10_diff1": 0.007069,
        "nauc_precision_at_20_max": 0.144238,
        "nauc_precision_at_20_std": 0.232763,
        "nauc_precision_at_20_diff1": -0.108967,
        "nauc_precision_at_100_max": 0.346877,
        "nauc_precision_at_100_std": 0.564884,
        "nauc_precision_at_100_diff1": -0.290061,
        "nauc_precision_at_1000_max": 0.577305,
        "nauc_precision_at_1000_std": 0.510874,
        "nauc_precision_at_1000_diff1": -0.099892,
        "nauc_mrr_at_1_max": -0.138042,
        "nauc_mrr_at_1_std": -0.037476,
        "nauc_mrr_at_1_diff1": -0.492836,
        "nauc_mrr_at_3_max": 0.012764,
        "nauc_mrr_at_3_std": -0.004167,
        "nauc_mrr_at_3_diff1": -0.384891,
        "nauc_mrr_at_5_max": 0.012764,
        "nauc_mrr_at_5_std": -0.004167,
        "nauc_mrr_at_5_diff1": -0.384891,
        "nauc_mrr_at_10_max": 0.000394,
        "nauc_mrr_at_10_std": 0.021602,
        "nauc_mrr_at_10_diff1": -0.41028,
        "nauc_mrr_at_20_max": 0.000394,
        "nauc_mrr_at_20_std": 0.021602,
        "nauc_mrr_at_20_diff1": -0.41028,
        "nauc_mrr_at_100_max": -0.006343,
        "nauc_mrr_at_100_std": 0.015007,
        "nauc_mrr_at_100_diff1": -0.409336,
        "nauc_mrr_at_1000_max": -0.006343,
        "nauc_mrr_at_1000_std": 0.015007,
        "nauc_mrr_at_1000_diff1": -0.409336,
        "main_score": 0.5352,
        "hf_subset": "default",
        "languages": [
          "eng-Latn"
        ]
      }
    ]
  },
  "evaluation_time": 1490.4731285572052,
  "kg_co2_emissions": null
}