{
  "dataset_revision": "4885aa143210c98657558c04aaf3dc47cfb54340",
  "task_name": "CQADupstackGamingRetrieval",
  "mteb_version": "1.36.29",
  "scores": {
    "test": [
      {
        "ndcg_at_1": 0.46395,
        "ndcg_at_3": 0.52824,
        "ndcg_at_5": 0.55315,
        "ndcg_at_10": 0.57822,
        "ndcg_at_20": 0.59416,
        "ndcg_at_100": 0.61667,
        "ndcg_at_1000": 0.6287,
        "map_at_1": 0.4061,
        "map_at_3": 0.4924,
        "map_at_5": 0.50955,
        "map_at_10": 0.52228,
        "map_at_20": 0.52806,
        "map_at_100": 0.53195,
        "map_at_1000": 0.53252,
        "recall_at_1": 0.4061,
        "recall_at_3": 0.57331,
        "recall_at_5": 0.63507,
        "recall_at_10": 0.70734,
        "recall_at_20": 0.76394,
        "recall_at_100": 0.87383,
        "recall_at_1000": 0.95929,
        "precision_at_1": 0.46395,
        "precision_at_3": 0.23239,
        "precision_at_5": 0.15787,
        "precision_at_10": 0.09085,
        "precision_at_20": 0.0506,
        "precision_at_100": 0.01197,
        "precision_at_1000": 0.00134,
        "mrr_at_1": 0.46395,
        "mrr_at_3": 0.537409,
        "mrr_at_5": 0.5507,
        "mrr_at_10": 0.559797,
        "mrr_at_20": 0.563355,
        "mrr_at_100": 0.565723,
        "mrr_at_1000": 0.566041,
        "nauc_ndcg_at_1_max": 0.483737,
        "nauc_ndcg_at_1_std": -0.029429,
        "nauc_ndcg_at_1_diff1": 0.614071,
        "nauc_ndcg_at_3_max": 0.467757,
        "nauc_ndcg_at_3_std": -0.035092,
        "nauc_ndcg_at_3_diff1": 0.555684,
        "nauc_ndcg_at_5_max": 0.473699,
        "nauc_ndcg_at_5_std": -0.020465,
        "nauc_ndcg_at_5_diff1": 0.551254,
        "nauc_ndcg_at_10_max": 0.475569,
        "nauc_ndcg_at_10_std": -0.010612,
        "nauc_ndcg_at_10_diff1": 0.546382,
        "nauc_ndcg_at_20_max": 0.476409,
        "nauc_ndcg_at_20_std": -0.002403,
        "nauc_ndcg_at_20_diff1": 0.546796,
        "nauc_ndcg_at_100_max": 0.483097,
        "nauc_ndcg_at_100_std": 0.012988,
        "nauc_ndcg_at_100_diff1": 0.551148,
        "nauc_ndcg_at_1000_max": 0.48307,
        "nauc_ndcg_at_1000_std": 0.010418,
        "nauc_ndcg_at_1000_diff1": 0.554661,
        "nauc_map_at_1_max": 0.414147,
        "nauc_map_at_1_std": -0.068227,
        "nauc_map_at_1_diff1": 0.613032,
        "nauc_map_at_3_max": 0.450505,
        "nauc_map_at_3_std": -0.055234,
        "nauc_map_at_3_diff1": 0.570163,
        "nauc_map_at_5_max": 0.458072,
        "nauc_map_at_5_std": -0.041818,
        "nauc_map_at_5_diff1": 0.567181,
        "nauc_map_at_10_max": 0.461796,
        "nauc_map_at_10_std": -0.033786,
        "nauc_map_at_10_diff1": 0.563838,
        "nauc_map_at_20_max": 0.464239,
        "nauc_map_at_20_std": -0.028485,
        "nauc_map_at_20_diff1": 0.564201,
        "nauc_map_at_100_max": 0.466253,
        "nauc_map_at_100_std": -0.024521,
        "nauc_map_at_100_diff1": 0.56444,
        "nauc_map_at_1000_max": 0.466357,
        "nauc_map_at_1000_std": -0.024283,
        "nauc_map_at_1000_diff1": 0.564618,
        "nauc_recall_at_1_max": 0.414147,
        "nauc_recall_at_1_std": -0.068227,
        "nauc_recall_at_1_diff1": 0.613032,
        "nauc_recall_at_3_max": 0.437802,
        "nauc_recall_at_3_std": -0.057096,
        "nauc_recall_at_3_diff1": 0.507455,
        "nauc_recall_at_5_max": 0.450307,
        "nauc_recall_at_5_std": -0.009701,
        "nauc_recall_at_5_diff1": 0.48304,
        "nauc_recall_at_10_max": 0.452299,
        "nauc_recall_at_10_std": 0.024178,
        "nauc_recall_at_10_diff1": 0.452809,
        "nauc_recall_at_20_max": 0.453318,
        "nauc_recall_at_20_std": 0.065799,
        "nauc_recall_at_20_diff1": 0.440349,
        "nauc_recall_at_100_max": 0.498261,
        "nauc_recall_at_100_std": 0.243202,
        "nauc_recall_at_100_diff1": 0.427825,
        "nauc_recall_at_1000_max": 0.527281,
        "nauc_recall_at_1000_std": 0.468543,
        "nauc_recall_at_1000_diff1": 0.397793,
        "nauc_precision_at_1_max": 0.483737,
        "nauc_precision_at_1_std": -0.029429,
        "nauc_precision_at_1_diff1": 0.614071,
        "nauc_precision_at_3_max": 0.458124,
        "nauc_precision_at_3_std": 0.067524,
        "nauc_precision_at_3_diff1": 0.357584,
        "nauc_precision_at_5_max": 0.419396,
        "nauc_precision_at_5_std": 0.131666,
        "nauc_precision_at_5_diff1": 0.263872,
        "nauc_precision_at_10_max": 0.363041,
        "nauc_precision_at_10_std": 0.194421,
        "nauc_precision_at_10_diff1": 0.149342,
        "nauc_precision_at_20_max": 0.31757,
        "nauc_precision_at_20_std": 0.254486,
        "nauc_precision_at_20_diff1": 0.072388,
        "nauc_precision_at_100_max": 0.237983,
        "nauc_precision_at_100_std": 0.346036,
        "nauc_precision_at_100_diff1": -0.044289,
        "nauc_precision_at_1000_max": 0.142027,
        "nauc_precision_at_1000_std": 0.338866,
        "nauc_precision_at_1000_diff1": -0.11993,
        "nauc_mrr_at_1_max": 0.483737,
        "nauc_mrr_at_1_std": -0.029429,
        "nauc_mrr_at_1_diff1": 0.614071,
        "nauc_mrr_at_3_max": 0.493975,
        "nauc_mrr_at_3_std": -0.01781,
        "nauc_mrr_at_3_diff1": 0.575454,
        "nauc_mrr_at_5_max": 0.495811,
        "nauc_mrr_at_5_std": -0.008639,
        "nauc_mrr_at_5_diff1": 0.572009,
        "nauc_mrr_at_10_max": 0.495089,
        "nauc_mrr_at_10_std": -0.006361,
        "nauc_mrr_at_10_diff1": 0.570818,
        "nauc_mrr_at_20_max": 0.494158,
        "nauc_mrr_at_20_std": -0.006016,
        "nauc_mrr_at_20_diff1": 0.570898,
        "nauc_mrr_at_100_max": 0.4947,
        "nauc_mrr_at_100_std": -0.004874,
        "nauc_mrr_at_100_diff1": 0.571668,
        "nauc_mrr_at_1000_max": 0.494709,
        "nauc_mrr_at_1000_std": -0.005007,
        "nauc_mrr_at_1000_diff1": 0.571823,
        "main_score": 0.57822,
        "hf_subset": "default",
        "languages": [
          "eng-Latn"
        ]
      }
    ]
  },
  "evaluation_time": 72.80376100540161,
  "kg_co2_emissions": null
}