{
  "dataset_revision": "5d958fb6b31055495347724d46431ba41309b03a",
  "task_name": "ChemNQRetrieval",
  "mteb_version": "1.36.29",
  "scores": {
    "test": [
      {
        "ndcg_at_1": 0.48148,
        "ndcg_at_3": 0.538,
        "ndcg_at_5": 0.58229,
        "ndcg_at_10": 0.64503,
        "ndcg_at_20": 0.66501,
        "ndcg_at_100": 0.67157,
        "ndcg_at_1000": 0.67603,
        "map_at_1": 0.40123,
        "map_at_3": 0.49691,
        "map_at_5": 0.52377,
        "map_at_10": 0.55573,
        "map_at_20": 0.56392,
        "map_at_100": 0.56468,
        "map_at_1000": 0.5648,
        "recall_at_1": 0.40123,
        "recall_at_3": 0.58642,
        "recall_at_5": 0.67901,
        "recall_at_10": 0.85802,
        "recall_at_20": 0.92593,
        "recall_at_100": 0.96296,
        "recall_at_1000": 1.0,
        "precision_at_1": 0.48148,
        "precision_at_3": 0.23457,
        "precision_at_5": 0.17037,
        "precision_at_10": 0.11111,
        "precision_at_20": 0.06111,
        "precision_at_100": 0.01259,
        "precision_at_1000": 0.0013,
        "mrr_at_1": 0.481481,
        "mrr_at_3": 0.574074,
        "mrr_at_5": 0.6,
        "mrr_at_10": 0.614036,
        "mrr_at_20": 0.616681,
        "mrr_at_100": 0.617437,
        "mrr_at_1000": 0.617554,
        "nauc_ndcg_at_1_max": 0.272874,
        "nauc_ndcg_at_1_std": 0.192921,
        "nauc_ndcg_at_1_diff1": 0.246186,
        "nauc_ndcg_at_3_max": 0.177305,
        "nauc_ndcg_at_3_std": 0.129861,
        "nauc_ndcg_at_3_diff1": 0.040991,
        "nauc_ndcg_at_5_max": 0.335419,
        "nauc_ndcg_at_5_std": 0.211804,
        "nauc_ndcg_at_5_diff1": 0.14556,
        "nauc_ndcg_at_10_max": 0.360457,
        "nauc_ndcg_at_10_std": 0.223741,
        "nauc_ndcg_at_10_diff1": 0.214754,
        "nauc_ndcg_at_20_max": 0.329256,
        "nauc_ndcg_at_20_std": 0.187583,
        "nauc_ndcg_at_20_diff1": 0.168531,
        "nauc_ndcg_at_100_max": 0.313798,
        "nauc_ndcg_at_100_std": 0.177003,
        "nauc_ndcg_at_100_diff1": 0.157403,
        "nauc_ndcg_at_1000_max": 0.305657,
        "nauc_ndcg_at_1000_std": 0.191906,
        "nauc_ndcg_at_1000_diff1": 0.153424,
        "nauc_map_at_1_max": 0.222469,
        "nauc_map_at_1_std": 0.174987,
        "nauc_map_at_1_diff1": 0.172542,
        "nauc_map_at_3_max": 0.18872,
        "nauc_map_at_3_std": 0.120768,
        "nauc_map_at_3_diff1": 0.077287,
        "nauc_map_at_5_max": 0.266507,
        "nauc_map_at_5_std": 0.174461,
        "nauc_map_at_5_diff1": 0.126274,
        "nauc_map_at_10_max": 0.280906,
        "nauc_map_at_10_std": 0.183403,
        "nauc_map_at_10_diff1": 0.154268,
        "nauc_map_at_20_max": 0.272341,
        "nauc_map_at_20_std": 0.173961,
        "nauc_map_at_20_diff1": 0.13909,
        "nauc_map_at_100_max": 0.270757,
        "nauc_map_at_100_std": 0.172944,
        "nauc_map_at_100_diff1": 0.137981,
        "nauc_map_at_1000_max": 0.270571,
        "nauc_map_at_1000_std": 0.173251,
        "nauc_map_at_1000_diff1": 0.13789,
        "nauc_recall_at_1_max": 0.222469,
        "nauc_recall_at_1_std": 0.174987,
        "nauc_recall_at_1_diff1": 0.172542,
        "nauc_recall_at_3_max": 0.11537,
        "nauc_recall_at_3_std": 0.066286,
        "nauc_recall_at_3_diff1": -0.069562,
        "nauc_recall_at_5_max": 0.486189,
        "nauc_recall_at_5_std": 0.239538,
        "nauc_recall_at_5_diff1": 0.174368,
        "nauc_recall_at_10_max": 0.73709,
        "nauc_recall_at_10_std": 0.296454,
        "nauc_recall_at_10_diff1": 0.585716,
        "nauc_recall_at_20_max": 0.795455,
        "nauc_recall_at_20_std": -0.008272,
        "nauc_recall_at_20_diff1": 0.456815,
        "nauc_recall_at_100_max": 0.723262,
        "nauc_recall_at_100_std": -0.572623,
        "nauc_recall_at_100_diff1": 0.35755,
        "nauc_recall_at_1000_max": NaN,
        "nauc_recall_at_1000_std": NaN,
        "nauc_recall_at_1000_diff1": NaN,
        "nauc_precision_at_1_max": 0.272874,
        "nauc_precision_at_1_std": 0.192921,
        "nauc_precision_at_1_diff1": 0.246186,
        "nauc_precision_at_3_max": 0.219615,
        "nauc_precision_at_3_std": 0.106995,
        "nauc_precision_at_3_diff1": 0.078218,
        "nauc_precision_at_5_max": 0.58975,
        "nauc_precision_at_5_std": 0.34758,
        "nauc_precision_at_5_diff1": 0.296525,
        "nauc_precision_at_10_max": 0.460616,
        "nauc_precision_at_10_std": 0.320427,
        "nauc_precision_at_10_diff1": 0.372318,
        "nauc_precision_at_20_max": 0.288672,
        "nauc_precision_at_20_std": 0.192395,
        "nauc_precision_at_20_diff1": 0.197117,
        "nauc_precision_at_100_max": 0.238372,
        "nauc_precision_at_100_std": 0.160799,
        "nauc_precision_at_100_diff1": 0.165931,
        "nauc_precision_at_1000_max": 0.192238,
        "nauc_precision_at_1000_std": 0.230579,
        "nauc_precision_at_1000_diff1": 0.1477,
        "nauc_mrr_at_1_max": 0.272874,
        "nauc_mrr_at_1_std": 0.192921,
        "nauc_mrr_at_1_diff1": 0.246186,
        "nauc_mrr_at_3_max": 0.201339,
        "nauc_mrr_at_3_std": 0.208589,
        "nauc_mrr_at_3_diff1": 0.079316,
        "nauc_mrr_at_5_max": 0.30605,
        "nauc_mrr_at_5_std": 0.238042,
        "nauc_mrr_at_5_diff1": 0.157148,
        "nauc_mrr_at_10_max": 0.292563,
        "nauc_mrr_at_10_std": 0.221644,
        "nauc_mrr_at_10_diff1": 0.164033,
        "nauc_mrr_at_20_max": 0.286009,
        "nauc_mrr_at_20_std": 0.214432,
        "nauc_mrr_at_20_diff1": 0.157514,
        "nauc_mrr_at_100_max": 0.284465,
        "nauc_mrr_at_100_std": 0.213526,
        "nauc_mrr_at_100_diff1": 0.156456,
        "nauc_mrr_at_1000_max": 0.284285,
        "nauc_mrr_at_1000_std": 0.213848,
        "nauc_mrr_at_1000_diff1": 0.156373,
        "main_score": 0.64503,
        "hf_subset": "default",
        "languages": [
          "eng-Latn"
        ]
      }
    ]
  },
  "evaluation_time": 29.03351140022278,
  "kg_co2_emissions": null
}