{
  "dataset_revision": "8fae72a2c75530aaaac6920a02622490d923ca98",
  "task_name": "ChemRxivNC2",
  "mteb_version": "1.36.29",
  "scores": {
    "test": [
      {
        "ndcg_at_1": 0.6876,
        "ndcg_at_3": 0.78316,
        "ndcg_at_5": 0.80385,
        "ndcg_at_10": 0.8151,
        "ndcg_at_20": 0.82171,
        "ndcg_at_100": 0.82644,
        "ndcg_at_1000": 0.82804,
        "map_at_1": 0.6876,
        "map_at_3": 0.7602,
        "map_at_5": 0.77183,
        "map_at_10": 0.77658,
        "map_at_20": 0.77842,
        "map_at_100": 0.77909,
        "map_at_1000": 0.77915,
        "recall_at_1": 0.6876,
        "recall_at_3": 0.8494,
        "recall_at_5": 0.899,
        "recall_at_10": 0.9332,
        "recall_at_20": 0.9592,
        "recall_at_100": 0.9844,
        "recall_at_1000": 0.997,
        "precision_at_1": 0.6876,
        "precision_at_3": 0.28313,
        "precision_at_5": 0.1798,
        "precision_at_10": 0.09332,
        "precision_at_20": 0.04796,
        "precision_at_100": 0.00984,
        "precision_at_1000": 0.001,
        "mrr_at_1": 0.6878,
        "mrr_at_3": 0.7601,
        "mrr_at_5": 0.77187,
        "mrr_at_10": 0.776617,
        "mrr_at_20": 0.778459,
        "mrr_at_100": 0.779134,
        "mrr_at_1000": 0.779195,
        "nauc_ndcg_at_1_max": 0.38352,
        "nauc_ndcg_at_1_std": -0.150009,
        "nauc_ndcg_at_1_diff1": 0.739973,
        "nauc_ndcg_at_3_max": 0.425373,
        "nauc_ndcg_at_3_std": -0.129998,
        "nauc_ndcg_at_3_diff1": 0.698843,
        "nauc_ndcg_at_5_max": 0.435489,
        "nauc_ndcg_at_5_std": -0.117025,
        "nauc_ndcg_at_5_diff1": 0.700114,
        "nauc_ndcg_at_10_max": 0.43839,
        "nauc_ndcg_at_10_std": -0.110433,
        "nauc_ndcg_at_10_diff1": 0.707736,
        "nauc_ndcg_at_20_max": 0.432898,
        "nauc_ndcg_at_20_std": -0.109291,
        "nauc_ndcg_at_20_diff1": 0.708735,
        "nauc_ndcg_at_100_max": 0.427496,
        "nauc_ndcg_at_100_std": -0.11439,
        "nauc_ndcg_at_100_diff1": 0.711583,
        "nauc_ndcg_at_1000_max": 0.425277,
        "nauc_ndcg_at_1000_std": -0.117397,
        "nauc_ndcg_at_1000_diff1": 0.711986,
        "nauc_map_at_1_max": 0.38352,
        "nauc_map_at_1_std": -0.150009,
        "nauc_map_at_1_diff1": 0.739973,
        "nauc_map_at_3_max": 0.413534,
        "nauc_map_at_3_std": -0.135657,
        "nauc_map_at_3_diff1": 0.710067,
        "nauc_map_at_5_max": 0.417924,
        "nauc_map_at_5_std": -0.129556,
        "nauc_map_at_5_diff1": 0.711234,
        "nauc_map_at_10_max": 0.418761,
        "nauc_map_at_10_std": -0.12734,
        "nauc_map_at_10_diff1": 0.714214,
        "nauc_map_at_20_max": 0.417392,
        "nauc_map_at_20_std": -0.127261,
        "nauc_map_at_20_diff1": 0.714514,
        "nauc_map_at_100_max": 0.416711,
        "nauc_map_at_100_std": -0.127847,
        "nauc_map_at_100_diff1": 0.714852,
        "nauc_map_at_1000_max": 0.416666,
        "nauc_map_at_1000_std": -0.127904,
        "nauc_map_at_1000_diff1": 0.714885,
        "nauc_recall_at_1_max": 0.38352,
        "nauc_recall_at_1_std": -0.150009,
        "nauc_recall_at_1_diff1": 0.739973,
        "nauc_recall_at_3_max": 0.475234,
        "nauc_recall_at_3_std": -0.10617,
        "nauc_recall_at_3_diff1": 0.651842,
        "nauc_recall_at_5_max": 0.538944,
        "nauc_recall_at_5_std": -0.041551,
        "nauc_recall_at_5_diff1": 0.637249,
        "nauc_recall_at_10_max": 0.610131,
        "nauc_recall_at_10_std": 0.043781,
        "nauc_recall_at_10_diff1": 0.662423,
        "nauc_recall_at_20_max": 0.633502,
        "nauc_recall_at_20_std": 0.160195,
        "nauc_recall_at_20_diff1": 0.648423,
        "nauc_recall_at_100_max": 0.675489,
        "nauc_recall_at_100_std": 0.316892,
        "nauc_recall_at_100_diff1": 0.701483,
        "nauc_recall_at_1000_max": 0.747899,
        "nauc_recall_at_1000_std": 0.801899,
        "nauc_recall_at_1000_diff1": 0.762247,
        "nauc_precision_at_1_max": 0.38352,
        "nauc_precision_at_1_std": -0.150009,
        "nauc_precision_at_1_diff1": 0.739973,
        "nauc_precision_at_3_max": 0.475234,
        "nauc_precision_at_3_std": -0.10617,
        "nauc_precision_at_3_diff1": 0.651842,
        "nauc_precision_at_5_max": 0.538944,
        "nauc_precision_at_5_std": -0.041551,
        "nauc_precision_at_5_diff1": 0.637249,
        "nauc_precision_at_10_max": 0.610131,
        "nauc_precision_at_10_std": 0.043781,
        "nauc_precision_at_10_diff1": 0.662423,
        "nauc_precision_at_20_max": 0.633502,
        "nauc_precision_at_20_std": 0.160195,
        "nauc_precision_at_20_diff1": 0.648423,
        "nauc_precision_at_100_max": 0.675489,
        "nauc_precision_at_100_std": 0.316892,
        "nauc_precision_at_100_diff1": 0.701483,
        "nauc_precision_at_1000_max": 0.747899,
        "nauc_precision_at_1000_std": 0.801899,
        "nauc_precision_at_1000_diff1": 0.762247,
        "nauc_mrr_at_1_max": 0.386616,
        "nauc_mrr_at_1_std": -0.14891,
        "nauc_mrr_at_1_diff1": 0.739529,
        "nauc_mrr_at_3_max": 0.415639,
        "nauc_mrr_at_3_std": -0.134757,
        "nauc_mrr_at_3_diff1": 0.710142,
        "nauc_mrr_at_5_max": 0.420036,
        "nauc_mrr_at_5_std": -0.128797,
        "nauc_mrr_at_5_diff1": 0.711048,
        "nauc_mrr_at_10_max": 0.420923,
        "nauc_mrr_at_10_std": -0.126562,
        "nauc_mrr_at_10_diff1": 0.714023,
        "nauc_mrr_at_20_max": 0.419573,
        "nauc_mrr_at_20_std": -0.126477,
        "nauc_mrr_at_20_diff1": 0.714323,
        "nauc_mrr_at_100_max": 0.418899,
        "nauc_mrr_at_100_std": -0.12706,
        "nauc_mrr_at_100_diff1": 0.71466,
        "nauc_mrr_at_1000_max": 0.418856,
        "nauc_mrr_at_1000_std": -0.127116,
        "nauc_mrr_at_1000_diff1": 0.714693,
        "main_score": 0.8151,
        "hf_subset": "default",
        "languages": [
          "eng-Latn"
        ]
      }
    ]
  },
  "evaluation_time": 175.12008047103882,
  "kg_co2_emissions": null
}