{
  "dataset_revision": "1840e8a5ac6ec752bbdd97d543ead0189bc7c25b",
  "task_name": "ChemHotpotQARetrieval",
  "mteb_version": "1.36.29",
  "scores": {
    "train": [
      {
        "ndcg_at_1": 0.84444,
        "ndcg_at_3": 0.88056,
        "ndcg_at_5": 0.8892,
        "ndcg_at_10": 0.89829,
        "ndcg_at_20": 0.90147,
        "ndcg_at_100": 0.90417,
        "ndcg_at_1000": 0.90599,
        "map_at_1": 0.825,
        "map_at_3": 0.86667,
        "map_at_5": 0.87222,
        "map_at_10": 0.87604,
        "map_at_20": 0.87722,
        "map_at_100": 0.87762,
        "map_at_1000": 0.87765,
        "recall_at_1": 0.825,
        "recall_at_3": 0.91111,
        "recall_at_5": 0.93056,
        "recall_at_10": 0.95833,
        "recall_at_20": 0.96944,
        "recall_at_100": 0.98333,
        "recall_at_1000": 1.0,
        "precision_at_1": 0.84444,
        "precision_at_3": 0.31296,
        "precision_at_5": 0.19222,
        "precision_at_10": 0.09889,
        "precision_at_20": 0.05028,
        "precision_at_100": 0.01022,
        "precision_at_1000": 0.00104,
        "mrr_at_1": 0.844444,
        "mrr_at_3": 0.877778,
        "mrr_at_5": 0.881944,
        "mrr_at_10": 0.885763,
        "mrr_at_20": 0.886226,
        "mrr_at_100": 0.886564,
        "mrr_at_1000": 0.886594,
        "nauc_ndcg_at_1_max": 0.626749,
        "nauc_ndcg_at_1_std": -0.3442,
        "nauc_ndcg_at_1_diff1": 0.889114,
        "nauc_ndcg_at_3_max": 0.487295,
        "nauc_ndcg_at_3_std": -0.362021,
        "nauc_ndcg_at_3_diff1": 0.747931,
        "nauc_ndcg_at_5_max": 0.45789,
        "nauc_ndcg_at_5_std": -0.442668,
        "nauc_ndcg_at_5_diff1": 0.744198,
        "nauc_ndcg_at_10_max": 0.442726,
        "nauc_ndcg_at_10_std": -0.435512,
        "nauc_ndcg_at_10_diff1": 0.739325,
        "nauc_ndcg_at_20_max": 0.45734,
        "nauc_ndcg_at_20_std": -0.420692,
        "nauc_ndcg_at_20_diff1": 0.761139,
        "nauc_ndcg_at_100_max": 0.460011,
        "nauc_ndcg_at_100_std": -0.412906,
        "nauc_ndcg_at_100_diff1": 0.770438,
        "nauc_ndcg_at_1000_max": 0.476997,
        "nauc_ndcg_at_1000_std": -0.413774,
        "nauc_ndcg_at_1000_diff1": 0.773198,
        "nauc_map_at_1_max": 0.473788,
        "nauc_map_at_1_std": -0.408365,
        "nauc_map_at_1_diff1": 0.799169,
        "nauc_map_at_3_max": 0.490119,
        "nauc_map_at_3_std": -0.382861,
        "nauc_map_at_3_diff1": 0.74508,
        "nauc_map_at_5_max": 0.472825,
        "nauc_map_at_5_std": -0.43038,
        "nauc_map_at_5_diff1": 0.742104,
        "nauc_map_at_10_max": 0.46819,
        "nauc_map_at_10_std": -0.430184,
        "nauc_map_at_10_diff1": 0.740626,
        "nauc_map_at_20_max": 0.474205,
        "nauc_map_at_20_std": -0.42461,
        "nauc_map_at_20_diff1": 0.748462,
        "nauc_map_at_100_max": 0.474261,
        "nauc_map_at_100_std": -0.423816,
        "nauc_map_at_100_diff1": 0.749089,
        "nauc_map_at_1000_max": 0.474435,
        "nauc_map_at_1000_std": -0.423774,
        "nauc_map_at_1000_diff1": 0.749125,
        "nauc_recall_at_1_max": 0.473788,
        "nauc_recall_at_1_std": -0.408365,
        "nauc_recall_at_1_diff1": 0.799169,
        "nauc_recall_at_3_max": 0.356165,
        "nauc_recall_at_3_std": -0.31269,
        "nauc_recall_at_3_diff1": 0.613489,
        "nauc_recall_at_5_max": 0.222017,
        "nauc_recall_at_5_std": -0.577386,
        "nauc_recall_at_5_diff1": 0.568385,
        "nauc_recall_at_10_max": -0.046156,
        "nauc_recall_at_10_std": -0.57507,
        "nauc_recall_at_10_diff1": 0.411983,
        "nauc_recall_at_20_max": -0.073975,
        "nauc_recall_at_20_std": -0.490154,
        "nauc_recall_at_20_diff1": 0.529369,
        "nauc_recall_at_100_max": -0.419701,
        "nauc_recall_at_100_std": -0.330999,
        "nauc_recall_at_100_diff1": 0.637411,
        "nauc_recall_at_1000_max": NaN,
        "nauc_recall_at_1000_std": NaN,
        "nauc_recall_at_1000_diff1": NaN,
        "nauc_precision_at_1_max": 0.626749,
        "nauc_precision_at_1_std": -0.3442,
        "nauc_precision_at_1_diff1": 0.889114,
        "nauc_precision_at_3_max": 0.510044,
        "nauc_precision_at_3_std": -0.031966,
        "nauc_precision_at_3_diff1": 0.44893,
        "nauc_precision_at_5_max": 0.355212,
        "nauc_precision_at_5_std": -0.185339,
        "nauc_precision_at_5_diff1": 0.305277,
        "nauc_precision_at_10_max": 0.251405,
        "nauc_precision_at_10_std": -0.032745,
        "nauc_precision_at_10_diff1": 0.113256,
        "nauc_precision_at_20_max": 0.259464,
        "nauc_precision_at_20_std": 0.1709,
        "nauc_precision_at_20_diff1": 0.128266,
        "nauc_precision_at_100_max": 0.265078,
        "nauc_precision_at_100_std": 0.323943,
        "nauc_precision_at_100_diff1": 0.121944,
        "nauc_precision_at_1000_max": 0.433746,
        "nauc_precision_at_1000_std": 0.485262,
        "nauc_precision_at_1000_diff1": -0.005021,
        "nauc_mrr_at_1_max": 0.626749,
        "nauc_mrr_at_1_std": -0.3442,
        "nauc_mrr_at_1_diff1": 0.889114,
        "nauc_mrr_at_3_max": 0.585443,
        "nauc_mrr_at_3_std": -0.342675,
        "nauc_mrr_at_3_diff1": 0.858757,
        "nauc_mrr_at_5_max": 0.577329,
        "nauc_mrr_at_5_std": -0.376032,
        "nauc_mrr_at_5_diff1": 0.862405,
        "nauc_mrr_at_10_max": 0.575954,
        "nauc_mrr_at_10_std": -0.373941,
        "nauc_mrr_at_10_diff1": 0.864976,
        "nauc_mrr_at_20_max": 0.574719,
        "nauc_mrr_at_20_std": -0.374795,
        "nauc_mrr_at_20_diff1": 0.864957,
        "nauc_mrr_at_100_max": 0.573928,
        "nauc_mrr_at_100_std": -0.374212,
        "nauc_mrr_at_100_diff1": 0.864699,
        "nauc_mrr_at_1000_max": 0.574142,
        "nauc_mrr_at_1000_std": -0.374154,
        "nauc_mrr_at_1000_diff1": 0.86477,
        "main_score": 0.89829,
        "hf_subset": "default",
        "languages": [
          "eng-Latn"
        ]
      }
    ],
    "dev": [
      {
        "ndcg_at_1": 0.75,
        "ndcg_at_3": 0.82887,
        "ndcg_at_5": 0.82887,
        "ndcg_at_10": 0.82887,
        "ndcg_at_20": 0.82887,
        "ndcg_at_100": 0.85324,
        "ndcg_at_1000": 0.85324,
        "map_at_1": 0.75,
        "map_at_3": 0.8125,
        "map_at_5": 0.8125,
        "map_at_10": 0.8125,
        "map_at_20": 0.8125,
        "map_at_100": 0.81618,
        "map_at_1000": 0.81618,
        "recall_at_1": 0.75,
        "recall_at_3": 0.875,
        "recall_at_5": 0.875,
        "recall_at_10": 0.875,
        "recall_at_20": 0.875,
        "recall_at_100": 1.0,
        "recall_at_1000": 1.0,
        "precision_at_1": 0.75,
        "precision_at_3": 0.29167,
        "precision_at_5": 0.175,
        "precision_at_10": 0.0875,
        "precision_at_20": 0.04375,
        "precision_at_100": 0.01,
        "precision_at_1000": 0.001,
        "mrr_at_1": 0.75,
        "mrr_at_3": 0.8125,
        "mrr_at_5": 0.8125,
        "mrr_at_10": 0.8125,
        "mrr_at_20": 0.8125,
        "mrr_at_100": 0.816176,
        "mrr_at_1000": 0.816176,
        "nauc_ndcg_at_1_max": 0.831832,
        "nauc_ndcg_at_1_std": -0.13994,
        "nauc_ndcg_at_1_diff1": 1.0,
        "nauc_ndcg_at_3_max": 0.912246,
        "nauc_ndcg_at_3_std": 0.340861,
        "nauc_ndcg_at_3_diff1": 0.935707,
        "nauc_ndcg_at_5_max": 0.912246,
        "nauc_ndcg_at_5_std": 0.340861,
        "nauc_ndcg_at_5_diff1": 0.935707,
        "nauc_ndcg_at_10_max": 0.912246,
        "nauc_ndcg_at_10_std": 0.340861,
        "nauc_ndcg_at_10_diff1": 0.935707,
        "nauc_ndcg_at_20_max": 0.912246,
        "nauc_ndcg_at_20_std": 0.340861,
        "nauc_ndcg_at_20_diff1": 0.935707,
        "nauc_ndcg_at_100_max": 0.897032,
        "nauc_ndcg_at_100_std": 0.249893,
        "nauc_ndcg_at_100_diff1": 0.947871,
        "nauc_ndcg_at_1000_max": 0.897032,
        "nauc_ndcg_at_1000_std": 0.249893,
        "nauc_ndcg_at_1000_diff1": 0.947871,
        "nauc_map_at_1_max": 0.831832,
        "nauc_map_at_1_std": -0.13994,
        "nauc_map_at_1_diff1": 1.0,