{
  "dataset_revision": "1840e8a5ac6ec752bbdd97d543ead0189bc7c25b",
  "task_name": "ChemHotpotQARetrieval",
  "mteb_version": "1.36.29",
  "scores": {
    "train": [
      {
        "ndcg_at_1": 0.86667,
        "ndcg_at_3": 0.89694,
        "ndcg_at_5": 0.90578,
        "ndcg_at_10": 0.91283,
        "ndcg_at_20": 0.91662,
        "ndcg_at_100": 0.91791,
        "ndcg_at_1000": 0.91998,
        "map_at_1": 0.85,
        "map_at_3": 0.88657,
        "map_at_5": 0.8913,
        "map_at_10": 0.89412,
        "map_at_20": 0.89537,
        "map_at_100": 0.8957,
        "map_at_1000": 0.89577,
        "recall_at_1": 0.85,
        "recall_at_3": 0.91944,
        "recall_at_5": 0.94167,
        "recall_at_10": 0.96389,
        "recall_at_20": 0.97778,
        "recall_at_100": 0.98333,
        "recall_at_1000": 1.0,
        "precision_at_1": 0.86667,
        "precision_at_3": 0.31667,
        "precision_at_5": 0.19444,
        "precision_at_10": 0.09944,
        "precision_at_20": 0.05056,
        "precision_at_100": 0.01022,
        "precision_at_1000": 0.00104,
        "mrr_at_1": 0.866667,
        "mrr_at_3": 0.894444,
        "mrr_at_5": 0.899167,
        "mrr_at_10": 0.901989,
        "mrr_at_20": 0.902848,
        "mrr_at_100": 0.902848,
        "mrr_at_1000": 0.902921,
        "nauc_ndcg_at_1_max": 0.393641,
        "nauc_ndcg_at_1_std": -0.6323,
        "nauc_ndcg_at_1_diff1": 0.901263,
        "nauc_ndcg_at_3_max": 0.228072,
        "nauc_ndcg_at_3_std": -0.780232,
        "nauc_ndcg_at_3_diff1": 0.771511,
        "nauc_ndcg_at_5_max": 0.211887,
        "nauc_ndcg_at_5_std": -0.786074,
        "nauc_ndcg_at_5_diff1": 0.764539,
        "nauc_ndcg_at_10_max": 0.180273,
        "nauc_ndcg_at_10_std": -0.737718,
        "nauc_ndcg_at_10_diff1": 0.750399,
        "nauc_ndcg_at_20_max": 0.156547,
        "nauc_ndcg_at_20_std": -0.761892,
        "nauc_ndcg_at_20_diff1": 0.744565,
        "nauc_ndcg_at_100_max": 0.186709,
        "nauc_ndcg_at_100_std": -0.744841,
        "nauc_ndcg_at_100_diff1": 0.783123,
        "nauc_ndcg_at_1000_max": 0.213652,
        "nauc_ndcg_at_1000_std": -0.743203,
        "nauc_ndcg_at_1000_diff1": 0.783647,
        "nauc_map_at_1_max": 0.222747,
        "nauc_map_at_1_std": -0.684402,
        "nauc_map_at_1_diff1": 0.791346,
        "nauc_map_at_3_max": 0.231131,
        "nauc_map_at_3_std": -0.762126,
        "nauc_map_at_3_diff1": 0.753235,
        "nauc_map_at_5_max": 0.223796,
        "nauc_map_at_5_std": -0.764822,
        "nauc_map_at_5_diff1": 0.74895,
        "nauc_map_at_10_max": 0.213485,
        "nauc_map_at_10_std": -0.747452,
        "nauc_map_at_10_diff1": 0.743846,
        "nauc_map_at_20_max": 0.208727,
        "nauc_map_at_20_std": -0.753553,
        "nauc_map_at_20_diff1": 0.742804,
        "nauc_map_at_100_max": 0.214885,
        "nauc_map_at_100_std": -0.750076,
        "nauc_map_at_100_diff1": 0.75045,
        "nauc_map_at_1000_max": 0.215365,
        "nauc_map_at_1000_std": -0.75008,
        "nauc_map_at_1000_diff1": 0.75046,
        "nauc_recall_at_1_max": 0.222747,
        "nauc_recall_at_1_std": -0.684402,
        "nauc_recall_at_1_diff1": 0.791346,
        "nauc_recall_at_3_max": 0.083728,
        "nauc_recall_at_3_std": -0.902911,
        "nauc_recall_at_3_diff1": 0.679272,
        "nauc_recall_at_5_max": -0.035725,
        "nauc_recall_at_5_std": -0.966853,
        "nauc_recall_at_5_diff1": 0.618225,
        "nauc_recall_at_10_max": -0.41927,
        "nauc_recall_at_10_std": -0.732421,
        "nauc_recall_at_10_diff1": 0.423508,
        "nauc_recall_at_20_max": -1.127218,
        "nauc_recall_at_20_std": -1.068394,
        "nauc_recall_at_20_diff1": 0.143441,
        "nauc_recall_at_100_max": -0.922969,
        "nauc_recall_at_100_std": -0.844538,
        "nauc_recall_at_100_diff1": 0.771242,
        "nauc_recall_at_1000_max": NaN,
        "nauc_recall_at_1000_std": NaN,
        "nauc_recall_at_1000_diff1": NaN,
        "nauc_precision_at_1_max": 0.393641,
        "nauc_precision_at_1_std": -0.6323,
        "nauc_precision_at_1_diff1": 0.901263,
        "nauc_precision_at_3_max": 0.272513,
        "nauc_precision_at_3_std": -0.500725,
        "nauc_precision_at_3_diff1": 0.420616,
        "nauc_precision_at_5_max": 0.241239,
        "nauc_precision_at_5_std": -0.441994,
        "nauc_precision_at_5_diff1": 0.315626,
        "nauc_precision_at_10_max": 0.12542,
        "nauc_precision_at_10_std": -0.139043,
        "nauc_precision_at_10_diff1": 0.108596,
        "nauc_precision_at_20_max": -0.016919,
        "nauc_precision_at_20_std": -0.076414,
        "nauc_precision_at_20_diff1": -0.090539,
        "nauc_precision_at_100_max": 0.216208,
        "nauc_precision_at_100_std": 0.170352,
        "nauc_precision_at_100_diff1": 0.159465,
        "nauc_precision_at_1000_max": 0.496799,
        "nauc_precision_at_1000_std": 0.42033,
        "nauc_precision_at_1000_diff1": 0.008778,
        "nauc_mrr_at_1_max": 0.393641,
        "nauc_mrr_at_1_std": -0.6323,
        "nauc_mrr_at_1_diff1": 0.901263,
        "nauc_mrr_at_3_max": 0.347772,
        "nauc_mrr_at_3_std": -0.700023,
        "nauc_mrr_at_3_diff1": 0.890863,
        "nauc_mrr_at_5_max": 0.345512,
        "nauc_mrr_at_5_std": -0.699933,
        "nauc_mrr_at_5_diff1": 0.892868,
        "nauc_mrr_at_10_max": 0.338049,
        "nauc_mrr_at_10_std": -0.679412,
        "nauc_mrr_at_10_diff1": 0.891638,
        "nauc_mrr_at_20_max": 0.332602,
        "nauc_mrr_at_20_std": -0.684954,
        "nauc_mrr_at_20_diff1": 0.890657,
        "nauc_mrr_at_100_max": 0.332602,
        "nauc_mrr_at_100_std": -0.684954,
        "nauc_mrr_at_100_diff1": 0.890657,
        "nauc_mrr_at_1000_max": 0.333204,
        "nauc_mrr_at_1000_std": -0.684909,
        "nauc_mrr_at_1000_diff1": 0.890775,
        "main_score": 0.91283,
        "hf_subset": "default",
        "languages": [
          "eng-Latn"
        ]
      }
    ],
    "dev": [
      {
        "ndcg_at_1": 0.875,
        "ndcg_at_3": 0.875,
        "ndcg_at_5": 0.875,
        "ndcg_at_10": 0.875,
        "ndcg_at_20": 0.90783,
        "ndcg_at_100": 0.90783,
        "ndcg_at_1000": 0.90783,
        "map_at_1": 0.875,
        "map_at_3": 0.875,
        "map_at_5": 0.875,
        "map_at_10": 0.875,
        "map_at_20": 0.88462,
        "map_at_100": 0.88462,
        "map_at_1000": 0.88462,
        "recall_at_1": 0.875,
        "recall_at_3": 0.875,
        "recall_at_5": 0.875,
        "recall_at_10": 0.875,
        "recall_at_20": 1.0,
        "recall_at_100": 1.0,
        "recall_at_1000": 1.0,
        "precision_at_1": 0.875,
        "precision_at_3": 0.29167,
        "precision_at_5": 0.175,
        "precision_at_10": 0.0875,
        "precision_at_20": 0.05,
        "precision_at_100": 0.01,
        "precision_at_1000": 0.001,
        "mrr_at_1": 0.875,
        "mrr_at_3": 0.875,
        "mrr_at_5": 0.875,
        "mrr_at_10": 0.875,
        "mrr_at_20": 0.884615,
        "mrr_at_100": 0.884615,
        "mrr_at_1000": 0.884615,
        "nauc_ndcg_at_1_max": 1.0,
        "nauc_ndcg_at_1_std": 0.128291,
        "nauc_ndcg_at_1_diff1": 1.0,
        "nauc_ndcg_at_3_max": 1.0,
        "nauc_ndcg_at_3_std": 0.128291,
        "nauc_ndcg_at_3_diff1": 1.0,
        "nauc_ndcg_at_5_max": 1.0,
        "nauc_ndcg_at_5_std": 0.128291,
        "nauc_ndcg_at_5_diff1": 1.0,
        "nauc_ndcg_at_10_max": 1.0,
        "nauc_ndcg_at_10_std": 0.128291,
        "nauc_ndcg_at_10_diff1": 1.0,
        "nauc_ndcg_at_20_max": 1.0,
        "nauc_ndcg_at_20_std": 0.128291,
        "nauc_ndcg_at_20_diff1": 1.0,
        "nauc_ndcg_at_100_max": 1.0,
        "nauc_ndcg_at_100_std": 0.128291,
        "nauc_ndcg_at_100_diff1": 1.0,
        "nauc_ndcg_at_1000_max": 1.0,
        "nauc_ndcg_at_1000_std": 0.128291,
        "nauc_ndcg_at_1000_diff1": 1.0,
        "nauc_map_at_1_max": 1.0,
        "nauc_map_at_1_std": 0.128291,
        "nauc_map_at_1_diff1": 1.0,
        "nauc_map_at_3_max": 1.0,
        "nauc_map_at_3_std": 0.128291,