{
  "dataset_revision": "c22ab2a51041ffd869aaddef7af8d8215647e41a",
  "task_name": "ArguAna",
  "mteb_version": "1.36.29",
  "scores": {
    "test": [
      {
        "ndcg_at_1": 0.25391,
        "ndcg_at_3": 0.4105,
        "ndcg_at_5": 0.4584,
        "ndcg_at_10": 0.51124,
        "ndcg_at_20": 0.53695,
        "ndcg_at_100": 0.55168,
        "ndcg_at_1000": 0.55393,
        "map_at_1": 0.25391,
        "map_at_3": 0.37174,
        "map_at_5": 0.39841,
        "map_at_10": 0.42045,
        "map_at_20": 0.42759,
        "map_at_100": 0.42986,
        "map_at_1000": 0.42995,
        "recall_at_1": 0.25391,
        "recall_at_3": 0.52276,
        "recall_at_5": 0.63869,
        "recall_at_10": 0.80085,
        "recall_at_20": 0.90185,
        "recall_at_100": 0.97795,
        "recall_at_1000": 0.99502,
        "precision_at_1": 0.25391,
        "precision_at_3": 0.17425,
        "precision_at_5": 0.12774,
        "precision_at_10": 0.08009,
        "precision_at_20": 0.04509,
        "precision_at_100": 0.00978,
        "precision_at_1000": 0.001,
        "mrr_at_1": 0.256757,
        "mrr_at_3": 0.372926,
        "mrr_at_5": 0.399561,
        "mrr_at_10": 0.421603,
        "mrr_at_20": 0.428747,
        "mrr_at_100": 0.431015,
        "mrr_at_1000": 0.431109,
        "nauc_ndcg_at_1_max": -0.11081,
        "nauc_ndcg_at_1_std": -0.167279,
        "nauc_ndcg_at_1_diff1": 0.034358,
        "nauc_ndcg_at_3_max": -0.06795,
        "nauc_ndcg_at_3_std": -0.143907,
        "nauc_ndcg_at_3_diff1": -0.00841,
        "nauc_ndcg_at_5_max": -0.062474,
        "nauc_ndcg_at_5_std": -0.135827,
        "nauc_ndcg_at_5_diff1": -0.012633,
        "nauc_ndcg_at_10_max": -0.05061,
        "nauc_ndcg_at_10_std": -0.133379,
        "nauc_ndcg_at_10_diff1": -0.004326,
        "nauc_ndcg_at_20_max": -0.041547,
        "nauc_ndcg_at_20_std": -0.112079,
        "nauc_ndcg_at_20_diff1": -0.000977,
        "nauc_ndcg_at_100_max": -0.05594,
        "nauc_ndcg_at_100_std": -0.124338,
        "nauc_ndcg_at_100_diff1": 0.003432,
        "nauc_ndcg_at_1000_max": -0.062741,
        "nauc_ndcg_at_1000_std": -0.130679,
        "nauc_ndcg_at_1000_diff1": -0.000273,
        "nauc_map_at_1_max": -0.11081,
        "nauc_map_at_1_std": -0.167279,
        "nauc_map_at_1_diff1": 0.034358,
        "nauc_map_at_3_max": -0.079114,
        "nauc_map_at_3_std": -0.149008,
        "nauc_map_at_3_diff1": -9.8e-05,
        "nauc_map_at_5_max": -0.076624,
        "nauc_map_at_5_std": -0.144917,
        "nauc_map_at_5_diff1": -0.001968,
        "nauc_map_at_10_max": -0.073542,
        "nauc_map_at_10_std": -0.144921,
        "nauc_map_at_10_diff1": 0.000913,
        "nauc_map_at_20_max": -0.071953,
        "nauc_map_at_20_std": -0.140176,
        "nauc_map_at_20_diff1": 0.001617,
        "nauc_map_at_100_max": -0.074173,
        "nauc_map_at_100_std": -0.14195,
        "nauc_map_at_100_diff1": 0.001947,
        "nauc_map_at_1000_max": -0.074417,
        "nauc_map_at_1000_std": -0.142185,
        "nauc_map_at_1000_diff1": 0.001824,
        "nauc_recall_at_1_max": -0.11081,
        "nauc_recall_at_1_std": -0.167279,
        "nauc_recall_at_1_diff1": 0.034358,
        "nauc_recall_at_3_max": -0.03601,
        "nauc_recall_at_3_std": -0.129667,
        "nauc_recall_at_3_diff1": -0.031181,
        "nauc_recall_at_5_max": -0.015866,
        "nauc_recall_at_5_std": -0.105561,
        "nauc_recall_at_5_diff1": -0.046682,
        "nauc_recall_at_10_max": 0.072649,
        "nauc_recall_at_10_std": -0.072331,
        "nauc_recall_at_10_diff1": -0.021102,
        "nauc_recall_at_20_max": 0.279517,
        "nauc_recall_at_20_std": 0.205382,
        "nauc_recall_at_20_diff1": 0.00304,
        "nauc_recall_at_100_max": 0.600199,
        "nauc_recall_at_100_std": 0.604291,
        "nauc_recall_at_100_diff1": 0.312066,
        "nauc_recall_at_1000_max": 0.35439,
        "nauc_recall_at_1000_std": 0.791573,
        "nauc_recall_at_1000_diff1": -0.016107,
        "nauc_precision_at_1_max": -0.11081,
        "nauc_precision_at_1_std": -0.167279,
        "nauc_precision_at_1_diff1": 0.034358,
        "nauc_precision_at_3_max": -0.03601,
        "nauc_precision_at_3_std": -0.129667,
        "nauc_precision_at_3_diff1": -0.031181,
        "nauc_precision_at_5_max": -0.015866,
        "nauc_precision_at_5_std": -0.105561,
        "nauc_precision_at_5_diff1": -0.046682,
        "nauc_precision_at_10_max": 0.072649,
        "nauc_precision_at_10_std": -0.072331,
        "nauc_precision_at_10_diff1": -0.021102,
        "nauc_precision_at_20_max": 0.279517,
        "nauc_precision_at_20_std": 0.205382,
        "nauc_precision_at_20_diff1": 0.00304,
        "nauc_precision_at_100_max": 0.600199,
        "nauc_precision_at_100_std": 0.604291,
        "nauc_precision_at_100_diff1": 0.312066,
        "nauc_precision_at_1000_max": 0.35439,
        "nauc_precision_at_1000_std": 0.791573,
        "nauc_precision_at_1000_diff1": -0.016107,
        "nauc_mrr_at_1_max": -0.108825,
        "nauc_mrr_at_1_std": -0.162624,
        "nauc_mrr_at_1_diff1": 0.025328,
        "nauc_mrr_at_3_max": -0.080122,
        "nauc_mrr_at_3_std": -0.148246,
        "nauc_mrr_at_3_diff1": -0.006868,
        "nauc_mrr_at_5_max": -0.07786,
        "nauc_mrr_at_5_std": -0.144324,
        "nauc_mrr_at_5_diff1": -0.008833,
        "nauc_mrr_at_10_max": -0.074923,
        "nauc_mrr_at_10_std": -0.144315,
        "nauc_mrr_at_10_diff1": -0.006347,
        "nauc_mrr_at_20_max": -0.073422,
        "nauc_mrr_at_20_std": -0.13959,
        "nauc_mrr_at_20_diff1": -0.005901,
        "nauc_mrr_at_100_max": -0.075646,
        "nauc_mrr_at_100_std": -0.141355,
        "nauc_mrr_at_100_diff1": -0.005629,
        "nauc_mrr_at_1000_max": -0.075891,
        "nauc_mrr_at_1000_std": -0.141589,
        "nauc_mrr_at_1000_diff1": -0.005754,
        "main_score": 0.51124,
        "hf_subset": "default",
        "languages": [
          "eng-Latn"
        ]
      }
    ]
  },
  "evaluation_time": 26.14422059059143,
  "kg_co2_emissions": null
}