{
  "dataset_revision": "6c6430d3a6d36f8d2a829195bc5dc94d7e063e53",
  "task_name": "CQADupstackUnixRetrieval",
  "mteb_version": "1.36.29",
  "scores": {
    "test": [
      {
        "ndcg_at_1": 0.28731,
        "ndcg_at_3": 0.32337,
        "ndcg_at_5": 0.34238,
        "ndcg_at_10": 0.36271,
        "ndcg_at_20": 0.3834,
        "ndcg_at_100": 0.41583,
        "ndcg_at_1000": 0.44096,
        "map_at_1": 0.24449,
        "map_at_3": 0.29624,
        "map_at_5": 0.30877,
        "map_at_10": 0.31797,
        "map_at_20": 0.3242,
        "map_at_100": 0.32908,
        "map_at_1000": 0.3301,
        "recall_at_1": 0.24449,
        "recall_at_3": 0.35081,
        "recall_at_5": 0.39932,
        "recall_at_10": 0.45948,
        "recall_at_20": 0.53534,
        "recall_at_100": 0.6939,
        "recall_at_1000": 0.87231,
        "precision_at_1": 0.28731,
        "precision_at_3": 0.14521,
        "precision_at_5": 0.10131,
        "precision_at_10": 0.05924,
        "precision_at_20": 0.03512,
        "precision_at_100": 0.00962,
        "precision_at_1000": 0.0013,
        "mrr_at_1": 0.287313,
        "mrr_at_3": 0.337531,
        "mrr_at_5": 0.349611,
        "mrr_at_10": 0.358256,
        "mrr_at_20": 0.363488,
        "mrr_at_100": 0.367424,
        "mrr_at_1000": 0.368072,
        "nauc_ndcg_at_1_max": 0.454927,
        "nauc_ndcg_at_1_std": 0.004355,
        "nauc_ndcg_at_1_diff1": 0.555525,
        "nauc_ndcg_at_3_max": 0.437667,
        "nauc_ndcg_at_3_std": 0.017222,
        "nauc_ndcg_at_3_diff1": 0.485835,
        "nauc_ndcg_at_5_max": 0.440303,
        "nauc_ndcg_at_5_std": 0.027914,
        "nauc_ndcg_at_5_diff1": 0.470673,
        "nauc_ndcg_at_10_max": 0.438602,
        "nauc_ndcg_at_10_std": 0.03652,
        "nauc_ndcg_at_10_diff1": 0.463794,
        "nauc_ndcg_at_20_max": 0.428324,
        "nauc_ndcg_at_20_std": 0.035766,
        "nauc_ndcg_at_20_diff1": 0.457351,
        "nauc_ndcg_at_100_max": 0.435212,
        "nauc_ndcg_at_100_std": 0.049273,
        "nauc_ndcg_at_100_diff1": 0.456174,
        "nauc_ndcg_at_1000_max": 0.443719,
        "nauc_ndcg_at_1000_std": 0.056082,
        "nauc_ndcg_at_1000_diff1": 0.46295,
        "nauc_map_at_1_max": 0.456886,
        "nauc_map_at_1_std": -0.011702,
        "nauc_map_at_1_diff1": 0.573305,
        "nauc_map_at_3_max": 0.443132,
        "nauc_map_at_3_std": 0.009004,
        "nauc_map_at_3_diff1": 0.512353,
        "nauc_map_at_5_max": 0.445522,
        "nauc_map_at_5_std": 0.017336,
        "nauc_map_at_5_diff1": 0.500004,
        "nauc_map_at_10_max": 0.445639,
        "nauc_map_at_10_std": 0.021708,
        "nauc_map_at_10_diff1": 0.496785,
        "nauc_map_at_20_max": 0.442811,
        "nauc_map_at_20_std": 0.021867,
        "nauc_map_at_20_diff1": 0.49465,
        "nauc_map_at_100_max": 0.443635,
        "nauc_map_at_100_std": 0.023592,
        "nauc_map_at_100_diff1": 0.494212,
        "nauc_map_at_1000_max": 0.444161,
        "nauc_map_at_1000_std": 0.024092,
        "nauc_map_at_1000_diff1": 0.494463,
        "nauc_recall_at_1_max": 0.456886,
        "nauc_recall_at_1_std": -0.011702,
        "nauc_recall_at_1_diff1": 0.573305,
        "nauc_recall_at_3_max": 0.410492,
        "nauc_recall_at_3_std": 0.02468,
        "nauc_recall_at_3_diff1": 0.435372,
        "nauc_recall_at_5_max": 0.412849,
        "nauc_recall_at_5_std": 0.054098,
        "nauc_recall_at_5_diff1": 0.391526,
        "nauc_recall_at_10_max": 0.396992,
        "nauc_recall_at_10_std": 0.07073,
        "nauc_recall_at_10_diff1": 0.366014,
        "nauc_recall_at_20_max": 0.348542,
        "nauc_recall_at_20_std": 0.066027,
        "nauc_recall_at_20_diff1": 0.333347,
        "nauc_recall_at_100_max": 0.366998,
        "nauc_recall_at_100_std": 0.16055,
        "nauc_recall_at_100_diff1": 0.295622,
        "nauc_recall_at_1000_max": 0.456075,
        "nauc_recall_at_1000_std": 0.391914,
        "nauc_recall_at_1000_diff1": 0.280498,
        "nauc_precision_at_1_max": 0.454927,
        "nauc_precision_at_1_std": 0.004355,
        "nauc_precision_at_1_diff1": 0.555525,
        "nauc_precision_at_3_max": 0.385235,
        "nauc_precision_at_3_std": 0.036717,
        "nauc_precision_at_3_diff1": 0.366589,
        "nauc_precision_at_5_max": 0.371724,
        "nauc_precision_at_5_std": 0.062054,
        "nauc_precision_at_5_diff1": 0.296991,
        "nauc_precision_at_10_max": 0.350839,
        "nauc_precision_at_10_std": 0.091982,
        "nauc_precision_at_10_diff1": 0.250788,
        "nauc_precision_at_20_max": 0.274656,
        "nauc_precision_at_20_std": 0.08059,
        "nauc_precision_at_20_diff1": 0.184977,
        "nauc_precision_at_100_max": 0.190252,
        "nauc_precision_at_100_std": 0.124586,
        "nauc_precision_at_100_diff1": 0.053125,
        "nauc_precision_at_1000_max": 0.056741,
        "nauc_precision_at_1000_std": 0.089606,
        "nauc_precision_at_1000_diff1": -0.06497,
        "nauc_mrr_at_1_max": 0.454927,
        "nauc_mrr_at_1_std": 0.004355,
        "nauc_mrr_at_1_diff1": 0.555525,
        "nauc_mrr_at_3_max": 0.440863,
        "nauc_mrr_at_3_std": 0.016197,
        "nauc_mrr_at_3_diff1": 0.491441,
        "nauc_mrr_at_5_max": 0.442484,
        "nauc_mrr_at_5_std": 0.021528,
        "nauc_mrr_at_5_diff1": 0.484511,
        "nauc_mrr_at_10_max": 0.440758,
        "nauc_mrr_at_10_std": 0.025932,
        "nauc_mrr_at_10_diff1": 0.481935,
        "nauc_mrr_at_20_max": 0.438359,
        "nauc_mrr_at_20_std": 0.025449,
        "nauc_mrr_at_20_diff1": 0.480354,
        "nauc_mrr_at_100_max": 0.439587,
        "nauc_mrr_at_100_std": 0.02648,
        "nauc_mrr_at_100_diff1": 0.481248,
        "nauc_mrr_at_1000_max": 0.439761,
        "nauc_mrr_at_1000_std": 0.026571,
        "nauc_mrr_at_1000_diff1": 0.481512,
        "main_score": 0.36271,
        "hf_subset": "default",
        "languages": [
          "eng-Latn"
        ]
      }
    ]
  },
  "evaluation_time": 152.63142156600952,
  "kg_co2_emissions": null
}