{
  "dataset_revision": "bb9466bac8153a0349341eb1b22e06409e78ef4e",
  "task_name": "TRECCOVID",
  "mteb_version": "1.36.29",
  "scores": {
    "test": [
      {
        "ndcg_at_1": 0.82,
        "ndcg_at_3": 0.79028,
        "ndcg_at_5": 0.78919,
        "ndcg_at_10": 0.75443,
        "ndcg_at_20": 0.71535,
        "ndcg_at_100": 0.55938,
        "ndcg_at_1000": 0.4935,
        "map_at_1": 0.00225,
        "map_at_3": 0.00642,
        "map_at_5": 0.01066,
        "map_at_10": 0.01873,
        "map_at_20": 0.03333,
        "map_at_100": 0.10385,
        "map_at_1000": 0.24688,
        "recall_at_1": 0.00225,
        "recall_at_3": 0.00679,
        "recall_at_5": 0.01153,
        "recall_at_10": 0.02049,
        "recall_at_20": 0.03794,
        "recall_at_100": 0.13484,
        "recall_at_1000": 0.46271,
        "precision_at_1": 0.88,
        "precision_at_3": 0.86,
        "precision_at_5": 0.868,
        "precision_at_10": 0.814,
        "precision_at_20": 0.759,
        "precision_at_100": 0.5774,
        "precision_at_1000": 0.22182,
        "mrr_at_1": 0.88,
        "mrr_at_3": 0.913333,
        "mrr_at_5": 0.923333,
        "mrr_at_10": 0.923333,
        "mrr_at_20": 0.923333,
        "mrr_at_100": 0.923333,
        "mrr_at_1000": 0.923333,
        "nauc_ndcg_at_1_max": 0.217676,
        "nauc_ndcg_at_1_std": 0.505801,
        "nauc_ndcg_at_1_diff1": -0.071793,
        "nauc_ndcg_at_3_max": 0.398231,
        "nauc_ndcg_at_3_std": 0.558676,
        "nauc_ndcg_at_3_diff1": -0.195405,
        "nauc_ndcg_at_5_max": 0.382184,
        "nauc_ndcg_at_5_std": 0.603869,
        "nauc_ndcg_at_5_diff1": -0.271747,
        "nauc_ndcg_at_10_max": 0.48712,
        "nauc_ndcg_at_10_std": 0.70975,
        "nauc_ndcg_at_10_diff1": -0.32187,
        "nauc_ndcg_at_20_max": 0.522273,
        "nauc_ndcg_at_20_std": 0.743594,
        "nauc_ndcg_at_20_diff1": -0.281365,
        "nauc_ndcg_at_100_max": 0.505067,
        "nauc_ndcg_at_100_std": 0.837554,
        "nauc_ndcg_at_100_diff1": -0.209319,
        "nauc_ndcg_at_1000_max": 0.442667,
        "nauc_ndcg_at_1000_std": 0.79071,
        "nauc_ndcg_at_1000_diff1": -0.113464,
        "nauc_map_at_1_max": -0.06557,
        "nauc_map_at_1_std": -0.022665,
        "nauc_map_at_1_diff1": 0.207151,
        "nauc_map_at_3_max": -0.036119,
        "nauc_map_at_3_std": 0.016149,
        "nauc_map_at_3_diff1": 0.080706,
        "nauc_map_at_5_max": -0.058968,
        "nauc_map_at_5_std": -0.000346,
        "nauc_map_at_5_diff1": 0.073731,
        "nauc_map_at_10_max": 0.014153,
        "nauc_map_at_10_std": 0.152705,
        "nauc_map_at_10_diff1": 0.054167,
        "nauc_map_at_20_max": 0.08019,
        "nauc_map_at_20_std": 0.255258,
        "nauc_map_at_20_diff1": 0.048666,
        "nauc_map_at_100_max": 0.251898,
        "nauc_map_at_100_std": 0.670712,
        "nauc_map_at_100_diff1": 0.014081,
        "nauc_map_at_1000_max": 0.473524,
        "nauc_map_at_1000_std": 0.84116,
        "nauc_map_at_1000_diff1": -0.105064,
        "nauc_recall_at_1_max": -0.06557,
        "nauc_recall_at_1_std": -0.022665,
        "nauc_recall_at_1_diff1": 0.207151,
        "nauc_recall_at_3_max": -0.093857,
        "nauc_recall_at_3_std": -0.068512,
        "nauc_recall_at_3_diff1": 0.085195,
        "nauc_recall_at_5_max": -0.142925,
        "nauc_recall_at_5_std": -0.111754,
        "nauc_recall_at_5_diff1": 0.104429,
        "nauc_recall_at_10_max": -0.069239,
        "nauc_recall_at_10_std": 0.031445,
        "nauc_recall_at_10_diff1": 0.090969,
        "nauc_recall_at_20_max": -0.034359,
        "nauc_recall_at_20_std": 0.104422,
        "nauc_recall_at_20_diff1": 0.081131,
        "nauc_recall_at_100_max": 0.096923,
        "nauc_recall_at_100_std": 0.501083,
        "nauc_recall_at_100_diff1": 0.087754,
        "nauc_recall_at_1000_max": 0.35924,
        "nauc_recall_at_1000_std": 0.683671,
        "nauc_recall_at_1000_diff1": -0.046715,
        "nauc_precision_at_1_max": 0.643732,
        "nauc_precision_at_1_std": 0.75867,
        "nauc_precision_at_1_diff1": -0.066338,
        "nauc_precision_at_3_max": 0.665403,
        "nauc_precision_at_3_std": 0.690817,
        "nauc_precision_at_3_diff1": -0.361933,
        "nauc_precision_at_5_max": 0.489824,
        "nauc_precision_at_5_std": 0.676801,
        "nauc_precision_at_5_diff1": -0.441234,
        "nauc_precision_at_10_max": 0.563673,
        "nauc_precision_at_10_std": 0.747266,
        "nauc_precision_at_10_diff1": -0.473374,
        "nauc_precision_at_20_max": 0.593293,
        "nauc_precision_at_20_std": 0.750776,
        "nauc_precision_at_20_diff1": -0.370372,
        "nauc_precision_at_100_max": 0.510459,
        "nauc_precision_at_100_std": 0.847689,
        "nauc_precision_at_100_diff1": -0.229253,
        "nauc_precision_at_1000_max": 0.510868,
        "nauc_precision_at_1000_std": 0.568739,
        "nauc_precision_at_1000_diff1": -0.259811,
        "nauc_mrr_at_1_max": 0.643732,
        "nauc_mrr_at_1_std": 0.75867,
        "nauc_mrr_at_1_diff1": -0.066338,
        "nauc_mrr_at_3_max": 0.698443,
        "nauc_mrr_at_3_std": 0.705134,
        "nauc_mrr_at_3_diff1": -0.183366,
        "nauc_mrr_at_5_max": 0.658427,
        "nauc_mrr_at_5_std": 0.732881,
        "nauc_mrr_at_5_diff1": -0.139429,
        "nauc_mrr_at_10_max": 0.658427,
        "nauc_mrr_at_10_std": 0.732881,
        "nauc_mrr_at_10_diff1": -0.139429,
        "nauc_mrr_at_20_max": 0.658427,
        "nauc_mrr_at_20_std": 0.732881,
        "nauc_mrr_at_20_diff1": -0.139429,
        "nauc_mrr_at_100_max": 0.658427,
        "nauc_mrr_at_100_std": 0.732881,
        "nauc_mrr_at_100_diff1": -0.139429,
        "nauc_mrr_at_1000_max": 0.658427,
        "nauc_mrr_at_1000_std": 0.732881,
        "nauc_mrr_at_1000_diff1": -0.139429,
        "main_score": 0.75443,
        "hf_subset": "default",
        "languages": [
          "eng-Latn"
        ]
      }
    ]
  },
  "evaluation_time": 458.7653830051422,
  "kg_co2_emissions": null
}