{
  "dataset_revision": "1840e8a5ac6ec752bbdd97d543ead0189bc7c25b",
  "task_name": "ChemHotpotQARetrieval",
  "mteb_version": "1.36.29",
  "scores": {
    "train": [
      {
        "ndcg_at_1": 0.85556,
        "ndcg_at_3": 0.89985,
        "ndcg_at_5": 0.90918,
        "ndcg_at_10": 0.9127,
        "ndcg_at_20": 0.91656,
        "ndcg_at_100": 0.91726,
        "ndcg_at_1000": 0.91976,
        "map_at_1": 0.83889,
        "map_at_3": 0.88657,
        "map_at_5": 0.89185,
        "map_at_10": 0.89326,
        "map_at_20": 0.8946,
        "map_at_100": 0.89479,
        "map_at_1000": 0.8949,
        "recall_at_1": 0.83889,
        "recall_at_3": 0.93056,
        "recall_at_5": 0.95278,
        "recall_at_10": 0.96389,
        "recall_at_20": 0.97778,
        "recall_at_100": 0.98056,
        "recall_at_1000": 1.0,
        "precision_at_1": 0.85556,
        "precision_at_3": 0.32037,
        "precision_at_5": 0.19667,
        "precision_at_10": 0.09944,
        "precision_at_20": 0.05056,
        "precision_at_100": 0.01017,
        "precision_at_1000": 0.00104,
        "mrr_at_1": 0.855556,
        "mrr_at_3": 0.894444,
        "mrr_at_5": 0.899722,
        "mrr_at_10": 0.901133,
        "mrr_at_20": 0.902009,
        "mrr_at_100": 0.902009,
        "mrr_at_1000": 0.902074,
        "nauc_ndcg_at_1_max": 0.566302,
        "nauc_ndcg_at_1_std": -0.507446,
        "nauc_ndcg_at_1_diff1": 0.927786,
        "nauc_ndcg_at_3_max": 0.35726,
        "nauc_ndcg_at_3_std": -0.666166,
        "nauc_ndcg_at_3_diff1": 0.780337,
        "nauc_ndcg_at_5_max": 0.337926,
        "nauc_ndcg_at_5_std": -0.653636,
        "nauc_ndcg_at_5_diff1": 0.771346,
        "nauc_ndcg_at_10_max": 0.312869,
        "nauc_ndcg_at_10_std": -0.62118,
        "nauc_ndcg_at_10_diff1": 0.764666,
        "nauc_ndcg_at_20_max": 0.291835,
        "nauc_ndcg_at_20_std": -0.640822,
        "nauc_ndcg_at_20_diff1": 0.759726,
        "nauc_ndcg_at_100_max": 0.309176,
        "nauc_ndcg_at_100_std": -0.630664,
        "nauc_ndcg_at_100_diff1": 0.780671,
        "nauc_ndcg_at_1000_max": 0.34889,
        "nauc_ndcg_at_1000_std": -0.623654,
        "nauc_ndcg_at_1000_diff1": 0.79671,
        "nauc_map_at_1_max": 0.395186,
        "nauc_map_at_1_std": -0.557404,
        "nauc_map_at_1_diff1": 0.822801,
        "nauc_map_at_3_max": 0.372664,
        "nauc_map_at_3_std": -0.640731,
        "nauc_map_at_3_diff1": 0.770667,
        "nauc_map_at_5_max": 0.363977,
        "nauc_map_at_5_std": -0.634713,
        "nauc_map_at_5_diff1": 0.76589,
        "nauc_map_at_10_max": 0.356033,
        "nauc_map_at_10_std": -0.624085,
        "nauc_map_at_10_diff1": 0.763686,
        "nauc_map_at_20_max": 0.351808,
        "nauc_map_at_20_std": -0.629096,
        "nauc_map_at_20_diff1": 0.762626,
        "nauc_map_at_100_max": 0.355675,
        "nauc_map_at_100_std": -0.626841,
        "nauc_map_at_100_diff1": 0.767167,
        "nauc_map_at_1000_max": 0.356906,
        "nauc_map_at_1000_std": -0.626498,
        "nauc_map_at_1000_diff1": 0.768191,
        "nauc_recall_at_1_max": 0.395186,
        "nauc_recall_at_1_std": -0.557404,
        "nauc_recall_at_1_diff1": 0.822801,
        "nauc_recall_at_3_max": 0.133277,
        "nauc_recall_at_3_std": -0.831727,
        "nauc_recall_at_3_diff1": 0.641027,
        "nauc_recall_at_5_max": -0.05572,
        "nauc_recall_at_5_std": -0.842615,
        "nauc_recall_at_5_diff1": 0.535536,
        "nauc_recall_at_10_max": -0.360447,
        "nauc_recall_at_10_std": -0.657006,
        "nauc_recall_at_10_diff1": 0.412734,
        "nauc_recall_at_20_max": -1.068394,
        "nauc_recall_at_20_std": -0.945845,
        "nauc_recall_at_20_diff1": 0.134104,
        "nauc_recall_at_100_max": -0.972456,
        "nauc_recall_at_100_std": -0.8324,
        "nauc_recall_at_100_diff1": 0.401827,
        "nauc_recall_at_1000_max": NaN,
        "nauc_recall_at_1000_std": NaN,
        "nauc_recall_at_1000_diff1": NaN,
        "nauc_precision_at_1_max": 0.566302,
        "nauc_precision_at_1_std": -0.507446,
        "nauc_precision_at_1_diff1": 0.927786,
        "nauc_precision_at_3_max": 0.311645,
        "nauc_precision_at_3_std": -0.430049,
        "nauc_precision_at_3_diff1": 0.369093,
        "nauc_precision_at_5_max": 0.247676,
        "nauc_precision_at_5_std": -0.321584,
        "nauc_precision_at_5_diff1": 0.226941,
        "nauc_precision_at_10_max": 0.132797,
        "nauc_precision_at_10_std": -0.133578,
        "nauc_precision_at_10_diff1": 0.108596,
        "nauc_precision_at_20_max": -0.034516,
        "nauc_precision_at_20_std": -0.070827,
        "nauc_precision_at_20_diff1": -0.096125,
        "nauc_precision_at_100_max": 0.099416,
        "nauc_precision_at_100_std": 0.067806,
        "nauc_precision_at_100_diff1": 0.045783,
        "nauc_precision_at_1000_max": 0.460577,
        "nauc_precision_at_1000_std": 0.361302,
        "nauc_precision_at_1000_diff1": 0.006478,
        "nauc_mrr_at_1_max": 0.566302,
        "nauc_mrr_at_1_std": -0.507446,
        "nauc_mrr_at_1_diff1": 0.927786,
        "nauc_mrr_at_3_max": 0.492268,
        "nauc_mrr_at_3_std": -0.585426,
        "nauc_mrr_at_3_diff1": 0.905124,
        "nauc_mrr_at_5_max": 0.489453,
        "nauc_mrr_at_5_std": -0.575987,
        "nauc_mrr_at_5_diff1": 0.9073,
        "nauc_mrr_at_10_max": 0.482788,
        "nauc_mrr_at_10_std": -0.563738,
        "nauc_mrr_at_10_diff1": 0.907018,
        "nauc_mrr_at_20_max": 0.478535,
        "nauc_mrr_at_20_std": -0.568635,
        "nauc_mrr_at_20_diff1": 0.906671,
        "nauc_mrr_at_100_max": 0.478535,
        "nauc_mrr_at_100_std": -0.568635,
        "nauc_mrr_at_100_diff1": 0.906671,
        "nauc_mrr_at_1000_max": 0.479037,
        "nauc_mrr_at_1000_std": -0.568494,
        "nauc_mrr_at_1000_diff1": 0.906807,
        "main_score": 0.9127,
        "hf_subset": "default",
        "languages": [
          "eng-Latn"
        ]
      }
    ],
    "dev": [
      {
        "ndcg_at_1": 0.875,
        "ndcg_at_3": 0.875,
        "ndcg_at_5": 0.875,
        "ndcg_at_10": 0.875,
        "ndcg_at_20": 0.90783,
        "ndcg_at_100": 0.90783,
        "ndcg_at_1000": 0.90783,
        "map_at_1": 0.875,
        "map_at_3": 0.875,
        "map_at_5": 0.875,
        "map_at_10": 0.875,
        "map_at_20": 0.88462,
        "map_at_100": 0.88462,
        "map_at_1000": 0.88462,
        "recall_at_1": 0.875,
        "recall_at_3": 0.875,
        "recall_at_5": 0.875,
        "recall_at_10": 0.875,
        "recall_at_20": 1.0,
        "recall_at_100": 1.0,
        "recall_at_1000": 1.0,
        "precision_at_1": 0.875,
        "precision_at_3": 0.29167,
        "precision_at_5": 0.175,
        "precision_at_10": 0.0875,
        "precision_at_20": 0.05,
        "precision_at_100": 0.01,
        "precision_at_1000": 0.001,
        "mrr_at_1": 0.875,
        "mrr_at_3": 0.875,
        "mrr_at_5": 0.875,
        "mrr_at_10": 0.875,
        "mrr_at_20": 0.884615,
        "mrr_at_100": 0.884615,
        "mrr_at_1000": 0.884615,
        "nauc_ndcg_at_1_max": 1.0,
        "nauc_ndcg_at_1_std": 0.363585,
        "nauc_ndcg_at_1_diff1": 1.0,
        "nauc_ndcg_at_3_max": 1.0,
        "nauc_ndcg_at_3_std": 0.363585,
        "nauc_ndcg_at_3_diff1": 1.0,
        "nauc_ndcg_at_5_max": 1.0,
        "nauc_ndcg_at_5_std": 0.363585,
        "nauc_ndcg_at_5_diff1": 1.0,
        "nauc_ndcg_at_10_max": 1.0,
        "nauc_ndcg_at_10_std": 0.363585,
        "nauc_ndcg_at_10_diff1": 1.0,
        "nauc_ndcg_at_20_max": 1.0,
        "nauc_ndcg_at_20_std": 0.363585,
        "nauc_ndcg_at_20_diff1": 1.0,
        "nauc_ndcg_at_100_max": 1.0,
        "nauc_ndcg_at_100_std": 0.363585,
        "nauc_ndcg_at_100_diff1": 1.0,
        "nauc_ndcg_at_1000_max": 1.0,
        "nauc_ndcg_at_1000_std": 0.363585,
        "nauc_ndcg_at_1000_diff1": 1.0,
        "nauc_map_at_1_max": 1.0,
        "nauc_map_at_1_std": 0.363585,
        "nauc_map_at_1_diff1": 1.0,
        "nauc_map_at_3_max": 1.0,
        "nauc_map_at_3_std": 0.363585,