{
  "dataset_revision": "5037d69d177c9628fb79cb57eea1299178b28c1b",
  "task_name": "PubChemSynonymPC",
  "mteb_version": "1.36.29",
  "scores": {
    "test": [
      {
        "similarity_accuracy": 0.935547,
        "similarity_accuracy_threshold": 0.848396,
        "similarity_f1": 0.563467,
        "similarity_f1_threshold": 0.821356,
        "similarity_precision": 0.764706,
        "similarity_recall": 0.446078,
        "similarity_ap": 0.56438,
        "cosine_accuracy": 0.935547,
        "cosine_accuracy_threshold": 0.848396,
        "cosine_f1": 0.563467,
        "cosine_f1_threshold": 0.821356,
        "cosine_precision": 0.764706,
        "cosine_recall": 0.446078,
        "cosine_ap": 0.56438,
        "manhattan_accuracy": 0.932129,
        "manhattan_accuracy_threshold": 254.240051,
        "manhattan_f1": 0.545455,
        "manhattan_f1_threshold": 280.817017,
        "manhattan_precision": 0.807692,
        "manhattan_recall": 0.411765,
        "manhattan_ap": 0.54786,
        "euclidean_accuracy": 0.933594,
        "euclidean_accuracy_threshold": 12.296288,
        "euclidean_f1": 0.548387,
        "euclidean_f1_threshold": 12.7841,
        "euclidean_precision": 0.801887,
        "euclidean_recall": 0.416667,
        "euclidean_ap": 0.548259,
        "dot_accuracy": 0.925293,
        "dot_accuracy_threshold": 415.968506,
        "dot_f1": 0.518072,
        "dot_f1_threshold": 402.159515,
        "dot_precision": 0.671875,
        "dot_recall": 0.421569,
        "dot_ap": 0.515855,
        "max_accuracy": 0.935547,
        "max_f1": 0.563467,
        "max_precision": 0.807692,
        "max_recall": 0.446078,
        "max_ap": 0.56438,
        "main_score": 0.56438,
        "hf_subset": "default",
        "languages": [
          "eng-Latn"
        ]
      }
    ]
  },
  "evaluation_time": 3.494645357131958,
  "kg_co2_emissions": null
}