{
  "dataset_revision": "1840e8a5ac6ec752bbdd97d543ead0189bc7c25b",
  "task_name": "ChemHotpotQARetrieval",
  "mteb_version": "1.36.29",
  "scores": {
    "train": [
      {
        "ndcg_at_1": 0.77222,
        "ndcg_at_3": 0.80375,
        "ndcg_at_5": 0.81977,
        "ndcg_at_10": 0.83061,
        "ndcg_at_20": 0.83738,
        "ndcg_at_100": 0.84499,
        "ndcg_at_1000": 0.84873,
        "map_at_1": 0.75278,
        "map_at_3": 0.79167,
        "map_at_5": 0.80056,
        "map_at_10": 0.80507,
        "map_at_20": 0.80679,
        "map_at_100": 0.80782,
        "map_at_1000": 0.80798,
        "recall_at_1": 0.75278,
        "recall_at_3": 0.83056,
        "recall_at_5": 0.86944,
        "recall_at_10": 0.90278,
        "recall_at_20": 0.93056,
        "recall_at_100": 0.97222,
        "recall_at_1000": 1.0,
        "precision_at_1": 0.77222,
        "precision_at_3": 0.28704,
        "precision_at_5": 0.18,
        "precision_at_10": 0.09333,
        "precision_at_20": 0.04806,
        "precision_at_100": 0.01006,
        "precision_at_1000": 0.00104,
        "mrr_at_1": 0.772222,
        "mrr_at_3": 0.800926,
        "mrr_at_5": 0.809815,
        "mrr_at_10": 0.814328,
        "mrr_at_20": 0.816046,
        "mrr_at_100": 0.816913,
        "mrr_at_1000": 0.817022,
        "nauc_ndcg_at_1_max": 0.680617,
        "nauc_ndcg_at_1_std": -0.002744,
        "nauc_ndcg_at_1_diff1": 0.867881,
        "nauc_ndcg_at_3_max": 0.58269,
        "nauc_ndcg_at_3_std": -0.117535,
        "nauc_ndcg_at_3_diff1": 0.778779,
        "nauc_ndcg_at_5_max": 0.580595,
        "nauc_ndcg_at_5_std": -0.112538,
        "nauc_ndcg_at_5_diff1": 0.763923,
        "nauc_ndcg_at_10_max": 0.575849,
        "nauc_ndcg_at_10_std": -0.116231,
        "nauc_ndcg_at_10_diff1": 0.761252,
        "nauc_ndcg_at_20_max": 0.564265,
        "nauc_ndcg_at_20_std": -0.103307,
        "nauc_ndcg_at_20_diff1": 0.758003,
        "nauc_ndcg_at_100_max": 0.558975,
        "nauc_ndcg_at_100_std": -0.103678,
        "nauc_ndcg_at_100_diff1": 0.755222,
        "nauc_ndcg_at_1000_max": 0.582385,
        "nauc_ndcg_at_1000_std": -0.097041,
        "nauc_ndcg_at_1000_diff1": 0.774536,
        "nauc_map_at_1_max": 0.574268,
        "nauc_map_at_1_std": -0.099024,
        "nauc_map_at_1_diff1": 0.804152,
        "nauc_map_at_3_max": 0.581335,
        "nauc_map_at_3_std": -0.113284,
        "nauc_map_at_3_diff1": 0.774043,
        "nauc_map_at_5_max": 0.580633,
        "nauc_map_at_5_std": -0.110321,
        "nauc_map_at_5_diff1": 0.766354,
        "nauc_map_at_10_max": 0.578229,
        "nauc_map_at_10_std": -0.112716,
        "nauc_map_at_10_diff1": 0.765183,
        "nauc_map_at_20_max": 0.575732,
        "nauc_map_at_20_std": -0.109943,
        "nauc_map_at_20_diff1": 0.764499,
        "nauc_map_at_100_max": 0.575302,
        "nauc_map_at_100_std": -0.109585,
        "nauc_map_at_100_diff1": 0.76446,
        "nauc_map_at_1000_max": 0.576229,
        "nauc_map_at_1000_std": -0.109222,
        "nauc_map_at_1000_diff1": 0.765255,
        "nauc_recall_at_1_max": 0.574268,
        "nauc_recall_at_1_std": -0.099024,
        "nauc_recall_at_1_diff1": 0.804152,
        "nauc_recall_at_3_max": 0.515882,
        "nauc_recall_at_3_std": -0.190252,
        "nauc_recall_at_3_diff1": 0.719227,
        "nauc_recall_at_5_max": 0.488811,
        "nauc_recall_at_5_std": -0.195145,
        "nauc_recall_at_5_diff1": 0.655399,
        "nauc_recall_at_10_max": 0.439135,
        "nauc_recall_at_10_std": -0.227594,
        "nauc_recall_at_10_diff1": 0.605556,
        "nauc_recall_at_20_max": 0.279533,
        "nauc_recall_at_20_std": -0.154902,
        "nauc_recall_at_20_diff1": 0.511653,
        "nauc_recall_at_100_max": -0.282166,
        "nauc_recall_at_100_std": -0.282166,
        "nauc_recall_at_100_diff1": 0.06648,
        "nauc_recall_at_1000_max": NaN,
        "nauc_recall_at_1000_std": NaN,
        "nauc_recall_at_1000_diff1": NaN,
        "nauc_precision_at_1_max": 0.680617,
        "nauc_precision_at_1_std": -0.002744,
        "nauc_precision_at_1_diff1": 0.867881,
        "nauc_precision_at_3_max": 0.528196,
        "nauc_precision_at_3_std": -0.003841,
        "nauc_precision_at_3_diff1": 0.575974,
        "nauc_precision_at_5_max": 0.509144,
        "nauc_precision_at_5_std": 0.032128,
        "nauc_precision_at_5_diff1": 0.494188,
        "nauc_precision_at_10_max": 0.479057,
        "nauc_precision_at_10_std": 0.060594,
        "nauc_precision_at_10_diff1": 0.421614,
        "nauc_precision_at_20_max": 0.380686,
        "nauc_precision_at_20_std": 0.19059,
        "nauc_precision_at_20_diff1": 0.307252,
        "nauc_precision_at_100_max": 0.1473,
        "nauc_precision_at_100_std": 0.356247,
        "nauc_precision_at_100_diff1": -0.057016,
        "nauc_precision_at_1000_max": 0.412281,
        "nauc_precision_at_1000_std": 0.630151,
        "nauc_precision_at_1000_diff1": 0.056116,
        "nauc_mrr_at_1_max": 0.680617,
        "nauc_mrr_at_1_std": -0.002744,
        "nauc_mrr_at_1_diff1": 0.867881,
        "nauc_mrr_at_3_max": 0.648741,
        "nauc_mrr_at_3_std": -0.052538,
        "nauc_mrr_at_3_diff1": 0.844241,
        "nauc_mrr_at_5_max": 0.650966,
        "nauc_mrr_at_5_std": -0.0468,
        "nauc_mrr_at_5_diff1": 0.839336,
        "nauc_mrr_at_10_max": 0.650132,
        "nauc_mrr_at_10_std": -0.047785,
        "nauc_mrr_at_10_diff1": 0.839847,
        "nauc_mrr_at_20_max": 0.648261,
        "nauc_mrr_at_20_std": -0.04425,
        "nauc_mrr_at_20_diff1": 0.839888,
        "nauc_mrr_at_100_max": 0.647895,
        "nauc_mrr_at_100_std": -0.044606,
        "nauc_mrr_at_100_diff1": 0.84004,
        "nauc_mrr_at_1000_max": 0.648276,
        "nauc_mrr_at_1000_std": -0.044671,
        "nauc_mrr_at_1000_diff1": 0.840247,
        "main_score": 0.83061,
        "hf_subset": "default",
        "languages": [
          "eng-Latn"
        ]
      }
    ],
    "dev": [
      {
        "ndcg_at_1": 0.875,
        "ndcg_at_3": 0.875,
        "ndcg_at_5": 0.875,
        "ndcg_at_10": 0.875,
        "ndcg_at_20": 0.90699,
        "ndcg_at_100": 0.90699,
        "ndcg_at_1000": 0.90699,
        "map_at_1": 0.875,
        "map_at_3": 0.875,
        "map_at_5": 0.875,
        "map_at_10": 0.875,
        "map_at_20": 0.88393,
        "map_at_100": 0.88393,
        "map_at_1000": 0.88393,
        "recall_at_1": 0.875,
        "recall_at_3": 0.875,
        "recall_at_5": 0.875,
        "recall_at_10": 0.875,
        "recall_at_20": 1.0,
        "recall_at_100": 1.0,
        "recall_at_1000": 1.0,
        "precision_at_1": 0.875,
        "precision_at_3": 0.29167,
        "precision_at_5": 0.175,
        "precision_at_10": 0.0875,
        "precision_at_20": 0.05,
        "precision_at_100": 0.01,
        "precision_at_1000": 0.001,
        "mrr_at_1": 0.875,
        "mrr_at_3": 0.875,
        "mrr_at_5": 0.875,
        "mrr_at_10": 0.875,
        "mrr_at_20": 0.883929,
        "mrr_at_100": 0.883929,
        "mrr_at_1000": 0.883929,
        "nauc_ndcg_at_1_max": 1.0,
        "nauc_ndcg_at_1_std": -1.597199,
        "nauc_ndcg_at_1_diff1": 1.0,
        "nauc_ndcg_at_3_max": 1.0,
        "nauc_ndcg_at_3_std": -1.597199,
        "nauc_ndcg_at_3_diff1": 1.0,
        "nauc_ndcg_at_5_max": 1.0,
        "nauc_ndcg_at_5_std": -1.597199,
        "nauc_ndcg_at_5_diff1": 1.0,
        "nauc_ndcg_at_10_max": 1.0,
        "nauc_ndcg_at_10_std": -1.597199,
        "nauc_ndcg_at_10_diff1": 1.0,
        "nauc_ndcg_at_20_max": 1.0,
        "nauc_ndcg_at_20_std": -1.597199,
        "nauc_ndcg_at_20_diff1": 1.0,
        "nauc_ndcg_at_100_max": 1.0,
        "nauc_ndcg_at_100_std": -1.597199,
        "nauc_ndcg_at_100_diff1": 1.0,
        "nauc_ndcg_at_1000_max": 1.0,
        "nauc_ndcg_at_1000_std": -1.597199,
        "nauc_ndcg_at_1000_diff1": 1.0,
        "nauc_map_at_1_max": 1.0,
        "nauc_map_at_1_std": -1.597199,
        "nauc_map_at_1_diff1": 1.0,
        "nauc_map_at_3_max": 1.0,
        "nauc_map_at_3_std": -1.597199,