{
  "dataset_revision": "5d958fb6b31055495347724d46431ba41309b03a",
  "task_name": "ChemNQRetrieval",
  "mteb_version": "1.36.29",
  "scores": {
    "test": [
      {
        "ndcg_at_1": 0.44444,
        "ndcg_at_3": 0.43273,
        "ndcg_at_5": 0.48419,
        "ndcg_at_10": 0.5349,
        "ndcg_at_20": 0.56547,
        "ndcg_at_100": 0.59789,
        "ndcg_at_1000": 0.60293,
        "map_at_1": 0.32716,
        "map_at_3": 0.39506,
        "map_at_5": 0.4321,
        "map_at_10": 0.45437,
        "map_at_20": 0.46528,
        "map_at_100": 0.4729,
        "map_at_1000": 0.47312,
        "recall_at_1": 0.32716,
        "recall_at_3": 0.45679,
        "recall_at_5": 0.5679,
        "recall_at_10": 0.71605,
        "recall_at_20": 0.82099,
        "recall_at_100": 0.96296,
        "recall_at_1000": 1.0,
        "precision_at_1": 0.44444,
        "precision_at_3": 0.19753,
        "precision_at_5": 0.14815,
        "precision_at_10": 0.09259,
        "precision_at_20": 0.0537,
        "precision_at_100": 0.01259,
        "precision_at_1000": 0.0013,
        "mrr_at_1": 0.444444,
        "mrr_at_3": 0.493827,
        "mrr_at_5": 0.512346,
        "mrr_at_10": 0.532407,
        "mrr_at_20": 0.538623,
        "mrr_at_100": 0.543253,
        "mrr_at_1000": 0.543482,
        "nauc_ndcg_at_1_max": 0.396834,
        "nauc_ndcg_at_1_std": 0.074548,
        "nauc_ndcg_at_1_diff1": 0.567237,
        "nauc_ndcg_at_3_max": 0.287006,
        "nauc_ndcg_at_3_std": 0.022378,
        "nauc_ndcg_at_3_diff1": 0.516135,
        "nauc_ndcg_at_5_max": 0.365957,
        "nauc_ndcg_at_5_std": 0.056713,
        "nauc_ndcg_at_5_diff1": 0.485256,
        "nauc_ndcg_at_10_max": 0.379329,
        "nauc_ndcg_at_10_std": 0.03913,
        "nauc_ndcg_at_10_diff1": 0.520536,
        "nauc_ndcg_at_20_max": 0.357998,
        "nauc_ndcg_at_20_std": 0.035268,
        "nauc_ndcg_at_20_diff1": 0.526069,
        "nauc_ndcg_at_100_max": 0.377433,
        "nauc_ndcg_at_100_std": 0.039284,
        "nauc_ndcg_at_100_diff1": 0.556391,
        "nauc_ndcg_at_1000_max": 0.373834,
        "nauc_ndcg_at_1000_std": 0.051612,
        "nauc_ndcg_at_1000_diff1": 0.547454,
        "nauc_map_at_1_max": 0.385377,
        "nauc_map_at_1_std": 0.101959,
        "nauc_map_at_1_diff1": 0.572902,
        "nauc_map_at_3_max": 0.297092,
        "nauc_map_at_3_std": 0.02723,
        "nauc_map_at_3_diff1": 0.538893,
        "nauc_map_at_5_max": 0.347804,
        "nauc_map_at_5_std": 0.043444,
        "nauc_map_at_5_diff1": 0.520656,
        "nauc_map_at_10_max": 0.352346,
        "nauc_map_at_10_std": 0.033258,
        "nauc_map_at_10_diff1": 0.529284,
        "nauc_map_at_20_max": 0.34799,
        "nauc_map_at_20_std": 0.03558,
        "nauc_map_at_20_diff1": 0.533525,
        "nauc_map_at_100_max": 0.351696,
        "nauc_map_at_100_std": 0.037614,
        "nauc_map_at_100_diff1": 0.539789,
        "nauc_map_at_1000_max": 0.351545,
        "nauc_map_at_1000_std": 0.038065,
        "nauc_map_at_1000_diff1": 0.539449,
        "nauc_recall_at_1_max": 0.385377,
        "nauc_recall_at_1_std": 0.101959,
        "nauc_recall_at_1_diff1": 0.572902,
        "nauc_recall_at_3_max": 0.18693,
        "nauc_recall_at_3_std": -0.011206,
        "nauc_recall_at_3_diff1": 0.415426,
        "nauc_recall_at_5_max": 0.35908,
        "nauc_recall_at_5_std": 0.070566,
        "nauc_recall_at_5_diff1": 0.341123,
        "nauc_recall_at_10_max": 0.365434,
        "nauc_recall_at_10_std": -0.036575,
        "nauc_recall_at_10_diff1": 0.387071,
        "nauc_recall_at_20_max": 0.259031,
        "nauc_recall_at_20_std": -0.103686,
        "nauc_recall_at_20_diff1": 0.408848,
        "nauc_recall_at_100_max": 0.556079,
        "nauc_recall_at_100_std": -0.572623,
        "nauc_recall_at_100_diff1": 1.0,
        "nauc_recall_at_1000_max": NaN,
        "nauc_recall_at_1000_std": NaN,
        "nauc_recall_at_1000_diff1": NaN,
        "nauc_precision_at_1_max": 0.396834,
        "nauc_precision_at_1_std": 0.074548,
        "nauc_precision_at_1_diff1": 0.567237,
        "nauc_precision_at_3_max": 0.185438,
        "nauc_precision_at_3_std": -0.061551,
        "nauc_precision_at_3_diff1": 0.427503,
        "nauc_precision_at_5_max": 0.282748,
        "nauc_precision_at_5_std": -0.006197,
        "nauc_precision_at_5_diff1": 0.288766,
        "nauc_precision_at_10_max": 0.311206,
        "nauc_precision_at_10_std": -0.021038,
        "nauc_precision_at_10_diff1": 0.334602,
        "nauc_precision_at_20_max": 0.214648,
        "nauc_precision_at_20_std": 0.001468,
        "nauc_precision_at_20_diff1": 0.288918,
        "nauc_precision_at_100_max": 0.181713,
        "nauc_precision_at_100_std": 0.035971,
        "nauc_precision_at_100_diff1": 0.245993,
        "nauc_precision_at_1000_max": 0.146094,
        "nauc_precision_at_1000_std": 0.093875,
        "nauc_precision_at_1000_diff1": 0.174253,
        "nauc_mrr_at_1_max": 0.396834,
        "nauc_mrr_at_1_std": 0.074548,
        "nauc_mrr_at_1_diff1": 0.567237,
        "nauc_mrr_at_3_max": 0.345459,
        "nauc_mrr_at_3_std": 0.044227,
        "nauc_mrr_at_3_diff1": 0.52406,
        "nauc_mrr_at_5_max": 0.381686,
        "nauc_mrr_at_5_std": 0.069022,
        "nauc_mrr_at_5_diff1": 0.507658,
        "nauc_mrr_at_10_max": 0.3991,
        "nauc_mrr_at_10_std": 0.082581,
        "nauc_mrr_at_10_diff1": 0.545621,
        "nauc_mrr_at_20_max": 0.389949,
        "nauc_mrr_at_20_std": 0.074867,
        "nauc_mrr_at_20_diff1": 0.541703,
        "nauc_mrr_at_100_max": 0.390876,
        "nauc_mrr_at_100_std": 0.072537,
        "nauc_mrr_at_100_diff1": 0.542857,
        "nauc_mrr_at_1000_max": 0.390757,
        "nauc_mrr_at_1000_std": 0.073002,
        "nauc_mrr_at_1000_diff1": 0.542528,
        "main_score": 0.5349,
        "hf_subset": "default",
        "languages": [
          "eng-Latn"
        ]
      }
    ]
  },
  "evaluation_time": 30.044060468673706,
  "kg_co2_emissions": null
}