{
  "dataset_revision": "431886eaecc48f067a3975b70d0949ea2862463c",
  "task_name": "Touche2020Retrieval.v3",
  "mteb_version": "1.36.29",
  "scores": {
    "test": [
      {
        "ndcg_at_1": 0.64286,
        "ndcg_at_3": 0.60205,
        "ndcg_at_5": 0.58446,
        "ndcg_at_10": 0.53289,
        "ndcg_at_20": 0.47823,
        "ndcg_at_100": 0.55357,
        "ndcg_at_1000": 0.6644,
        "map_at_1": 0.02531,
        "map_at_3": 0.0666,
        "map_at_5": 0.10433,
        "map_at_10": 0.1693,
        "map_at_20": 0.24173,
        "map_at_100": 0.34082,
        "map_at_1000": 0.36899,
        "recall_at_1": 0.02531,
        "recall_at_3": 0.07206,
        "recall_at_5": 0.11691,
        "recall_at_10": 0.20199,
        "recall_at_20": 0.31849,
        "recall_at_100": 0.59801,
        "recall_at_1000": 0.86831,
        "precision_at_1": 0.77551,
        "precision_at_3": 0.71429,
        "precision_at_5": 0.6898,
        "precision_at_10": 0.5898,
        "precision_at_20": 0.47143,
        "precision_at_100": 0.19224,
        "precision_at_1000": 0.02988,
        "mrr_at_1": 0.77551,
        "mrr_at_3": 0.860544,
        "mrr_at_5": 0.860544,
        "mrr_at_10": 0.86346,
        "mrr_at_20": 0.86346,
        "mrr_at_100": 0.864245,
        "mrr_at_1000": 0.864245,
        "nauc_ndcg_at_1_max": -0.143079,
        "nauc_ndcg_at_1_std": 0.134691,
        "nauc_ndcg_at_1_diff1": -0.310985,
        "nauc_ndcg_at_3_max": 0.127197,
        "nauc_ndcg_at_3_std": 0.182771,
        "nauc_ndcg_at_3_diff1": -0.05495,
        "nauc_ndcg_at_5_max": 0.13078,
        "nauc_ndcg_at_5_std": 0.190875,
        "nauc_ndcg_at_5_diff1": 0.038956,
        "nauc_ndcg_at_10_max": 0.09642,
        "nauc_ndcg_at_10_std": 0.104548,
        "nauc_ndcg_at_10_diff1": -0.012707,
        "nauc_ndcg_at_20_max": 0.03231,
        "nauc_ndcg_at_20_std": 0.115753,
        "nauc_ndcg_at_20_diff1": -0.037559,
        "nauc_ndcg_at_100_max": -0.125937,
        "nauc_ndcg_at_100_std": 0.165026,
        "nauc_ndcg_at_100_diff1": -0.049449,
        "nauc_ndcg_at_1000_max": 0.060758,
        "nauc_ndcg_at_1000_std": 0.372949,
        "nauc_ndcg_at_1000_diff1": 0.000865,
        "nauc_map_at_1_max": -0.235915,
        "nauc_map_at_1_std": -0.187289,
        "nauc_map_at_1_diff1": -0.12906,
        "nauc_map_at_3_max": -0.152238,
        "nauc_map_at_3_std": -0.181908,
        "nauc_map_at_3_diff1": 0.022286,
        "nauc_map_at_5_max": -0.129714,
        "nauc_map_at_5_std": -0.163642,
        "nauc_map_at_5_diff1": 0.09949,
        "nauc_map_at_10_max": -0.097147,
        "nauc_map_at_10_std": -0.176392,
        "nauc_map_at_10_diff1": 0.099315,
        "nauc_map_at_20_max": -0.095194,
        "nauc_map_at_20_std": -0.091885,
        "nauc_map_at_20_diff1": 0.071638,
        "nauc_map_at_100_max": -0.084446,
        "nauc_map_at_100_std": 0.025777,
        "nauc_map_at_100_diff1": 0.021428,
        "nauc_map_at_1000_max": -0.040259,
        "nauc_map_at_1000_std": 0.078711,
        "nauc_map_at_1000_diff1": 0.032369,
        "nauc_recall_at_1_max": -0.235915,
        "nauc_recall_at_1_std": -0.187289,
        "nauc_recall_at_1_diff1": -0.12906,
        "nauc_recall_at_3_max": -0.194257,
        "nauc_recall_at_3_std": -0.216927,
        "nauc_recall_at_3_diff1": 0.072487,
        "nauc_recall_at_5_max": -0.174286,
        "nauc_recall_at_5_std": -0.19003,
        "nauc_recall_at_5_diff1": 0.145294,
        "nauc_recall_at_10_max": -0.163549,
        "nauc_recall_at_10_std": -0.20071,
        "nauc_recall_at_10_diff1": 0.101452,
        "nauc_recall_at_20_max": -0.194952,
        "nauc_recall_at_20_std": -0.10506,
        "nauc_recall_at_20_diff1": 0.048169,
        "nauc_recall_at_100_max": -0.264052,
        "nauc_recall_at_100_std": 0.112822,
        "nauc_recall_at_100_diff1": -0.072887,
        "nauc_recall_at_1000_max": 0.012235,
        "nauc_recall_at_1000_std": 0.55327,
        "nauc_recall_at_1000_diff1": 0.080756,
        "nauc_precision_at_1_max": -0.123358,
        "nauc_precision_at_1_std": -0.037476,
        "nauc_precision_at_1_diff1": -0.491168,
        "nauc_precision_at_3_max": 0.18351,
        "nauc_precision_at_3_std": 0.016693,
        "nauc_precision_at_3_diff1": -0.009625,
        "nauc_precision_at_5_max": 0.198626,
        "nauc_precision_at_5_std": 0.073148,
        "nauc_precision_at_5_diff1": 0.124769,
        "nauc_precision_at_10_max": 0.155548,
        "nauc_precision_at_10_std": 0.005027,
        "nauc_precision_at_10_diff1": 0.00761,
        "nauc_precision_at_20_max": 0.115296,
        "nauc_precision_at_20_std": 0.187195,
        "nauc_precision_at_20_diff1": -0.098221,
        "nauc_precision_at_100_max": 0.350306,
        "nauc_precision_at_100_std": 0.58125,
        "nauc_precision_at_100_diff1": -0.236472,
        "nauc_precision_at_1000_max": 0.576379,
        "nauc_precision_at_1000_std": 0.510508,
        "nauc_precision_at_1000_diff1": -0.031427,
        "nauc_mrr_at_1_max": -0.123358,
        "nauc_mrr_at_1_std": -0.037476,
        "nauc_mrr_at_1_diff1": -0.491168,
        "nauc_mrr_at_3_max": 0.024372,
        "nauc_mrr_at_3_std": -0.004167,
        "nauc_mrr_at_3_diff1": -0.34178,
        "nauc_mrr_at_5_max": 0.024372,
        "nauc_mrr_at_5_std": -0.004167,
        "nauc_mrr_at_5_diff1": -0.34178,
        "nauc_mrr_at_10_max": 0.01227,
        "nauc_mrr_at_10_std": 0.021602,
        "nauc_mrr_at_10_diff1": -0.369572,
        "nauc_mrr_at_20_max": 0.01227,
        "nauc_mrr_at_20_std": 0.021602,
        "nauc_mrr_at_20_diff1": -0.369572,
        "nauc_mrr_at_100_max": 0.006128,
        "nauc_mrr_at_100_std": 0.015517,
        "nauc_mrr_at_100_diff1": -0.370838,
        "nauc_mrr_at_1000_max": 0.006128,
        "nauc_mrr_at_1000_std": 0.015517,
        "nauc_mrr_at_1000_diff1": -0.370838,
        "main_score": 0.53289,
        "hf_subset": "default",
        "languages": [
          "eng-Latn"
        ]
      }
    ]
  },
  "evaluation_time": 1466.96519780159,
  "kg_co2_emissions": null
}