{
  "dataset_revision": "bb9466bac8153a0349341eb1b22e06409e78ef4e",
  "task_name": "TRECCOVID",
  "mteb_version": "1.36.29",
  "scores": {
    "test": [
      {
        "ndcg_at_1": 0.8,
        "ndcg_at_3": 0.73285,
        "ndcg_at_5": 0.7153,
        "ndcg_at_10": 0.68271,
        "ndcg_at_20": 0.63882,
        "ndcg_at_100": 0.46913,
        "ndcg_at_1000": 0.41739,
        "map_at_1": 0.00228,
        "map_at_3": 0.00562,
        "map_at_5": 0.00896,
        "map_at_10": 0.01575,
        "map_at_20": 0.02758,
        "map_at_100": 0.07885,
        "map_at_1000": 0.18487,
        "recall_at_1": 0.00228,
        "recall_at_3": 0.00587,
        "recall_at_5": 0.00986,
        "recall_at_10": 0.01801,
        "recall_at_20": 0.03301,
        "recall_at_100": 0.11029,
        "recall_at_1000": 0.39087,
        "precision_at_1": 0.86,
        "precision_at_3": 0.78667,
        "precision_at_5": 0.772,
        "precision_at_10": 0.724,
        "precision_at_20": 0.674,
        "precision_at_100": 0.4758,
        "precision_at_1000": 0.18618,
        "mrr_at_1": 0.86,
        "mrr_at_3": 0.896667,
        "mrr_at_5": 0.906667,
        "mrr_at_10": 0.906667,
        "mrr_at_20": 0.906667,
        "mrr_at_100": 0.907619,
        "mrr_at_1000": 0.907619,
        "nauc_ndcg_at_1_max": 0.395984,
        "nauc_ndcg_at_1_std": 0.681085,
        "nauc_ndcg_at_1_diff1": 0.335132,
        "nauc_ndcg_at_3_max": 0.407198,
        "nauc_ndcg_at_3_std": 0.627515,
        "nauc_ndcg_at_3_diff1": 0.170463,
        "nauc_ndcg_at_5_max": 0.316006,
        "nauc_ndcg_at_5_std": 0.603839,
        "nauc_ndcg_at_5_diff1": 0.086198,
        "nauc_ndcg_at_10_max": 0.360946,
        "nauc_ndcg_at_10_std": 0.71783,
        "nauc_ndcg_at_10_diff1": 0.05575,
        "nauc_ndcg_at_20_max": 0.344505,
        "nauc_ndcg_at_20_std": 0.747091,
        "nauc_ndcg_at_20_diff1": 0.011873,
        "nauc_ndcg_at_100_max": 0.365517,
        "nauc_ndcg_at_100_std": 0.843312,
        "nauc_ndcg_at_100_diff1": -0.060597,
        "nauc_ndcg_at_1000_max": 0.297252,
        "nauc_ndcg_at_1000_std": 0.777453,
        "nauc_ndcg_at_1000_diff1": 0.046904,
        "nauc_map_at_1_max": -0.021311,
        "nauc_map_at_1_std": -0.04433,
        "nauc_map_at_1_diff1": 0.353051,
        "nauc_map_at_3_max": 0.167579,
        "nauc_map_at_3_std": 0.142816,
        "nauc_map_at_3_diff1": 0.426237,
        "nauc_map_at_5_max": 0.094308,
        "nauc_map_at_5_std": 0.1534,
        "nauc_map_at_5_diff1": 0.333466,
        "nauc_map_at_10_max": 0.106035,
        "nauc_map_at_10_std": 0.276613,
        "nauc_map_at_10_diff1": 0.287835,
        "nauc_map_at_20_max": 0.132219,
        "nauc_map_at_20_std": 0.372966,
        "nauc_map_at_20_diff1": 0.245526,
        "nauc_map_at_100_max": 0.235157,
        "nauc_map_at_100_std": 0.712732,
        "nauc_map_at_100_diff1": 0.120582,
        "nauc_map_at_1000_max": 0.32777,
        "nauc_map_at_1000_std": 0.831103,
        "nauc_map_at_1000_diff1": -0.022464,
        "nauc_recall_at_1_max": -0.021311,
        "nauc_recall_at_1_std": -0.04433,
        "nauc_recall_at_1_diff1": 0.353051,
        "nauc_recall_at_3_max": 0.12789,
        "nauc_recall_at_3_std": 0.089352,
        "nauc_recall_at_3_diff1": 0.394354,
        "nauc_recall_at_5_max": -0.002877,
        "nauc_recall_at_5_std": 0.027842,
        "nauc_recall_at_5_diff1": 0.282471,
        "nauc_recall_at_10_max": 0.03396,
        "nauc_recall_at_10_std": 0.138467,
        "nauc_recall_at_10_diff1": 0.285751,
        "nauc_recall_at_20_max": 0.050001,
        "nauc_recall_at_20_std": 0.211332,
        "nauc_recall_at_20_diff1": 0.270071,
        "nauc_recall_at_100_max": 0.146251,
        "nauc_recall_at_100_std": 0.577657,
        "nauc_recall_at_100_diff1": 0.180055,
        "nauc_recall_at_1000_max": 0.233104,
        "nauc_recall_at_1000_std": 0.691826,
        "nauc_recall_at_1000_diff1": 0.072236,
        "nauc_precision_at_1_max": 0.687266,
        "nauc_precision_at_1_std": 0.914438,
        "nauc_precision_at_1_diff1": 0.479493,
        "nauc_precision_at_3_max": 0.598751,
        "nauc_precision_at_3_std": 0.733906,
        "nauc_precision_at_3_diff1": 0.140489,
        "nauc_precision_at_5_max": 0.386619,
        "nauc_precision_at_5_std": 0.658368,
        "nauc_precision_at_5_diff1": 0.018943,
        "nauc_precision_at_10_max": 0.420533,
        "nauc_precision_at_10_std": 0.723098,
        "nauc_precision_at_10_diff1": 0.027016,
        "nauc_precision_at_20_max": 0.365803,
        "nauc_precision_at_20_std": 0.739025,
        "nauc_precision_at_20_diff1": -0.033937,
        "nauc_precision_at_100_max": 0.365755,
        "nauc_precision_at_100_std": 0.857868,
        "nauc_precision_at_100_diff1": -0.108972,
        "nauc_precision_at_1000_max": 0.338524,
        "nauc_precision_at_1000_std": 0.675207,
        "nauc_precision_at_1000_diff1": -0.179339,
        "nauc_mrr_at_1_max": 0.687266,
        "nauc_mrr_at_1_std": 0.914438,
        "nauc_mrr_at_1_diff1": 0.479493,
        "nauc_mrr_at_3_max": 0.64689,
        "nauc_mrr_at_3_std": 0.881184,
        "nauc_mrr_at_3_diff1": 0.376178,
        "nauc_mrr_at_5_max": 0.687834,
        "nauc_mrr_at_5_std": 0.89266,
        "nauc_mrr_at_5_diff1": 0.408896,
        "nauc_mrr_at_10_max": 0.687834,
        "nauc_mrr_at_10_std": 0.89266,
        "nauc_mrr_at_10_diff1": 0.408896,
        "nauc_mrr_at_20_max": 0.687834,
        "nauc_mrr_at_20_std": 0.89266,
        "nauc_mrr_at_20_diff1": 0.408896,
        "nauc_mrr_at_100_max": 0.684523,
        "nauc_mrr_at_100_std": 0.892908,
        "nauc_mrr_at_100_diff1": 0.409435,
        "nauc_mrr_at_1000_max": 0.684523,
        "nauc_mrr_at_1000_std": 0.892908,
        "nauc_mrr_at_1000_diff1": 0.409435,
        "main_score": 0.68271,
        "hf_subset": "default",
        "languages": [
          "eng-Latn"
        ]
      }
    ]
  },
  "evaluation_time": 457.2537159919739,
  "kg_co2_emissions": null
}