{
  "dataset_revision": "5d958fb6b31055495347724d46431ba41309b03a",
  "task_name": "ChemNQRetrieval",
  "mteb_version": "1.36.29",
  "scores": {
    "test": [
      {
        "ndcg_at_1": 0.44444,
        "ndcg_at_3": 0.46326,
        "ndcg_at_5": 0.51927,
        "ndcg_at_10": 0.57875,
        "ndcg_at_20": 0.59043,
        "ndcg_at_100": 0.61558,
        "ndcg_at_1000": 0.62061,
        "map_at_1": 0.34568,
        "map_at_3": 0.42593,
        "map_at_5": 0.46481,
        "map_at_10": 0.48879,
        "map_at_20": 0.49421,
        "map_at_100": 0.49851,
        "map_at_1000": 0.49874,
        "recall_at_1": 0.34568,
        "recall_at_3": 0.49383,
        "recall_at_5": 0.62346,
        "recall_at_10": 0.80247,
        "recall_at_20": 0.83951,
        "recall_at_100": 0.96296,
        "recall_at_1000": 1.0,
        "precision_at_1": 0.44444,
        "precision_at_3": 0.20988,
        "precision_at_5": 0.16296,
        "precision_at_10": 0.1037,
        "precision_at_20": 0.05556,
        "precision_at_100": 0.01259,
        "precision_at_1000": 0.0013,
        "mrr_at_1": 0.444444,
        "mrr_at_3": 0.512346,
        "mrr_at_5": 0.52716,
        "mrr_at_10": 0.550705,
        "mrr_at_20": 0.550705,
        "mrr_at_100": 0.554352,
        "mrr_at_1000": 0.554578,
        "nauc_ndcg_at_1_max": 0.388927,
        "nauc_ndcg_at_1_std": 0.226941,
        "nauc_ndcg_at_1_diff1": 0.360106,
        "nauc_ndcg_at_3_max": 0.393318,
        "nauc_ndcg_at_3_std": 0.231121,
        "nauc_ndcg_at_3_diff1": 0.161503,
        "nauc_ndcg_at_5_max": 0.484561,
        "nauc_ndcg_at_5_std": 0.179523,
        "nauc_ndcg_at_5_diff1": 0.114622,
        "nauc_ndcg_at_10_max": 0.481272,
        "nauc_ndcg_at_10_std": 0.183189,
        "nauc_ndcg_at_10_diff1": 0.078496,
        "nauc_ndcg_at_20_max": 0.502726,
        "nauc_ndcg_at_20_std": 0.249069,
        "nauc_ndcg_at_20_diff1": 0.1533,
        "nauc_ndcg_at_100_max": 0.464286,
        "nauc_ndcg_at_100_std": 0.205074,
        "nauc_ndcg_at_100_diff1": 0.179698,
        "nauc_ndcg_at_1000_max": 0.459044,
        "nauc_ndcg_at_1000_std": 0.220815,
        "nauc_ndcg_at_1000_diff1": 0.186888,
        "nauc_map_at_1_max": 0.457626,
        "nauc_map_at_1_std": 0.225482,
        "nauc_map_at_1_diff1": 0.320436,
        "nauc_map_at_3_max": 0.391247,
        "nauc_map_at_3_std": 0.216672,
        "nauc_map_at_3_diff1": 0.171161,
        "nauc_map_at_5_max": 0.447087,
        "nauc_map_at_5_std": 0.183798,
        "nauc_map_at_5_diff1": 0.145137,
        "nauc_map_at_10_max": 0.44092,
        "nauc_map_at_10_std": 0.18169,
        "nauc_map_at_10_diff1": 0.130703,
        "nauc_map_at_20_max": 0.448105,
        "nauc_map_at_20_std": 0.208903,
        "nauc_map_at_20_diff1": 0.161211,
        "nauc_map_at_100_max": 0.442447,
        "nauc_map_at_100_std": 0.202635,
        "nauc_map_at_100_diff1": 0.167006,
        "nauc_map_at_1000_max": 0.442242,
        "nauc_map_at_1000_std": 0.203201,
        "nauc_map_at_1000_diff1": 0.167256,
        "nauc_recall_at_1_max": 0.457626,
        "nauc_recall_at_1_std": 0.225482,
        "nauc_recall_at_1_diff1": 0.320436,
        "nauc_recall_at_3_max": 0.364231,
        "nauc_recall_at_3_std": 0.227041,
        "nauc_recall_at_3_diff1": 0.049021,
        "nauc_recall_at_5_max": 0.595539,
        "nauc_recall_at_5_std": 0.095429,
        "nauc_recall_at_5_diff1": -0.089941,
        "nauc_recall_at_10_max": 0.6373,
        "nauc_recall_at_10_std": 0.037946,
        "nauc_recall_at_10_diff1": -0.442366,
        "nauc_recall_at_20_max": 0.841868,
        "nauc_recall_at_20_std": 0.399032,
        "nauc_recall_at_20_diff1": -0.103952,
        "nauc_recall_at_100_max": 0.723262,
        "nauc_recall_at_100_std": -0.572623,
        "nauc_recall_at_100_diff1": -0.175564,
        "nauc_recall_at_1000_max": NaN,
        "nauc_recall_at_1000_std": NaN,
        "nauc_recall_at_1000_diff1": NaN,
        "nauc_precision_at_1_max": 0.388927,
        "nauc_precision_at_1_std": 0.226941,
        "nauc_precision_at_1_diff1": 0.360106,
        "nauc_precision_at_3_max": 0.315541,
        "nauc_precision_at_3_std": 0.146004,
        "nauc_precision_at_3_diff1": 0.044005,
        "nauc_precision_at_5_max": 0.39001,
        "nauc_precision_at_5_std": -0.024302,
        "nauc_precision_at_5_diff1": -0.057774,
        "nauc_precision_at_10_max": 0.315342,
        "nauc_precision_at_10_std": -0.048677,
        "nauc_precision_at_10_diff1": -0.126032,
        "nauc_precision_at_20_max": 0.345961,
        "nauc_precision_at_20_std": 0.18873,
        "nauc_precision_at_20_diff1": 0.160265,
        "nauc_precision_at_100_max": 0.10653,
        "nauc_precision_at_100_std": -0.0073,
        "nauc_precision_at_100_diff1": 0.191735,
        "nauc_precision_at_1000_max": 0.047852,
        "nauc_precision_at_1000_std": 0.046487,
        "nauc_precision_at_1000_diff1": 0.226681,
        "nauc_mrr_at_1_max": 0.388927,
        "nauc_mrr_at_1_std": 0.226941,
        "nauc_mrr_at_1_diff1": 0.360106,
        "nauc_mrr_at_3_max": 0.390343,
        "nauc_mrr_at_3_std": 0.253879,
        "nauc_mrr_at_3_diff1": 0.260709,
        "nauc_mrr_at_5_max": 0.416365,
        "nauc_mrr_at_5_std": 0.241837,
        "nauc_mrr_at_5_diff1": 0.242421,
        "nauc_mrr_at_10_max": 0.418883,
        "nauc_mrr_at_10_std": 0.255241,
        "nauc_mrr_at_10_diff1": 0.247289,
        "nauc_mrr_at_20_max": 0.418883,
        "nauc_mrr_at_20_std": 0.255241,
        "nauc_mrr_at_20_diff1": 0.247289,
        "nauc_mrr_at_100_max": 0.413789,
        "nauc_mrr_at_100_std": 0.250132,
        "nauc_mrr_at_100_diff1": 0.254074,
        "nauc_mrr_at_1000_max": 0.413566,
        "nauc_mrr_at_1000_std": 0.250725,
        "nauc_mrr_at_1000_diff1": 0.254384,
        "main_score": 0.57875,
        "hf_subset": "default",
        "languages": [
          "eng-Latn"
        ]
      }
    ]
  },
  "evaluation_time": 51.437495470047,
  "kg_co2_emissions": null
}