{
  "dataset_revision": "6c6430d3a6d36f8d2a829195bc5dc94d7e063e53",
  "task_name": "CQADupstackUnixRetrieval",
  "mteb_version": "1.36.29",
  "scores": {
    "test": [
      {
        "ndcg_at_1": 0.29011,
        "ndcg_at_3": 0.31864,
        "ndcg_at_5": 0.33705,
        "ndcg_at_10": 0.3616,
        "ndcg_at_20": 0.38144,
        "ndcg_at_100": 0.41235,
        "ndcg_at_1000": 0.43896,
        "map_at_1": 0.24551,
        "map_at_3": 0.29225,
        "map_at_5": 0.30549,
        "map_at_10": 0.31607,
        "map_at_20": 0.32187,
        "map_at_100": 0.3265,
        "map_at_1000": 0.32757,
        "recall_at_1": 0.24551,
        "recall_at_3": 0.33866,
        "recall_at_5": 0.38743,
        "recall_at_10": 0.46099,
        "recall_at_20": 0.53423,
        "recall_at_100": 0.68745,
        "recall_at_1000": 0.87811,
        "precision_at_1": 0.29011,
        "precision_at_3": 0.14397,
        "precision_at_5": 0.09981,
        "precision_at_10": 0.05998,
        "precision_at_20": 0.03535,
        "precision_at_100": 0.00953,
        "precision_at_1000": 0.00131,
        "mrr_at_1": 0.290112,
        "mrr_at_3": 0.336443,
        "mrr_at_5": 0.347077,
        "mrr_at_10": 0.357685,
        "mrr_at_20": 0.362932,
        "mrr_at_100": 0.366424,
        "mrr_at_1000": 0.367079,
        "nauc_ndcg_at_1_max": 0.466985,
        "nauc_ndcg_at_1_std": 0.01331,
        "nauc_ndcg_at_1_diff1": 0.549937,
        "nauc_ndcg_at_3_max": 0.449975,
        "nauc_ndcg_at_3_std": 0.018819,
        "nauc_ndcg_at_3_diff1": 0.501824,
        "nauc_ndcg_at_5_max": 0.435113,
        "nauc_ndcg_at_5_std": 0.018394,
        "nauc_ndcg_at_5_diff1": 0.482757,
        "nauc_ndcg_at_10_max": 0.435451,
        "nauc_ndcg_at_10_std": 0.030658,
        "nauc_ndcg_at_10_diff1": 0.47802,
        "nauc_ndcg_at_20_max": 0.427033,
        "nauc_ndcg_at_20_std": 0.032267,
        "nauc_ndcg_at_20_diff1": 0.468566,
        "nauc_ndcg_at_100_max": 0.439044,
        "nauc_ndcg_at_100_std": 0.046775,
        "nauc_ndcg_at_100_diff1": 0.469303,
        "nauc_ndcg_at_1000_max": 0.445948,
        "nauc_ndcg_at_1000_std": 0.050179,
        "nauc_ndcg_at_1000_diff1": 0.473832,
        "nauc_map_at_1_max": 0.467154,
        "nauc_map_at_1_std": -0.01106,
        "nauc_map_at_1_diff1": 0.578874,
        "nauc_map_at_3_max": 0.454135,
        "nauc_map_at_3_std": 0.008473,
        "nauc_map_at_3_diff1": 0.527408,
        "nauc_map_at_5_max": 0.447757,
        "nauc_map_at_5_std": 0.012264,
        "nauc_map_at_5_diff1": 0.512191,
        "nauc_map_at_10_max": 0.448457,
        "nauc_map_at_10_std": 0.017532,
        "nauc_map_at_10_diff1": 0.509461,
        "nauc_map_at_20_max": 0.445942,
        "nauc_map_at_20_std": 0.018341,
        "nauc_map_at_20_diff1": 0.506316,
        "nauc_map_at_100_max": 0.447408,
        "nauc_map_at_100_std": 0.019904,
        "nauc_map_at_100_diff1": 0.506389,
        "nauc_map_at_1000_max": 0.447813,
        "nauc_map_at_1000_std": 0.020161,
        "nauc_map_at_1000_diff1": 0.50656,
        "nauc_recall_at_1_max": 0.467154,
        "nauc_recall_at_1_std": -0.01106,
        "nauc_recall_at_1_diff1": 0.578874,
        "nauc_recall_at_3_max": 0.420948,
        "nauc_recall_at_3_std": 0.020621,
        "nauc_recall_at_3_diff1": 0.470879,
        "nauc_recall_at_5_max": 0.384939,
        "nauc_recall_at_5_std": 0.024933,
        "nauc_recall_at_5_diff1": 0.411333,
        "nauc_recall_at_10_max": 0.370653,
        "nauc_recall_at_10_std": 0.057475,
        "nauc_recall_at_10_diff1": 0.385225,
        "nauc_recall_at_20_max": 0.333458,
        "nauc_recall_at_20_std": 0.064942,
        "nauc_recall_at_20_diff1": 0.345063,
        "nauc_recall_at_100_max": 0.383399,
        "nauc_recall_at_100_std": 0.169668,
        "nauc_recall_at_100_diff1": 0.320402,
        "nauc_recall_at_1000_max": 0.458319,
        "nauc_recall_at_1000_std": 0.379431,
        "nauc_recall_at_1000_diff1": 0.271472,
        "nauc_precision_at_1_max": 0.466985,
        "nauc_precision_at_1_std": 0.01331,
        "nauc_precision_at_1_diff1": 0.549937,
        "nauc_precision_at_3_max": 0.394054,
        "nauc_precision_at_3_std": 0.049628,
        "nauc_precision_at_3_diff1": 0.371995,
        "nauc_precision_at_5_max": 0.351362,
        "nauc_precision_at_5_std": 0.058328,
        "nauc_precision_at_5_diff1": 0.297587,
        "nauc_precision_at_10_max": 0.33338,
        "nauc_precision_at_10_std": 0.086576,
        "nauc_precision_at_10_diff1": 0.256093,
        "nauc_precision_at_20_max": 0.268437,
        "nauc_precision_at_20_std": 0.080166,
        "nauc_precision_at_20_diff1": 0.179464,
        "nauc_precision_at_100_max": 0.218568,
        "nauc_precision_at_100_std": 0.138087,
        "nauc_precision_at_100_diff1": 0.066256,
        "nauc_precision_at_1000_max": 0.082415,
        "nauc_precision_at_1000_std": 0.094715,
        "nauc_precision_at_1000_diff1": -0.084118,
        "nauc_mrr_at_1_max": 0.466985,
        "nauc_mrr_at_1_std": 0.01331,
        "nauc_mrr_at_1_diff1": 0.549937,
        "nauc_mrr_at_3_max": 0.4529,
        "nauc_mrr_at_3_std": 0.022193,
        "nauc_mrr_at_3_diff1": 0.498536,
        "nauc_mrr_at_5_max": 0.444081,
        "nauc_mrr_at_5_std": 0.021206,
        "nauc_mrr_at_5_diff1": 0.487574,
        "nauc_mrr_at_10_max": 0.444905,
        "nauc_mrr_at_10_std": 0.026571,
        "nauc_mrr_at_10_diff1": 0.486046,
        "nauc_mrr_at_20_max": 0.443438,
        "nauc_mrr_at_20_std": 0.026457,
        "nauc_mrr_at_20_diff1": 0.484069,
        "nauc_mrr_at_100_max": 0.444748,
        "nauc_mrr_at_100_std": 0.027365,
        "nauc_mrr_at_100_diff1": 0.484727,
        "nauc_mrr_at_1000_max": 0.444822,
        "nauc_mrr_at_1000_std": 0.027329,
        "nauc_mrr_at_1000_diff1": 0.48498,
        "main_score": 0.3616,
        "hf_subset": "default",
        "languages": [
          "eng-Latn"
        ]
      }
    ]
  },
  "evaluation_time": 153.14875841140747,
  "kg_co2_emissions": null
}