{
  "dataset_revision": "617612fa63afcb60e3b134bed8b7216a99707c37",
  "task_name": "HotpotQAHardNegatives",
  "mteb_version": "1.36.29",
  "scores": {
    "test": [
      {
        "ndcg_at_1": 0.78,
        "ndcg_at_3": 0.6616,
        "ndcg_at_5": 0.69484,
        "ndcg_at_10": 0.72232,
        "ndcg_at_20": 0.73867,
        "ndcg_at_100": 0.75893,
        "ndcg_at_1000": 0.76849,
        "map_at_1": 0.39,
        "map_at_3": 0.59542,
        "map_at_5": 0.62192,
        "map_at_10": 0.6384,
        "map_at_20": 0.64516,
        "map_at_100": 0.64928,
        "map_at_1000": 0.64978,
        "recall_at_1": 0.39,
        "recall_at_3": 0.639,
        "recall_at_5": 0.7045,
        "recall_at_10": 0.7735,
        "recall_at_20": 0.826,
        "recall_at_100": 0.915,
        "recall_at_1000": 0.9785,
        "precision_at_1": 0.78,
        "precision_at_3": 0.426,
        "precision_at_5": 0.2818,
        "precision_at_10": 0.1547,
        "precision_at_20": 0.0826,
        "precision_at_100": 0.0183,
        "precision_at_1000": 0.00196,
        "mrr_at_1": 0.78,
        "mrr_at_3": 0.8285,
        "mrr_at_5": 0.836,
        "mrr_at_10": 0.840246,
        "mrr_at_20": 0.841481,
        "mrr_at_100": 0.842359,
        "mrr_at_1000": 0.842372,
        "nauc_ndcg_at_1_max": 0.454173,
        "nauc_ndcg_at_1_std": -0.061256,
        "nauc_ndcg_at_1_diff1": 0.695338,
        "nauc_ndcg_at_3_max": 0.226492,
        "nauc_ndcg_at_3_std": -0.12913,
        "nauc_ndcg_at_3_diff1": 0.248983,
        "nauc_ndcg_at_5_max": 0.215364,
        "nauc_ndcg_at_5_std": -0.118303,
        "nauc_ndcg_at_5_diff1": 0.246982,
        "nauc_ndcg_at_10_max": 0.206955,
        "nauc_ndcg_at_10_std": -0.116198,
        "nauc_ndcg_at_10_diff1": 0.233139,
        "nauc_ndcg_at_20_max": 0.213016,
        "nauc_ndcg_at_20_std": -0.104787,
        "nauc_ndcg_at_20_diff1": 0.234032,
        "nauc_ndcg_at_100_max": 0.21389,
        "nauc_ndcg_at_100_std": -0.08688,
        "nauc_ndcg_at_100_diff1": 0.239364,
        "nauc_ndcg_at_1000_max": 0.227025,
        "nauc_ndcg_at_1000_std": -0.089917,
        "nauc_ndcg_at_1000_diff1": 0.259946,
        "nauc_map_at_1_max": 0.454173,
        "nauc_map_at_1_std": -0.061256,
        "nauc_map_at_1_diff1": 0.695338,
        "nauc_map_at_3_max": 0.185812,
        "nauc_map_at_3_std": -0.135314,
        "nauc_map_at_3_diff1": 0.189259,
        "nauc_map_at_5_max": 0.180393,
        "nauc_map_at_5_std": -0.126931,
        "nauc_map_at_5_diff1": 0.191822,
        "nauc_map_at_10_max": 0.177754,
        "nauc_map_at_10_std": -0.124003,
        "nauc_map_at_10_diff1": 0.185966,
        "nauc_map_at_20_max": 0.179234,
        "nauc_map_at_20_std": -0.120551,
        "nauc_map_at_20_diff1": 0.186154,
        "nauc_map_at_100_max": 0.180163,
        "nauc_map_at_100_std": -0.117606,
        "nauc_map_at_100_diff1": 0.187379,
        "nauc_map_at_1000_max": 0.180619,
        "nauc_map_at_1000_std": -0.117495,
        "nauc_map_at_1000_diff1": 0.188103,
        "nauc_recall_at_1_max": 0.454173,
        "nauc_recall_at_1_std": -0.061256,
        "nauc_recall_at_1_diff1": 0.695338,
        "nauc_recall_at_3_max": 0.168143,
        "nauc_recall_at_3_std": -0.139966,
        "nauc_recall_at_3_diff1": 0.128486,
        "nauc_recall_at_5_max": 0.135629,
        "nauc_recall_at_5_std": -0.116937,
        "nauc_recall_at_5_diff1": 0.108119,
        "nauc_recall_at_10_max": 0.090775,
        "nauc_recall_at_10_std": -0.107196,
        "nauc_recall_at_10_diff1": 0.035086,
        "nauc_recall_at_20_max": 0.089665,
        "nauc_recall_at_20_std": -0.05706,
        "nauc_recall_at_20_diff1": -0.005421,
        "nauc_recall_at_100_max": -0.013813,
        "nauc_recall_at_100_std": 0.142938,
        "nauc_recall_at_100_diff1": -0.155482,
        "nauc_recall_at_1000_max": 0.112197,
        "nauc_recall_at_1000_std": 0.502465,
        "nauc_recall_at_1000_diff1": -0.103392,
        "nauc_precision_at_1_max": 0.454173,
        "nauc_precision_at_1_std": -0.061256,
        "nauc_precision_at_1_diff1": 0.695338,
        "nauc_precision_at_3_max": 0.168143,
        "nauc_precision_at_3_std": -0.139966,
        "nauc_precision_at_3_diff1": 0.128486,
        "nauc_precision_at_5_max": 0.135629,
        "nauc_precision_at_5_std": -0.116937,
        "nauc_precision_at_5_diff1": 0.108119,
        "nauc_precision_at_10_max": 0.090775,
        "nauc_precision_at_10_std": -0.107196,
        "nauc_precision_at_10_diff1": 0.035086,
        "nauc_precision_at_20_max": 0.089665,
        "nauc_precision_at_20_std": -0.05706,
        "nauc_precision_at_20_diff1": -0.005421,
        "nauc_precision_at_100_max": -0.013813,
        "nauc_precision_at_100_std": 0.142938,
        "nauc_precision_at_100_diff1": -0.155482,
        "nauc_precision_at_1000_max": 0.112197,
        "nauc_precision_at_1000_std": 0.502465,
        "nauc_precision_at_1000_diff1": -0.103392,
        "nauc_mrr_at_1_max": 0.454173,
        "nauc_mrr_at_1_std": -0.061256,
        "nauc_mrr_at_1_diff1": 0.695338,
        "nauc_mrr_at_3_max": 0.470146,
        "nauc_mrr_at_3_std": -0.080864,
        "nauc_mrr_at_3_diff1": 0.680061,
        "nauc_mrr_at_5_max": 0.466301,
        "nauc_mrr_at_5_std": -0.078781,
        "nauc_mrr_at_5_diff1": 0.679244,
        "nauc_mrr_at_10_max": 0.4628,
        "nauc_mrr_at_10_std": -0.083972,
        "nauc_mrr_at_10_diff1": 0.680344,
        "nauc_mrr_at_20_max": 0.465116,
        "nauc_mrr_at_20_std": -0.083086,
        "nauc_mrr_at_20_diff1": 0.681801,
        "nauc_mrr_at_100_max": 0.464646,
        "nauc_mrr_at_100_std": -0.082113,
        "nauc_mrr_at_100_diff1": 0.681479,
        "nauc_mrr_at_1000_max": 0.464641,
        "nauc_mrr_at_1000_std": -0.082141,
        "nauc_mrr_at_1000_diff1": 0.681473,
        "main_score": 0.72232,
        "hf_subset": "default",
        "languages": [
          "eng-Latn"
        ]
      }
    ]
  },
  "evaluation_time": 273.8760690689087,
  "kg_co2_emissions": null
}