{
  "dataset_revision": "1840e8a5ac6ec752bbdd97d543ead0189bc7c25b",
  "task_name": "ChemHotpotQARetrieval",
  "mteb_version": "1.36.29",
  "scores": {
    "train": [
      {
        "ndcg_at_1": 0.77222,
        "ndcg_at_3": 0.81222,
        "ndcg_at_5": 0.82155,
        "ndcg_at_10": 0.83249,
        "ndcg_at_20": 0.83957,
        "ndcg_at_100": 0.8485,
        "ndcg_at_1000": 0.85233,
        "map_at_1": 0.75278,
        "map_at_3": 0.79907,
        "map_at_5": 0.80435,
        "map_at_10": 0.80896,
        "map_at_20": 0.81095,
        "map_at_100": 0.81228,
        "map_at_1000": 0.81246,
        "recall_at_1": 0.75278,
        "recall_at_3": 0.84167,
        "recall_at_5": 0.86389,
        "recall_at_10": 0.89722,
        "recall_at_20": 0.925,
        "recall_at_100": 0.97222,
        "recall_at_1000": 1.0,
        "precision_at_1": 0.77222,
        "precision_at_3": 0.29074,
        "precision_at_5": 0.17889,
        "precision_at_10": 0.09278,
        "precision_at_20": 0.04778,
        "precision_at_100": 0.01006,
        "precision_at_1000": 0.00104,
        "mrr_at_1": 0.772222,
        "mrr_at_3": 0.808333,
        "mrr_at_5": 0.813611,
        "mrr_at_10": 0.818223,
        "mrr_at_20": 0.82021,
        "mrr_at_100": 0.821425,
        "mrr_at_1000": 0.821565,
        "nauc_ndcg_at_1_max": 0.732342,
        "nauc_ndcg_at_1_std": -0.068791,
        "nauc_ndcg_at_1_diff1": 0.91185,
        "nauc_ndcg_at_3_max": 0.637274,
        "nauc_ndcg_at_3_std": -0.195122,
        "nauc_ndcg_at_3_diff1": 0.81966,
        "nauc_ndcg_at_5_max": 0.633062,
        "nauc_ndcg_at_5_std": -0.175135,
        "nauc_ndcg_at_5_diff1": 0.811804,
        "nauc_ndcg_at_10_max": 0.629095,
        "nauc_ndcg_at_10_std": -0.169593,
        "nauc_ndcg_at_10_diff1": 0.807215,
        "nauc_ndcg_at_20_max": 0.622573,
        "nauc_ndcg_at_20_std": -0.166309,
        "nauc_ndcg_at_20_diff1": 0.805443,
        "nauc_ndcg_at_100_max": 0.62413,
        "nauc_ndcg_at_100_std": -0.163704,
        "nauc_ndcg_at_100_diff1": 0.80405,
        "nauc_ndcg_at_1000_max": 0.636949,
        "nauc_ndcg_at_1000_std": -0.164463,
        "nauc_ndcg_at_1000_diff1": 0.819007,
        "nauc_map_at_1_max": 0.625171,
        "nauc_map_at_1_std": -0.153482,
        "nauc_map_at_1_diff1": 0.847791,
        "nauc_map_at_3_max": 0.632826,
        "nauc_map_at_3_std": -0.184037,
        "nauc_map_at_3_diff1": 0.814903,
        "nauc_map_at_5_max": 0.630586,
        "nauc_map_at_5_std": -0.173058,
        "nauc_map_at_5_diff1": 0.810795,
        "nauc_map_at_10_max": 0.628864,
        "nauc_map_at_10_std": -0.172665,
        "nauc_map_at_10_diff1": 0.808859,
        "nauc_map_at_20_max": 0.627449,
        "nauc_map_at_20_std": -0.172352,
        "nauc_map_at_20_diff1": 0.80829,
        "nauc_map_at_100_max": 0.626806,
        "nauc_map_at_100_std": -0.172979,
        "nauc_map_at_100_diff1": 0.807895,
        "nauc_map_at_1000_max": 0.627327,
        "nauc_map_at_1000_std": -0.172989,
        "nauc_map_at_1000_diff1": 0.808428,
        "nauc_recall_at_1_max": 0.625171,
        "nauc_recall_at_1_std": -0.153482,
        "nauc_recall_at_1_diff1": 0.847791,
        "nauc_recall_at_3_max": 0.575344,
        "nauc_recall_at_3_std": -0.282333,
        "nauc_recall_at_3_diff1": 0.754221,
        "nauc_recall_at_5_max": 0.553179,
        "nauc_recall_at_5_std": -0.236611,
        "nauc_recall_at_5_diff1": 0.720356,
        "nauc_recall_at_10_max": 0.510979,
        "nauc_recall_at_10_std": -0.212532,
        "nauc_recall_at_10_diff1": 0.671601,
        "nauc_recall_at_20_max": 0.408773,
        "nauc_recall_at_20_std": -0.19243,
        "nauc_recall_at_20_diff1": 0.603987,
        "nauc_recall_at_100_max": 0.187395,
        "nauc_recall_at_100_std": -0.086088,
        "nauc_recall_at_100_diff1": 0.268067,
        "nauc_recall_at_1000_max": NaN,
        "nauc_recall_at_1000_std": NaN,
        "nauc_recall_at_1000_diff1": NaN,
        "nauc_precision_at_1_max": 0.732342,
        "nauc_precision_at_1_std": -0.068791,
        "nauc_precision_at_1_diff1": 0.91185,
        "nauc_precision_at_3_max": 0.572071,
        "nauc_precision_at_3_std": -0.079121,
        "nauc_precision_at_3_diff1": 0.591353,
        "nauc_precision_at_5_max": 0.553796,
        "nauc_precision_at_5_std": -0.018113,
        "nauc_precision_at_5_diff1": 0.5447,
        "nauc_precision_at_10_max": 0.52309,
        "nauc_precision_at_10_std": 0.048459,
        "nauc_precision_at_10_diff1": 0.470091,
        "nauc_precision_at_20_max": 0.457032,
        "nauc_precision_at_20_std": 0.130134,
        "nauc_precision_at_20_diff1": 0.373436,
        "nauc_precision_at_100_max": 0.31673,
        "nauc_precision_at_100_std": 0.387126,
        "nauc_precision_at_100_diff1": 0.006911,
        "nauc_precision_at_1000_max": 0.396182,
        "nauc_precision_at_1000_std": 0.581854,
        "nauc_precision_at_1000_diff1": 0.040017,
        "nauc_mrr_at_1_max": 0.732342,
        "nauc_mrr_at_1_std": -0.068791,
        "nauc_mrr_at_1_diff1": 0.91185,
        "nauc_mrr_at_3_max": 0.704613,
        "nauc_mrr_at_3_std": -0.132951,
        "nauc_mrr_at_3_diff1": 0.889183,
        "nauc_mrr_at_5_max": 0.704189,
        "nauc_mrr_at_5_std": -0.120193,
        "nauc_mrr_at_5_diff1": 0.886886,
        "nauc_mrr_at_10_max": 0.704178,
        "nauc_mrr_at_10_std": -0.118507,
        "nauc_mrr_at_10_diff1": 0.886712,
        "nauc_mrr_at_20_max": 0.703601,
        "nauc_mrr_at_20_std": -0.117538,
        "nauc_mrr_at_20_diff1": 0.887046,
        "nauc_mrr_at_100_max": 0.703256,
        "nauc_mrr_at_100_std": -0.1181,
        "nauc_mrr_at_100_diff1": 0.887052,
        "nauc_mrr_at_1000_max": 0.703349,
        "nauc_mrr_at_1000_std": -0.118442,
        "nauc_mrr_at_1000_diff1": 0.887129,
        "main_score": 0.83249,
        "hf_subset": "default",
        "languages": [
          "eng-Latn"
        ]
      }
    ],
    "dev": [
      {
        "ndcg_at_1": 0.875,
        "ndcg_at_3": 0.875,
        "ndcg_at_5": 0.875,
        "ndcg_at_10": 0.875,
        "ndcg_at_20": 0.90498,
        "ndcg_at_100": 0.90498,
        "ndcg_at_1000": 0.90498,
        "map_at_1": 0.875,
        "map_at_3": 0.875,
        "map_at_5": 0.875,
        "map_at_10": 0.875,
        "map_at_20": 0.88235,
        "map_at_100": 0.88235,
        "map_at_1000": 0.88235,
        "recall_at_1": 0.875,
        "recall_at_3": 0.875,
        "recall_at_5": 0.875,
        "recall_at_10": 0.875,
        "recall_at_20": 1.0,
        "recall_at_100": 1.0,
        "recall_at_1000": 1.0,
        "precision_at_1": 0.875,
        "precision_at_3": 0.29167,
        "precision_at_5": 0.175,
        "precision_at_10": 0.0875,
        "precision_at_20": 0.05,
        "precision_at_100": 0.01,
        "precision_at_1000": 0.001,
        "mrr_at_1": 0.875,
        "mrr_at_3": 0.875,
        "mrr_at_5": 0.875,
        "mrr_at_10": 0.875,
        "mrr_at_20": 0.882353,
        "mrr_at_100": 0.882353,
        "mrr_at_1000": 0.882353,
        "nauc_ndcg_at_1_max": 1.0,
        "nauc_ndcg_at_1_std": -0.185434,
        "nauc_ndcg_at_1_diff1": 1.0,
        "nauc_ndcg_at_3_max": 1.0,
        "nauc_ndcg_at_3_std": -0.185434,
        "nauc_ndcg_at_3_diff1": 1.0,
        "nauc_ndcg_at_5_max": 1.0,
        "nauc_ndcg_at_5_std": -0.185434,
        "nauc_ndcg_at_5_diff1": 1.0,
        "nauc_ndcg_at_10_max": 1.0,
        "nauc_ndcg_at_10_std": -0.185434,
        "nauc_ndcg_at_10_diff1": 1.0,
        "nauc_ndcg_at_20_max": 1.0,
        "nauc_ndcg_at_20_std": -0.185434,
        "nauc_ndcg_at_20_diff1": 1.0,
        "nauc_ndcg_at_100_max": 1.0,
        "nauc_ndcg_at_100_std": -0.185434,
        "nauc_ndcg_at_100_diff1": 1.0,
        "nauc_ndcg_at_1000_max": 1.0,
        "nauc_ndcg_at_1000_std": -0.185434,
        "nauc_ndcg_at_1000_diff1": 1.0,
        "nauc_map_at_1_max": 1.0,
        "nauc_map_at_1_std": -0.185434,
        "nauc_map_at_1_diff1": 1.0,
        "nauc_map_at_3_max": 1.0,
        "nauc_map_at_3_std": -0.185434,