{
  "dataset_revision": "5d958fb6b31055495347724d46431ba41309b03a",
  "task_name": "ChemNQRetrieval",
  "mteb_version": "1.36.29",
  "scores": {
    "test": [
      {
        "ndcg_at_1": 0.40741,
        "ndcg_at_3": 0.46214,
        "ndcg_at_5": 0.52139,
        "ndcg_at_10": 0.55126,
        "ndcg_at_20": 0.61371,
        "ndcg_at_100": 0.6167,
        "ndcg_at_1000": 0.62214,
        "map_at_1": 0.35185,
        "map_at_3": 0.42901,
        "map_at_5": 0.4679,
        "map_at_10": 0.48142,
        "map_at_20": 0.50079,
        "map_at_100": 0.50146,
        "map_at_1000": 0.5018,
        "recall_at_1": 0.35185,
        "recall_at_3": 0.49383,
        "recall_at_5": 0.62346,
        "recall_at_10": 0.71605,
        "recall_at_20": 0.95062,
        "recall_at_100": 0.96296,
        "recall_at_1000": 1.0,
        "precision_at_1": 0.40741,
        "precision_at_3": 0.20988,
        "precision_at_5": 0.16296,
        "precision_at_10": 0.09259,
        "precision_at_20": 0.06111,
        "precision_at_100": 0.01259,
        "precision_at_1000": 0.0013,
        "mrr_at_1": 0.407407,
        "mrr_at_3": 0.493827,
        "mrr_at_5": 0.519753,
        "mrr_at_10": 0.527984,
        "mrr_at_20": 0.540885,
        "mrr_at_100": 0.540885,
        "mrr_at_1000": 0.541219,
        "nauc_ndcg_at_1_max": 0.156095,
        "nauc_ndcg_at_1_std": 0.128435,
        "nauc_ndcg_at_1_diff1": 0.486029,
        "nauc_ndcg_at_3_max": 0.101754,
        "nauc_ndcg_at_3_std": 0.040265,
        "nauc_ndcg_at_3_diff1": 0.396897,
        "nauc_ndcg_at_5_max": 0.230122,
        "nauc_ndcg_at_5_std": 0.1294,
        "nauc_ndcg_at_5_diff1": 0.396984,
        "nauc_ndcg_at_10_max": 0.227855,
        "nauc_ndcg_at_10_std": 0.092056,
        "nauc_ndcg_at_10_diff1": 0.355223,
        "nauc_ndcg_at_20_max": 0.217236,
        "nauc_ndcg_at_20_std": 0.115264,
        "nauc_ndcg_at_20_diff1": 0.420795,
        "nauc_ndcg_at_100_max": 0.211727,
        "nauc_ndcg_at_100_std": 0.117922,
        "nauc_ndcg_at_100_diff1": 0.416304,
        "nauc_ndcg_at_1000_max": 0.204139,
        "nauc_ndcg_at_1000_std": 0.112642,
        "nauc_ndcg_at_1000_diff1": 0.406358,
        "nauc_map_at_1_max": 0.106989,
        "nauc_map_at_1_std": 0.115637,
        "nauc_map_at_1_diff1": 0.351986,
        "nauc_map_at_3_max": 0.081047,
        "nauc_map_at_3_std": 0.031404,
        "nauc_map_at_3_diff1": 0.373991,
        "nauc_map_at_5_max": 0.151643,
        "nauc_map_at_5_std": 0.07782,
        "nauc_map_at_5_diff1": 0.363605,
        "nauc_map_at_10_max": 0.153997,
        "nauc_map_at_10_std": 0.061476,
        "nauc_map_at_10_diff1": 0.341975,
        "nauc_map_at_20_max": 0.158355,
        "nauc_map_at_20_std": 0.074599,
        "nauc_map_at_20_diff1": 0.365725,
        "nauc_map_at_100_max": 0.157345,
        "nauc_map_at_100_std": 0.075067,
        "nauc_map_at_100_diff1": 0.364964,
        "nauc_map_at_1000_max": 0.156919,
        "nauc_map_at_1000_std": 0.074765,
        "nauc_map_at_1000_diff1": 0.364425,
        "nauc_recall_at_1_max": 0.106989,
        "nauc_recall_at_1_std": 0.115637,
        "nauc_recall_at_1_diff1": 0.351986,
        "nauc_recall_at_3_max": 0.082499,
        "nauc_recall_at_3_std": 0.000746,
        "nauc_recall_at_3_diff1": 0.379217,
        "nauc_recall_at_5_max": 0.377325,
        "nauc_recall_at_5_std": 0.203882,
        "nauc_recall_at_5_diff1": 0.362239,
        "nauc_recall_at_10_max": 0.375731,
        "nauc_recall_at_10_std": 0.071971,
        "nauc_recall_at_10_diff1": 0.195819,
        "nauc_recall_at_20_max": 0.556079,
        "nauc_recall_at_20_std": 0.224271,
        "nauc_recall_at_20_diff1": 0.789755,
        "nauc_recall_at_100_max": 0.556079,
        "nauc_recall_at_100_std": 0.35755,
        "nauc_recall_at_100_diff1": 0.867647,
        "nauc_recall_at_1000_max": NaN,
        "nauc_recall_at_1000_std": NaN,
        "nauc_recall_at_1000_diff1": NaN,
        "nauc_precision_at_1_max": 0.156095,
        "nauc_precision_at_1_std": 0.128435,
        "nauc_precision_at_1_diff1": 0.486029,
        "nauc_precision_at_3_max": 0.126266,
        "nauc_precision_at_3_std": -0.004414,
        "nauc_precision_at_3_diff1": 0.340304,
        "nauc_precision_at_5_max": 0.396257,
        "nauc_precision_at_5_std": 0.180985,
        "nauc_precision_at_5_diff1": 0.318814,
        "nauc_precision_at_10_max": 0.382005,
        "nauc_precision_at_10_std": 0.071946,
        "nauc_precision_at_10_diff1": 0.147316,
        "nauc_precision_at_20_max": 0.399926,
        "nauc_precision_at_20_std": 0.232241,
        "nauc_precision_at_20_diff1": 0.294783,
        "nauc_precision_at_100_max": 0.291252,
        "nauc_precision_at_100_std": 0.21244,
        "nauc_precision_at_100_diff1": 0.201979,
        "nauc_precision_at_1000_max": 0.266055,
        "nauc_precision_at_1000_std": 0.198634,
        "nauc_precision_at_1000_diff1": 0.138645,
        "nauc_mrr_at_1_max": 0.156095,
        "nauc_mrr_at_1_std": 0.128435,
        "nauc_mrr_at_1_diff1": 0.486029,
        "nauc_mrr_at_3_max": 0.162112,
        "nauc_mrr_at_3_std": 0.102302,
        "nauc_mrr_at_3_diff1": 0.471512,
        "nauc_mrr_at_5_max": 0.236786,
        "nauc_mrr_at_5_std": 0.162451,
        "nauc_mrr_at_5_diff1": 0.486498,
        "nauc_mrr_at_10_max": 0.230501,
        "nauc_mrr_at_10_std": 0.152961,
        "nauc_mrr_at_10_diff1": 0.481288,
        "nauc_mrr_at_20_max": 0.214164,
        "nauc_mrr_at_20_std": 0.144384,
        "nauc_mrr_at_20_diff1": 0.481527,
        "nauc_mrr_at_100_max": 0.214164,
        "nauc_mrr_at_100_std": 0.144384,
        "nauc_mrr_at_100_diff1": 0.481527,
        "nauc_mrr_at_1000_max": 0.213798,
        "nauc_mrr_at_1000_std": 0.144156,
        "nauc_mrr_at_1000_diff1": 0.481114,
        "main_score": 0.55126,
        "hf_subset": "default",
        "languages": [
          "eng-Latn"
        ]
      }
    ]
  },
  "evaluation_time": 30.283592700958252,
  "kg_co2_emissions": null
}