{
  "dataset_revision": "f33a205966ce032f957c3a22f4f9e378f89a2c56",
  "task_name": "PubChemAISentenceParaphrasePC",
  "mteb_version": "1.36.29",
  "scores": {
    "test": [
      {
        "similarity_accuracy": 0.98291,
        "similarity_accuracy_threshold": 0.808224,
        "similarity_f1": 0.914842,
        "similarity_f1_threshold": 0.797381,
        "similarity_precision": 0.912621,
        "similarity_recall": 0.917073,
        "similarity_ap": 0.94813,
        "cosine_accuracy": 0.98291,
        "cosine_accuracy_threshold": 0.808224,
        "cosine_f1": 0.914842,
        "cosine_f1_threshold": 0.797381,
        "cosine_precision": 0.912621,
        "cosine_recall": 0.917073,
        "cosine_ap": 0.94813,
        "manhattan_accuracy": 0.981445,
        "manhattan_accuracy_threshold": 225.534576,
        "manhattan_f1": 0.903226,
        "manhattan_f1_threshold": 243.50209,
        "manhattan_precision": 0.919192,
        "manhattan_recall": 0.887805,
        "manhattan_ap": 0.932282,
        "euclidean_accuracy": 0.981445,
        "euclidean_accuracy_threshold": 10.302397,
        "euclidean_f1": 0.903553,
        "euclidean_f1_threshold": 10.664836,
        "euclidean_precision": 0.941799,
        "euclidean_recall": 0.868293,
        "euclidean_ap": 0.931967,
        "dot_accuracy": 0.935059,
        "dot_accuracy_threshold": 277.667603,
        "dot_f1": 0.662162,
        "dot_f1_threshold": 244.892212,
        "dot_precision": 0.615063,
        "dot_recall": 0.717073,
        "dot_ap": 0.710445,
        "max_accuracy": 0.98291,
        "max_f1": 0.914842,
        "max_precision": 0.941799,
        "max_recall": 0.917073,
        "max_ap": 0.94813,
        "main_score": 0.94813,
        "hf_subset": "default",
        "languages": [
          "eng-Latn"
        ]
      }
    ]
  },
  "evaluation_time": 3.273336410522461,
  "kg_co2_emissions": null
}