{
  "dataset_revision": "5d958fb6b31055495347724d46431ba41309b03a",
  "task_name": "ChemNQRetrieval",
  "mteb_version": "1.36.20",
  "scores": {
    "test": [
      {
        "ndcg_at_1": 0.44444,
        "ndcg_at_3": 0.46667,
        "ndcg_at_5": 0.48623,
        "ndcg_at_10": 0.57742,
        "ndcg_at_20": 0.59244,
        "ndcg_at_100": 0.61709,
        "ndcg_at_1000": 0.62221,
        "map_at_1": 0.3642,
        "map_at_3": 0.4321,
        "map_at_5": 0.45062,
        "map_at_10": 0.4899,
        "map_at_20": 0.49516,
        "map_at_100": 0.50131,
        "map_at_1000": 0.50156,
        "recall_at_1": 0.3642,
        "recall_at_3": 0.49383,
        "recall_at_5": 0.53086,
        "recall_at_10": 0.80247,
        "recall_at_20": 0.85802,
        "recall_at_100": 0.96296,
        "recall_at_1000": 1.0,
        "precision_at_1": 0.44444,
        "precision_at_3": 0.20988,
        "precision_at_5": 0.14074,
        "precision_at_10": 0.1037,
        "precision_at_20": 0.05556,
        "precision_at_100": 0.01259,
        "precision_at_1000": 0.0013,
        "mrr_at_1": 0.444444,
        "mrr_at_3": 0.512346,
        "mrr_at_5": 0.512346,
        "mrr_at_10": 0.546179,
        "mrr_at_20": 0.548357,
        "mrr_at_100": 0.551546,
        "mrr_at_1000": 0.551792,
        "nauc_ndcg_at_1_max": 0.321864,
        "nauc_ndcg_at_1_std": 0.016352,
        "nauc_ndcg_at_1_diff1": 0.50385,
        "nauc_ndcg_at_3_max": 0.36399,
        "nauc_ndcg_at_3_std": 0.046331,
        "nauc_ndcg_at_3_diff1": 0.236518,
        "nauc_ndcg_at_5_max": 0.397207,
        "nauc_ndcg_at_5_std": 0.042017,
        "nauc_ndcg_at_5_diff1": 0.265879,
        "nauc_ndcg_at_10_max": 0.371868,
        "nauc_ndcg_at_10_std": 0.014394,
        "nauc_ndcg_at_10_diff1": 0.251743,
        "nauc_ndcg_at_20_max": 0.390286,
        "nauc_ndcg_at_20_std": 0.037948,
        "nauc_ndcg_at_20_diff1": 0.257088,
        "nauc_ndcg_at_100_max": 0.379503,
        "nauc_ndcg_at_100_std": 0.011258,
        "nauc_ndcg_at_100_diff1": 0.316928,
        "nauc_ndcg_at_1000_max": 0.375893,
        "nauc_ndcg_at_1000_std": 0.023192,
        "nauc_ndcg_at_1000_diff1": 0.316097,
        "nauc_map_at_1_max": 0.264728,
        "nauc_map_at_1_std": 0.054042,
        "nauc_map_at_1_diff1": 0.317739,
        "nauc_map_at_3_max": 0.31747,
        "nauc_map_at_3_std": 0.028292,
        "nauc_map_at_3_diff1": 0.244064,
        "nauc_map_at_5_max": 0.34842,
        "nauc_map_at_5_std": 0.024257,
        "nauc_map_at_5_diff1": 0.27145,
        "nauc_map_at_10_max": 0.331128,
        "nauc_map_at_10_std": 0.005815,
        "nauc_map_at_10_diff1": 0.260493,
        "nauc_map_at_20_max": 0.340388,
        "nauc_map_at_20_std": 0.016719,
        "nauc_map_at_20_diff1": 0.267335,
        "nauc_map_at_100_max": 0.34068,
        "nauc_map_at_100_std": 0.014358,
        "nauc_map_at_100_diff1": 0.282103,
        "nauc_map_at_1000_max": 0.340511,
        "nauc_map_at_1000_std": 0.014818,
        "nauc_map_at_1000_diff1": 0.282044,
        "nauc_recall_at_1_max": 0.264728,
        "nauc_recall_at_1_std": 0.054042,
        "nauc_recall_at_1_diff1": 0.317739,
        "nauc_recall_at_3_max": 0.416416,
        "nauc_recall_at_3_std": 0.102342,
        "nauc_recall_at_3_diff1": 0.094907,
        "nauc_recall_at_5_max": 0.484007,
        "nauc_recall_at_5_std": 0.095391,
        "nauc_recall_at_5_diff1": 0.151376,
        "nauc_recall_at_10_max": 0.399097,
        "nauc_recall_at_10_std": 0.001617,
        "nauc_recall_at_10_diff1": -0.0751,
        "nauc_recall_at_20_max": 0.538573,
        "nauc_recall_at_20_std": 0.133945,
        "nauc_recall_at_20_diff1": -0.169752,
        "nauc_recall_at_100_max": 0.556079,
        "nauc_recall_at_100_std": -0.572623,
        "nauc_recall_at_100_diff1": 0.35755,
        "nauc_recall_at_1000_max": NaN,
        "nauc_recall_at_1000_std": NaN,
        "nauc_recall_at_1000_diff1": NaN,
        "nauc_precision_at_1_max": 0.321864,
        "nauc_precision_at_1_std": 0.016352,
        "nauc_precision_at_1_diff1": 0.50385,
        "nauc_precision_at_3_max": 0.464585,
        "nauc_precision_at_3_std": 0.015068,
        "nauc_precision_at_3_diff1": 0.225009,
        "nauc_precision_at_5_max": 0.430561,
        "nauc_precision_at_5_std": 0.000343,
        "nauc_precision_at_5_diff1": 0.241856,
        "nauc_precision_at_10_max": 0.315892,
        "nauc_precision_at_10_std": -0.074643,
        "nauc_precision_at_10_diff1": 0.191539,
        "nauc_precision_at_20_max": 0.382411,
        "nauc_precision_at_20_std": 0.02113,
        "nauc_precision_at_20_diff1": 0.226964,
        "nauc_precision_at_100_max": 0.266486,
        "nauc_precision_at_100_std": -0.04075,
        "nauc_precision_at_100_diff1": 0.392458,
        "nauc_precision_at_1000_max": 0.238933,
        "nauc_precision_at_1000_std": 0.009854,
        "nauc_precision_at_1000_diff1": 0.39578,
        "nauc_mrr_at_1_max": 0.321864,
        "nauc_mrr_at_1_std": 0.016352,
        "nauc_mrr_at_1_diff1": 0.50385,
        "nauc_mrr_at_3_max": 0.388942,
        "nauc_mrr_at_3_std": 0.024881,
        "nauc_mrr_at_3_diff1": 0.379253,
        "nauc_mrr_at_5_max": 0.388942,
        "nauc_mrr_at_5_std": 0.024881,
        "nauc_mrr_at_5_diff1": 0.379253,
        "nauc_mrr_at_10_max": 0.388309,
        "nauc_mrr_at_10_std": 0.0298,
        "nauc_mrr_at_10_diff1": 0.39817,
        "nauc_mrr_at_20_max": 0.386805,
        "nauc_mrr_at_20_std": 0.029201,
        "nauc_mrr_at_20_diff1": 0.394588,
        "nauc_mrr_at_100_max": 0.38133,
        "nauc_mrr_at_100_std": 0.021847,
        "nauc_mrr_at_100_diff1": 0.399061,
        "nauc_mrr_at_1000_max": 0.381192,
        "nauc_mrr_at_1000_std": 0.022314,
        "nauc_mrr_at_1000_diff1": 0.399093,
        "main_score": 0.57742,
        "hf_subset": "default",
        "languages": [
          "eng-Latn"
        ]
      }
    ]
  },
  "evaluation_time": 28.948983907699585,
  "kg_co2_emissions": null
}