{
  "dataset_revision": "7ba40b69f5fe6ffe4cc189aac9e1710913c73c8a",
  "task_name": "PubChemSMILESPC",
  "mteb_version": "1.36.20",
  "scores": {
    "test": [
      {
        "similarity_accuracy": 0.900391,
        "similarity_accuracy_threshold": 0.517369,
        "similarity_f1": 0.185787,
        "similarity_f1_threshold": 0.188899,
        "similarity_precision": 0.102617,
        "similarity_recall": 0.980392,
        "similarity_ap": 0.110763,
        "cosine_accuracy": 0.900391,
        "cosine_accuracy_threshold": 0.517369,
        "cosine_f1": 0.185787,
        "cosine_f1_threshold": 0.188899,
        "cosine_precision": 0.102617,
        "cosine_recall": 0.980392,
        "cosine_ap": 0.110763,
        "manhattan_accuracy": 0.899902,
        "manhattan_accuracy_threshold": 372.500977,
        "manhattan_f1": 0.184391,
        "manhattan_f1_threshold": 569.083069,
        "manhattan_precision": 0.101661,
        "manhattan_recall": 0.990196,
        "manhattan_ap": 0.103892,
        "euclidean_accuracy": 0.899902,
        "euclidean_accuracy_threshold": 16.980589,
        "euclidean_f1": 0.183379,
        "euclidean_f1_threshold": 26.068146,
        "euclidean_precision": 0.100995,
        "euclidean_recall": 0.995098,
        "euclidean_ap": 0.103156,
        "dot_accuracy": 0.900879,
        "dot_accuracy_threshold": 208.279221,
        "dot_f1": 0.188211,
        "dot_f1_threshold": 75.492226,
        "dot_precision": 0.105202,
        "dot_recall": 0.892157,
        "dot_ap": 0.115593,
        "max_accuracy": 0.900879,
        "max_f1": 0.188211,
        "max_precision": 0.105202,
        "max_recall": 0.995098,
        "max_ap": 0.115593,
        "main_score": 0.115593,
        "hf_subset": "default",
        "languages": [
          "eng-Latn"
        ]
      }
    ]
  },
  "evaluation_time": 3.6507465839385986,
  "kg_co2_emissions": null
}