{
  "dataset_revision": "5d958fb6b31055495347724d46431ba41309b03a",
  "task_name": "ChemNQRetrieval",
  "mteb_version": "1.36.29",
  "scores": {
    "test": [
      {
        "ndcg_at_1": 0.44444,
        "ndcg_at_3": 0.5338,
        "ndcg_at_5": 0.5781,
        "ndcg_at_10": 0.61992,
        "ndcg_at_20": 0.64551,
        "ndcg_at_100": 0.656,
        "ndcg_at_1000": 0.66047,
        "map_at_1": 0.3642,
        "map_at_3": 0.48148,
        "map_at_5": 0.51296,
        "map_at_10": 0.53345,
        "map_at_20": 0.54223,
        "map_at_100": 0.54457,
        "map_at_1000": 0.54469,
        "recall_at_1": 0.3642,
        "recall_at_3": 0.60494,
        "recall_at_5": 0.69753,
        "recall_at_10": 0.82099,
        "recall_at_20": 0.91358,
        "recall_at_100": 0.96296,
        "recall_at_1000": 1.0,
        "precision_at_1": 0.44444,
        "precision_at_3": 0.24691,
        "precision_at_5": 0.17778,
        "precision_at_10": 0.10741,
        "precision_at_20": 0.05926,
        "precision_at_100": 0.01259,
        "precision_at_1000": 0.0013,
        "mrr_at_1": 0.444444,
        "mrr_at_3": 0.567901,
        "mrr_at_5": 0.584568,
        "mrr_at_10": 0.592387,
        "mrr_at_20": 0.598085,
        "mrr_at_100": 0.598946,
        "mrr_at_1000": 0.599066,
        "nauc_ndcg_at_1_max": 0.232372,
        "nauc_ndcg_at_1_std": 0.256034,
        "nauc_ndcg_at_1_diff1": 0.202283,
        "nauc_ndcg_at_3_max": 0.340465,
        "nauc_ndcg_at_3_std": 0.261813,
        "nauc_ndcg_at_3_diff1": 0.189538,
        "nauc_ndcg_at_5_max": 0.346166,
        "nauc_ndcg_at_5_std": 0.296106,
        "nauc_ndcg_at_5_diff1": 0.180207,
        "nauc_ndcg_at_10_max": 0.378507,
        "nauc_ndcg_at_10_std": 0.359345,
        "nauc_ndcg_at_10_diff1": 0.161994,
        "nauc_ndcg_at_20_max": 0.347609,
        "nauc_ndcg_at_20_std": 0.320151,
        "nauc_ndcg_at_20_diff1": 0.182165,
        "nauc_ndcg_at_100_max": 0.332154,
        "nauc_ndcg_at_100_std": 0.317308,
        "nauc_ndcg_at_100_diff1": 0.177368,
        "nauc_ndcg_at_1000_max": 0.327702,
        "nauc_ndcg_at_1000_std": 0.321366,
        "nauc_ndcg_at_1000_diff1": 0.166514,
        "nauc_map_at_1_max": 0.159651,
        "nauc_map_at_1_std": 0.214341,
        "nauc_map_at_1_diff1": 0.193018,
        "nauc_map_at_3_max": 0.284716,
        "nauc_map_at_3_std": 0.232511,
        "nauc_map_at_3_diff1": 0.197673,
        "nauc_map_at_5_max": 0.271474,
        "nauc_map_at_5_std": 0.247865,
        "nauc_map_at_5_diff1": 0.179115,
        "nauc_map_at_10_max": 0.299487,
        "nauc_map_at_10_std": 0.292332,
        "nauc_map_at_10_diff1": 0.180235,
        "nauc_map_at_20_max": 0.290857,
        "nauc_map_at_20_std": 0.281912,
        "nauc_map_at_20_diff1": 0.18194,
        "nauc_map_at_100_max": 0.28852,
        "nauc_map_at_100_std": 0.282816,
        "nauc_map_at_100_diff1": 0.178328,
        "nauc_map_at_1000_max": 0.288407,
        "nauc_map_at_1000_std": 0.282888,
        "nauc_map_at_1000_diff1": 0.178098,
        "nauc_recall_at_1_max": 0.159651,
        "nauc_recall_at_1_std": 0.214341,
        "nauc_recall_at_1_diff1": 0.193018,
        "nauc_recall_at_3_max": 0.458509,
        "nauc_recall_at_3_std": 0.238801,
        "nauc_recall_at_3_diff1": 0.225622,
        "nauc_recall_at_5_max": 0.477886,
        "nauc_recall_at_5_std": 0.290801,
        "nauc_recall_at_5_diff1": 0.213568,
        "nauc_recall_at_10_max": 0.631103,
        "nauc_recall_at_10_std": 0.494489,
        "nauc_recall_at_10_diff1": 0.130064,
        "nauc_recall_at_20_max": 0.599368,
        "nauc_recall_at_20_std": 0.261756,
        "nauc_recall_at_20_diff1": 0.377585,
        "nauc_recall_at_100_max": 0.556079,
        "nauc_recall_at_100_std": 0.113206,
        "nauc_recall_at_100_diff1": 0.723262,
        "nauc_recall_at_1000_max": NaN,
        "nauc_recall_at_1000_std": NaN,
        "nauc_recall_at_1000_diff1": NaN,
        "nauc_precision_at_1_max": 0.232372,
        "nauc_precision_at_1_std": 0.256034,
        "nauc_precision_at_1_diff1": 0.202283,
        "nauc_precision_at_3_max": 0.549908,
        "nauc_precision_at_3_std": 0.255866,
        "nauc_precision_at_3_diff1": 0.264623,
        "nauc_precision_at_5_max": 0.449628,
        "nauc_precision_at_5_std": 0.308222,
        "nauc_precision_at_5_diff1": 0.153154,
        "nauc_precision_at_10_max": 0.439478,
        "nauc_precision_at_10_std": 0.425118,
        "nauc_precision_at_10_diff1": 0.05521,
        "nauc_precision_at_20_max": 0.364162,
        "nauc_precision_at_20_std": 0.332558,
        "nauc_precision_at_20_diff1": 0.055217,
        "nauc_precision_at_100_max": 0.246936,
        "nauc_precision_at_100_std": 0.278197,
        "nauc_precision_at_100_diff1": -0.019946,
        "nauc_precision_at_1000_max": 0.217523,
        "nauc_precision_at_1000_std": 0.293894,
        "nauc_precision_at_1000_diff1": -0.090658,
        "nauc_mrr_at_1_max": 0.232372,
        "nauc_mrr_at_1_std": 0.256034,
        "nauc_mrr_at_1_diff1": 0.202283,
        "nauc_mrr_at_3_max": 0.310586,
        "nauc_mrr_at_3_std": 0.329528,
        "nauc_mrr_at_3_diff1": 0.115412,
        "nauc_mrr_at_5_max": 0.335101,
        "nauc_mrr_at_5_std": 0.354804,
        "nauc_mrr_at_5_diff1": 0.130696,
        "nauc_mrr_at_10_max": 0.322912,
        "nauc_mrr_at_10_std": 0.345138,
        "nauc_mrr_at_10_diff1": 0.118015,
        "nauc_mrr_at_20_max": 0.3135,
        "nauc_mrr_at_20_std": 0.334484,
        "nauc_mrr_at_20_diff1": 0.126629,
        "nauc_mrr_at_100_max": 0.312273,
        "nauc_mrr_at_100_std": 0.333821,
        "nauc_mrr_at_100_diff1": 0.127534,
        "nauc_mrr_at_1000_max": 0.312171,
        "nauc_mrr_at_1000_std": 0.333912,
        "nauc_mrr_at_1000_diff1": 0.127287,
        "main_score": 0.61992,
        "hf_subset": "default",
        "languages": [
          "eng-Latn"
        ]
      }
    ]
  },
  "evaluation_time": 29.06565570831299,
  "kg_co2_emissions": null
}