{
  "dataset_revision": "f33a205966ce032f957c3a22f4f9e378f89a2c56",
  "task_name": "PubChemAISentenceParaphrasePC",
  "mteb_version": "1.36.20",
  "scores": {
    "test": [
      {
        "similarity_accuracy": 0.986328,
        "similarity_accuracy_threshold": 0.869992,
        "similarity_f1": 0.928205,
        "similarity_f1_threshold": 0.869992,
        "similarity_precision": 0.978378,
        "similarity_recall": 0.882927,
        "similarity_ap": 0.946827,
        "cosine_accuracy": 0.986328,
        "cosine_accuracy_threshold": 0.869992,
        "cosine_f1": 0.928205,
        "cosine_f1_threshold": 0.869992,
        "cosine_precision": 0.978378,
        "cosine_recall": 0.882927,
        "cosine_ap": 0.946827,
        "manhattan_accuracy": 0.98584,
        "manhattan_accuracy_threshold": 192.35199,
        "manhattan_f1": 0.925831,
        "manhattan_f1_threshold": 201.793732,
        "manhattan_precision": 0.973118,
        "manhattan_recall": 0.882927,
        "manhattan_ap": 0.927968,
        "euclidean_accuracy": 0.985352,
        "euclidean_accuracy_threshold": 8.694351,
        "euclidean_f1": 0.923077,
        "euclidean_f1_threshold": 9.000959,
        "euclidean_precision": 0.972973,
        "euclidean_recall": 0.878049,
        "euclidean_ap": 0.928086,
        "dot_accuracy": 0.958496,
        "dot_accuracy_threshold": 270.213287,
        "dot_f1": 0.794393,
        "dot_f1_threshold": 255.720428,
        "dot_precision": 0.762332,
        "dot_recall": 0.829268,
        "dot_ap": 0.848354,
        "max_accuracy": 0.986328,
        "max_f1": 0.928205,
        "max_precision": 0.978378,
        "max_recall": 0.882927,
        "max_ap": 0.946827,
        "main_score": 0.946827,
        "hf_subset": "default",
        "languages": [
          "eng-Latn"
        ]
      }
    ]
  },
  "evaluation_time": 3.308100461959839,
  "kg_co2_emissions": null
}