{
  "dataset_revision": "5d958fb6b31055495347724d46431ba41309b03a",
  "task_name": "ChemNQRetrieval",
  "mteb_version": "1.36.29",
  "scores": {
    "test": [
      {
        "ndcg_at_1": 0.48148,
        "ndcg_at_3": 0.49545,
        "ndcg_at_5": 0.51501,
        "ndcg_at_10": 0.59254,
        "ndcg_at_20": 0.61726,
        "ndcg_at_100": 0.63399,
        "ndcg_at_1000": 0.63904,
        "map_at_1": 0.38272,
        "map_at_3": 0.45679,
        "map_at_5": 0.47531,
        "map_at_10": 0.51263,
        "map_at_20": 0.52037,
        "map_at_100": 0.52293,
        "map_at_1000": 0.52316,
        "recall_at_1": 0.38272,
        "recall_at_3": 0.53086,
        "recall_at_5": 0.5679,
        "recall_at_10": 0.78395,
        "recall_at_20": 0.87654,
        "recall_at_100": 0.96296,
        "recall_at_1000": 1.0,
        "precision_at_1": 0.48148,
        "precision_at_3": 0.22222,
        "precision_at_5": 0.14815,
        "precision_at_10": 0.1037,
        "precision_at_20": 0.05741,
        "precision_at_100": 0.01259,
        "precision_at_1000": 0.0013,
        "mrr_at_1": 0.481481,
        "mrr_at_3": 0.54321,
        "mrr_at_5": 0.54321,
        "mrr_at_10": 0.569885,
        "mrr_at_20": 0.575441,
        "mrr_at_100": 0.577179,
        "mrr_at_1000": 0.57741,
        "nauc_ndcg_at_1_max": 0.422558,
        "nauc_ndcg_at_1_std": 0.368934,
        "nauc_ndcg_at_1_diff1": 0.491058,
        "nauc_ndcg_at_3_max": 0.300685,
        "nauc_ndcg_at_3_std": 0.198878,
        "nauc_ndcg_at_3_diff1": 0.36948,
        "nauc_ndcg_at_5_max": 0.31999,
        "nauc_ndcg_at_5_std": 0.188341,
        "nauc_ndcg_at_5_diff1": 0.372211,
        "nauc_ndcg_at_10_max": 0.41032,
        "nauc_ndcg_at_10_std": 0.216709,
        "nauc_ndcg_at_10_diff1": 0.373299,
        "nauc_ndcg_at_20_max": 0.420729,
        "nauc_ndcg_at_20_std": 0.245432,
        "nauc_ndcg_at_20_diff1": 0.430416,
        "nauc_ndcg_at_100_max": 0.387051,
        "nauc_ndcg_at_100_std": 0.224335,
        "nauc_ndcg_at_100_diff1": 0.410381,
        "nauc_ndcg_at_1000_max": 0.387653,
        "nauc_ndcg_at_1000_std": 0.240614,
        "nauc_ndcg_at_1000_diff1": 0.411461,
        "nauc_map_at_1_max": 0.342685,
        "nauc_map_at_1_std": 0.323937,
        "nauc_map_at_1_diff1": 0.389257,
        "nauc_map_at_3_max": 0.293647,
        "nauc_map_at_3_std": 0.212922,
        "nauc_map_at_3_diff1": 0.358193,
        "nauc_map_at_5_max": 0.31125,
        "nauc_map_at_5_std": 0.202832,
        "nauc_map_at_5_diff1": 0.360434,
        "nauc_map_at_10_max": 0.347969,
        "nauc_map_at_10_std": 0.211031,
        "nauc_map_at_10_diff1": 0.355356,
        "nauc_map_at_20_max": 0.352309,
        "nauc_map_at_20_std": 0.221119,
        "nauc_map_at_20_diff1": 0.372135,
        "nauc_map_at_100_max": 0.347945,
        "nauc_map_at_100_std": 0.219064,
        "nauc_map_at_100_diff1": 0.370284,
        "nauc_map_at_1000_max": 0.347938,
        "nauc_map_at_1000_std": 0.219655,
        "nauc_map_at_1000_diff1": 0.370293,
        "nauc_recall_at_1_max": 0.342685,
        "nauc_recall_at_1_std": 0.323937,
        "nauc_recall_at_1_diff1": 0.389257,
        "nauc_recall_at_3_max": 0.20276,
        "nauc_recall_at_3_std": 0.076787,
        "nauc_recall_at_3_diff1": 0.283643,
        "nauc_recall_at_5_max": 0.250993,
        "nauc_recall_at_5_std": 0.061986,
        "nauc_recall_at_5_diff1": 0.303164,
        "nauc_recall_at_10_max": 0.578107,
        "nauc_recall_at_10_std": 0.094223,
        "nauc_recall_at_10_diff1": 0.244335,
        "nauc_recall_at_20_max": 0.732867,
        "nauc_recall_at_20_std": 0.220845,
        "nauc_recall_at_20_diff1": 0.614825,
        "nauc_recall_at_100_max": 0.35755,
        "nauc_recall_at_100_std": -0.572623,
        "nauc_recall_at_100_diff1": 0.35755,
        "nauc_recall_at_1000_max": NaN,
        "nauc_recall_at_1000_std": NaN,
        "nauc_recall_at_1000_diff1": NaN,
        "nauc_precision_at_1_max": 0.422558,
        "nauc_precision_at_1_std": 0.368934,
        "nauc_precision_at_1_diff1": 0.491058,
        "nauc_precision_at_3_max": 0.27347,
        "nauc_precision_at_3_std": 0.045406,
        "nauc_precision_at_3_diff1": 0.324176,
        "nauc_precision_at_5_max": 0.258199,
        "nauc_precision_at_5_std": 0.011179,
        "nauc_precision_at_5_diff1": 0.254747,
        "nauc_precision_at_10_max": 0.424895,
        "nauc_precision_at_10_std": 0.103341,
        "nauc_precision_at_10_diff1": 0.271789,
        "nauc_precision_at_20_max": 0.46079,
        "nauc_precision_at_20_std": 0.183825,
        "nauc_precision_at_20_diff1": 0.433403,
        "nauc_precision_at_100_max": 0.260737,
        "nauc_precision_at_100_std": 0.085332,
        "nauc_precision_at_100_diff1": 0.308833,
        "nauc_precision_at_1000_max": 0.251525,
        "nauc_precision_at_1000_std": 0.147932,
        "nauc_precision_at_1000_diff1": 0.304197,
        "nauc_mrr_at_1_max": 0.422558,
        "nauc_mrr_at_1_std": 0.368934,
        "nauc_mrr_at_1_diff1": 0.491058,
        "nauc_mrr_at_3_max": 0.39691,
        "nauc_mrr_at_3_std": 0.294935,
        "nauc_mrr_at_3_diff1": 0.469651,
        "nauc_mrr_at_5_max": 0.39691,
        "nauc_mrr_at_5_std": 0.294935,
        "nauc_mrr_at_5_diff1": 0.469651,
        "nauc_mrr_at_10_max": 0.425964,
        "nauc_mrr_at_10_std": 0.307086,
        "nauc_mrr_at_10_diff1": 0.471575,
        "nauc_mrr_at_20_max": 0.421298,
        "nauc_mrr_at_20_std": 0.309176,
        "nauc_mrr_at_20_diff1": 0.476259,
        "nauc_mrr_at_100_max": 0.418449,
        "nauc_mrr_at_100_std": 0.306928,
        "nauc_mrr_at_100_diff1": 0.474163,
        "nauc_mrr_at_1000_max": 0.418494,
        "nauc_mrr_at_1000_std": 0.307588,
        "nauc_mrr_at_1000_diff1": 0.47425,
        "main_score": 0.59254,
        "hf_subset": "default",
        "languages": [
          "eng-Latn"
        ]
      }
    ]
  },
  "evaluation_time": 51.451749086380005,
  "kg_co2_emissions": null
}