{
  "dataset_revision": "7fb14716e4106b72f51a16e682e5cd2d67e9bd70",
  "task_name": "PubChemWikiParagraphsPC",
  "mteb_version": "1.36.29",
  "scores": {
    "test": [
      {
        "similarity_accuracy": 0.899414,
        "similarity_accuracy_threshold": 0.956403,
        "similarity_f1": 0.301205,
        "similarity_f1_threshold": 0.643372,
        "similarity_precision": 0.255973,
        "similarity_recall": 0.365854,
        "similarity_ap": 0.19008,
        "cosine_accuracy": 0.899414,
        "cosine_accuracy_threshold": 0.956403,
        "cosine_f1": 0.301205,
        "cosine_f1_threshold": 0.643372,
        "cosine_precision": 0.255973,
        "cosine_recall": 0.365854,
        "cosine_ap": 0.19008,
        "manhattan_accuracy": 0.899414,
        "manhattan_accuracy_threshold": 130.94838,
        "manhattan_f1": 0.328125,
        "manhattan_f1_threshold": 337.023956,
        "manhattan_precision": 0.273616,
        "manhattan_recall": 0.409756,
        "manhattan_ap": 0.214285,
        "euclidean_accuracy": 0.899414,
        "euclidean_accuracy_threshold": 5.996716,
        "euclidean_f1": 0.325243,
        "euclidean_f1_threshold": 14.677147,
        "euclidean_precision": 0.323671,
        "euclidean_recall": 0.326829,
        "euclidean_ap": 0.215913,
        "dot_accuracy": 0.899414,
        "dot_accuracy_threshold": 457.254395,
        "dot_f1": 0.224852,
        "dot_f1_threshold": 180.059082,
        "dot_precision": 0.135992,
        "dot_recall": 0.64878,
        "dot_ap": 0.120909,
        "max_accuracy": 0.899414,
        "max_f1": 0.328125,
        "max_precision": 0.323671,
        "max_recall": 0.64878,
        "max_ap": 0.215913,
        "main_score": 0.215913,
        "hf_subset": "default",
        "languages": [
          "eng-Latn"
        ]
      }
    ]
  },
  "evaluation_time": 3.60404634475708,
  "kg_co2_emissions": null
}