{
  "dataset_revision": "8fae72a2c75530aaaac6920a02622490d923ca98",
  "task_name": "ChemRxivRetrieval",
  "mteb_version": "1.36.29",
  "scores": {
    "test": [
      {
        "ndcg_at_1": 0.813,
        "ndcg_at_3": 0.88391,
        "ndcg_at_5": 0.89313,
        "ndcg_at_10": 0.8992,
        "ndcg_at_20": 0.90208,
        "ndcg_at_100": 0.90401,
        "ndcg_at_1000": 0.90469,
        "map_at_1": 0.813,
        "map_at_3": 0.86707,
        "map_at_5": 0.87223,
        "map_at_10": 0.87477,
        "map_at_20": 0.87558,
        "map_at_100": 0.87586,
        "map_at_1000": 0.87589,
        "recall_at_1": 0.813,
        "recall_at_3": 0.9324,
        "recall_at_5": 0.9546,
        "recall_at_10": 0.9732,
        "recall_at_20": 0.9844,
        "recall_at_100": 0.9946,
        "recall_at_1000": 0.9998,
        "precision_at_1": 0.813,
        "precision_at_3": 0.3108,
        "precision_at_5": 0.19092,
        "precision_at_10": 0.09732,
        "precision_at_20": 0.04922,
        "precision_at_100": 0.00995,
        "precision_at_1000": 0.001,
        "mrr_at_1": 0.8132,
        "mrr_at_3": 0.867167,
        "mrr_at_5": 0.872327,
        "mrr_at_10": 0.874866,
        "mrr_at_20": 0.875683,
        "mrr_at_100": 0.875962,
        "mrr_at_1000": 0.87599,
        "nauc_ndcg_at_1_max": 0.540571,
        "nauc_ndcg_at_1_std": -0.234006,
        "nauc_ndcg_at_1_diff1": 0.838457,
        "nauc_ndcg_at_3_max": 0.600088,
        "nauc_ndcg_at_3_std": -0.227557,
        "nauc_ndcg_at_3_diff1": 0.815206,
        "nauc_ndcg_at_5_max": 0.605356,
        "nauc_ndcg_at_5_std": -0.224144,
        "nauc_ndcg_at_5_diff1": 0.820882,
        "nauc_ndcg_at_10_max": 0.598236,
        "nauc_ndcg_at_10_std": -0.223053,
        "nauc_ndcg_at_10_diff1": 0.822081,
        "nauc_ndcg_at_20_max": 0.592674,
        "nauc_ndcg_at_20_std": -0.218517,
        "nauc_ndcg_at_20_diff1": 0.821302,
        "nauc_ndcg_at_100_max": 0.588008,
        "nauc_ndcg_at_100_std": -0.220388,
        "nauc_ndcg_at_100_diff1": 0.82223,
        "nauc_ndcg_at_1000_max": 0.585846,
        "nauc_ndcg_at_1000_std": -0.223223,
        "nauc_ndcg_at_1000_diff1": 0.823067,
        "nauc_map_at_1_max": 0.540571,
        "nauc_map_at_1_std": -0.234006,
        "nauc_map_at_1_diff1": 0.838457,
        "nauc_map_at_3_max": 0.581332,
        "nauc_map_at_3_std": -0.229116,
        "nauc_map_at_3_diff1": 0.82131,
        "nauc_map_at_5_max": 0.583178,
        "nauc_map_at_5_std": -0.227538,
        "nauc_map_at_5_diff1": 0.824298,
        "nauc_map_at_10_max": 0.580361,
        "nauc_map_at_10_std": -0.227427,
        "nauc_map_at_10_diff1": 0.824848,
        "nauc_map_at_20_max": 0.578986,
        "nauc_map_at_20_std": -0.226608,
        "nauc_map_at_20_diff1": 0.824723,
        "nauc_map_at_100_max": 0.578498,
        "nauc_map_at_100_std": -0.226663,
        "nauc_map_at_100_diff1": 0.824807,
        "nauc_map_at_1000_max": 0.578425,
        "nauc_map_at_1000_std": -0.22675,
        "nauc_map_at_1000_diff1": 0.824834,
        "nauc_recall_at_1_max": 0.540571,
        "nauc_recall_at_1_std": -0.234006,
        "nauc_recall_at_1_diff1": 0.838457,
        "nauc_recall_at_3_max": 0.701125,
        "nauc_recall_at_3_std": -0.219551,
        "nauc_recall_at_3_diff1": 0.783333,
        "nauc_recall_at_5_max": 0.777438,
        "nauc_recall_at_5_std": -0.197463,
        "nauc_recall_at_5_diff1": 0.797996,
        "nauc_recall_at_10_max": 0.81692,
        "nauc_recall_at_10_std": -0.162364,
        "nauc_recall_at_10_diff1": 0.79372,
        "nauc_recall_at_20_max": 0.84446,
        "nauc_recall_at_20_std": -0.003322,
        "nauc_recall_at_20_diff1": 0.753567,
        "nauc_recall_at_100_max": 0.882076,
        "nauc_recall_at_100_std": 0.189145,
        "nauc_recall_at_100_diff1": 0.717,
        "nauc_recall_at_1000_max": 1.0,
        "nauc_recall_at_1000_std": 0.869281,
        "nauc_recall_at_1000_diff1": 0.869281,
        "nauc_precision_at_1_max": 0.540571,
        "nauc_precision_at_1_std": -0.234006,
        "nauc_precision_at_1_diff1": 0.838457,
        "nauc_precision_at_3_max": 0.701125,
        "nauc_precision_at_3_std": -0.219551,
        "nauc_precision_at_3_diff1": 0.783333,
        "nauc_precision_at_5_max": 0.777438,
        "nauc_precision_at_5_std": -0.197463,
        "nauc_precision_at_5_diff1": 0.797996,
        "nauc_precision_at_10_max": 0.81692,
        "nauc_precision_at_10_std": -0.162364,
        "nauc_precision_at_10_diff1": 0.79372,
        "nauc_precision_at_20_max": 0.84446,
        "nauc_precision_at_20_std": -0.003322,
        "nauc_precision_at_20_diff1": 0.753567,
        "nauc_precision_at_100_max": 0.882076,
        "nauc_precision_at_100_std": 0.189145,
        "nauc_precision_at_100_diff1": 0.717,
        "nauc_precision_at_1000_max": 1.0,
        "nauc_precision_at_1000_std": 0.869281,
        "nauc_precision_at_1000_diff1": 0.869281,
        "nauc_mrr_at_1_max": 0.538103,
        "nauc_mrr_at_1_std": -0.236447,
        "nauc_mrr_at_1_diff1": 0.838148,
        "nauc_mrr_at_3_max": 0.579657,
        "nauc_mrr_at_3_std": -0.230797,
        "nauc_mrr_at_3_diff1": 0.821085,
        "nauc_mrr_at_5_max": 0.581433,
        "nauc_mrr_at_5_std": -0.229289,
        "nauc_mrr_at_5_diff1": 0.824066,
        "nauc_mrr_at_10_max": 0.578577,
        "nauc_mrr_at_10_std": -0.229215,
        "nauc_mrr_at_10_diff1": 0.824611,
        "nauc_mrr_at_20_max": 0.577188,
        "nauc_mrr_at_20_std": -0.228408,
        "nauc_mrr_at_20_diff1": 0.824484,
        "nauc_mrr_at_100_max": 0.576696,
        "nauc_mrr_at_100_std": -0.228467,
        "nauc_mrr_at_100_diff1": 0.824568,
        "nauc_mrr_at_1000_max": 0.576622,
        "nauc_mrr_at_1000_std": -0.228555,
        "nauc_mrr_at_1000_diff1": 0.824595,
        "main_score": 0.8992,
        "hf_subset": "default",
        "languages": [
          "eng-Latn"
        ]
      }
    ]
  },
  "evaluation_time": 280.2124083042145,
  "kg_co2_emissions": null
}