{
  "dataset_revision": "7fb14716e4106b72f51a16e682e5cd2d67e9bd70",
  "task_name": "PubChemWikiParagraphsPC",
  "mteb_version": "1.36.20",
  "scores": {
    "test": [
      {
        "similarity_accuracy": 0.899414,
        "similarity_accuracy_threshold": 0.954971,
        "similarity_f1": 0.241873,
        "similarity_f1_threshold": 0.606268,
        "similarity_precision": 0.164894,
        "similarity_recall": 0.453659,
        "similarity_ap": 0.162097,
        "cosine_accuracy": 0.899414,
        "cosine_accuracy_threshold": 0.954971,
        "cosine_f1": 0.241873,
        "cosine_f1_threshold": 0.606268,
        "cosine_precision": 0.164894,
        "cosine_recall": 0.453659,
        "cosine_ap": 0.162097,
        "manhattan_accuracy": 0.899414,
        "manhattan_accuracy_threshold": 128.539993,
        "manhattan_f1": 0.254815,
        "manhattan_f1_threshold": 366.605377,
        "manhattan_precision": 0.182979,
        "manhattan_recall": 0.419512,
        "manhattan_ap": 0.174275,
        "euclidean_accuracy": 0.899414,
        "euclidean_accuracy_threshold": 5.849484,
        "euclidean_f1": 0.251012,
        "euclidean_f1_threshold": 16.84848,
        "euclidean_precision": 0.173507,
        "euclidean_recall": 0.453659,
        "euclidean_ap": 0.174406,
        "dot_accuracy": 0.899414,
        "dot_accuracy_threshold": 392.226624,
        "dot_f1": 0.212589,
        "dot_f1_threshold": 156.229706,
        "dot_precision": 0.121028,
        "dot_recall": 0.873171,
        "dot_ap": 0.12748,
        "max_accuracy": 0.899414,
        "max_f1": 0.254815,
        "max_precision": 0.182979,
        "max_recall": 0.873171,
        "max_ap": 0.174406,
        "main_score": 0.174406,
        "hf_subset": "default",
        "languages": [
          "eng-Latn"
        ]
      }
    ]
  },
  "evaluation_time": 3.630784511566162,
  "kg_co2_emissions": null
}