{
  "dataset_revision": "7fb14716e4106b72f51a16e682e5cd2d67e9bd70",
  "task_name": "PubChemWikiParagraphsPC",
  "mteb_version": "1.36.29",
  "scores": {
    "test": [
      {
        "similarity_accuracy": 0.899414,
        "similarity_accuracy_threshold": 0.955499,
        "similarity_f1": 0.277873,
        "similarity_f1_threshold": 0.553262,
        "similarity_precision": 0.214286,
        "similarity_recall": 0.395122,
        "similarity_ap": 0.165165,
        "cosine_accuracy": 0.899414,
        "cosine_accuracy_threshold": 0.955499,
        "cosine_f1": 0.277873,
        "cosine_f1_threshold": 0.553262,
        "cosine_precision": 0.214286,
        "cosine_recall": 0.395122,
        "cosine_ap": 0.165165,
        "manhattan_accuracy": 0.899414,
        "manhattan_accuracy_threshold": 128.48172,
        "manhattan_f1": 0.291221,
        "manhattan_f1_threshold": 331.229034,
        "manhattan_precision": 0.259542,
        "manhattan_recall": 0.331707,
        "manhattan_ap": 0.184337,
        "euclidean_accuracy": 0.899414,
        "euclidean_accuracy_threshold": 5.852465,
        "euclidean_f1": 0.298569,
        "euclidean_f1_threshold": 15.103312,
        "euclidean_precision": 0.257042,
        "euclidean_recall": 0.356098,
        "euclidean_ap": 0.187459,
        "dot_accuracy": 0.899414,
        "dot_accuracy_threshold": 451.777161,
        "dot_f1": 0.214664,
        "dot_f1_threshold": 122.791679,
        "dot_precision": 0.127013,
        "dot_recall": 0.692683,
        "dot_ap": 0.114616,
        "max_accuracy": 0.899414,
        "max_f1": 0.298569,
        "max_precision": 0.259542,
        "max_recall": 0.692683,
        "max_ap": 0.187459,
        "main_score": 0.187459,
        "hf_subset": "default",
        "languages": [
          "eng-Latn"
        ]
      }
    ]
  },
  "evaluation_time": 6.272788763046265,
  "kg_co2_emissions": null
}