{
  "dataset_revision": "5d958fb6b31055495347724d46431ba41309b03a",
  "task_name": "ChemNQRetrieval",
  "mteb_version": "1.36.29",
  "scores": {
    "test": [
      {
        "ndcg_at_1": 0.48148,
        "ndcg_at_3": 0.538,
        "ndcg_at_5": 0.58229,
        "ndcg_at_10": 0.64569,
        "ndcg_at_20": 0.66567,
        "ndcg_at_100": 0.67217,
        "ndcg_at_1000": 0.67663,
        "map_at_1": 0.40123,
        "map_at_3": 0.49691,
        "map_at_5": 0.52377,
        "map_at_10": 0.55639,
        "map_at_20": 0.56458,
        "map_at_100": 0.56531,
        "map_at_1000": 0.56543,
        "recall_at_1": 0.40123,
        "recall_at_3": 0.58642,
        "recall_at_5": 0.67901,
        "recall_at_10": 0.85802,
        "recall_at_20": 0.92593,
        "recall_at_100": 0.96296,
        "recall_at_1000": 1.0,
        "precision_at_1": 0.48148,
        "precision_at_3": 0.23457,
        "precision_at_5": 0.17037,
        "precision_at_10": 0.11111,
        "precision_at_20": 0.06111,
        "precision_at_100": 0.01259,
        "precision_at_1000": 0.0013,
        "mrr_at_1": 0.481481,
        "mrr_at_3": 0.574074,
        "mrr_at_5": 0.6,
        "mrr_at_10": 0.614697,
        "mrr_at_20": 0.617343,
        "mrr_at_100": 0.618069,
        "mrr_at_1000": 0.618187,
        "nauc_ndcg_at_1_max": 0.252292,
        "nauc_ndcg_at_1_std": 0.192921,
        "nauc_ndcg_at_1_diff1": 0.246186,
        "nauc_ndcg_at_3_max": 0.168696,
        "nauc_ndcg_at_3_std": 0.129861,
        "nauc_ndcg_at_3_diff1": 0.060592,
        "nauc_ndcg_at_5_max": 0.326,
        "nauc_ndcg_at_5_std": 0.211804,
        "nauc_ndcg_at_5_diff1": 0.161327,
        "nauc_ndcg_at_10_max": 0.34792,
        "nauc_ndcg_at_10_std": 0.222766,
        "nauc_ndcg_at_10_diff1": 0.231405,
        "nauc_ndcg_at_20_max": 0.316044,
        "nauc_ndcg_at_20_std": 0.186473,
        "nauc_ndcg_at_20_diff1": 0.180516,
        "nauc_ndcg_at_100_max": 0.300328,
        "nauc_ndcg_at_100_std": 0.175943,
        "nauc_ndcg_at_100_diff1": 0.169816,
        "nauc_ndcg_at_1000_max": 0.29189,
        "nauc_ndcg_at_1000_std": 0.190876,
        "nauc_ndcg_at_1000_diff1": 0.166071,
        "nauc_map_at_1_max": 0.201794,
        "nauc_map_at_1_std": 0.174987,
        "nauc_map_at_1_diff1": 0.200109,
        "nauc_map_at_3_max": 0.177416,
        "nauc_map_at_3_std": 0.120768,
        "nauc_map_at_3_diff1": 0.09963,
        "nauc_map_at_5_max": 0.254606,
        "nauc_map_at_5_std": 0.174461,
        "nauc_map_at_5_diff1": 0.144787,
        "nauc_map_at_10_max": 0.266732,
        "nauc_map_at_10_std": 0.182493,
        "nauc_map_at_10_diff1": 0.172409,
        "nauc_map_at_20_max": 0.257939,
        "nauc_map_at_20_std": 0.173018,
        "nauc_map_at_20_diff1": 0.156239,
        "nauc_map_at_100_max": 0.256377,
        "nauc_map_at_100_std": 0.172037,
        "nauc_map_at_100_diff1": 0.155215,
        "nauc_map_at_1000_max": 0.256184,
        "nauc_map_at_1000_std": 0.172346,
        "nauc_map_at_1000_diff1": 0.155131,
        "nauc_recall_at_1_max": 0.201794,
        "nauc_recall_at_1_std": 0.174987,
        "nauc_recall_at_1_diff1": 0.200109,
        "nauc_recall_at_3_max": 0.11537,
        "nauc_recall_at_3_std": 0.066286,
        "nauc_recall_at_3_diff1": -0.044059,
        "nauc_recall_at_5_max": 0.486189,
        "nauc_recall_at_5_std": 0.239538,
        "nauc_recall_at_5_diff1": 0.192914,
        "nauc_recall_at_10_max": 0.73709,
        "nauc_recall_at_10_std": 0.296454,
        "nauc_recall_at_10_diff1": 0.621265,
        "nauc_recall_at_20_max": 0.795455,
        "nauc_recall_at_20_std": -0.008272,
        "nauc_recall_at_20_diff1": 0.456815,
        "nauc_recall_at_100_max": 0.723262,
        "nauc_recall_at_100_std": -0.572623,
        "nauc_recall_at_100_diff1": 0.35755,
        "nauc_recall_at_1000_max": NaN,
        "nauc_recall_at_1000_std": NaN,
        "nauc_recall_at_1000_diff1": NaN,
        "nauc_precision_at_1_max": 0.252292,
        "nauc_precision_at_1_std": 0.192921,
        "nauc_precision_at_1_diff1": 0.246186,
        "nauc_precision_at_3_max": 0.219615,
        "nauc_precision_at_3_std": 0.106995,
        "nauc_precision_at_3_diff1": 0.035052,
        "nauc_precision_at_5_max": 0.58975,
        "nauc_precision_at_5_std": 0.34758,
        "nauc_precision_at_5_diff1": 0.233363,
        "nauc_precision_at_10_max": 0.460616,
        "nauc_precision_at_10_std": 0.320427,
        "nauc_precision_at_10_diff1": 0.321942,
        "nauc_precision_at_20_max": 0.288672,
        "nauc_precision_at_20_std": 0.192395,
        "nauc_precision_at_20_diff1": 0.141436,
        "nauc_precision_at_100_max": 0.238372,
        "nauc_precision_at_100_std": 0.160799,
        "nauc_precision_at_100_diff1": 0.105413,
        "nauc_precision_at_1000_max": 0.192238,
        "nauc_precision_at_1000_std": 0.230579,
        "nauc_precision_at_1000_diff1": 0.081423,
        "nauc_mrr_at_1_max": 0.252292,
        "nauc_mrr_at_1_std": 0.192921,
        "nauc_mrr_at_1_diff1": 0.246186,
        "nauc_mrr_at_3_max": 0.189734,
        "nauc_mrr_at_3_std": 0.208589,
        "nauc_mrr_at_3_diff1": 0.087052,
        "nauc_mrr_at_5_max": 0.293779,
        "nauc_mrr_at_5_std": 0.238042,
        "nauc_mrr_at_5_diff1": 0.165329,
        "nauc_mrr_at_10_max": 0.278369,
        "nauc_mrr_at_10_std": 0.220807,
        "nauc_mrr_at_10_diff1": 0.170887,
        "nauc_mrr_at_20_max": 0.271669,
        "nauc_mrr_at_20_std": 0.213574,
        "nauc_mrr_at_20_diff1": 0.163189,
        "nauc_mrr_at_100_max": 0.270146,
        "nauc_mrr_at_100_std": 0.212698,
        "nauc_mrr_at_100_diff1": 0.162186,
        "nauc_mrr_at_1000_max": 0.269959,
        "nauc_mrr_at_1000_std": 0.213023,
        "nauc_mrr_at_1000_diff1": 0.162105,
        "main_score": 0.64569,
        "hf_subset": "default",
        "languages": [
          "eng-Latn"
        ]
      }
    ]
  },
  "evaluation_time": 29.2073335647583,
  "kg_co2_emissions": null
}