{
  "dataset_revision": "7fb14716e4106b72f51a16e682e5cd2d67e9bd70",
  "task_name": "PubChemWikiParagraphsPC",
  "mteb_version": "1.36.29",
  "scores": {
    "test": [
      {
        "similarity_accuracy": 0.899414,
        "similarity_accuracy_threshold": 0.990977,
        "similarity_f1": 0.261905,
        "similarity_f1_threshold": 0.954105,
        "similarity_precision": 0.201044,
        "similarity_recall": 0.37561,
        "similarity_ap": 0.178692,
        "cosine_accuracy": 0.899414,
        "cosine_accuracy_threshold": 0.990977,
        "cosine_f1": 0.261905,
        "cosine_f1_threshold": 0.954105,
        "cosine_precision": 0.201044,
        "cosine_recall": 0.37561,
        "cosine_ap": 0.178692,
        "manhattan_accuracy": 0.899414,
        "manhattan_accuracy_threshold": 65.691437,
        "manhattan_f1": 0.269618,
        "manhattan_f1_threshold": 149.374802,
        "manhattan_precision": 0.229452,
        "manhattan_recall": 0.326829,
        "manhattan_ap": 0.184076,
        "euclidean_accuracy": 0.899414,
        "euclidean_accuracy_threshold": 2.972583,
        "euclidean_f1": 0.272727,
        "euclidean_f1_threshold": 6.967909,
        "euclidean_precision": 0.208226,
        "euclidean_recall": 0.395122,
        "euclidean_ap": 0.184665,
        "dot_accuracy": 0.899414,
        "dot_accuracy_threshold": 565.515381,
        "dot_f1": 0.18747,
        "dot_f1_threshold": 447.219727,
        "dot_precision": 0.104099,
        "dot_recall": 0.941463,
        "dot_ap": 0.097863,
        "max_accuracy": 0.899414,
        "max_f1": 0.272727,
        "max_precision": 0.229452,
        "max_recall": 0.941463,
        "max_ap": 0.184665,
        "main_score": 0.184665,
        "hf_subset": "default",
        "languages": [
          "eng-Latn"
        ]
      }
    ]
  },
  "evaluation_time": 3.7193734645843506,
  "kg_co2_emissions": null
}