{
  "dataset_revision": "8fae72a2c75530aaaac6920a02622490d923ca98",
  "task_name": "ChemRxivRetrieval",
  "mteb_version": "1.36.29",
  "scores": {
    "test": [
      {
        "ndcg_at_1": 0.0108,
        "ndcg_at_3": 0.01687,
        "ndcg_at_5": 0.0209,
        "ndcg_at_10": 0.02468,
        "ndcg_at_20": 0.02909,
        "ndcg_at_100": 0.0415,
        "ndcg_at_1000": 0.06634,
        "map_at_1": 0.0108,
        "map_at_3": 0.01543,
        "map_at_5": 0.01766,
        "map_at_10": 0.0192,
        "map_at_20": 0.02042,
        "map_at_100": 0.02198,
        "map_at_1000": 0.02269,
        "recall_at_1": 0.0108,
        "recall_at_3": 0.021,
        "recall_at_5": 0.0308,
        "recall_at_10": 0.0426,
        "recall_at_20": 0.06,
        "recall_at_100": 0.1292,
        "recall_at_1000": 0.3386,
        "precision_at_1": 0.0108,
        "precision_at_3": 0.007,
        "precision_at_5": 0.00616,
        "precision_at_10": 0.00426,
        "precision_at_20": 0.003,
        "precision_at_100": 0.00129,
        "precision_at_1000": 0.00034,
        "mrr_at_1": 0.0108,
        "mrr_at_3": 0.015433,
        "mrr_at_5": 0.017653,
        "mrr_at_10": 0.019191,
        "mrr_at_20": 0.020409,
        "mrr_at_100": 0.021972,
        "mrr_at_1000": 0.022675,
        "nauc_ndcg_at_1_max": 0.297707,
        "nauc_ndcg_at_1_std": -0.142558,
        "nauc_ndcg_at_1_diff1": 0.174686,
        "nauc_ndcg_at_3_max": 0.223461,
        "nauc_ndcg_at_3_std": -0.087931,
        "nauc_ndcg_at_3_diff1": 0.088357,
        "nauc_ndcg_at_5_max": 0.180406,
        "nauc_ndcg_at_5_std": -0.08102,
        "nauc_ndcg_at_5_diff1": 0.05549,
        "nauc_ndcg_at_10_max": 0.162776,
        "nauc_ndcg_at_10_std": -0.080362,
        "nauc_ndcg_at_10_diff1": 0.039051,
        "nauc_ndcg_at_20_max": 0.153708,
        "nauc_ndcg_at_20_std": -0.079801,
        "nauc_ndcg_at_20_diff1": 0.036643,
        "nauc_ndcg_at_100_max": 0.12018,
        "nauc_ndcg_at_100_std": -0.083978,
        "nauc_ndcg_at_100_diff1": 0.010641,
        "nauc_ndcg_at_1000_max": 0.105608,
        "nauc_ndcg_at_1000_std": -0.077099,
        "nauc_ndcg_at_1000_diff1": 0.022376,
        "nauc_map_at_1_max": 0.297707,
        "nauc_map_at_1_std": -0.142558,
        "nauc_map_at_1_diff1": 0.174686,
        "nauc_map_at_3_max": 0.237934,
        "nauc_map_at_3_std": -0.094959,
        "nauc_map_at_3_diff1": 0.103869,
        "nauc_map_at_5_max": 0.208241,
        "nauc_map_at_5_std": -0.089751,
        "nauc_map_at_5_diff1": 0.081069,
        "nauc_map_at_10_max": 0.197786,
        "nauc_map_at_10_std": -0.088872,
        "nauc_map_at_10_diff1": 0.071101,
        "nauc_map_at_20_max": 0.191877,
        "nauc_map_at_20_std": -0.087533,
        "nauc_map_at_20_diff1": 0.068369,
        "nauc_map_at_100_max": 0.182793,
        "nauc_map_at_100_std": -0.089811,
        "nauc_map_at_100_diff1": 0.059806,
        "nauc_map_at_1000_max": 0.180774,
        "nauc_map_at_1000_std": -0.089377,
        "nauc_map_at_1000_diff1": 0.060055,
        "nauc_recall_at_1_max": 0.297707,
        "nauc_recall_at_1_std": -0.142558,
        "nauc_recall_at_1_diff1": 0.174686,
        "nauc_recall_at_3_max": 0.192178,
        "nauc_recall_at_3_std": -0.073689,
        "nauc_recall_at_3_diff1": 0.055173,
        "nauc_recall_at_5_max": 0.130259,
        "nauc_recall_at_5_std": -0.066325,
        "nauc_recall_at_5_diff1": 0.009844,
        "nauc_recall_at_10_max": 0.109856,
        "nauc_recall_at_10_std": -0.068814,
        "nauc_recall_at_10_diff1": -0.008848,
        "nauc_recall_at_20_max": 0.108384,
        "nauc_recall_at_20_std": -0.072637,
        "nauc_recall_at_20_diff1": 0.000184,
        "nauc_recall_at_100_max": 0.065535,
        "nauc_recall_at_100_std": -0.079522,
        "nauc_recall_at_100_diff1": -0.029046,
        "nauc_recall_at_1000_max": 0.057544,
        "nauc_recall_at_1000_std": -0.065933,
        "nauc_recall_at_1000_diff1": 0.009493,
        "nauc_precision_at_1_max": 0.297707,
        "nauc_precision_at_1_std": -0.142558,
        "nauc_precision_at_1_diff1": 0.174686,
        "nauc_precision_at_3_max": 0.192178,
        "nauc_precision_at_3_std": -0.073689,
        "nauc_precision_at_3_diff1": 0.055173,
        "nauc_precision_at_5_max": 0.130259,
        "nauc_precision_at_5_std": -0.066325,
        "nauc_precision_at_5_diff1": 0.009844,
        "nauc_precision_at_10_max": 0.109856,
        "nauc_precision_at_10_std": -0.068814,
        "nauc_precision_at_10_diff1": -0.008848,
        "nauc_precision_at_20_max": 0.108384,
        "nauc_precision_at_20_std": -0.072637,
        "nauc_precision_at_20_diff1": 0.000184,
        "nauc_precision_at_100_max": 0.065535,
        "nauc_precision_at_100_std": -0.079522,
        "nauc_precision_at_100_diff1": -0.029046,
        "nauc_precision_at_1000_max": 0.057544,
        "nauc_precision_at_1000_std": -0.065933,
        "nauc_precision_at_1000_diff1": 0.009493,
        "nauc_mrr_at_1_max": 0.297707,
        "nauc_mrr_at_1_std": -0.142558,
        "nauc_mrr_at_1_diff1": 0.174686,
        "nauc_mrr_at_3_max": 0.237934,
        "nauc_mrr_at_3_std": -0.094959,
        "nauc_mrr_at_3_diff1": 0.103869,
        "nauc_mrr_at_5_max": 0.208304,
        "nauc_mrr_at_5_std": -0.089858,
        "nauc_mrr_at_5_diff1": 0.081232,
        "nauc_mrr_at_10_max": 0.197838,
        "nauc_mrr_at_10_std": -0.08897,
        "nauc_mrr_at_10_diff1": 0.071245,
        "nauc_mrr_at_20_max": 0.191968,
        "nauc_mrr_at_20_std": -0.087594,
        "nauc_mrr_at_20_diff1": 0.068551,
        "nauc_mrr_at_100_max": 0.182871,
        "nauc_mrr_at_100_std": -0.089868,
        "nauc_mrr_at_100_diff1": 0.059975,
        "nauc_mrr_at_1000_max": 0.18085,
        "nauc_mrr_at_1000_std": -0.089432,
        "nauc_mrr_at_1000_diff1": 0.060222,
        "main_score": 0.02468,
        "hf_subset": "default",
        "languages": [
          "eng-Latn"
        ]
      }
    ]
  },
  "evaluation_time": 446.93381810188293,
  "kg_co2_emissions": null
}