{
  "dataset_revision": "70970daeab8776df92f5ea462b6173c0b46fd2d1",
  "task_name": "TwitterSemEval2015",
  "mteb_version": "1.36.29",
  "scores": {
    "test": [
      {
        "similarity_accuracy": 0.863623,
        "similarity_accuracy_threshold": 0.781677,
        "similarity_f1": 0.694992,
        "similarity_f1_threshold": 0.76044,
        "similarity_precision": 0.678652,
        "similarity_recall": 0.712137,
        "similarity_ap": 0.753675,
        "cosine_accuracy": 0.863623,
        "cosine_accuracy_threshold": 0.781677,
        "cosine_f1": 0.694992,
        "cosine_f1_threshold": 0.76044,
        "cosine_precision": 0.678652,
        "cosine_recall": 0.712137,
        "cosine_ap": 0.753675,
        "manhattan_accuracy": 0.868391,
        "manhattan_accuracy_threshold": 296.660339,
        "manhattan_f1": 0.704457,
        "manhattan_f1_threshold": 315.24353,
        "manhattan_precision": 0.668642,
        "manhattan_recall": 0.744327,
        "manhattan_ap": 0.760523,
        "euclidean_accuracy": 0.86857,
        "euclidean_accuracy_threshold": 13.646305,
        "euclidean_f1": 0.705912,
        "euclidean_f1_threshold": 14.245882,
        "euclidean_precision": 0.671912,
        "euclidean_recall": 0.743536,
        "euclidean_ap": 0.760621,
        "dot_accuracy": 0.820945,
        "dot_accuracy_threshold": 333.975403,
        "dot_f1": 0.591559,
        "dot_f1_threshold": 308.124023,
        "dot_precision": 0.5158,
        "dot_recall": 0.693404,
        "dot_ap": 0.613534,
        "max_accuracy": 0.86857,
        "max_f1": 0.705912,
        "max_precision": 0.678652,
        "max_recall": 0.744327,
        "max_ap": 0.760621,
        "main_score": 0.760621,
        "hf_subset": "default",
        "languages": [
          "eng-Latn"
        ]
      }
    ]
  },
  "evaluation_time": 13.970434427261353,
  "kg_co2_emissions": null
}