{
  "dataset_revision": "5d958fb6b31055495347724d46431ba41309b03a",
  "task_name": "ChemNQRetrieval",
  "mteb_version": "1.36.29",
  "scores": {
    "test": [
      {
        "ndcg_at_1": 0.44444,
        "ndcg_at_3": 0.5542,
        "ndcg_at_5": 0.57276,
        "ndcg_at_10": 0.64285,
        "ndcg_at_20": 0.65882,
        "ndcg_at_100": 0.66532,
        "ndcg_at_1000": 0.66999,
        "map_at_1": 0.3642,
        "map_at_3": 0.49691,
        "map_at_5": 0.51358,
        "map_at_10": 0.5491,
        "map_at_20": 0.55504,
        "map_at_100": 0.55577,
        "map_at_1000": 0.55592,
        "recall_at_1": 0.3642,
        "recall_at_3": 0.64198,
        "recall_at_5": 0.67901,
        "recall_at_10": 0.87037,
        "recall_at_20": 0.92593,
        "recall_at_100": 0.96296,
        "recall_at_1000": 1.0,
        "precision_at_1": 0.44444,
        "precision_at_3": 0.25926,
        "precision_at_5": 0.17037,
        "precision_at_10": 0.11481,
        "precision_at_20": 0.06111,
        "precision_at_100": 0.01259,
        "precision_at_1000": 0.0013,
        "mrr_at_1": 0.444444,
        "mrr_at_3": 0.580247,
        "mrr_at_5": 0.580247,
        "mrr_at_10": 0.601631,
        "mrr_at_20": 0.604718,
        "mrr_at_100": 0.605444,
        "mrr_at_1000": 0.605597,
        "nauc_ndcg_at_1_max": 0.281071,
        "nauc_ndcg_at_1_std": 0.204619,
        "nauc_ndcg_at_1_diff1": 0.374048,
        "nauc_ndcg_at_3_max": 0.346279,
        "nauc_ndcg_at_3_std": 0.16804,
        "nauc_ndcg_at_3_diff1": 0.229983,
        "nauc_ndcg_at_5_max": 0.348122,
        "nauc_ndcg_at_5_std": 0.189133,
        "nauc_ndcg_at_5_diff1": 0.215945,
        "nauc_ndcg_at_10_max": 0.359034,
        "nauc_ndcg_at_10_std": 0.201991,
        "nauc_ndcg_at_10_diff1": 0.281423,
        "nauc_ndcg_at_20_max": 0.383775,
        "nauc_ndcg_at_20_std": 0.216579,
        "nauc_ndcg_at_20_diff1": 0.28866,
        "nauc_ndcg_at_100_max": 0.369775,
        "nauc_ndcg_at_100_std": 0.212501,
        "nauc_ndcg_at_100_diff1": 0.286667,
        "nauc_ndcg_at_1000_max": 0.362262,
        "nauc_ndcg_at_1000_std": 0.220749,
        "nauc_ndcg_at_1000_diff1": 0.271505,
        "nauc_map_at_1_max": 0.223135,
        "nauc_map_at_1_std": 0.20988,
        "nauc_map_at_1_diff1": 0.288285,
        "nauc_map_at_3_max": 0.31163,
        "nauc_map_at_3_std": 0.16875,
        "nauc_map_at_3_diff1": 0.226884,
        "nauc_map_at_5_max": 0.314014,
        "nauc_map_at_5_std": 0.190376,
        "nauc_map_at_5_diff1": 0.21473,
        "nauc_map_at_10_max": 0.312914,
        "nauc_map_at_10_std": 0.195019,
        "nauc_map_at_10_diff1": 0.240848,
        "nauc_map_at_20_max": 0.325742,
        "nauc_map_at_20_std": 0.205533,
        "nauc_map_at_20_diff1": 0.243407,
        "nauc_map_at_100_max": 0.324325,
        "nauc_map_at_100_std": 0.205136,
        "nauc_map_at_100_diff1": 0.243109,
        "nauc_map_at_1000_max": 0.324105,
        "nauc_map_at_1000_std": 0.205345,
        "nauc_map_at_1000_diff1": 0.242692,
        "nauc_recall_at_1_max": 0.223135,
        "nauc_recall_at_1_std": 0.20988,
        "nauc_recall_at_1_diff1": 0.288285,
        "nauc_recall_at_3_max": 0.389341,
        "nauc_recall_at_3_std": 0.099028,
        "nauc_recall_at_3_diff1": 0.183115,
        "nauc_recall_at_5_max": 0.387623,
        "nauc_recall_at_5_std": 0.128858,
        "nauc_recall_at_5_diff1": 0.148352,
        "nauc_recall_at_10_max": 0.501553,
        "nauc_recall_at_10_std": 0.091246,
        "nauc_recall_at_10_diff1": 0.473908,
        "nauc_recall_at_20_max": 0.795455,
        "nauc_recall_at_20_std": 0.090993,
        "nauc_recall_at_20_diff1": 0.678775,
        "nauc_recall_at_100_max": 0.723262,
        "nauc_recall_at_100_std": -0.175564,
        "nauc_recall_at_100_diff1": 1.0,
        "nauc_recall_at_1000_max": NaN,
        "nauc_recall_at_1000_std": NaN,
        "nauc_recall_at_1000_diff1": NaN,
        "nauc_precision_at_1_max": 0.281071,
        "nauc_precision_at_1_std": 0.204619,
        "nauc_precision_at_1_diff1": 0.374048,
        "nauc_precision_at_3_max": 0.506362,
        "nauc_precision_at_3_std": 0.070313,
        "nauc_precision_at_3_diff1": 0.324051,
        "nauc_precision_at_5_max": 0.318545,
        "nauc_precision_at_5_std": 0.078735,
        "nauc_precision_at_5_diff1": 0.166487,
        "nauc_precision_at_10_max": 0.236079,
        "nauc_precision_at_10_std": 0.109984,
        "nauc_precision_at_10_diff1": 0.227638,
        "nauc_precision_at_20_max": 0.303081,
        "nauc_precision_at_20_std": 0.172679,
        "nauc_precision_at_20_diff1": 0.220868,
        "nauc_precision_at_100_max": 0.254033,
        "nauc_precision_at_100_std": 0.156617,
        "nauc_precision_at_100_diff1": 0.208993,
        "nauc_precision_at_1000_max": 0.209389,
        "nauc_precision_at_1000_std": 0.188222,
        "nauc_precision_at_1000_diff1": 0.133734,
        "nauc_mrr_at_1_max": 0.281071,
        "nauc_mrr_at_1_std": 0.204619,
        "nauc_mrr_at_1_diff1": 0.374048,
        "nauc_mrr_at_3_max": 0.338449,
        "nauc_mrr_at_3_std": 0.22019,
        "nauc_mrr_at_3_diff1": 0.272939,
        "nauc_mrr_at_5_max": 0.338449,
        "nauc_mrr_at_5_std": 0.22019,
        "nauc_mrr_at_5_diff1": 0.272939,
        "nauc_mrr_at_10_max": 0.361888,
        "nauc_mrr_at_10_std": 0.238015,
        "nauc_mrr_at_10_diff1": 0.298503,
        "nauc_mrr_at_20_max": 0.354932,
        "nauc_mrr_at_20_std": 0.229709,
        "nauc_mrr_at_20_diff1": 0.297859,
        "nauc_mrr_at_100_max": 0.353613,
        "nauc_mrr_at_100_std": 0.22938,
        "nauc_mrr_at_100_diff1": 0.297706,
        "nauc_mrr_at_1000_max": 0.353413,
        "nauc_mrr_at_1000_std": 0.229599,
        "nauc_mrr_at_1000_diff1": 0.297325,
        "main_score": 0.64285,
        "hf_subset": "default",
        "languages": [
          "eng-Latn"
        ]
      }
    ]
  },
  "evaluation_time": 30.15344548225403,
  "kg_co2_emissions": null
}