{
  "dataset_revision": "6c6430d3a6d36f8d2a829195bc5dc94d7e063e53",
  "task_name": "CQADupstackUnixRetrieval",
  "mteb_version": "1.36.29",
  "scores": {
    "test": [
      {
        "ndcg_at_1": 0.27146,
        "ndcg_at_3": 0.31096,
        "ndcg_at_5": 0.33141,
        "ndcg_at_10": 0.35482,
        "ndcg_at_20": 0.37386,
        "ndcg_at_100": 0.40611,
        "ndcg_at_1000": 0.43179,
        "map_at_1": 0.23418,
        "map_at_3": 0.28438,
        "map_at_5": 0.29766,
        "map_at_10": 0.30815,
        "map_at_20": 0.31378,
        "map_at_100": 0.31874,
        "map_at_1000": 0.3198,
        "recall_at_1": 0.23418,
        "recall_at_3": 0.3381,
        "recall_at_5": 0.39049,
        "recall_at_10": 0.46016,
        "recall_at_20": 0.52932,
        "recall_at_100": 0.68778,
        "recall_at_1000": 0.86931,
        "precision_at_1": 0.27146,
        "precision_at_3": 0.13961,
        "precision_at_5": 0.09832,
        "precision_at_10": 0.05914,
        "precision_at_20": 0.0347,
        "precision_at_100": 0.00956,
        "precision_at_1000": 0.00129,
        "mrr_at_1": 0.271455,
        "mrr_at_3": 0.323694,
        "mrr_at_5": 0.336427,
        "mrr_at_10": 0.346017,
        "mrr_at_20": 0.351104,
        "mrr_at_100": 0.354864,
        "mrr_at_1000": 0.35554,
        "nauc_ndcg_at_1_max": 0.414295,
        "nauc_ndcg_at_1_std": 0.003367,
        "nauc_ndcg_at_1_diff1": 0.541885,
        "nauc_ndcg_at_3_max": 0.410253,
        "nauc_ndcg_at_3_std": 0.037517,
        "nauc_ndcg_at_3_diff1": 0.486025,
        "nauc_ndcg_at_5_max": 0.408239,
        "nauc_ndcg_at_5_std": 0.041977,
        "nauc_ndcg_at_5_diff1": 0.470862,
        "nauc_ndcg_at_10_max": 0.405826,
        "nauc_ndcg_at_10_std": 0.055788,
        "nauc_ndcg_at_10_diff1": 0.45937,
        "nauc_ndcg_at_20_max": 0.393772,
        "nauc_ndcg_at_20_std": 0.053554,
        "nauc_ndcg_at_20_diff1": 0.450594,
        "nauc_ndcg_at_100_max": 0.404778,
        "nauc_ndcg_at_100_std": 0.06523,
        "nauc_ndcg_at_100_diff1": 0.457529,
        "nauc_ndcg_at_1000_max": 0.410045,
        "nauc_ndcg_at_1000_std": 0.071664,
        "nauc_ndcg_at_1000_diff1": 0.459829,
        "nauc_map_at_1_max": 0.418863,
        "nauc_map_at_1_std": 0.009267,
        "nauc_map_at_1_diff1": 0.563255,
        "nauc_map_at_3_max": 0.413329,
        "nauc_map_at_3_std": 0.033612,
        "nauc_map_at_3_diff1": 0.509767,
        "nauc_map_at_5_max": 0.413911,
        "nauc_map_at_5_std": 0.036712,
        "nauc_map_at_5_diff1": 0.500298,
        "nauc_map_at_10_max": 0.412436,
        "nauc_map_at_10_std": 0.042538,
        "nauc_map_at_10_diff1": 0.494782,
        "nauc_map_at_20_max": 0.409217,
        "nauc_map_at_20_std": 0.041586,
        "nauc_map_at_20_diff1": 0.492006,
        "nauc_map_at_100_max": 0.410725,
        "nauc_map_at_100_std": 0.043424,
        "nauc_map_at_100_diff1": 0.492461,
        "nauc_map_at_1000_max": 0.411061,
        "nauc_map_at_1000_std": 0.043978,
        "nauc_map_at_1000_diff1": 0.492432,
        "nauc_recall_at_1_max": 0.418863,
        "nauc_recall_at_1_std": 0.009267,
        "nauc_recall_at_1_diff1": 0.563255,
        "nauc_recall_at_3_max": 0.39076,
        "nauc_recall_at_3_std": 0.054761,
        "nauc_recall_at_3_diff1": 0.445167,
        "nauc_recall_at_5_max": 0.38382,
        "nauc_recall_at_5_std": 0.065311,
        "nauc_recall_at_5_diff1": 0.406063,
        "nauc_recall_at_10_max": 0.368834,
        "nauc_recall_at_10_std": 0.099349,
        "nauc_recall_at_10_diff1": 0.369444,
        "nauc_recall_at_20_max": 0.316686,
        "nauc_recall_at_20_std": 0.09238,
        "nauc_recall_at_20_diff1": 0.329439,
        "nauc_recall_at_100_max": 0.356027,
        "nauc_recall_at_100_std": 0.174663,
        "nauc_recall_at_100_diff1": 0.346739,
        "nauc_recall_at_1000_max": 0.412102,
        "nauc_recall_at_1000_std": 0.389165,
        "nauc_recall_at_1000_diff1": 0.327559,
        "nauc_precision_at_1_max": 0.414295,
        "nauc_precision_at_1_std": 0.003367,
        "nauc_precision_at_1_diff1": 0.541885,
        "nauc_precision_at_3_max": 0.376889,
        "nauc_precision_at_3_std": 0.052235,
        "nauc_precision_at_3_diff1": 0.370589,
        "nauc_precision_at_5_max": 0.359521,
        "nauc_precision_at_5_std": 0.059388,
        "nauc_precision_at_5_diff1": 0.306904,
        "nauc_precision_at_10_max": 0.321792,
        "nauc_precision_at_10_std": 0.094765,
        "nauc_precision_at_10_diff1": 0.231117,
        "nauc_precision_at_20_max": 0.247658,
        "nauc_precision_at_20_std": 0.080031,
        "nauc_precision_at_20_diff1": 0.159352,
        "nauc_precision_at_100_max": 0.191364,
        "nauc_precision_at_100_std": 0.102314,
        "nauc_precision_at_100_diff1": 0.047716,
        "nauc_precision_at_1000_max": 0.051102,
        "nauc_precision_at_1000_std": 0.063827,
        "nauc_precision_at_1000_diff1": -0.102551,
        "nauc_mrr_at_1_max": 0.414295,
        "nauc_mrr_at_1_std": 0.003367,
        "nauc_mrr_at_1_diff1": 0.541885,
        "nauc_mrr_at_3_max": 0.408521,
        "nauc_mrr_at_3_std": 0.02506,
        "nauc_mrr_at_3_diff1": 0.481368,
        "nauc_mrr_at_5_max": 0.407766,
        "nauc_mrr_at_5_std": 0.026685,
        "nauc_mrr_at_5_diff1": 0.471559,
        "nauc_mrr_at_10_max": 0.406673,
        "nauc_mrr_at_10_std": 0.031536,
        "nauc_mrr_at_10_diff1": 0.466713,
        "nauc_mrr_at_20_max": 0.403614,
        "nauc_mrr_at_20_std": 0.031058,
        "nauc_mrr_at_20_diff1": 0.465283,
        "nauc_mrr_at_100_max": 0.405506,
        "nauc_mrr_at_100_std": 0.032178,
        "nauc_mrr_at_100_diff1": 0.467489,
        "nauc_mrr_at_1000_max": 0.405591,
        "nauc_mrr_at_1000_std": 0.032358,
        "nauc_mrr_at_1000_diff1": 0.467597,
        "main_score": 0.35482,
        "hf_subset": "default",
        "languages": [
          "eng-Latn"
        ]
      }
    ]
  },
  "evaluation_time": 148.5877606868744,
  "kg_co2_emissions": null
}