{
  "dataset_revision": "080c9ed6267b65029207906e815d44a9240bafca",
  "task_name": "FEVERHardNegatives",
  "mteb_version": "1.36.29",
  "scores": {
    "test": [
      {
        "ndcg_at_1": 0.759,
        "ndcg_at_3": 0.8389,
        "ndcg_at_5": 0.85435,
        "ndcg_at_10": 0.8612,
        "ndcg_at_20": 0.86596,
        "ndcg_at_100": 0.86979,
        "ndcg_at_1000": 0.87126,
        "map_at_1": 0.7203,
        "map_at_3": 0.80697,
        "map_at_5": 0.81747,
        "map_at_10": 0.82109,
        "map_at_20": 0.82296,
        "map_at_100": 0.82378,
        "map_at_1000": 0.82389,
        "recall_at_1": 0.7203,
        "recall_at_3": 0.8936,
        "recall_at_5": 0.9328,
        "recall_at_10": 0.95292,
        "recall_at_20": 0.96868,
        "recall_at_100": 0.98475,
        "recall_at_1000": 0.99318,
        "precision_at_1": 0.759,
        "precision_at_3": 0.32167,
        "precision_at_5": 0.2032,
        "precision_at_10": 0.1047,
        "precision_at_20": 0.05405,
        "precision_at_100": 0.01121,
        "precision_at_1000": 0.00115,
        "mrr_at_1": 0.759,
        "mrr_at_3": 0.8385,
        "mrr_at_5": 0.84705,
        "mrr_at_10": 0.849099,
        "mrr_at_20": 0.849698,
        "mrr_at_100": 0.849899,
        "mrr_at_1000": 0.849906,
        "nauc_ndcg_at_1_max": 0.081604,
        "nauc_ndcg_at_1_std": -0.10619,
        "nauc_ndcg_at_1_diff1": 0.707227,
        "nauc_ndcg_at_3_max": 0.212348,
        "nauc_ndcg_at_3_std": -0.073251,
        "nauc_ndcg_at_3_diff1": 0.658089,
        "nauc_ndcg_at_5_max": 0.207919,
        "nauc_ndcg_at_5_std": -0.076271,
        "nauc_ndcg_at_5_diff1": 0.652725,
        "nauc_ndcg_at_10_max": 0.189638,
        "nauc_ndcg_at_10_std": -0.072178,
        "nauc_ndcg_at_10_diff1": 0.652503,
        "nauc_ndcg_at_20_max": 0.19405,
        "nauc_ndcg_at_20_std": -0.066938,
        "nauc_ndcg_at_20_diff1": 0.65345,
        "nauc_ndcg_at_100_max": 0.186247,
        "nauc_ndcg_at_100_std": -0.065338,
        "nauc_ndcg_at_100_diff1": 0.66262,
        "nauc_ndcg_at_1000_max": 0.182918,
        "nauc_ndcg_at_1000_std": -0.067491,
        "nauc_ndcg_at_1000_diff1": 0.662905,
        "nauc_map_at_1_max": 0.085629,
        "nauc_map_at_1_std": -0.110991,
        "nauc_map_at_1_diff1": 0.657364,
        "nauc_map_at_3_max": 0.184195,
        "nauc_map_at_3_std": -0.079276,
        "nauc_map_at_3_diff1": 0.655559,
        "nauc_map_at_5_max": 0.180134,
        "nauc_map_at_5_std": -0.08186,
        "nauc_map_at_5_diff1": 0.656269,
        "nauc_map_at_10_max": 0.173075,
        "nauc_map_at_10_std": -0.079194,
        "nauc_map_at_10_diff1": 0.655793,
        "nauc_map_at_20_max": 0.175699,
        "nauc_map_at_20_std": -0.076906,
        "nauc_map_at_20_diff1": 0.656278,
        "nauc_map_at_100_max": 0.174338,
        "nauc_map_at_100_std": -0.077127,
        "nauc_map_at_100_diff1": 0.657785,
        "nauc_map_at_1000_max": 0.174224,
        "nauc_map_at_1000_std": -0.07702,
        "nauc_map_at_1000_diff1": 0.657834,
        "nauc_recall_at_1_max": 0.085629,
        "nauc_recall_at_1_std": -0.110991,
        "nauc_recall_at_1_diff1": 0.657364,
        "nauc_recall_at_3_max": 0.358139,
        "nauc_recall_at_3_std": -0.042894,
        "nauc_recall_at_3_diff1": 0.589342,
        "nauc_recall_at_5_max": 0.420555,
        "nauc_recall_at_5_std": -0.03644,
        "nauc_recall_at_5_diff1": 0.516327,
        "nauc_recall_at_10_max": 0.372402,
        "nauc_recall_at_10_std": 0.00526,
        "nauc_recall_at_10_diff1": 0.477998,
        "nauc_recall_at_20_max": 0.509252,
        "nauc_recall_at_20_std": 0.103948,
        "nauc_recall_at_20_diff1": 0.422021,
        "nauc_recall_at_100_max": 0.614312,
        "nauc_recall_at_100_std": 0.368837,
        "nauc_recall_at_100_diff1": 0.519904,
        "nauc_recall_at_1000_max": 0.826101,
        "nauc_recall_at_1000_std": 0.589739,
        "nauc_recall_at_1000_diff1": 0.401445,
        "nauc_precision_at_1_max": 0.081604,
        "nauc_precision_at_1_std": -0.10619,
        "nauc_precision_at_1_diff1": 0.707227,
        "nauc_precision_at_3_max": 0.27033,
        "nauc_precision_at_3_std": 0.049655,
        "nauc_precision_at_3_diff1": 0.302645,
        "nauc_precision_at_5_max": 0.193122,
        "nauc_precision_at_5_std": 0.08183,
        "nauc_precision_at_5_diff1": 0.068974,
        "nauc_precision_at_10_max": 0.053546,
        "nauc_precision_at_10_std": 0.113962,
        "nauc_precision_at_10_diff1": -0.087597,
        "nauc_precision_at_20_max": 0.039291,
        "nauc_precision_at_20_std": 0.140704,
        "nauc_precision_at_20_diff1": -0.195321,
        "nauc_precision_at_100_max": -0.039859,
        "nauc_precision_at_100_std": 0.132955,
        "nauc_precision_at_100_diff1": -0.218349,
        "nauc_precision_at_1000_max": -0.077957,
        "nauc_precision_at_1000_std": 0.111977,
        "nauc_precision_at_1000_diff1": -0.245763,
        "nauc_mrr_at_1_max": 0.081604,
        "nauc_mrr_at_1_std": -0.10619,
        "nauc_mrr_at_1_diff1": 0.707227,
        "nauc_mrr_at_3_max": 0.156443,
        "nauc_mrr_at_3_std": -0.091326,
        "nauc_mrr_at_3_diff1": 0.694549,
        "nauc_mrr_at_5_max": 0.149162,
        "nauc_mrr_at_5_std": -0.094219,
        "nauc_mrr_at_5_diff1": 0.692564,
        "nauc_mrr_at_10_max": 0.143034,
        "nauc_mrr_at_10_std": -0.093498,
        "nauc_mrr_at_10_diff1": 0.693128,
        "nauc_mrr_at_20_max": 0.142368,
        "nauc_mrr_at_20_std": -0.092409,
        "nauc_mrr_at_20_diff1": 0.693566,
        "nauc_mrr_at_100_max": 0.141612,
        "nauc_mrr_at_100_std": -0.092696,
        "nauc_mrr_at_100_diff1": 0.694216,
        "nauc_mrr_at_1000_max": 0.141611,
        "nauc_mrr_at_1000_std": -0.092724,
        "nauc_mrr_at_1000_diff1": 0.694201,
        "main_score": 0.8612,
        "hf_subset": "default",
        "languages": [
          "eng-Latn"
        ]
      }
    ]
  },
  "evaluation_time": 297.92031025886536,
  "kg_co2_emissions": null
}