{
  "dataset_revision": "617612fa63afcb60e3b134bed8b7216a99707c37",
  "task_name": "HotpotQAHardNegatives",
  "mteb_version": "1.36.29",
  "scores": {
    "test": [
      {
        "ndcg_at_1": 0.788,
        "ndcg_at_3": 0.69242,
        "ndcg_at_5": 0.72187,
        "ndcg_at_10": 0.74716,
        "ndcg_at_20": 0.76284,
        "ndcg_at_100": 0.7806,
        "ndcg_at_1000": 0.78955,
        "map_at_1": 0.394,
        "map_at_3": 0.63492,
        "map_at_5": 0.65882,
        "map_at_10": 0.6736,
        "map_at_20": 0.67998,
        "map_at_100": 0.68368,
        "map_at_1000": 0.68422,
        "recall_at_1": 0.394,
        "recall_at_3": 0.6765,
        "recall_at_5": 0.7345,
        "recall_at_10": 0.798,
        "recall_at_20": 0.848,
        "recall_at_100": 0.925,
        "recall_at_1000": 0.9825,
        "precision_at_1": 0.788,
        "precision_at_3": 0.451,
        "precision_at_5": 0.2938,
        "precision_at_10": 0.1596,
        "precision_at_20": 0.0848,
        "precision_at_100": 0.0185,
        "precision_at_1000": 0.00196,
        "mrr_at_1": 0.788,
        "mrr_at_3": 0.8325,
        "mrr_at_5": 0.8383,
        "mrr_at_10": 0.842994,
        "mrr_at_20": 0.844583,
        "mrr_at_100": 0.845415,
        "mrr_at_1000": 0.845445,
        "nauc_ndcg_at_1_max": 0.254342,
        "nauc_ndcg_at_1_std": -0.058389,
        "nauc_ndcg_at_1_diff1": 0.605264,
        "nauc_ndcg_at_3_max": 0.07502,
        "nauc_ndcg_at_3_std": -0.104561,
        "nauc_ndcg_at_3_diff1": 0.264434,
        "nauc_ndcg_at_5_max": 0.075794,
        "nauc_ndcg_at_5_std": -0.08471,
        "nauc_ndcg_at_5_diff1": 0.269233,
        "nauc_ndcg_at_10_max": 0.079749,
        "nauc_ndcg_at_10_std": -0.067078,
        "nauc_ndcg_at_10_diff1": 0.271952,
        "nauc_ndcg_at_20_max": 0.08716,
        "nauc_ndcg_at_20_std": -0.053183,
        "nauc_ndcg_at_20_diff1": 0.276323,
        "nauc_ndcg_at_100_max": 0.08727,
        "nauc_ndcg_at_100_std": -0.042737,
        "nauc_ndcg_at_100_diff1": 0.279726,
        "nauc_ndcg_at_1000_max": 0.096863,
        "nauc_ndcg_at_1000_std": -0.051201,
        "nauc_ndcg_at_1000_diff1": 0.293189,
        "nauc_map_at_1_max": 0.254342,
        "nauc_map_at_1_std": -0.058389,
        "nauc_map_at_1_diff1": 0.605264,
        "nauc_map_at_3_max": 0.038578,
        "nauc_map_at_3_std": -0.105906,
        "nauc_map_at_3_diff1": 0.211647,
        "nauc_map_at_5_max": 0.040057,
        "nauc_map_at_5_std": -0.089588,
        "nauc_map_at_5_diff1": 0.214239,
        "nauc_map_at_10_max": 0.044536,
        "nauc_map_at_10_std": -0.079153,
        "nauc_map_at_10_diff1": 0.219286,
        "nauc_map_at_20_max": 0.046823,
        "nauc_map_at_20_std": -0.075774,
        "nauc_map_at_20_diff1": 0.22164,
        "nauc_map_at_100_max": 0.046465,
        "nauc_map_at_100_std": -0.074351,
        "nauc_map_at_100_diff1": 0.221894,
        "nauc_map_at_1000_max": 0.046937,
        "nauc_map_at_1000_std": -0.074501,
        "nauc_map_at_1000_diff1": 0.222477,
        "nauc_recall_at_1_max": 0.254342,
        "nauc_recall_at_1_std": -0.058389,
        "nauc_recall_at_1_diff1": 0.605264,
        "nauc_recall_at_3_max": 0.035854,
        "nauc_recall_at_3_std": -0.107781,
        "nauc_recall_at_3_diff1": 0.174558,
        "nauc_recall_at_5_max": 0.032267,
        "nauc_recall_at_5_std": -0.068102,
        "nauc_recall_at_5_diff1": 0.171078,
        "nauc_recall_at_10_max": 0.031167,
        "nauc_recall_at_10_std": -0.014903,
        "nauc_recall_at_10_diff1": 0.151726,
        "nauc_recall_at_20_max": 0.047832,
        "nauc_recall_at_20_std": 0.060731,
        "nauc_recall_at_20_diff1": 0.131934,
        "nauc_recall_at_100_max": 0.020998,
        "nauc_recall_at_100_std": 0.26794,
        "nauc_recall_at_100_diff1": 0.044717,
        "nauc_recall_at_1000_max": 0.382513,
        "nauc_recall_at_1000_std": 0.626397,
        "nauc_recall_at_1000_diff1": 0.196252,
        "nauc_precision_at_1_max": 0.254342,
        "nauc_precision_at_1_std": -0.058389,
        "nauc_precision_at_1_diff1": 0.605264,
        "nauc_precision_at_3_max": 0.035854,
        "nauc_precision_at_3_std": -0.107781,
        "nauc_precision_at_3_diff1": 0.174558,
        "nauc_precision_at_5_max": 0.032267,
        "nauc_precision_at_5_std": -0.068102,
        "nauc_precision_at_5_diff1": 0.171078,
        "nauc_precision_at_10_max": 0.031167,
        "nauc_precision_at_10_std": -0.014903,
        "nauc_precision_at_10_diff1": 0.151726,
        "nauc_precision_at_20_max": 0.047832,
        "nauc_precision_at_20_std": 0.060731,
        "nauc_precision_at_20_diff1": 0.131934,
        "nauc_precision_at_100_max": 0.020998,
        "nauc_precision_at_100_std": 0.26794,
        "nauc_precision_at_100_diff1": 0.044717,
        "nauc_precision_at_1000_max": 0.382513,
        "nauc_precision_at_1000_std": 0.626397,
        "nauc_precision_at_1000_diff1": 0.196252,
        "nauc_mrr_at_1_max": 0.254342,
        "nauc_mrr_at_1_std": -0.058389,
        "nauc_mrr_at_1_diff1": 0.605264,
        "nauc_mrr_at_3_max": 0.272783,
        "nauc_mrr_at_3_std": -0.086962,
        "nauc_mrr_at_3_diff1": 0.610348,
        "nauc_mrr_at_5_max": 0.272813,
        "nauc_mrr_at_5_std": -0.088826,
        "nauc_mrr_at_5_diff1": 0.621451,
        "nauc_mrr_at_10_max": 0.269133,
        "nauc_mrr_at_10_std": -0.089465,
        "nauc_mrr_at_10_diff1": 0.61663,
        "nauc_mrr_at_20_max": 0.27066,
        "nauc_mrr_at_20_std": -0.085722,
        "nauc_mrr_at_20_diff1": 0.615275,
        "nauc_mrr_at_100_max": 0.270637,
        "nauc_mrr_at_100_std": -0.085603,
        "nauc_mrr_at_100_diff1": 0.615691,
        "nauc_mrr_at_1000_max": 0.270513,
        "nauc_mrr_at_1000_std": -0.085748,
        "nauc_mrr_at_1000_diff1": 0.615643,
        "main_score": 0.74716,
        "hf_subset": "default",
        "languages": [
          "eng-Latn"
        ]
      }
    ]
  },
  "evaluation_time": 267.1988699436188,
  "kg_co2_emissions": null
}