{
  "dataset_revision": "70970daeab8776df92f5ea462b6173c0b46fd2d1",
  "task_name": "TwitterSemEval2015",
  "mteb_version": "1.36.29",
  "scores": {
    "test": [
      {
        "similarity_accuracy": 0.865351,
        "similarity_accuracy_threshold": 0.849183,
        "similarity_f1": 0.695363,
        "similarity_f1_threshold": 0.818963,
        "similarity_precision": 0.6329,
        "similarity_recall": 0.771504,
        "similarity_ap": 0.752717,
        "cosine_accuracy": 0.865351,
        "cosine_accuracy_threshold": 0.849183,
        "cosine_f1": 0.695363,
        "cosine_f1_threshold": 0.818963,
        "cosine_precision": 0.6329,
        "cosine_recall": 0.771504,
        "cosine_ap": 0.752717,
        "manhattan_accuracy": 0.869166,
        "manhattan_accuracy_threshold": 263.193848,
        "manhattan_f1": 0.701352,
        "manhattan_f1_threshold": 275.585632,
        "manhattan_precision": 0.678677,
        "manhattan_recall": 0.725594,
        "manhattan_ap": 0.758123,
        "euclidean_accuracy": 0.868212,
        "euclidean_accuracy_threshold": 11.925631,
        "euclidean_f1": 0.701908,
        "euclidean_f1_threshold": 12.254691,
        "euclidean_precision": 0.704896,
        "euclidean_recall": 0.698945,
        "euclidean_ap": 0.758266,
        "dot_accuracy": 0.815044,
        "dot_accuracy_threshold": 394.15863,
        "dot_f1": 0.574184,
        "dot_f1_threshold": 369.596436,
        "dot_precision": 0.491004,
        "dot_recall": 0.691293,
        "dot_ap": 0.590463,
        "max_accuracy": 0.869166,
        "max_f1": 0.701908,
        "max_precision": 0.704896,
        "max_recall": 0.771504,
        "max_ap": 0.758266,
        "main_score": 0.758266,
        "hf_subset": "default",
        "languages": [
          "eng-Latn"
        ]
      }
    ]
  },
  "evaluation_time": 15.403850078582764,
  "kg_co2_emissions": null
}