{
  "dataset_revision": "f33a205966ce032f957c3a22f4f9e378f89a2c56",
  "task_name": "PubChemAISentenceParaphrasePC",
  "mteb_version": "1.36.29",
  "scores": {
    "test": [
      {
        "similarity_accuracy": 0.983887,
        "similarity_accuracy_threshold": 0.802527,
        "similarity_f1": 0.918114,
        "similarity_f1_threshold": 0.800072,
        "similarity_precision": 0.934343,
        "similarity_recall": 0.902439,
        "similarity_ap": 0.947731,
        "cosine_accuracy": 0.983887,
        "cosine_accuracy_threshold": 0.802527,
        "cosine_f1": 0.918114,
        "cosine_f1_threshold": 0.800072,
        "cosine_precision": 0.934343,
        "cosine_recall": 0.902439,
        "cosine_ap": 0.947731,
        "manhattan_accuracy": 0.983887,
        "manhattan_accuracy_threshold": 229.787674,
        "manhattan_f1": 0.915601,
        "manhattan_f1_threshold": 230.995483,
        "manhattan_precision": 0.962366,
        "manhattan_recall": 0.873171,
        "manhattan_ap": 0.927061,
        "euclidean_accuracy": 0.983887,
        "euclidean_accuracy_threshold": 10.340831,
        "euclidean_f1": 0.916031,
        "euclidean_f1_threshold": 10.519447,
        "euclidean_precision": 0.957447,
        "euclidean_recall": 0.878049,
        "euclidean_ap": 0.927154,
        "dot_accuracy": 0.939453,
        "dot_accuracy_threshold": 256.307129,
        "dot_f1": 0.671296,
        "dot_f1_threshold": 231.535065,
        "dot_precision": 0.638767,
        "dot_recall": 0.707317,
        "dot_ap": 0.718787,
        "max_accuracy": 0.983887,
        "max_f1": 0.918114,
        "max_precision": 0.962366,
        "max_recall": 0.902439,
        "max_ap": 0.947731,
        "main_score": 0.947731,
        "hf_subset": "default",
        "languages": [
          "eng-Latn"
        ]
      }
    ]
  },
  "evaluation_time": 3.3746070861816406,
  "kg_co2_emissions": null
}