{
  "dataset_revision": "70970daeab8776df92f5ea462b6173c0b46fd2d1",
  "task_name": "TwitterSemEval2015",
  "mteb_version": "1.36.29",
  "scores": {
    "test": [
      {
        "similarity_accuracy": 0.86398,
        "similarity_accuracy_threshold": 0.773352,
        "similarity_f1": 0.696032,
        "similarity_f1_threshold": 0.760235,
        "similarity_precision": 0.678009,
        "similarity_recall": 0.71504,
        "similarity_ap": 0.753773,
        "cosine_accuracy": 0.86398,
        "cosine_accuracy_threshold": 0.773352,
        "cosine_f1": 0.696032,
        "cosine_f1_threshold": 0.760235,
        "cosine_precision": 0.678009,
        "cosine_recall": 0.71504,
        "cosine_ap": 0.753773,
        "manhattan_accuracy": 0.868451,
        "manhattan_accuracy_threshold": 295.155212,
        "manhattan_f1": 0.70531,
        "manhattan_f1_threshold": 315.42688,
        "manhattan_precision": 0.668478,
        "manhattan_recall": 0.746438,
        "manhattan_ap": 0.760628,
        "euclidean_accuracy": 0.86857,
        "euclidean_accuracy_threshold": 13.573988,
        "euclidean_f1": 0.705941,
        "euclidean_f1_threshold": 14.240455,
        "euclidean_precision": 0.672397,
        "euclidean_recall": 0.743008,
        "euclidean_ap": 0.760738,
        "dot_accuracy": 0.821124,
        "dot_accuracy_threshold": 334.10614,
        "dot_f1": 0.591597,
        "dot_f1_threshold": 308.375427,
        "dot_precision": 0.51718,
        "dot_recall": 0.691029,
        "dot_ap": 0.613278,
        "max_accuracy": 0.86857,
        "max_f1": 0.705941,
        "max_precision": 0.678009,
        "max_recall": 0.746438,
        "max_ap": 0.760738,
        "main_score": 0.760738,
        "hf_subset": "default",
        "languages": [
          "eng-Latn"
        ]
      }
    ]
  },
  "evaluation_time": 15.573981285095215,
  "kg_co2_emissions": null
}