{
  "dataset_revision": "5037d69d177c9628fb79cb57eea1299178b28c1b",
  "task_name": "PubChemSynonymPC",
  "mteb_version": "1.36.29",
  "scores": {
    "test": [
      {
        "similarity_accuracy": 0.94873,
        "similarity_accuracy_threshold": 0.727298,
        "similarity_f1": 0.676558,
        "similarity_f1_threshold": 0.671223,
        "similarity_precision": 0.857143,
        "similarity_recall": 0.558824,
        "similarity_ap": 0.668714,
        "cosine_accuracy": 0.94873,
        "cosine_accuracy_threshold": 0.727298,
        "cosine_f1": 0.676558,
        "cosine_f1_threshold": 0.671223,
        "cosine_precision": 0.857143,
        "cosine_recall": 0.558824,
        "cosine_ap": 0.668714,
        "manhattan_accuracy": 0.947754,
        "manhattan_accuracy_threshold": 322.396179,
        "manhattan_f1": 0.658385,
        "manhattan_f1_threshold": 334.994324,
        "manhattan_precision": 0.898305,
        "manhattan_recall": 0.519608,
        "manhattan_ap": 0.628554,
        "euclidean_accuracy": 0.947754,
        "euclidean_accuracy_threshold": 14.602736,
        "euclidean_f1": 0.651613,
        "euclidean_f1_threshold": 14.769554,
        "euclidean_precision": 0.95283,
        "euclidean_recall": 0.495098,
        "euclidean_ap": 0.627593,
        "dot_accuracy": 0.941406,
        "dot_accuracy_threshold": 300.830933,
        "dot_f1": 0.623145,
        "dot_f1_threshold": 287.732117,
        "dot_precision": 0.789474,
        "dot_recall": 0.514706,
        "dot_ap": 0.618465,
        "max_accuracy": 0.94873,
        "max_f1": 0.676558,
        "max_precision": 0.95283,
        "max_recall": 0.558824,
        "max_ap": 0.668714,
        "main_score": 0.668714,
        "hf_subset": "default",
        "languages": [
          "eng-Latn"
        ]
      }
    ]
  },
  "evaluation_time": 3.626995801925659,
  "kg_co2_emissions": null
}