{
  "dataset_revision": "8fae72a2c75530aaaac6920a02622490d923ca98",
  "task_name": "ChemRxivRetrieval",
  "mteb_version": "1.36.29",
  "scores": {
    "test": [
      {
        "ndcg_at_1": 0.8096,
        "ndcg_at_3": 0.87962,
        "ndcg_at_5": 0.88981,
        "ndcg_at_10": 0.89608,
        "ndcg_at_20": 0.89918,
        "ndcg_at_100": 0.90119,
        "ndcg_at_1000": 0.90193,
        "map_at_1": 0.8096,
        "map_at_3": 0.86297,
        "map_at_5": 0.86865,
        "map_at_10": 0.87127,
        "map_at_20": 0.87214,
        "map_at_100": 0.87245,
        "map_at_1000": 0.87248,
        "recall_at_1": 0.8096,
        "recall_at_3": 0.9276,
        "recall_at_5": 0.9522,
        "recall_at_10": 0.9714,
        "recall_at_20": 0.9836,
        "recall_at_100": 0.994,
        "recall_at_1000": 0.9996,
        "precision_at_1": 0.8096,
        "precision_at_3": 0.3092,
        "precision_at_5": 0.19044,
        "precision_at_10": 0.09714,
        "precision_at_20": 0.04918,
        "precision_at_100": 0.00994,
        "precision_at_1000": 0.001,
        "mrr_at_1": 0.8088,
        "mrr_at_3": 0.8626,
        "mrr_at_5": 0.86828,
        "mrr_at_10": 0.870908,
        "mrr_at_20": 0.871769,
        "mrr_at_100": 0.87208,
        "mrr_at_1000": 0.872111,
        "nauc_ndcg_at_1_max": 0.507081,
        "nauc_ndcg_at_1_std": -0.235503,
        "nauc_ndcg_at_1_diff1": 0.8223,
        "nauc_ndcg_at_3_max": 0.568974,
        "nauc_ndcg_at_3_std": -0.252841,
        "nauc_ndcg_at_3_diff1": 0.804759,
        "nauc_ndcg_at_5_max": 0.573189,
        "nauc_ndcg_at_5_std": -0.229662,
        "nauc_ndcg_at_5_diff1": 0.807031,
        "nauc_ndcg_at_10_max": 0.56706,
        "nauc_ndcg_at_10_std": -0.234181,
        "nauc_ndcg_at_10_diff1": 0.809919,
        "nauc_ndcg_at_20_max": 0.562271,
        "nauc_ndcg_at_20_std": -0.231988,
        "nauc_ndcg_at_20_diff1": 0.810337,
        "nauc_ndcg_at_100_max": 0.556442,
        "nauc_ndcg_at_100_std": -0.232969,
        "nauc_ndcg_at_100_diff1": 0.810037,
        "nauc_ndcg_at_1000_max": 0.553844,
        "nauc_ndcg_at_1000_std": -0.235283,
        "nauc_ndcg_at_1000_diff1": 0.810654,
        "nauc_map_at_1_max": 0.507081,
        "nauc_map_at_1_std": -0.235503,
        "nauc_map_at_1_diff1": 0.8223,
        "nauc_map_at_3_max": 0.54922,
        "nauc_map_at_3_std": -0.247559,
        "nauc_map_at_3_diff1": 0.809289,
        "nauc_map_at_5_max": 0.550401,
        "nauc_map_at_5_std": -0.236279,
        "nauc_map_at_5_diff1": 0.810704,
        "nauc_map_at_10_max": 0.547685,
        "nauc_map_at_10_std": -0.238318,
        "nauc_map_at_10_diff1": 0.811707,
        "nauc_map_at_20_max": 0.546541,
        "nauc_map_at_20_std": -0.237707,
        "nauc_map_at_20_diff1": 0.811806,
        "nauc_map_at_100_max": 0.545859,
        "nauc_map_at_100_std": -0.237647,
        "nauc_map_at_100_diff1": 0.811803,
        "nauc_map_at_1000_max": 0.545775,
        "nauc_map_at_1000_std": -0.237686,
        "nauc_map_at_1000_diff1": 0.811821,
        "nauc_recall_at_1_max": 0.507081,
        "nauc_recall_at_1_std": -0.235503,
        "nauc_recall_at_1_diff1": 0.8223,
        "nauc_recall_at_3_max": 0.671672,
        "nauc_recall_at_3_std": -0.280111,
        "nauc_recall_at_3_diff1": 0.782036,
        "nauc_recall_at_5_max": 0.746034,
        "nauc_recall_at_5_std": -0.17171,
        "nauc_recall_at_5_diff1": 0.780948,
        "nauc_recall_at_10_max": 0.800118,
        "nauc_recall_at_10_std": -0.17271,
        "nauc_recall_at_10_diff1": 0.795397,
        "nauc_recall_at_20_max": 0.860212,
        "nauc_recall_at_20_std": -0.085354,
        "nauc_recall_at_20_diff1": 0.794579,
        "nauc_recall_at_100_max": 0.887488,
        "nauc_recall_at_100_std": 0.03976,
        "nauc_recall_at_100_diff1": 0.733613,
        "nauc_recall_at_1000_max": 0.861111,
        "nauc_recall_at_1000_std": -0.80859,
        "nauc_recall_at_1000_diff1": 0.795752,
        "nauc_precision_at_1_max": 0.507081,
        "nauc_precision_at_1_std": -0.235503,
        "nauc_precision_at_1_diff1": 0.8223,
        "nauc_precision_at_3_max": 0.671672,
        "nauc_precision_at_3_std": -0.280111,
        "nauc_precision_at_3_diff1": 0.782036,
        "nauc_precision_at_5_max": 0.746034,
        "nauc_precision_at_5_std": -0.17171,
        "nauc_precision_at_5_diff1": 0.780948,
        "nauc_precision_at_10_max": 0.800118,
        "nauc_precision_at_10_std": -0.17271,
        "nauc_precision_at_10_diff1": 0.795397,
        "nauc_precision_at_20_max": 0.860212,
        "nauc_precision_at_20_std": -0.085354,
        "nauc_precision_at_20_diff1": 0.794579,
        "nauc_precision_at_100_max": 0.887488,
        "nauc_precision_at_100_std": 0.03976,
        "nauc_precision_at_100_diff1": 0.733613,
        "nauc_precision_at_1000_max": 0.861111,
        "nauc_precision_at_1000_std": -0.80859,
        "nauc_precision_at_1000_diff1": 0.795752,
        "nauc_mrr_at_1_max": 0.504532,
        "nauc_mrr_at_1_std": -0.2388,
        "nauc_mrr_at_1_diff1": 0.823572,
        "nauc_mrr_at_3_max": 0.547235,
        "nauc_mrr_at_3_std": -0.249973,
        "nauc_mrr_at_3_diff1": 0.81015,
        "nauc_mrr_at_5_max": 0.548323,
        "nauc_mrr_at_5_std": -0.238832,
        "nauc_mrr_at_5_diff1": 0.8116,
        "nauc_mrr_at_10_max": 0.54557,
        "nauc_mrr_at_10_std": -0.240919,
        "nauc_mrr_at_10_diff1": 0.81262,
        "nauc_mrr_at_20_max": 0.544415,
        "nauc_mrr_at_20_std": -0.240329,
        "nauc_mrr_at_20_diff1": 0.812725,
        "nauc_mrr_at_100_max": 0.543728,
        "nauc_mrr_at_100_std": -0.240276,
        "nauc_mrr_at_100_diff1": 0.812725,
        "nauc_mrr_at_1000_max": 0.543644,
        "nauc_mrr_at_1000_std": -0.240315,
        "nauc_mrr_at_1000_diff1": 0.812743,
        "main_score": 0.89608,
        "hf_subset": "default",
        "languages": [
          "eng-Latn"
        ]
      }
    ]
  },
  "evaluation_time": 189.20640206336975,
  "kg_co2_emissions": null
}