{
  "dataset_revision": "6c6430d3a6d36f8d2a829195bc5dc94d7e063e53",
  "task_name": "CQADupstackUnixRetrieval",
  "mteb_version": "1.36.29",
  "scores": {
    "test": [
      {
        "ndcg_at_1": 0.27799,
        "ndcg_at_3": 0.30831,
        "ndcg_at_5": 0.32635,
        "ndcg_at_10": 0.3468,
        "ndcg_at_20": 0.36721,
        "ndcg_at_100": 0.39974,
        "ndcg_at_1000": 0.42665,
        "map_at_1": 0.23559,
        "map_at_3": 0.28238,
        "map_at_5": 0.2948,
        "map_at_10": 0.30422,
        "map_at_20": 0.31013,
        "map_at_100": 0.31528,
        "map_at_1000": 0.31635,
        "recall_at_1": 0.23559,
        "recall_at_3": 0.32998,
        "recall_at_5": 0.37692,
        "recall_at_10": 0.43652,
        "recall_at_20": 0.51158,
        "recall_at_100": 0.66887,
        "recall_at_1000": 0.86261,
        "precision_at_1": 0.27799,
        "precision_at_3": 0.13837,
        "precision_at_5": 0.09664,
        "precision_at_10": 0.05728,
        "precision_at_20": 0.03405,
        "precision_at_100": 0.00935,
        "precision_at_1000": 0.00128,
        "mrr_at_1": 0.277985,
        "mrr_at_3": 0.324627,
        "mrr_at_5": 0.336194,
        "mrr_at_10": 0.344769,
        "mrr_at_20": 0.350228,
        "mrr_at_100": 0.354242,
        "mrr_at_1000": 0.354968,
        "nauc_ndcg_at_1_max": 0.50536,
        "nauc_ndcg_at_1_std": 0.02809,
        "nauc_ndcg_at_1_diff1": 0.58402,
        "nauc_ndcg_at_3_max": 0.476631,
        "nauc_ndcg_at_3_std": 0.037884,
        "nauc_ndcg_at_3_diff1": 0.541403,
        "nauc_ndcg_at_5_max": 0.462383,
        "nauc_ndcg_at_5_std": 0.029324,
        "nauc_ndcg_at_5_diff1": 0.529153,
        "nauc_ndcg_at_10_max": 0.457884,
        "nauc_ndcg_at_10_std": 0.035095,
        "nauc_ndcg_at_10_diff1": 0.520269,
        "nauc_ndcg_at_20_max": 0.455414,
        "nauc_ndcg_at_20_std": 0.037812,
        "nauc_ndcg_at_20_diff1": 0.514504,
        "nauc_ndcg_at_100_max": 0.460283,
        "nauc_ndcg_at_100_std": 0.044723,
        "nauc_ndcg_at_100_diff1": 0.509736,
        "nauc_ndcg_at_1000_max": 0.469947,
        "nauc_ndcg_at_1000_std": 0.056756,
        "nauc_ndcg_at_1000_diff1": 0.512438,
        "nauc_map_at_1_max": 0.492386,
        "nauc_map_at_1_std": 0.025954,
        "nauc_map_at_1_diff1": 0.603675,
        "nauc_map_at_3_max": 0.479612,
        "nauc_map_at_3_std": 0.035241,
        "nauc_map_at_3_diff1": 0.561657,
        "nauc_map_at_5_max": 0.473386,
        "nauc_map_at_5_std": 0.031455,
        "nauc_map_at_5_diff1": 0.551302,
        "nauc_map_at_10_max": 0.471922,
        "nauc_map_at_10_std": 0.034785,
        "nauc_map_at_10_diff1": 0.546968,
        "nauc_map_at_20_max": 0.470857,
        "nauc_map_at_20_std": 0.035449,
        "nauc_map_at_20_diff1": 0.544634,
        "nauc_map_at_100_max": 0.471637,
        "nauc_map_at_100_std": 0.035952,
        "nauc_map_at_100_diff1": 0.543625,
        "nauc_map_at_1000_max": 0.472098,
        "nauc_map_at_1000_std": 0.036602,
        "nauc_map_at_1000_diff1": 0.543734,
        "nauc_recall_at_1_max": 0.492386,
        "nauc_recall_at_1_std": 0.025954,
        "nauc_recall_at_1_diff1": 0.603675,
        "nauc_recall_at_3_max": 0.438916,
        "nauc_recall_at_3_std": 0.036936,
        "nauc_recall_at_3_diff1": 0.506354,
        "nauc_recall_at_5_max": 0.408233,
        "nauc_recall_at_5_std": 0.02037,
        "nauc_recall_at_5_diff1": 0.470684,
        "nauc_recall_at_10_max": 0.388642,
        "nauc_recall_at_10_std": 0.035176,
        "nauc_recall_at_10_diff1": 0.435249,
        "nauc_recall_at_20_max": 0.370947,
        "nauc_recall_at_20_std": 0.043604,
        "nauc_recall_at_20_diff1": 0.409364,
        "nauc_recall_at_100_max": 0.373585,
        "nauc_recall_at_100_std": 0.090213,
        "nauc_recall_at_100_diff1": 0.361537,
        "nauc_recall_at_1000_max": 0.453749,
        "nauc_recall_at_1000_std": 0.324571,
        "nauc_recall_at_1000_diff1": 0.288592,
        "nauc_precision_at_1_max": 0.50536,
        "nauc_precision_at_1_std": 0.02809,
        "nauc_precision_at_1_diff1": 0.58402,
        "nauc_precision_at_3_max": 0.444494,
        "nauc_precision_at_3_std": 0.050838,
        "nauc_precision_at_3_diff1": 0.435345,
        "nauc_precision_at_5_max": 0.403358,
        "nauc_precision_at_5_std": 0.043648,
        "nauc_precision_at_5_diff1": 0.371304,
        "nauc_precision_at_10_max": 0.35687,
        "nauc_precision_at_10_std": 0.050428,
        "nauc_precision_at_10_diff1": 0.311439,
        "nauc_precision_at_20_max": 0.315061,
        "nauc_precision_at_20_std": 0.055458,
        "nauc_precision_at_20_diff1": 0.248716,
        "nauc_precision_at_100_max": 0.235498,
        "nauc_precision_at_100_std": 0.087943,
        "nauc_precision_at_100_diff1": 0.105269,
        "nauc_precision_at_1000_max": 0.116836,
        "nauc_precision_at_1000_std": 0.090134,
        "nauc_precision_at_1000_diff1": -0.042613,
        "nauc_mrr_at_1_max": 0.50536,
        "nauc_mrr_at_1_std": 0.02809,
        "nauc_mrr_at_1_diff1": 0.58402,
        "nauc_mrr_at_3_max": 0.484347,
        "nauc_mrr_at_3_std": 0.033158,
        "nauc_mrr_at_3_diff1": 0.541256,
        "nauc_mrr_at_5_max": 0.478677,
        "nauc_mrr_at_5_std": 0.030722,
        "nauc_mrr_at_5_diff1": 0.535055,
        "nauc_mrr_at_10_max": 0.475301,
        "nauc_mrr_at_10_std": 0.031312,
        "nauc_mrr_at_10_diff1": 0.531864,
        "nauc_mrr_at_20_max": 0.475864,
        "nauc_mrr_at_20_std": 0.03255,
        "nauc_mrr_at_20_diff1": 0.531245,
        "nauc_mrr_at_100_max": 0.475984,
        "nauc_mrr_at_100_std": 0.032303,
        "nauc_mrr_at_100_diff1": 0.530913,
        "nauc_mrr_at_1000_max": 0.476295,
        "nauc_mrr_at_1000_std": 0.032809,
        "nauc_mrr_at_1000_diff1": 0.531047,
        "main_score": 0.3468,
        "hf_subset": "default",
        "languages": [
          "eng-Latn"
        ]
      }
    ]
  },
  "evaluation_time": 208.3687505722046,
  "kg_co2_emissions": null
}