{
  "dataset_revision": "8fae72a2c75530aaaac6920a02622490d923ca98",
  "task_name": "ChemRxivRetrieval",
  "mteb_version": "1.36.29",
  "scores": {
    "test": [
      {
        "ndcg_at_1": 0.8128,
        "ndcg_at_3": 0.88374,
        "ndcg_at_5": 0.89346,
        "ndcg_at_10": 0.89948,
        "ndcg_at_20": 0.90272,
        "ndcg_at_100": 0.90455,
        "ndcg_at_1000": 0.90509,
        "map_at_1": 0.8128,
        "map_at_3": 0.86703,
        "map_at_5": 0.87247,
        "map_at_10": 0.87504,
        "map_at_20": 0.87595,
        "map_at_100": 0.87621,
        "map_at_1000": 0.87623,
        "recall_at_1": 0.8128,
        "recall_at_3": 0.9318,
        "recall_at_5": 0.9552,
        "recall_at_10": 0.9734,
        "recall_at_20": 0.986,
        "recall_at_100": 0.9958,
        "recall_at_1000": 1.0,
        "precision_at_1": 0.8128,
        "precision_at_3": 0.3106,
        "precision_at_5": 0.19104,
        "precision_at_10": 0.09734,
        "precision_at_20": 0.0493,
        "precision_at_100": 0.00996,
        "precision_at_1000": 0.001,
        "mrr_at_1": 0.8124,
        "mrr_at_3": 0.866833,
        "mrr_at_5": 0.872273,
        "mrr_at_10": 0.874836,
        "mrr_at_20": 0.875749,
        "mrr_at_100": 0.876012,
        "mrr_at_1000": 0.876032,
        "nauc_ndcg_at_1_max": 0.526758,
        "nauc_ndcg_at_1_std": -0.233117,
        "nauc_ndcg_at_1_diff1": 0.838396,
        "nauc_ndcg_at_3_max": 0.591558,
        "nauc_ndcg_at_3_std": -0.226324,
        "nauc_ndcg_at_3_diff1": 0.818218,
        "nauc_ndcg_at_5_max": 0.59175,
        "nauc_ndcg_at_5_std": -0.22967,
        "nauc_ndcg_at_5_diff1": 0.821595,
        "nauc_ndcg_at_10_max": 0.584512,
        "nauc_ndcg_at_10_std": -0.225271,
        "nauc_ndcg_at_10_diff1": 0.821781,
        "nauc_ndcg_at_20_max": 0.57883,
        "nauc_ndcg_at_20_std": -0.22129,
        "nauc_ndcg_at_20_diff1": 0.821654,
        "nauc_ndcg_at_100_max": 0.573773,
        "nauc_ndcg_at_100_std": -0.222482,
        "nauc_ndcg_at_100_diff1": 0.822562,
        "nauc_ndcg_at_1000_max": 0.571869,
        "nauc_ndcg_at_1000_std": -0.225913,
        "nauc_ndcg_at_1000_diff1": 0.823723,
        "nauc_map_at_1_max": 0.526758,
        "nauc_map_at_1_std": -0.233117,
        "nauc_map_at_1_diff1": 0.838396,
        "nauc_map_at_3_max": 0.569932,
        "nauc_map_at_3_std": -0.229382,
        "nauc_map_at_3_diff1": 0.823355,
        "nauc_map_at_5_max": 0.569417,
        "nauc_map_at_5_std": -0.230597,
        "nauc_map_at_5_diff1": 0.825296,
        "nauc_map_at_10_max": 0.566491,
        "nauc_map_at_10_std": -0.228969,
        "nauc_map_at_10_diff1": 0.825462,
        "nauc_map_at_20_max": 0.565116,
        "nauc_map_at_20_std": -0.228227,
        "nauc_map_at_20_diff1": 0.82548,
        "nauc_map_at_100_max": 0.56455,
        "nauc_map_at_100_std": -0.22844,
        "nauc_map_at_100_diff1": 0.825614,
        "nauc_map_at_1000_max": 0.564497,
        "nauc_map_at_1000_std": -0.228545,
        "nauc_map_at_1000_diff1": 0.825649,
        "nauc_recall_at_1_max": 0.526758,
        "nauc_recall_at_1_std": -0.233117,
        "nauc_recall_at_1_diff1": 0.838396,
        "nauc_recall_at_3_max": 0.708044,
        "nauc_recall_at_3_std": -0.209242,
        "nauc_recall_at_3_diff1": 0.791779,
        "nauc_recall_at_5_max": 0.765898,
        "nauc_recall_at_5_std": -0.2243,
        "nauc_recall_at_5_diff1": 0.795135,
        "nauc_recall_at_10_max": 0.80481,
        "nauc_recall_at_10_std": -0.175726,
        "nauc_recall_at_10_diff1": 0.778445,
        "nauc_recall_at_20_max": 0.854362,
        "nauc_recall_at_20_std": -0.020808,
        "nauc_recall_at_20_diff1": 0.735101,
        "nauc_recall_at_100_max": 0.900738,
        "nauc_recall_at_100_std": 0.341314,
        "nauc_recall_at_100_diff1": 0.628029,
        "nauc_recall_at_1000_max": NaN,
        "nauc_recall_at_1000_std": NaN,
        "nauc_recall_at_1000_diff1": NaN,
        "nauc_precision_at_1_max": 0.526758,
        "nauc_precision_at_1_std": -0.233117,
        "nauc_precision_at_1_diff1": 0.838396,
        "nauc_precision_at_3_max": 0.708044,
        "nauc_precision_at_3_std": -0.209242,
        "nauc_precision_at_3_diff1": 0.791779,
        "nauc_precision_at_5_max": 0.765898,
        "nauc_precision_at_5_std": -0.2243,
        "nauc_precision_at_5_diff1": 0.795135,
        "nauc_precision_at_10_max": 0.80481,
        "nauc_precision_at_10_std": -0.175726,
        "nauc_precision_at_10_diff1": 0.778445,
        "nauc_precision_at_20_max": 0.854362,
        "nauc_precision_at_20_std": -0.020808,
        "nauc_precision_at_20_diff1": 0.735101,
        "nauc_precision_at_100_max": 0.900738,
        "nauc_precision_at_100_std": 0.341314,
        "nauc_precision_at_100_diff1": 0.628029,
        "nauc_precision_at_1000_max": 1.0,
        "nauc_precision_at_1000_std": 1.0,
        "nauc_precision_at_1000_diff1": 1.0,
        "nauc_mrr_at_1_max": 0.524278,
        "nauc_mrr_at_1_std": -0.234639,
        "nauc_mrr_at_1_diff1": 0.839011,
        "nauc_mrr_at_3_max": 0.568159,
        "nauc_mrr_at_3_std": -0.230439,
        "nauc_mrr_at_3_diff1": 0.823801,
        "nauc_mrr_at_5_max": 0.567565,
        "nauc_mrr_at_5_std": -0.2317,
        "nauc_mrr_at_5_diff1": 0.82576,
        "nauc_mrr_at_10_max": 0.564604,
        "nauc_mrr_at_10_std": -0.230098,
        "nauc_mrr_at_10_diff1": 0.825935,
        "nauc_mrr_at_20_max": 0.563217,
        "nauc_mrr_at_20_std": -0.229365,
        "nauc_mrr_at_20_diff1": 0.825956,
        "nauc_mrr_at_100_max": 0.562647,
        "nauc_mrr_at_100_std": -0.229581,
        "nauc_mrr_at_100_diff1": 0.826091,
        "nauc_mrr_at_1000_max": 0.562594,
        "nauc_mrr_at_1000_std": -0.229686,
        "nauc_mrr_at_1000_diff1": 0.826126,
        "main_score": 0.89948,
        "hf_subset": "default",
        "languages": [
          "eng-Latn"
        ]
      }
    ]
  },
  "evaluation_time": 187.8946807384491,
  "kg_co2_emissions": null
}