{
  "dataset_revision": "5d958fb6b31055495347724d46431ba41309b03a",
  "task_name": "ChemNQRetrieval",
  "mteb_version": "1.36.29",
  "scores": {
    "test": [
      {
        "ndcg_at_1": 0.48148,
        "ndcg_at_3": 0.53315,
        "ndcg_at_5": 0.57383,
        "ndcg_at_10": 0.59263,
        "ndcg_at_20": 0.64146,
        "ndcg_at_100": 0.65175,
        "ndcg_at_1000": 0.65575,
        "map_at_1": 0.38272,
        "map_at_3": 0.49383,
        "map_at_5": 0.51975,
        "map_at_10": 0.52654,
        "map_at_20": 0.5427,
        "map_at_100": 0.54446,
        "map_at_1000": 0.54452,
        "recall_at_1": 0.38272,
        "recall_at_3": 0.58642,
        "recall_at_5": 0.67901,
        "recall_at_10": 0.73457,
        "recall_at_20": 0.91358,
        "recall_at_100": 0.96296,
        "recall_at_1000": 1.0,
        "precision_at_1": 0.48148,
        "precision_at_3": 0.24691,
        "precision_at_5": 0.17037,
        "precision_at_10": 0.09259,
        "precision_at_20": 0.05926,
        "precision_at_100": 0.01259,
        "precision_at_1000": 0.0013,
        "mrr_at_1": 0.481481,
        "mrr_at_3": 0.561728,
        "mrr_at_5": 0.580247,
        "mrr_at_10": 0.590123,
        "mrr_at_20": 0.597417,
        "mrr_at_100": 0.598651,
        "mrr_at_1000": 0.598711,
        "nauc_ndcg_at_1_max": 0.116949,
        "nauc_ndcg_at_1_std": 0.05769,
        "nauc_ndcg_at_1_diff1": 0.201281,
        "nauc_ndcg_at_3_max": 0.25469,
        "nauc_ndcg_at_3_std": 0.04234,
        "nauc_ndcg_at_3_diff1": 0.149836,
        "nauc_ndcg_at_5_max": 0.26768,
        "nauc_ndcg_at_5_std": 0.03986,
        "nauc_ndcg_at_5_diff1": 0.074514,
        "nauc_ndcg_at_10_max": 0.292582,
        "nauc_ndcg_at_10_std": 0.064284,
        "nauc_ndcg_at_10_diff1": 0.119652,
        "nauc_ndcg_at_20_max": 0.294403,
        "nauc_ndcg_at_20_std": 0.075771,
        "nauc_ndcg_at_20_diff1": 0.146293,
        "nauc_ndcg_at_100_max": 0.280645,
        "nauc_ndcg_at_100_std": 0.063132,
        "nauc_ndcg_at_100_diff1": 0.175767,
        "nauc_ndcg_at_1000_max": 0.279347,
        "nauc_ndcg_at_1000_std": 0.073866,
        "nauc_ndcg_at_1000_diff1": 0.164085,
        "nauc_map_at_1_max": 0.072506,
        "nauc_map_at_1_std": 0.076315,
        "nauc_map_at_1_diff1": 0.060136,
        "nauc_map_at_3_max": 0.215173,
        "nauc_map_at_3_std": 0.022285,
        "nauc_map_at_3_diff1": 0.146617,
        "nauc_map_at_5_max": 0.230104,
        "nauc_map_at_5_std": 0.024303,
        "nauc_map_at_5_diff1": 0.100843,
        "nauc_map_at_10_max": 0.239111,
        "nauc_map_at_10_std": 0.033355,
        "nauc_map_at_10_diff1": 0.116584,
        "nauc_map_at_20_max": 0.247398,
        "nauc_map_at_20_std": 0.045875,
        "nauc_map_at_20_diff1": 0.130153,
        "nauc_map_at_100_max": 0.245307,
        "nauc_map_at_100_std": 0.044102,
        "nauc_map_at_100_diff1": 0.134136,
        "nauc_map_at_1000_max": 0.245284,
        "nauc_map_at_1000_std": 0.044226,
        "nauc_map_at_1000_diff1": 0.133989,
        "nauc_recall_at_1_max": 0.072506,
        "nauc_recall_at_1_std": 0.076315,
        "nauc_recall_at_1_diff1": 0.060136,
        "nauc_recall_at_3_max": 0.315649,
        "nauc_recall_at_3_std": 0.02805,
        "nauc_recall_at_3_diff1": 0.109184,
        "nauc_recall_at_5_max": 0.339646,
        "nauc_recall_at_5_std": 0.013358,
        "nauc_recall_at_5_diff1": -0.091732,
        "nauc_recall_at_10_max": 0.373214,
        "nauc_recall_at_10_std": 0.038891,
        "nauc_recall_at_10_diff1": 0.018848,
        "nauc_recall_at_20_max": 0.470995,
        "nauc_recall_at_20_std": -0.032171,
        "nauc_recall_at_20_diff1": 0.044636,
        "nauc_recall_at_100_max": 0.35755,
        "nauc_recall_at_100_std": -0.572623,
        "nauc_recall_at_100_diff1": 0.867647,
        "nauc_recall_at_1000_max": NaN,
        "nauc_recall_at_1000_std": NaN,
        "nauc_recall_at_1000_diff1": NaN,
        "nauc_precision_at_1_max": 0.116949,
        "nauc_precision_at_1_std": 0.05769,
        "nauc_precision_at_1_diff1": 0.201281,
        "nauc_precision_at_3_max": 0.379465,
        "nauc_precision_at_3_std": -0.032707,
        "nauc_precision_at_3_diff1": 0.250948,
        "nauc_precision_at_5_max": 0.397869,
        "nauc_precision_at_5_std": -0.018644,
        "nauc_precision_at_5_diff1": 0.06985,
        "nauc_precision_at_10_max": 0.52985,
        "nauc_precision_at_10_std": 0.080589,
        "nauc_precision_at_10_diff1": 0.219089,
        "nauc_precision_at_20_max": 0.456756,
        "nauc_precision_at_20_std": 0.175959,
        "nauc_precision_at_20_diff1": 0.308877,
        "nauc_precision_at_100_max": 0.330875,
        "nauc_precision_at_100_std": 0.131629,
        "nauc_precision_at_100_diff1": 0.388588,
        "nauc_precision_at_1000_max": 0.328337,
        "nauc_precision_at_1000_std": 0.198634,
        "nauc_precision_at_1000_diff1": 0.343008,
        "nauc_mrr_at_1_max": 0.116949,
        "nauc_mrr_at_1_std": 0.05769,
        "nauc_mrr_at_1_diff1": 0.201281,
        "nauc_mrr_at_3_max": 0.242971,
        "nauc_mrr_at_3_std": 0.095706,
        "nauc_mrr_at_3_diff1": 0.199578,
        "nauc_mrr_at_5_max": 0.22772,
        "nauc_mrr_at_5_std": 0.086651,
        "nauc_mrr_at_5_diff1": 0.170778,
        "nauc_mrr_at_10_max": 0.256102,
        "nauc_mrr_at_10_std": 0.11509,
        "nauc_mrr_at_10_diff1": 0.20139,
        "nauc_mrr_at_20_max": 0.243452,
        "nauc_mrr_at_20_std": 0.104724,
        "nauc_mrr_at_20_diff1": 0.198594,
        "nauc_mrr_at_100_max": 0.242151,
        "nauc_mrr_at_100_std": 0.102846,
        "nauc_mrr_at_100_diff1": 0.201801,
        "nauc_mrr_at_1000_max": 0.242128,
        "nauc_mrr_at_1000_std": 0.102983,
        "nauc_mrr_at_1000_diff1": 0.201667,
        "main_score": 0.59263,
        "hf_subset": "default",
        "languages": [
          "eng-Latn"
        ]
      }
    ]
  },
  "evaluation_time": 29.786516666412354,
  "kg_co2_emissions": null
}