{
  "dataset_revision": "8fae72a2c75530aaaac6920a02622490d923ca98",
  "task_name": "ChemRxivRetrieval",
  "mteb_version": "1.36.29",
  "scores": {
    "test": [
      {
        "ndcg_at_1": 0.8152,
        "ndcg_at_3": 0.88413,
        "ndcg_at_5": 0.89415,
        "ndcg_at_10": 0.90055,
        "ndcg_at_20": 0.90375,
        "ndcg_at_100": 0.9054,
        "ndcg_at_1000": 0.90598,
        "map_at_1": 0.8152,
        "map_at_3": 0.86797,
        "map_at_5": 0.8736,
        "map_at_10": 0.87631,
        "map_at_20": 0.8772,
        "map_at_100": 0.87744,
        "map_at_1000": 0.87746,
        "recall_at_1": 0.8152,
        "recall_at_3": 0.9306,
        "recall_at_5": 0.9546,
        "recall_at_10": 0.974,
        "recall_at_20": 0.9866,
        "recall_at_100": 0.9954,
        "recall_at_1000": 0.9998,
        "precision_at_1": 0.8152,
        "precision_at_3": 0.3102,
        "precision_at_5": 0.19092,
        "precision_at_10": 0.0974,
        "precision_at_20": 0.04933,
        "precision_at_100": 0.00995,
        "precision_at_1000": 0.001,
        "mrr_at_1": 0.8152,
        "mrr_at_3": 0.867967,
        "mrr_at_5": 0.873597,
        "mrr_at_10": 0.876312,
        "mrr_at_20": 0.877202,
        "mrr_at_100": 0.877435,
        "mrr_at_1000": 0.87746,
        "nauc_ndcg_at_1_max": 0.523048,
        "nauc_ndcg_at_1_std": -0.241988,
        "nauc_ndcg_at_1_diff1": 0.838831,
        "nauc_ndcg_at_3_max": 0.58808,
        "nauc_ndcg_at_3_std": -0.224129,
        "nauc_ndcg_at_3_diff1": 0.818926,
        "nauc_ndcg_at_5_max": 0.58637,
        "nauc_ndcg_at_5_std": -0.227426,
        "nauc_ndcg_at_5_diff1": 0.821071,
        "nauc_ndcg_at_10_max": 0.579181,
        "nauc_ndcg_at_10_std": -0.226977,
        "nauc_ndcg_at_10_diff1": 0.821065,
        "nauc_ndcg_at_20_max": 0.573242,
        "nauc_ndcg_at_20_std": -0.224055,
        "nauc_ndcg_at_20_diff1": 0.821211,
        "nauc_ndcg_at_100_max": 0.569188,
        "nauc_ndcg_at_100_std": -0.225755,
        "nauc_ndcg_at_100_diff1": 0.822487,
        "nauc_ndcg_at_1000_max": 0.567157,
        "nauc_ndcg_at_1000_std": -0.228407,
        "nauc_ndcg_at_1000_diff1": 0.823456,
        "nauc_map_at_1_max": 0.523048,
        "nauc_map_at_1_std": -0.241988,
        "nauc_map_at_1_diff1": 0.838831,
        "nauc_map_at_3_max": 0.566585,
        "nauc_map_at_3_std": -0.23025,
        "nauc_map_at_3_diff1": 0.82398,
        "nauc_map_at_5_max": 0.564879,
        "nauc_map_at_5_std": -0.23185,
        "nauc_map_at_5_diff1": 0.825252,
        "nauc_map_at_10_max": 0.561896,
        "nauc_map_at_10_std": -0.231999,
        "nauc_map_at_10_diff1": 0.825325,
        "nauc_map_at_20_max": 0.560484,
        "nauc_map_at_20_std": -0.231511,
        "nauc_map_at_20_diff1": 0.825414,
        "nauc_map_at_100_max": 0.560062,
        "nauc_map_at_100_std": -0.231717,
        "nauc_map_at_100_diff1": 0.82561,
        "nauc_map_at_1000_max": 0.559994,
        "nauc_map_at_1000_std": -0.231797,
        "nauc_map_at_1000_diff1": 0.825637,
        "nauc_recall_at_1_max": 0.523048,
        "nauc_recall_at_1_std": -0.241988,
        "nauc_recall_at_1_diff1": 0.838831,
        "nauc_recall_at_3_max": 0.701106,
        "nauc_recall_at_3_std": -0.191779,
        "nauc_recall_at_3_diff1": 0.793501,
        "nauc_recall_at_5_max": 0.750505,
        "nauc_recall_at_5_std": -0.195104,
        "nauc_recall_at_5_diff1": 0.791356,
        "nauc_recall_at_10_max": 0.793644,
        "nauc_recall_at_10_std": -0.161208,
        "nauc_recall_at_10_diff1": 0.769547,
        "nauc_recall_at_20_max": 0.83387,
        "nauc_recall_at_20_std": -0.013114,
        "nauc_recall_at_20_diff1": 0.723511,
        "nauc_recall_at_100_max": 0.889275,
        "nauc_recall_at_100_std": 0.218102,
        "nauc_recall_at_100_diff1": 0.652133,
        "nauc_recall_at_1000_max": 1.0,
        "nauc_recall_at_1000_std": 0.869281,
        "nauc_recall_at_1000_diff1": 0.358077,
        "nauc_precision_at_1_max": 0.523048,
        "nauc_precision_at_1_std": -0.241988,
        "nauc_precision_at_1_diff1": 0.838831,
        "nauc_precision_at_3_max": 0.701106,
        "nauc_precision_at_3_std": -0.191779,
        "nauc_precision_at_3_diff1": 0.793501,
        "nauc_precision_at_5_max": 0.750505,
        "nauc_precision_at_5_std": -0.195104,
        "nauc_precision_at_5_diff1": 0.791356,
        "nauc_precision_at_10_max": 0.793644,
        "nauc_precision_at_10_std": -0.161208,
        "nauc_precision_at_10_diff1": 0.769547,
        "nauc_precision_at_20_max": 0.83387,
        "nauc_precision_at_20_std": -0.013114,
        "nauc_precision_at_20_diff1": 0.723511,
        "nauc_precision_at_100_max": 0.889275,
        "nauc_precision_at_100_std": 0.218102,
        "nauc_precision_at_100_diff1": 0.652133,
        "nauc_precision_at_1000_max": 1.0,
        "nauc_precision_at_1000_std": 0.869281,
        "nauc_precision_at_1000_diff1": 0.358077,
        "nauc_mrr_at_1_max": 0.521033,
        "nauc_mrr_at_1_std": -0.243832,
        "nauc_mrr_at_1_diff1": 0.838831,
        "nauc_mrr_at_3_max": 0.565202,
        "nauc_mrr_at_3_std": -0.231516,
        "nauc_mrr_at_3_diff1": 0.82398,
        "nauc_mrr_at_5_max": 0.563431,
        "nauc_mrr_at_5_std": -0.233176,
        "nauc_mrr_at_5_diff1": 0.825252,
        "nauc_mrr_at_10_max": 0.560415,
        "nauc_mrr_at_10_std": -0.233356,
        "nauc_mrr_at_10_diff1": 0.825325,
        "nauc_mrr_at_20_max": 0.558991,
        "nauc_mrr_at_20_std": -0.232878,
        "nauc_mrr_at_20_diff1": 0.825414,
        "nauc_mrr_at_100_max": 0.558567,
        "nauc_mrr_at_100_std": -0.233086,
        "nauc_mrr_at_100_diff1": 0.82561,
        "nauc_mrr_at_1000_max": 0.558498,
        "nauc_mrr_at_1000_std": -0.233166,
        "nauc_mrr_at_1000_diff1": 0.825637,
        "main_score": 0.90055,
        "hf_subset": "default",
        "languages": [
          "eng-Latn"
        ]
      }
    ]
  },
  "evaluation_time": 187.37235260009766,
  "kg_co2_emissions": null
}