{
  "dataset_revision": "5037d69d177c9628fb79cb57eea1299178b28c1b",
  "task_name": "PubChemSynonymPC",
  "mteb_version": "1.36.29",
  "scores": {
    "test": [
      {
        "similarity_accuracy": 0.935059,
        "similarity_accuracy_threshold": 0.842454,
        "similarity_f1": 0.559767,
        "similarity_f1_threshold": 0.812458,
        "similarity_precision": 0.690647,
        "similarity_recall": 0.470588,
        "similarity_ap": 0.561599,
        "cosine_accuracy": 0.935059,
        "cosine_accuracy_threshold": 0.842454,
        "cosine_f1": 0.559767,
        "cosine_f1_threshold": 0.812458,
        "cosine_precision": 0.690647,
        "cosine_recall": 0.470588,
        "cosine_ap": 0.561599,
        "manhattan_accuracy": 0.933105,
        "manhattan_accuracy_threshold": 254.094666,
        "manhattan_f1": 0.545994,
        "manhattan_f1_threshold": 292.273926,
        "manhattan_precision": 0.691729,
        "manhattan_recall": 0.45098,
        "manhattan_ap": 0.546352,
        "euclidean_accuracy": 0.933594,
        "euclidean_accuracy_threshold": 11.495565,
        "euclidean_f1": 0.547112,
        "euclidean_f1_threshold": 13.132226,
        "euclidean_precision": 0.72,
        "euclidean_recall": 0.441176,
        "euclidean_ap": 0.547006,
        "dot_accuracy": 0.924805,
        "dot_accuracy_threshold": 429.093964,
        "dot_f1": 0.50303,
        "dot_f1_threshold": 408.977051,
        "dot_precision": 0.65873,
        "dot_recall": 0.406863,
        "dot_ap": 0.505245,
        "max_accuracy": 0.935059,
        "max_f1": 0.559767,
        "max_precision": 0.72,
        "max_recall": 0.470588,
        "max_ap": 0.561599,
        "main_score": 0.561599,
        "hf_subset": "default",
        "languages": [
          "eng-Latn"
        ]
      }
    ]
  },
  "evaluation_time": 3.515563726425171,
  "kg_co2_emissions": null
}