{
  "dataset_revision": "f33a205966ce032f957c3a22f4f9e378f89a2c56",
  "task_name": "PubChemAISentenceParaphrasePC",
  "mteb_version": "1.36.29",
  "scores": {
    "test": [
      {
        "similarity_accuracy": 0.983887,
        "similarity_accuracy_threshold": 0.803025,
        "similarity_f1": 0.918114,
        "similarity_f1_threshold": 0.803025,
        "similarity_precision": 0.934343,
        "similarity_recall": 0.902439,
        "similarity_ap": 0.946033,
        "cosine_accuracy": 0.983887,
        "cosine_accuracy_threshold": 0.803025,
        "cosine_f1": 0.918114,
        "cosine_f1_threshold": 0.803025,
        "cosine_precision": 0.934343,
        "cosine_recall": 0.902439,
        "cosine_ap": 0.946033,
        "manhattan_accuracy": 0.982422,
        "manhattan_accuracy_threshold": 235.320435,
        "manhattan_f1": 0.909548,
        "manhattan_f1_threshold": 235.320435,
        "manhattan_precision": 0.937824,
        "manhattan_recall": 0.882927,
        "manhattan_ap": 0.925427,
        "euclidean_accuracy": 0.98291,
        "euclidean_accuracy_threshold": 10.592523,
        "euclidean_f1": 0.912281,
        "euclidean_f1_threshold": 10.671087,
        "euclidean_precision": 0.938144,
        "euclidean_recall": 0.887805,
        "euclidean_ap": 0.925904,
        "dot_accuracy": 0.939453,
        "dot_accuracy_threshold": 256.828583,
        "dot_f1": 0.669746,
        "dot_f1_threshold": 232.947388,
        "dot_precision": 0.635965,
        "dot_recall": 0.707317,
        "dot_ap": 0.718373,
        "max_accuracy": 0.983887,
        "max_f1": 0.918114,
        "max_precision": 0.938144,
        "max_recall": 0.902439,
        "max_ap": 0.946033,
        "main_score": 0.946033,
        "hf_subset": "default",
        "languages": [
          "eng-Latn"
        ]
      }
    ]
  },
  "evaluation_time": 3.3988163471221924,
  "kg_co2_emissions": null
}