{
  "dataset_revision": "5d958fb6b31055495347724d46431ba41309b03a",
  "task_name": "ChemNQRetrieval",
  "mteb_version": "1.36.29",
  "scores": {
    "test": [
      {
        "ndcg_at_1": 0.48148,
        "ndcg_at_3": 0.48419,
        "ndcg_at_5": 0.53465,
        "ndcg_at_10": 0.57946,
        "ndcg_at_20": 0.63609,
        "ndcg_at_100": 0.6396,
        "ndcg_at_1000": 0.64506,
        "map_at_1": 0.40741,
        "map_at_3": 0.45679,
        "map_at_5": 0.49198,
        "map_at_10": 0.51351,
        "map_at_20": 0.52984,
        "map_at_100": 0.53108,
        "map_at_1000": 0.53141,
        "recall_at_1": 0.40741,
        "recall_at_3": 0.49383,
        "recall_at_5": 0.60494,
        "recall_at_10": 0.7284,
        "recall_at_20": 0.95062,
        "recall_at_100": 0.96296,
        "recall_at_1000": 1.0,
        "precision_at_1": 0.48148,
        "precision_at_3": 0.20988,
        "precision_at_5": 0.15556,
        "precision_at_10": 0.0963,
        "precision_at_20": 0.06111,
        "precision_at_100": 0.01259,
        "precision_at_1000": 0.0013,
        "mrr_at_1": 0.481481,
        "mrr_at_3": 0.530864,
        "mrr_at_5": 0.549383,
        "mrr_at_10": 0.5643,
        "mrr_at_20": 0.576216,
        "mrr_at_100": 0.576216,
        "mrr_at_1000": 0.576555,
        "nauc_ndcg_at_1_max": 0.262271,
        "nauc_ndcg_at_1_std": -0.050451,
        "nauc_ndcg_at_1_diff1": 0.303457,
        "nauc_ndcg_at_3_max": 0.146593,
        "nauc_ndcg_at_3_std": -0.114848,
        "nauc_ndcg_at_3_diff1": 0.281202,
        "nauc_ndcg_at_5_max": 0.201198,
        "nauc_ndcg_at_5_std": -0.065581,
        "nauc_ndcg_at_5_diff1": 0.229933,
        "nauc_ndcg_at_10_max": 0.23123,
        "nauc_ndcg_at_10_std": -0.05755,
        "nauc_ndcg_at_10_diff1": 0.215168,
        "nauc_ndcg_at_20_max": 0.243297,
        "nauc_ndcg_at_20_std": -0.048227,
        "nauc_ndcg_at_20_diff1": 0.274484,
        "nauc_ndcg_at_100_max": 0.236781,
        "nauc_ndcg_at_100_std": -0.046028,
        "nauc_ndcg_at_100_diff1": 0.274274,
        "nauc_ndcg_at_1000_max": 0.229724,
        "nauc_ndcg_at_1000_std": -0.049547,
        "nauc_ndcg_at_1000_diff1": 0.268046,
        "nauc_map_at_1_max": 0.152956,
        "nauc_map_at_1_std": -0.047297,
        "nauc_map_at_1_diff1": 0.209849,
        "nauc_map_at_3_max": 0.118535,
        "nauc_map_at_3_std": -0.119917,
        "nauc_map_at_3_diff1": 0.253155,
        "nauc_map_at_5_max": 0.155726,
        "nauc_map_at_5_std": -0.091659,
        "nauc_map_at_5_diff1": 0.221756,
        "nauc_map_at_10_max": 0.16823,
        "nauc_map_at_10_std": -0.093102,
        "nauc_map_at_10_diff1": 0.207348,
        "nauc_map_at_20_max": 0.177243,
        "nauc_map_at_20_std": -0.084353,
        "nauc_map_at_20_diff1": 0.227615,
        "nauc_map_at_100_max": 0.175297,
        "nauc_map_at_100_std": -0.083779,
        "nauc_map_at_100_diff1": 0.227489,
        "nauc_map_at_1000_max": 0.174882,
        "nauc_map_at_1000_std": -0.083993,
        "nauc_map_at_1000_diff1": 0.227131,
        "nauc_recall_at_1_max": 0.152956,
        "nauc_recall_at_1_std": -0.047297,
        "nauc_recall_at_1_diff1": 0.209849,
        "nauc_recall_at_3_max": 0.111016,
        "nauc_recall_at_3_std": -0.144113,
        "nauc_recall_at_3_diff1": 0.282759,
        "nauc_recall_at_5_max": 0.227931,
        "nauc_recall_at_5_std": -0.027964,
        "nauc_recall_at_5_diff1": 0.157434,
        "nauc_recall_at_10_max": 0.294952,
        "nauc_recall_at_10_std": -0.027557,
        "nauc_recall_at_10_diff1": 0.043709,
        "nauc_recall_at_20_max": 0.556079,
        "nauc_recall_at_20_std": 0.041014,
        "nauc_recall_at_20_diff1": 0.445361,
        "nauc_recall_at_100_max": 0.556079,
        "nauc_recall_at_100_std": 0.113206,
        "nauc_recall_at_100_diff1": 0.556079,
        "nauc_recall_at_1000_max": NaN,
        "nauc_recall_at_1000_std": NaN,
        "nauc_recall_at_1000_diff1": NaN,
        "nauc_precision_at_1_max": 0.262271,
        "nauc_precision_at_1_std": -0.050451,
        "nauc_precision_at_1_diff1": 0.303457,
        "nauc_precision_at_3_max": 0.177613,
        "nauc_precision_at_3_std": -0.128932,
        "nauc_precision_at_3_diff1": 0.282101,
        "nauc_precision_at_5_max": 0.241782,
        "nauc_precision_at_5_std": -0.023574,
        "nauc_precision_at_5_diff1": 0.133576,
        "nauc_precision_at_10_max": 0.293218,
        "nauc_precision_at_10_std": 0.043137,
        "nauc_precision_at_10_diff1": 0.073313,
        "nauc_precision_at_20_max": 0.454097,
        "nauc_precision_at_20_std": 0.259077,
        "nauc_precision_at_20_diff1": 0.308219,
        "nauc_precision_at_100_max": 0.337246,
        "nauc_precision_at_100_std": 0.235226,
        "nauc_precision_at_100_diff1": 0.251862,
        "nauc_precision_at_1000_max": 0.316426,
        "nauc_precision_at_1000_std": 0.246835,
        "nauc_precision_at_1000_diff1": 0.222918,
        "nauc_mrr_at_1_max": 0.262271,
        "nauc_mrr_at_1_std": -0.050451,
        "nauc_mrr_at_1_diff1": 0.303457,
        "nauc_mrr_at_3_max": 0.246904,
        "nauc_mrr_at_3_std": -0.069996,
        "nauc_mrr_at_3_diff1": 0.342576,
        "nauc_mrr_at_5_max": 0.268252,
        "nauc_mrr_at_5_std": -0.038971,
        "nauc_mrr_at_5_diff1": 0.313257,
        "nauc_mrr_at_10_max": 0.295975,
        "nauc_mrr_at_10_std": -0.01691,
        "nauc_mrr_at_10_diff1": 0.338324,
        "nauc_mrr_at_20_max": 0.283713,
        "nauc_mrr_at_20_std": -0.029815,
        "nauc_mrr_at_20_diff1": 0.337363,
        "nauc_mrr_at_100_max": 0.283713,
        "nauc_mrr_at_100_std": -0.029815,
        "nauc_mrr_at_100_diff1": 0.337363,
        "nauc_mrr_at_1000_max": 0.283413,
        "nauc_mrr_at_1000_std": -0.029973,
        "nauc_mrr_at_1000_diff1": 0.337123,
        "main_score": 0.57946,
        "hf_subset": "default",
        "languages": [
          "eng-Latn"
        ]
      }
    ]
  },
  "evaluation_time": 29.330826997756958,
  "kg_co2_emissions": null
}