{
  "dataset_revision": "c22ab2a51041ffd869aaddef7af8d8215647e41a",
  "task_name": "ArguAna",
  "mteb_version": "1.36.29",
  "scores": {
    "test": [
      {
        "ndcg_at_1": 0.2468,
        "ndcg_at_3": 0.39089,
        "ndcg_at_5": 0.44681,
        "ndcg_at_10": 0.49864,
        "ndcg_at_20": 0.5237,
        "ndcg_at_100": 0.53897,
        "ndcg_at_1000": 0.5423,
        "map_at_1": 0.2468,
        "map_at_3": 0.35562,
        "map_at_5": 0.38663,
        "map_at_10": 0.4078,
        "map_at_20": 0.4148,
        "map_at_100": 0.41712,
        "map_at_1000": 0.41726,
        "recall_at_1": 0.2468,
        "recall_at_3": 0.49289,
        "recall_at_5": 0.62873,
        "recall_at_10": 0.79018,
        "recall_at_20": 0.88834,
        "recall_at_100": 0.96799,
        "recall_at_1000": 0.9936,
        "precision_at_1": 0.2468,
        "precision_at_3": 0.1643,
        "precision_at_5": 0.12575,
        "precision_at_10": 0.07902,
        "precision_at_20": 0.04442,
        "precision_at_100": 0.00968,
        "precision_at_1000": 0.00099,
        "mrr_at_1": 0.249644,
        "mrr_at_3": 0.356804,
        "mrr_at_5": 0.387814,
        "mrr_at_10": 0.408974,
        "mrr_at_20": 0.415942,
        "mrr_at_100": 0.418296,
        "mrr_at_1000": 0.418433,
        "nauc_ndcg_at_1_max": -0.114999,
        "nauc_ndcg_at_1_std": -0.19624,
        "nauc_ndcg_at_1_diff1": 0.00632,
        "nauc_ndcg_at_3_max": -0.075914,
        "nauc_ndcg_at_3_std": -0.137319,
        "nauc_ndcg_at_3_diff1": -0.033521,
        "nauc_ndcg_at_5_max": -0.061339,
        "nauc_ndcg_at_5_std": -0.138528,
        "nauc_ndcg_at_5_diff1": -0.021832,
        "nauc_ndcg_at_10_max": -0.050455,
        "nauc_ndcg_at_10_std": -0.132897,
        "nauc_ndcg_at_10_diff1": -0.007666,
        "nauc_ndcg_at_20_max": -0.046618,
        "nauc_ndcg_at_20_std": -0.118718,
        "nauc_ndcg_at_20_diff1": -0.011582,
        "nauc_ndcg_at_100_max": -0.053672,
        "nauc_ndcg_at_100_std": -0.125773,
        "nauc_ndcg_at_100_diff1": -0.01175,
        "nauc_ndcg_at_1000_max": -0.059801,
        "nauc_ndcg_at_1000_std": -0.13225,
        "nauc_ndcg_at_1000_diff1": -0.012865,
        "nauc_map_at_1_max": -0.114999,
        "nauc_map_at_1_std": -0.19624,
        "nauc_map_at_1_diff1": 0.00632,
        "nauc_map_at_3_max": -0.084166,
        "nauc_map_at_3_std": -0.149907,
        "nauc_map_at_3_diff1": -0.025261,
        "nauc_map_at_5_max": -0.076185,
        "nauc_map_at_5_std": -0.151069,
        "nauc_map_at_5_diff1": -0.018285,
        "nauc_map_at_10_max": -0.072682,
        "nauc_map_at_10_std": -0.149506,
        "nauc_map_at_10_diff1": -0.013332,
        "nauc_map_at_20_max": -0.072186,
        "nauc_map_at_20_std": -0.146467,
        "nauc_map_at_20_diff1": -0.014573,
        "nauc_map_at_100_max": -0.073066,
        "nauc_map_at_100_std": -0.14717,
        "nauc_map_at_100_diff1": -0.014754,
        "nauc_map_at_1000_max": -0.073246,
        "nauc_map_at_1000_std": -0.147375,
        "nauc_map_at_1000_diff1": -0.014746,
        "nauc_recall_at_1_max": -0.114999,
        "nauc_recall_at_1_std": -0.19624,
        "nauc_recall_at_1_diff1": 0.00632,
        "nauc_recall_at_3_max": -0.053435,
        "nauc_recall_at_3_std": -0.102968,
        "nauc_recall_at_3_diff1": -0.055953,
        "nauc_recall_at_5_max": -0.013282,
        "nauc_recall_at_5_std": -0.099855,
        "nauc_recall_at_5_diff1": -0.03102,
        "nauc_recall_at_10_max": 0.061762,
        "nauc_recall_at_10_std": -0.053194,
        "nauc_recall_at_10_diff1": 0.033131,
        "nauc_recall_at_20_max": 0.183239,
        "nauc_recall_at_20_std": 0.141918,
        "nauc_recall_at_20_diff1": 0.031334,
        "nauc_recall_at_100_max": 0.435606,
        "nauc_recall_at_100_std": 0.447573,
        "nauc_recall_at_100_diff1": 0.145222,
        "nauc_recall_at_1000_max": 0.529442,
        "nauc_recall_at_1000_std": 0.788347,
        "nauc_recall_at_1000_diff1": 0.351355,
        "nauc_precision_at_1_max": -0.114999,
        "nauc_precision_at_1_std": -0.19624,
        "nauc_precision_at_1_diff1": 0.00632,
        "nauc_precision_at_3_max": -0.053435,
        "nauc_precision_at_3_std": -0.102968,
        "nauc_precision_at_3_diff1": -0.055953,
        "nauc_precision_at_5_max": -0.013282,
        "nauc_precision_at_5_std": -0.099855,
        "nauc_precision_at_5_diff1": -0.03102,
        "nauc_precision_at_10_max": 0.061762,
        "nauc_precision_at_10_std": -0.053194,
        "nauc_precision_at_10_diff1": 0.033131,
        "nauc_precision_at_20_max": 0.183239,
        "nauc_precision_at_20_std": 0.141918,
        "nauc_precision_at_20_diff1": 0.031334,
        "nauc_precision_at_100_max": 0.435606,
        "nauc_precision_at_100_std": 0.447573,
        "nauc_precision_at_100_diff1": 0.145222,
        "nauc_precision_at_1000_max": 0.529442,
        "nauc_precision_at_1000_std": 0.788347,
        "nauc_precision_at_1000_diff1": 0.351355,
        "nauc_mrr_at_1_max": -0.11266,
        "nauc_mrr_at_1_std": -0.194018,
        "nauc_mrr_at_1_diff1": -0.002682,
        "nauc_mrr_at_3_max": -0.085224,
        "nauc_mrr_at_3_std": -0.14968,
        "nauc_mrr_at_3_diff1": -0.031627,
        "nauc_mrr_at_5_max": -0.077829,
        "nauc_mrr_at_5_std": -0.15154,
        "nauc_mrr_at_5_diff1": -0.025066,
        "nauc_mrr_at_10_max": -0.074477,
        "nauc_mrr_at_10_std": -0.150147,
        "nauc_mrr_at_10_diff1": -0.020515,
        "nauc_mrr_at_20_max": -0.074221,
        "nauc_mrr_at_20_std": -0.14732,
        "nauc_mrr_at_20_diff1": -0.022032,
        "nauc_mrr_at_100_max": -0.074929,
        "nauc_mrr_at_100_std": -0.147847,
        "nauc_mrr_at_100_diff1": -0.022143,
        "nauc_mrr_at_1000_max": -0.075109,
        "nauc_mrr_at_1000_std": -0.148052,
        "nauc_mrr_at_1000_diff1": -0.022139,
        "main_score": 0.49864,
        "hf_subset": "default",
        "languages": [
          "eng-Latn"
        ]
      }
    ]
  },
  "evaluation_time": 28.904160499572754,
  "kg_co2_emissions": null
}