{
  "dataset_revision": "8fae72a2c75530aaaac6920a02622490d923ca98",
  "task_name": "ChemRxivRetrieval",
  "mteb_version": "1.36.29",
  "scores": {
    "test": [
      {
        "ndcg_at_1": 0.8018,
        "ndcg_at_3": 0.87536,
        "ndcg_at_5": 0.88552,
        "ndcg_at_10": 0.89255,
        "ndcg_at_20": 0.89607,
        "ndcg_at_100": 0.89798,
        "ndcg_at_1000": 0.89862,
        "map_at_1": 0.8018,
        "map_at_3": 0.85797,
        "map_at_5": 0.86363,
        "map_at_10": 0.86659,
        "map_at_20": 0.86757,
        "map_at_100": 0.86787,
        "map_at_1000": 0.8679,
        "recall_at_1": 0.8018,
        "recall_at_3": 0.9254,
        "recall_at_5": 0.95,
        "recall_at_10": 0.9714,
        "recall_at_20": 0.9852,
        "recall_at_100": 0.995,
        "recall_at_1000": 0.9998,
        "precision_at_1": 0.8018,
        "precision_at_3": 0.30847,
        "precision_at_5": 0.19,
        "precision_at_10": 0.09714,
        "precision_at_20": 0.04926,
        "precision_at_100": 0.00995,
        "precision_at_1000": 0.001,
        "mrr_at_1": 0.8018,
        "mrr_at_3": 0.857967,
        "mrr_at_5": 0.863627,
        "mrr_at_10": 0.866593,
        "mrr_at_20": 0.867573,
        "mrr_at_100": 0.867875,
        "mrr_at_1000": 0.867903,
        "nauc_ndcg_at_1_max": 0.468979,
        "nauc_ndcg_at_1_std": -0.262118,
        "nauc_ndcg_at_1_diff1": 0.807441,
        "nauc_ndcg_at_3_max": 0.532347,
        "nauc_ndcg_at_3_std": -0.276851,
        "nauc_ndcg_at_3_diff1": 0.789224,
        "nauc_ndcg_at_5_max": 0.53488,
        "nauc_ndcg_at_5_std": -0.265845,
        "nauc_ndcg_at_5_diff1": 0.790826,
        "nauc_ndcg_at_10_max": 0.532716,
        "nauc_ndcg_at_10_std": -0.258829,
        "nauc_ndcg_at_10_diff1": 0.79567,
        "nauc_ndcg_at_20_max": 0.523916,
        "nauc_ndcg_at_20_std": -0.261845,
        "nauc_ndcg_at_20_diff1": 0.795153,
        "nauc_ndcg_at_100_max": 0.51939,
        "nauc_ndcg_at_100_std": -0.26294,
        "nauc_ndcg_at_100_diff1": 0.795579,
        "nauc_ndcg_at_1000_max": 0.517115,
        "nauc_ndcg_at_1000_std": -0.263712,
        "nauc_ndcg_at_1000_diff1": 0.79567,
        "nauc_map_at_1_max": 0.468979,
        "nauc_map_at_1_std": -0.262118,
        "nauc_map_at_1_diff1": 0.807441,
        "nauc_map_at_3_max": 0.513173,
        "nauc_map_at_3_std": -0.272235,
        "nauc_map_at_3_diff1": 0.793977,
        "nauc_map_at_5_max": 0.513312,
        "nauc_map_at_5_std": -0.267127,
        "nauc_map_at_5_diff1": 0.794956,
        "nauc_map_at_10_max": 0.512179,
        "nauc_map_at_10_std": -0.264752,
        "nauc_map_at_10_diff1": 0.796773,
        "nauc_map_at_20_max": 0.510123,
        "nauc_map_at_20_std": -0.265417,
        "nauc_map_at_20_diff1": 0.796694,
        "nauc_map_at_100_max": 0.509585,
        "nauc_map_at_100_std": -0.265456,
        "nauc_map_at_100_diff1": 0.796759,
        "nauc_map_at_1000_max": 0.509504,
        "nauc_map_at_1000_std": -0.26548,
        "nauc_map_at_1000_diff1": 0.796761,
        "nauc_recall_at_1_max": 0.468979,
        "nauc_recall_at_1_std": -0.262118,
        "nauc_recall_at_1_diff1": 0.807441,
        "nauc_recall_at_3_max": 0.631494,
        "nauc_recall_at_3_std": -0.300849,
        "nauc_recall_at_3_diff1": 0.765269,
        "nauc_recall_at_5_max": 0.696037,
        "nauc_recall_at_5_std": -0.251393,
        "nauc_recall_at_5_diff1": 0.761782,
        "nauc_recall_at_10_max": 0.790458,
        "nauc_recall_at_10_std": -0.164692,
        "nauc_recall_at_10_diff1": 0.791254,
        "nauc_recall_at_20_max": 0.797644,
        "nauc_recall_at_20_std": -0.158339,
        "nauc_recall_at_20_diff1": 0.771986,
        "nauc_recall_at_100_max": 0.867414,
        "nauc_recall_at_100_std": -0.096452,
        "nauc_recall_at_100_diff1": 0.764519,
        "nauc_recall_at_1000_max": 1.0,
        "nauc_recall_at_1000_std": 1.0,
        "nauc_recall_at_1000_diff1": 0.358077,
        "nauc_precision_at_1_max": 0.468979,
        "nauc_precision_at_1_std": -0.262118,
        "nauc_precision_at_1_diff1": 0.807441,
        "nauc_precision_at_3_max": 0.631494,
        "nauc_precision_at_3_std": -0.300849,
        "nauc_precision_at_3_diff1": 0.765269,
        "nauc_precision_at_5_max": 0.696037,
        "nauc_precision_at_5_std": -0.251393,
        "nauc_precision_at_5_diff1": 0.761782,
        "nauc_precision_at_10_max": 0.790458,
        "nauc_precision_at_10_std": -0.164692,
        "nauc_precision_at_10_diff1": 0.791254,
        "nauc_precision_at_20_max": 0.797644,
        "nauc_precision_at_20_std": -0.158339,
        "nauc_precision_at_20_diff1": 0.771986,
        "nauc_precision_at_100_max": 0.867414,
        "nauc_precision_at_100_std": -0.096452,
        "nauc_precision_at_100_diff1": 0.764519,
        "nauc_precision_at_1000_max": 1.0,
        "nauc_precision_at_1000_std": 1.0,
        "nauc_precision_at_1000_diff1": 0.358077,
        "nauc_mrr_at_1_max": 0.469392,
        "nauc_mrr_at_1_std": -0.263896,
        "nauc_mrr_at_1_diff1": 0.807441,
        "nauc_mrr_at_3_max": 0.513236,
        "nauc_mrr_at_3_std": -0.27382,
        "nauc_mrr_at_3_diff1": 0.793977,
        "nauc_mrr_at_5_max": 0.513549,
        "nauc_mrr_at_5_std": -0.268493,
        "nauc_mrr_at_5_diff1": 0.794956,
        "nauc_mrr_at_10_max": 0.512422,
        "nauc_mrr_at_10_std": -0.26615,
        "nauc_mrr_at_10_diff1": 0.796773,
        "nauc_mrr_at_20_max": 0.510368,
        "nauc_mrr_at_20_std": -0.266826,
        "nauc_mrr_at_20_diff1": 0.796694,
        "nauc_mrr_at_100_max": 0.509829,
        "nauc_mrr_at_100_std": -0.266866,
        "nauc_mrr_at_100_diff1": 0.796759,
        "nauc_mrr_at_1000_max": 0.509748,
        "nauc_mrr_at_1000_std": -0.26689,
        "nauc_mrr_at_1000_diff1": 0.796761,
        "main_score": 0.89255,
        "hf_subset": "default",
        "languages": [
          "eng-Latn"
        ]
      }
    ]
  },
  "evaluation_time": 190.7928569316864,
  "kg_co2_emissions": null
}