{
  "dataset_revision": "5d958fb6b31055495347724d46431ba41309b03a",
  "task_name": "ChemNQRetrieval",
  "mteb_version": "1.36.29",
  "scores": {
    "test": [
      {
        "ndcg_at_1": 0.33333,
        "ndcg_at_3": 0.44847,
        "ndcg_at_5": 0.46703,
        "ndcg_at_10": 0.52791,
        "ndcg_at_20": 0.56196,
        "ndcg_at_100": 0.58125,
        "ndcg_at_1000": 0.5865,
        "map_at_1": 0.27778,
        "map_at_3": 0.39815,
        "map_at_5": 0.41481,
        "map_at_10": 0.44027,
        "map_at_20": 0.45174,
        "map_at_100": 0.45573,
        "map_at_1000": 0.45601,
        "recall_at_1": 0.27778,
        "recall_at_3": 0.53086,
        "recall_at_5": 0.5679,
        "recall_at_10": 0.75309,
        "recall_at_20": 0.87654,
        "recall_at_100": 0.96296,
        "recall_at_1000": 1.0,
        "precision_at_1": 0.33333,
        "precision_at_3": 0.22222,
        "precision_at_5": 0.14815,
        "precision_at_10": 0.0963,
        "precision_at_20": 0.05741,
        "precision_at_100": 0.01259,
        "precision_at_1000": 0.0013,
        "mrr_at_1": 0.333333,
        "mrr_at_3": 0.462963,
        "mrr_at_5": 0.462963,
        "mrr_at_10": 0.486214,
        "mrr_at_20": 0.491121,
        "mrr_at_100": 0.494414,
        "mrr_at_1000": 0.494695,
        "nauc_ndcg_at_1_max": 0.327678,
        "nauc_ndcg_at_1_std": 0.166442,
        "nauc_ndcg_at_1_diff1": 0.794268,
        "nauc_ndcg_at_3_max": 0.280473,
        "nauc_ndcg_at_3_std": 0.06705,
        "nauc_ndcg_at_3_diff1": 0.528771,
        "nauc_ndcg_at_5_max": 0.292963,
        "nauc_ndcg_at_5_std": 0.068852,
        "nauc_ndcg_at_5_diff1": 0.511093,
        "nauc_ndcg_at_10_max": 0.30674,
        "nauc_ndcg_at_10_std": 0.029408,
        "nauc_ndcg_at_10_diff1": 0.520461,
        "nauc_ndcg_at_20_max": 0.339042,
        "nauc_ndcg_at_20_std": 0.071343,
        "nauc_ndcg_at_20_diff1": 0.611021,
        "nauc_ndcg_at_100_max": 0.343115,
        "nauc_ndcg_at_100_std": 0.085877,
        "nauc_ndcg_at_100_diff1": 0.599862,
        "nauc_ndcg_at_1000_max": 0.334936,
        "nauc_ndcg_at_1000_std": 0.091502,
        "nauc_ndcg_at_1000_diff1": 0.600804,
        "nauc_map_at_1_max": 0.310504,
        "nauc_map_at_1_std": 0.153004,
        "nauc_map_at_1_diff1": 0.713213,
        "nauc_map_at_3_max": 0.258813,
        "nauc_map_at_3_std": 0.049949,
        "nauc_map_at_3_diff1": 0.571708,
        "nauc_map_at_5_max": 0.271013,
        "nauc_map_at_5_std": 0.053278,
        "nauc_map_at_5_diff1": 0.55359,
        "nauc_map_at_10_max": 0.280874,
        "nauc_map_at_10_std": 0.037211,
        "nauc_map_at_10_diff1": 0.552374,
        "nauc_map_at_20_max": 0.299497,
        "nauc_map_at_20_std": 0.059541,
        "nauc_map_at_20_diff1": 0.587301,
        "nauc_map_at_100_max": 0.29972,
        "nauc_map_at_100_std": 0.062051,
        "nauc_map_at_100_diff1": 0.585084,
        "nauc_map_at_1000_max": 0.29933,
        "nauc_map_at_1000_std": 0.06227,
        "nauc_map_at_1000_diff1": 0.585111,
        "nauc_recall_at_1_max": 0.310504,
        "nauc_recall_at_1_std": 0.153004,
        "nauc_recall_at_1_diff1": 0.713213,
        "nauc_recall_at_3_max": 0.26264,
        "nauc_recall_at_3_std": 0.049784,
        "nauc_recall_at_3_diff1": 0.337926,
        "nauc_recall_at_5_max": 0.295974,
        "nauc_recall_at_5_std": 0.05207,
        "nauc_recall_at_5_diff1": 0.322587,
        "nauc_recall_at_10_max": 0.247859,
        "nauc_recall_at_10_std": -0.189487,
        "nauc_recall_at_10_diff1": 0.201222,
        "nauc_recall_at_20_max": 0.406176,
        "nauc_recall_at_20_std": -0.134379,
        "nauc_recall_at_20_diff1": 0.675204,
        "nauc_recall_at_100_max": 0.723262,
        "nauc_recall_at_100_std": -0.175564,
        "nauc_recall_at_100_diff1": 0.556079,
        "nauc_recall_at_1000_max": NaN,
        "nauc_recall_at_1000_std": NaN,
        "nauc_recall_at_1000_diff1": NaN,
        "nauc_precision_at_1_max": 0.327678,
        "nauc_precision_at_1_std": 0.166442,
        "nauc_precision_at_1_diff1": 0.794268,
        "nauc_precision_at_3_max": 0.281965,
        "nauc_precision_at_3_std": 0.055261,
        "nauc_precision_at_3_diff1": 0.295578,
        "nauc_precision_at_5_max": 0.242634,
        "nauc_precision_at_5_std": 0.041997,
        "nauc_precision_at_5_diff1": 0.185639,
        "nauc_precision_at_10_max": 0.291241,
        "nauc_precision_at_10_std": -0.030084,
        "nauc_precision_at_10_diff1": 0.107461,
        "nauc_precision_at_20_max": 0.357961,
        "nauc_precision_at_20_std": 0.187077,
        "nauc_precision_at_20_diff1": 0.295538,
        "nauc_precision_at_100_max": 0.280689,
        "nauc_precision_at_100_std": 0.224662,
        "nauc_precision_at_100_diff1": 0.115756,
        "nauc_precision_at_1000_max": 0.238581,
        "nauc_precision_at_1000_std": 0.262742,
        "nauc_precision_at_1000_diff1": 0.073862,
        "nauc_mrr_at_1_max": 0.327678,
        "nauc_mrr_at_1_std": 0.166442,
        "nauc_mrr_at_1_diff1": 0.794268,
        "nauc_mrr_at_3_max": 0.322413,
        "nauc_mrr_at_3_std": 0.12227,
        "nauc_mrr_at_3_diff1": 0.619842,
        "nauc_mrr_at_5_max": 0.322413,
        "nauc_mrr_at_5_std": 0.12227,
        "nauc_mrr_at_5_diff1": 0.619842,
        "nauc_mrr_at_10_max": 0.342041,
        "nauc_mrr_at_10_std": 0.13244,
        "nauc_mrr_at_10_diff1": 0.65545,
        "nauc_mrr_at_20_max": 0.335935,
        "nauc_mrr_at_20_std": 0.125532,
        "nauc_mrr_at_20_diff1": 0.660978,
        "nauc_mrr_at_100_max": 0.337419,
        "nauc_mrr_at_100_std": 0.12823,
        "nauc_mrr_at_100_diff1": 0.660474,
        "nauc_mrr_at_1000_max": 0.33707,
        "nauc_mrr_at_1000_std": 0.128505,
        "nauc_mrr_at_1000_diff1": 0.660569,
        "main_score": 0.52791,
        "hf_subset": "default",
        "languages": [
          "eng-Latn"
        ]
      }
    ]
  },
  "evaluation_time": 29.7266366481781,
  "kg_co2_emissions": null
}