{
  "dataset_revision": "5037d69d177c9628fb79cb57eea1299178b28c1b",
  "task_name": "PubChemSynonymPC",
  "mteb_version": "1.36.29",
  "scores": {
    "test": [
      {
        "similarity_accuracy": 0.942871,
        "similarity_accuracy_threshold": 0.512752,
        "similarity_f1": 0.634146,
        "similarity_f1_threshold": 0.452773,
        "similarity_precision": 0.83871,
        "similarity_recall": 0.509804,
        "similarity_ap": 0.607404,
        "cosine_accuracy": 0.942871,
        "cosine_accuracy_threshold": 0.512752,
        "cosine_f1": 0.634146,
        "cosine_f1_threshold": 0.452773,
        "cosine_precision": 0.83871,
        "cosine_recall": 0.509804,
        "cosine_ap": 0.607404,
        "manhattan_accuracy": 0.937012,
        "manhattan_accuracy_threshold": 398.361206,
        "manhattan_f1": 0.5919,
        "manhattan_f1_threshold": 432.466125,
        "manhattan_precision": 0.811966,
        "manhattan_recall": 0.465686,
        "manhattan_ap": 0.572758,
        "euclidean_accuracy": 0.937012,
        "euclidean_accuracy_threshold": 19.393948,
        "euclidean_f1": 0.597561,
        "euclidean_f1_threshold": 19.935562,
        "euclidean_precision": 0.790323,
        "euclidean_recall": 0.480392,
        "euclidean_ap": 0.573384,
        "dot_accuracy": 0.942383,
        "dot_accuracy_threshold": 186.418549,
        "dot_f1": 0.635294,
        "dot_f1_threshold": 160.350632,
        "dot_precision": 0.794118,
        "dot_recall": 0.529412,
        "dot_ap": 0.606268,
        "max_accuracy": 0.942871,
        "max_f1": 0.635294,
        "max_precision": 0.83871,
        "max_recall": 0.529412,
        "max_ap": 0.607404,
        "main_score": 0.607404,
        "hf_subset": "default",
        "languages": [
          "eng-Latn"
        ]
      }
    ]
  },
  "evaluation_time": 3.6584184169769287,
  "kg_co2_emissions": null
}