{
  "dataset_revision": "1840e8a5ac6ec752bbdd97d543ead0189bc7c25b",
  "task_name": "ChemHotpotQARetrieval",
  "mteb_version": "1.36.29",
  "scores": {
    "train": [
      {
        "ndcg_at_1": 0.82222,
        "ndcg_at_3": 0.86121,
        "ndcg_at_5": 0.87029,
        "ndcg_at_10": 0.88269,
        "ndcg_at_20": 0.88544,
        "ndcg_at_100": 0.88845,
        "ndcg_at_1000": 0.88992,
        "map_at_1": 0.80278,
        "map_at_3": 0.84815,
        "map_at_5": 0.85315,
        "map_at_10": 0.85816,
        "map_at_20": 0.85888,
        "map_at_100": 0.8595,
        "map_at_1000": 0.85956,
        "recall_at_1": 0.80278,
        "recall_at_3": 0.89167,
        "recall_at_5": 0.91389,
        "recall_at_10": 0.95278,
        "recall_at_20": 0.96389,
        "recall_at_100": 0.97778,
        "recall_at_1000": 0.98889,
        "precision_at_1": 0.82222,
        "precision_at_3": 0.30741,
        "precision_at_5": 0.18889,
        "precision_at_10": 0.09833,
        "precision_at_20": 0.04972,
        "precision_at_100": 0.01017,
        "precision_at_1000": 0.00103,
        "mrr_at_1": 0.822222,
        "mrr_at_3": 0.856481,
        "mrr_at_5": 0.861481,
        "mrr_at_10": 0.866495,
        "mrr_at_20": 0.867212,
        "mrr_at_100": 0.867367,
        "mrr_at_1000": 0.867429,
        "nauc_ndcg_at_1_max": 0.592025,
        "nauc_ndcg_at_1_std": -0.258201,
        "nauc_ndcg_at_1_diff1": 0.913422,
        "nauc_ndcg_at_3_max": 0.504841,
        "nauc_ndcg_at_3_std": -0.349442,
        "nauc_ndcg_at_3_diff1": 0.788375,
        "nauc_ndcg_at_5_max": 0.476053,
        "nauc_ndcg_at_5_std": -0.390677,
        "nauc_ndcg_at_5_diff1": 0.785583,
        "nauc_ndcg_at_10_max": 0.451154,
        "nauc_ndcg_at_10_std": -0.399252,
        "nauc_ndcg_at_10_diff1": 0.779559,
        "nauc_ndcg_at_20_max": 0.447005,
        "nauc_ndcg_at_20_std": -0.392536,
        "nauc_ndcg_at_20_diff1": 0.777307,
        "nauc_ndcg_at_100_max": 0.470388,
        "nauc_ndcg_at_100_std": -0.361577,
        "nauc_ndcg_at_100_diff1": 0.806446,
        "nauc_ndcg_at_1000_max": 0.468059,
        "nauc_ndcg_at_1000_std": -0.358766,
        "nauc_ndcg_at_1000_diff1": 0.807559,
        "nauc_map_at_1_max": 0.472785,
        "nauc_map_at_1_std": -0.32569,
        "nauc_map_at_1_diff1": 0.836865,
        "nauc_map_at_3_max": 0.495456,
        "nauc_map_at_3_std": -0.340993,
        "nauc_map_at_3_diff1": 0.781066,
        "nauc_map_at_5_max": 0.480946,
        "nauc_map_at_5_std": -0.361891,
        "nauc_map_at_5_diff1": 0.779505,
        "nauc_map_at_10_max": 0.472591,
        "nauc_map_at_10_std": -0.363877,
        "nauc_map_at_10_diff1": 0.776981,
        "nauc_map_at_20_max": 0.471794,
        "nauc_map_at_20_std": -0.362203,
        "nauc_map_at_20_diff1": 0.776488,
        "nauc_map_at_100_max": 0.475928,
        "nauc_map_at_100_std": -0.357585,
        "nauc_map_at_100_diff1": 0.781579,
        "nauc_map_at_1000_max": 0.475808,
        "nauc_map_at_1000_std": -0.357489,
        "nauc_map_at_1000_diff1": 0.781578,
        "nauc_recall_at_1_max": 0.472785,
        "nauc_recall_at_1_std": -0.32569,
        "nauc_recall_at_1_diff1": 0.836865,
        "nauc_recall_at_3_max": 0.433203,
        "nauc_recall_at_3_std": -0.458113,
        "nauc_recall_at_3_diff1": 0.693257,
        "nauc_recall_at_5_max": 0.307807,
        "nauc_recall_at_5_std": -0.619605,
        "nauc_recall_at_5_diff1": 0.649604,
        "nauc_recall_at_10_max": -0.013978,
        "nauc_recall_at_10_std": -0.870297,
        "nauc_recall_at_10_diff1": 0.496705,
        "nauc_recall_at_20_max": -0.207103,
        "nauc_recall_at_20_std": -0.934533,
        "nauc_recall_at_20_diff1": 0.382066,
        "nauc_recall_at_100_max": -0.097456,
        "nauc_recall_at_100_std": -0.578198,
        "nauc_recall_at_100_diff1": 0.7905,
        "nauc_recall_at_1000_max": -0.80859,
        "nauc_recall_at_1000_std": -0.592904,
        "nauc_recall_at_1000_diff1": 0.869281,
        "nauc_precision_at_1_max": 0.592025,
        "nauc_precision_at_1_std": -0.258201,
        "nauc_precision_at_1_diff1": 0.913422,
        "nauc_precision_at_3_max": 0.449143,
        "nauc_precision_at_3_std": -0.198507,
        "nauc_precision_at_3_diff1": 0.464761,
        "nauc_precision_at_5_max": 0.363507,
        "nauc_precision_at_5_std": -0.272675,
        "nauc_precision_at_5_diff1": 0.395358,
        "nauc_precision_at_10_max": 0.195505,
        "nauc_precision_at_10_std": -0.251354,
        "nauc_precision_at_10_diff1": 0.174771,
        "nauc_precision_at_20_max": 0.125576,
        "nauc_precision_at_20_std": -0.182762,
        "nauc_precision_at_20_diff1": 0.058631,
        "nauc_precision_at_100_max": 0.255677,
        "nauc_precision_at_100_std": 0.22235,
        "nauc_precision_at_100_diff1": 0.189024,
        "nauc_precision_at_1000_max": 0.205182,
        "nauc_precision_at_1000_std": 0.333191,
        "nauc_precision_at_1000_diff1": 0.1153,
        "nauc_mrr_at_1_max": 0.592025,
        "nauc_mrr_at_1_std": -0.258201,
        "nauc_mrr_at_1_diff1": 0.913422,
        "nauc_mrr_at_3_max": 0.589155,
        "nauc_mrr_at_3_std": -0.277425,
        "nauc_mrr_at_3_diff1": 0.889776,
        "nauc_mrr_at_5_max": 0.57738,
        "nauc_mrr_at_5_std": -0.29707,
        "nauc_mrr_at_5_diff1": 0.892222,
        "nauc_mrr_at_10_max": 0.572335,
        "nauc_mrr_at_10_std": -0.296626,
        "nauc_mrr_at_10_diff1": 0.893975,
        "nauc_mrr_at_20_max": 0.572055,
        "nauc_mrr_at_20_std": -0.294477,
        "nauc_mrr_at_20_diff1": 0.894115,
        "nauc_mrr_at_100_max": 0.571872,
        "nauc_mrr_at_100_std": -0.29272,
        "nauc_mrr_at_100_diff1": 0.893986,
        "nauc_mrr_at_1000_max": 0.571793,
        "nauc_mrr_at_1000_std": -0.292586,
        "nauc_mrr_at_1000_diff1": 0.89404,
        "main_score": 0.88269,
        "hf_subset": "default",
        "languages": [
          "eng-Latn"
        ]
      }
    ],
    "dev": [
      {
        "ndcg_at_1": 0.875,
        "ndcg_at_3": 0.875,
        "ndcg_at_5": 0.875,
        "ndcg_at_10": 0.875,
        "ndcg_at_20": 0.875,
        "ndcg_at_100": 0.89576,
        "ndcg_at_1000": 0.89576,
        "map_at_1": 0.875,
        "map_at_3": 0.875,
        "map_at_5": 0.875,
        "map_at_10": 0.875,
        "map_at_20": 0.875,
        "map_at_100": 0.87695,
        "map_at_1000": 0.87695,
        "recall_at_1": 0.875,
        "recall_at_3": 0.875,
        "recall_at_5": 0.875,
        "recall_at_10": 0.875,
        "recall_at_20": 0.875,
        "recall_at_100": 1.0,
        "recall_at_1000": 1.0,
        "precision_at_1": 0.875,
        "precision_at_3": 0.29167,
        "precision_at_5": 0.175,
        "precision_at_10": 0.0875,
        "precision_at_20": 0.04375,
        "precision_at_100": 0.01,
        "precision_at_1000": 0.001,
        "mrr_at_1": 0.875,
        "mrr_at_3": 0.875,
        "mrr_at_5": 0.875,
        "mrr_at_10": 0.875,
        "mrr_at_20": 0.875,
        "mrr_at_100": 0.876953,
        "mrr_at_1000": 0.876953,
        "nauc_ndcg_at_1_max": 1.0,
        "nauc_ndcg_at_1_std": 0.865546,
        "nauc_ndcg_at_1_diff1": 0.865546,
        "nauc_ndcg_at_3_max": 1.0,
        "nauc_ndcg_at_3_std": 0.865546,
        "nauc_ndcg_at_3_diff1": 0.865546,
        "nauc_ndcg_at_5_max": 1.0,
        "nauc_ndcg_at_5_std": 0.865546,
        "nauc_ndcg_at_5_diff1": 0.865546,
        "nauc_ndcg_at_10_max": 1.0,
        "nauc_ndcg_at_10_std": 0.865546,
        "nauc_ndcg_at_10_diff1": 0.865546,
        "nauc_ndcg_at_20_max": 1.0,
        "nauc_ndcg_at_20_std": 0.865546,
        "nauc_ndcg_at_20_diff1": 0.865546,
        "nauc_ndcg_at_100_max": 1.0,
        "nauc_ndcg_at_100_std": 0.865546,
        "nauc_ndcg_at_100_diff1": 0.865546,
        "nauc_ndcg_at_1000_max": 1.0,
        "nauc_ndcg_at_1000_std": 0.865546,
        "nauc_ndcg_at_1000_diff1": 0.865546,
        "nauc_map_at_1_max": 1.0,
        "nauc_map_at_1_std": 0.865546,
        "nauc_map_at_1_diff1": 0.865546,