{
  "dataset_revision": "5d958fb6b31055495347724d46431ba41309b03a",
  "task_name": "ChemNQRetrieval",
  "mteb_version": "1.36.29",
  "scores": {
    "test": [
      {
        "ndcg_at_1": 0.48148,
        "ndcg_at_3": 0.53083,
        "ndcg_at_5": 0.58422,
        "ndcg_at_10": 0.59896,
        "ndcg_at_20": 0.6283,
        "ndcg_at_100": 0.64599,
        "ndcg_at_1000": 0.65222,
        "map_at_1": 0.3642,
        "map_at_3": 0.48765,
        "map_at_5": 0.51914,
        "map_at_10": 0.52641,
        "map_at_20": 0.53603,
        "map_at_100": 0.53885,
        "map_at_1000": 0.53912,
        "recall_at_1": 0.3642,
        "recall_at_3": 0.58642,
        "recall_at_5": 0.71605,
        "recall_at_10": 0.75309,
        "recall_at_20": 0.8642,
        "recall_at_100": 0.95062,
        "recall_at_1000": 1.0,
        "precision_at_1": 0.48148,
        "precision_at_3": 0.24691,
        "precision_at_5": 0.17778,
        "precision_at_10": 0.0963,
        "precision_at_20": 0.05556,
        "precision_at_100": 0.01222,
        "precision_at_1000": 0.0013,
        "mrr_at_1": 0.481481,
        "mrr_at_3": 0.567901,
        "mrr_at_5": 0.591975,
        "mrr_at_10": 0.597266,
        "mrr_at_20": 0.601624,
        "mrr_at_100": 0.603947,
        "mrr_at_1000": 0.603997,
        "nauc_ndcg_at_1_max": 0.235692,
        "nauc_ndcg_at_1_std": -0.100969,
        "nauc_ndcg_at_1_diff1": 0.349094,
        "nauc_ndcg_at_3_max": 0.0997,
        "nauc_ndcg_at_3_std": -0.265099,
        "nauc_ndcg_at_3_diff1": 0.408586,
        "nauc_ndcg_at_5_max": 0.198131,
        "nauc_ndcg_at_5_std": -0.198562,
        "nauc_ndcg_at_5_diff1": 0.358226,
        "nauc_ndcg_at_10_max": 0.236887,
        "nauc_ndcg_at_10_std": -0.112288,
        "nauc_ndcg_at_10_diff1": 0.437641,
        "nauc_ndcg_at_20_max": 0.231795,
        "nauc_ndcg_at_20_std": -0.09827,
        "nauc_ndcg_at_20_diff1": 0.442901,
        "nauc_ndcg_at_100_max": 0.194167,
        "nauc_ndcg_at_100_std": -0.14899,
        "nauc_ndcg_at_100_diff1": 0.435479,
        "nauc_ndcg_at_1000_max": 0.202361,
        "nauc_ndcg_at_1000_std": -0.141069,
        "nauc_ndcg_at_1000_diff1": 0.427442,
        "nauc_map_at_1_max": 0.042684,
        "nauc_map_at_1_std": -0.14563,
        "nauc_map_at_1_diff1": 0.296961,
        "nauc_map_at_3_max": 0.070538,
        "nauc_map_at_3_std": -0.268975,
        "nauc_map_at_3_diff1": 0.392638,
        "nauc_map_at_5_max": 0.132834,
        "nauc_map_at_5_std": -0.230103,
        "nauc_map_at_5_diff1": 0.361541,
        "nauc_map_at_10_max": 0.148968,
        "nauc_map_at_10_std": -0.192201,
        "nauc_map_at_10_diff1": 0.396994,
        "nauc_map_at_20_max": 0.156332,
        "nauc_map_at_20_std": -0.181853,
        "nauc_map_at_20_diff1": 0.400712,
        "nauc_map_at_100_max": 0.15114,
        "nauc_map_at_100_std": -0.188796,
        "nauc_map_at_100_diff1": 0.399782,
        "nauc_map_at_1000_max": 0.150912,
        "nauc_map_at_1000_std": -0.188679,
        "nauc_map_at_1000_diff1": 0.399761,
        "nauc_recall_at_1_max": 0.042684,
        "nauc_recall_at_1_std": -0.14563,
        "nauc_recall_at_1_diff1": 0.296961,
        "nauc_recall_at_3_max": 0.019353,
        "nauc_recall_at_3_std": -0.341258,
        "nauc_recall_at_3_diff1": 0.422087,
        "nauc_recall_at_5_max": 0.257242,
        "nauc_recall_at_5_std": -0.179364,
        "nauc_recall_at_5_diff1": 0.278382,
        "nauc_recall_at_10_max": 0.38133,
        "nauc_recall_at_10_std": 0.093766,
        "nauc_recall_at_10_diff1": 0.511685,
        "nauc_recall_at_20_max": 0.378427,
        "nauc_recall_at_20_std": 0.242121,
        "nauc_recall_at_20_diff1": 0.642926,
        "nauc_recall_at_100_max": -0.290447,
        "nauc_recall_at_100_std": -0.473358,
        "nauc_recall_at_100_diff1": 0.778302,
        "nauc_recall_at_1000_max": NaN,
        "nauc_recall_at_1000_std": NaN,
        "nauc_recall_at_1000_diff1": NaN,
        "nauc_precision_at_1_max": 0.235692,
        "nauc_precision_at_1_std": -0.100969,
        "nauc_precision_at_1_diff1": 0.349094,
        "nauc_precision_at_3_max": 0.225738,
        "nauc_precision_at_3_std": -0.296537,
        "nauc_precision_at_3_diff1": 0.447226,
        "nauc_precision_at_5_max": 0.456038,
        "nauc_precision_at_5_std": -0.116888,
        "nauc_precision_at_5_diff1": 0.261187,
        "nauc_precision_at_10_max": 0.53889,
        "nauc_precision_at_10_std": 0.199674,
        "nauc_precision_at_10_diff1": 0.466405,
        "nauc_precision_at_20_max": 0.540753,
        "nauc_precision_at_20_std": 0.288083,
        "nauc_precision_at_20_diff1": 0.431931,
        "nauc_precision_at_100_max": 0.40361,
        "nauc_precision_at_100_std": 0.188902,
        "nauc_precision_at_100_diff1": 0.358067,
        "nauc_precision_at_1000_max": 0.37687,
        "nauc_precision_at_1000_std": 0.246835,
        "nauc_precision_at_1000_diff1": 0.227033,
        "nauc_mrr_at_1_max": 0.235692,
        "nauc_mrr_at_1_std": -0.100969,
        "nauc_mrr_at_1_diff1": 0.349094,
        "nauc_mrr_at_3_max": 0.238996,
        "nauc_mrr_at_3_std": -0.143477,
        "nauc_mrr_at_3_diff1": 0.386727,
        "nauc_mrr_at_5_max": 0.268588,
        "nauc_mrr_at_5_std": -0.11284,
        "nauc_mrr_at_5_diff1": 0.374355,
        "nauc_mrr_at_10_max": 0.282089,
        "nauc_mrr_at_10_std": -0.083691,
        "nauc_mrr_at_10_diff1": 0.400387,
        "nauc_mrr_at_20_max": 0.271972,
        "nauc_mrr_at_20_std": -0.087551,
        "nauc_mrr_at_20_diff1": 0.397315,
        "nauc_mrr_at_100_max": 0.268461,
        "nauc_mrr_at_100_std": -0.093898,
        "nauc_mrr_at_100_diff1": 0.39617,
        "nauc_mrr_at_1000_max": 0.268604,
        "nauc_mrr_at_1000_std": -0.093817,
        "nauc_mrr_at_1000_diff1": 0.396068,
        "main_score": 0.59896,
        "hf_subset": "default",
        "languages": [
          "eng-Latn"
        ]
      }
    ]
  },
  "evaluation_time": 29.999027729034424,
  "kg_co2_emissions": null
}