{
  "dataset_revision": "8fae72a2c75530aaaac6920a02622490d923ca98",
  "task_name": "ChemRxivNC2",
  "mteb_version": "1.36.29",
  "scores": {
    "test": [
      {
        "ndcg_at_1": 0.5082,
        "ndcg_at_3": 0.60918,
        "ndcg_at_5": 0.6344,
        "ndcg_at_10": 0.65544,
        "ndcg_at_20": 0.6669,
        "ndcg_at_100": 0.68005,
        "ndcg_at_1000": 0.68711,
        "map_at_1": 0.5082,
        "map_at_3": 0.5849,
        "map_at_5": 0.59891,
        "map_at_10": 0.60772,
        "map_at_20": 0.61091,
        "map_at_100": 0.61269,
        "map_at_1000": 0.61295,
        "recall_at_1": 0.5082,
        "recall_at_3": 0.6792,
        "recall_at_5": 0.7404,
        "recall_at_10": 0.8048,
        "recall_at_20": 0.8498,
        "recall_at_100": 0.9212,
        "recall_at_1000": 0.9774,
        "precision_at_1": 0.5082,
        "precision_at_3": 0.2264,
        "precision_at_5": 0.14808,
        "precision_at_10": 0.08048,
        "precision_at_20": 0.04249,
        "precision_at_100": 0.00921,
        "precision_at_1000": 0.00098,
        "mrr_at_1": 0.5084,
        "mrr_at_3": 0.5849,
        "mrr_at_5": 0.59897,
        "mrr_at_10": 0.607812,
        "mrr_at_20": 0.611003,
        "mrr_at_100": 0.612788,
        "mrr_at_1000": 0.613042,
        "nauc_ndcg_at_1_max": 0.134141,
        "nauc_ndcg_at_1_std": 0.017364,
        "nauc_ndcg_at_1_diff1": 0.646923,
        "nauc_ndcg_at_3_max": 0.124118,
        "nauc_ndcg_at_3_std": 0.046493,
        "nauc_ndcg_at_3_diff1": 0.600634,
        "nauc_ndcg_at_5_max": 0.127946,
        "nauc_ndcg_at_5_std": 0.055305,
        "nauc_ndcg_at_5_diff1": 0.593059,
        "nauc_ndcg_at_10_max": 0.129312,
        "nauc_ndcg_at_10_std": 0.066817,
        "nauc_ndcg_at_10_diff1": 0.591657,
        "nauc_ndcg_at_20_max": 0.126067,
        "nauc_ndcg_at_20_std": 0.07215,
        "nauc_ndcg_at_20_diff1": 0.596865,
        "nauc_ndcg_at_100_max": 0.124822,
        "nauc_ndcg_at_100_std": 0.0717,
        "nauc_ndcg_at_100_diff1": 0.599501,
        "nauc_ndcg_at_1000_max": 0.125966,
        "nauc_ndcg_at_1000_std": 0.06455,
        "nauc_ndcg_at_1000_diff1": 0.602559,
        "nauc_map_at_1_max": 0.134141,
        "nauc_map_at_1_std": 0.017364,
        "nauc_map_at_1_diff1": 0.646923,
        "nauc_map_at_3_max": 0.126827,
        "nauc_map_at_3_std": 0.039182,
        "nauc_map_at_3_diff1": 0.612485,
        "nauc_map_at_5_max": 0.128624,
        "nauc_map_at_5_std": 0.043522,
        "nauc_map_at_5_diff1": 0.608766,
        "nauc_map_at_10_max": 0.129352,
        "nauc_map_at_10_std": 0.047754,
        "nauc_map_at_10_diff1": 0.608561,
        "nauc_map_at_20_max": 0.128587,
        "nauc_map_at_20_std": 0.048931,
        "nauc_map_at_20_diff1": 0.60996,
        "nauc_map_at_100_max": 0.128479,
        "nauc_map_at_100_std": 0.048926,
        "nauc_map_at_100_diff1": 0.610375,
        "nauc_map_at_1000_max": 0.128539,
        "nauc_map_at_1000_std": 0.048696,
        "nauc_map_at_1000_diff1": 0.610488,
        "nauc_recall_at_1_max": 0.134141,
        "nauc_recall_at_1_std": 0.017364,
        "nauc_recall_at_1_diff1": 0.646923,
        "nauc_recall_at_3_max": 0.115034,
        "nauc_recall_at_3_std": 0.070744,
        "nauc_recall_at_3_diff1": 0.561208,
        "nauc_recall_at_5_max": 0.126522,
        "nauc_recall_at_5_std": 0.101814,
        "nauc_recall_at_5_diff1": 0.532073,
        "nauc_recall_at_10_max": 0.130637,
        "nauc_recall_at_10_std": 0.165159,
        "nauc_recall_at_10_diff1": 0.510112,
        "nauc_recall_at_20_max": 0.107388,
        "nauc_recall_at_20_std": 0.229251,
        "nauc_recall_at_20_diff1": 0.525714,
        "nauc_recall_at_100_max": 0.070091,
        "nauc_recall_at_100_std": 0.341651,
        "nauc_recall_at_100_diff1": 0.509851,
        "nauc_recall_at_1000_max": 0.012353,
        "nauc_recall_at_1000_std": 0.407774,
        "nauc_recall_at_1000_diff1": 0.538046,
        "nauc_precision_at_1_max": 0.134141,
        "nauc_precision_at_1_std": 0.017364,
        "nauc_precision_at_1_diff1": 0.646923,
        "nauc_precision_at_3_max": 0.115034,
        "nauc_precision_at_3_std": 0.070744,
        "nauc_precision_at_3_diff1": 0.561208,
        "nauc_precision_at_5_max": 0.126522,
        "nauc_precision_at_5_std": 0.101814,
        "nauc_precision_at_5_diff1": 0.532073,
        "nauc_precision_at_10_max": 0.130637,
        "nauc_precision_at_10_std": 0.165159,
        "nauc_precision_at_10_diff1": 0.510112,
        "nauc_precision_at_20_max": 0.107388,
        "nauc_precision_at_20_std": 0.229251,
        "nauc_precision_at_20_diff1": 0.525714,
        "nauc_precision_at_100_max": 0.070091,
        "nauc_precision_at_100_std": 0.341651,
        "nauc_precision_at_100_diff1": 0.509851,
        "nauc_precision_at_1000_max": 0.012353,
        "nauc_precision_at_1000_std": 0.407774,
        "nauc_precision_at_1000_diff1": 0.538046,
        "nauc_mrr_at_1_max": 0.135282,
        "nauc_mrr_at_1_std": 0.015897,
        "nauc_mrr_at_1_diff1": 0.64648,
        "nauc_mrr_at_3_max": 0.127451,
        "nauc_mrr_at_3_std": 0.038332,
        "nauc_mrr_at_3_diff1": 0.612447,
        "nauc_mrr_at_5_max": 0.129375,
        "nauc_mrr_at_5_std": 0.042648,
        "nauc_mrr_at_5_diff1": 0.608583,
        "nauc_mrr_at_10_max": 0.130049,
        "nauc_mrr_at_10_std": 0.046928,
        "nauc_mrr_at_10_diff1": 0.608311,
        "nauc_mrr_at_20_max": 0.12929,
        "nauc_mrr_at_20_std": 0.048098,
        "nauc_mrr_at_20_diff1": 0.609708,
        "nauc_mrr_at_100_max": 0.129186,
        "nauc_mrr_at_100_std": 0.048089,
        "nauc_mrr_at_100_diff1": 0.610122,
        "nauc_mrr_at_1000_max": 0.129247,
        "nauc_mrr_at_1000_std": 0.047857,
        "nauc_mrr_at_1000_diff1": 0.610234,
        "main_score": 0.65544,
        "hf_subset": "default",
        "languages": [
          "eng-Latn"
        ]
      }
    ]
  },
  "evaluation_time": 486.45412135124207,
  "kg_co2_emissions": null
}