{
  "dataset_revision": "8fae72a2c75530aaaac6920a02622490d923ca98",
  "task_name": "ChemRxivNC2",
  "mteb_version": "1.36.29",
  "scores": {
    "test": [
      {
        "ndcg_at_1": 0.6546,
        "ndcg_at_3": 0.75763,
        "ndcg_at_5": 0.78035,
        "ndcg_at_10": 0.79448,
        "ndcg_at_20": 0.80151,
        "ndcg_at_100": 0.80719,
        "ndcg_at_1000": 0.80874,
        "map_at_1": 0.6546,
        "map_at_3": 0.73307,
        "map_at_5": 0.74576,
        "map_at_10": 0.75161,
        "map_at_20": 0.75352,
        "map_at_100": 0.75432,
        "map_at_1000": 0.75437,
        "recall_at_1": 0.6546,
        "recall_at_3": 0.8284,
        "recall_at_5": 0.8832,
        "recall_at_10": 0.9268,
        "recall_at_20": 0.9548,
        "recall_at_100": 0.9852,
        "recall_at_1000": 0.9976,
        "precision_at_1": 0.6546,
        "precision_at_3": 0.27613,
        "precision_at_5": 0.17664,
        "precision_at_10": 0.09268,
        "precision_at_20": 0.04774,
        "precision_at_100": 0.00985,
        "precision_at_1000": 0.001,
        "mrr_at_1": 0.654,
        "mrr_at_3": 0.7327,
        "mrr_at_5": 0.74545,
        "mrr_at_10": 0.751299,
        "mrr_at_20": 0.753208,
        "mrr_at_100": 0.754011,
        "mrr_at_1000": 0.754066,
        "nauc_ndcg_at_1_max": 0.411763,
        "nauc_ndcg_at_1_std": -0.123856,
        "nauc_ndcg_at_1_diff1": 0.705815,
        "nauc_ndcg_at_3_max": 0.44526,
        "nauc_ndcg_at_3_std": -0.105019,
        "nauc_ndcg_at_3_diff1": 0.66163,
        "nauc_ndcg_at_5_max": 0.45648,
        "nauc_ndcg_at_5_std": -0.094747,
        "nauc_ndcg_at_5_diff1": 0.664726,
        "nauc_ndcg_at_10_max": 0.458458,
        "nauc_ndcg_at_10_std": -0.086485,
        "nauc_ndcg_at_10_diff1": 0.669666,
        "nauc_ndcg_at_20_max": 0.455002,
        "nauc_ndcg_at_20_std": -0.083367,
        "nauc_ndcg_at_20_diff1": 0.671214,
        "nauc_ndcg_at_100_max": 0.448395,
        "nauc_ndcg_at_100_std": -0.089527,
        "nauc_ndcg_at_100_diff1": 0.673441,
        "nauc_ndcg_at_1000_max": 0.44682,
        "nauc_ndcg_at_1000_std": -0.094225,
        "nauc_ndcg_at_1000_diff1": 0.674507,
        "nauc_map_at_1_max": 0.411763,
        "nauc_map_at_1_std": -0.123856,
        "nauc_map_at_1_diff1": 0.705815,
        "nauc_map_at_3_max": 0.435447,
        "nauc_map_at_3_std": -0.11049,
        "nauc_map_at_3_diff1": 0.673686,
        "nauc_map_at_5_max": 0.440683,
        "nauc_map_at_5_std": -0.105822,
        "nauc_map_at_5_diff1": 0.675769,
        "nauc_map_at_10_max": 0.44087,
        "nauc_map_at_10_std": -0.103132,
        "nauc_map_at_10_diff1": 0.677573,
        "nauc_map_at_20_max": 0.44004,
        "nauc_map_at_20_std": -0.102607,
        "nauc_map_at_20_diff1": 0.678096,
        "nauc_map_at_100_max": 0.439248,
        "nauc_map_at_100_std": -0.103386,
        "nauc_map_at_100_diff1": 0.678319,
        "nauc_map_at_1000_max": 0.439208,
        "nauc_map_at_1000_std": -0.103513,
        "nauc_map_at_1000_diff1": 0.678348,
        "nauc_recall_at_1_max": 0.411763,
        "nauc_recall_at_1_std": -0.123856,
        "nauc_recall_at_1_diff1": 0.705815,
        "nauc_recall_at_3_max": 0.485316,
        "nauc_recall_at_3_std": -0.082716,
        "nauc_recall_at_3_diff1": 0.612948,
        "nauc_recall_at_5_max": 0.54585,
        "nauc_recall_at_5_std": -0.030867,
        "nauc_recall_at_5_diff1": 0.605655,
        "nauc_recall_at_10_max": 0.612958,
        "nauc_recall_at_10_std": 0.066292,
        "nauc_recall_at_10_diff1": 0.612741,
        "nauc_recall_at_20_max": 0.652961,
        "nauc_recall_at_20_std": 0.208774,
        "nauc_recall_at_20_diff1": 0.597126,
        "nauc_recall_at_100_max": 0.660642,
        "nauc_recall_at_100_std": 0.438975,
        "nauc_recall_at_100_diff1": 0.588166,
        "nauc_recall_at_1000_max": 0.842631,
        "nauc_recall_at_1000_std": 0.533613,
        "nauc_recall_at_1000_diff1": 0.740702,
        "nauc_precision_at_1_max": 0.411763,
        "nauc_precision_at_1_std": -0.123856,
        "nauc_precision_at_1_diff1": 0.705815,
        "nauc_precision_at_3_max": 0.485316,
        "nauc_precision_at_3_std": -0.082716,
        "nauc_precision_at_3_diff1": 0.612948,
        "nauc_precision_at_5_max": 0.54585,
        "nauc_precision_at_5_std": -0.030867,
        "nauc_precision_at_5_diff1": 0.605655,
        "nauc_precision_at_10_max": 0.612958,
        "nauc_precision_at_10_std": 0.066292,
        "nauc_precision_at_10_diff1": 0.612741,
        "nauc_precision_at_20_max": 0.652961,
        "nauc_precision_at_20_std": 0.208774,
        "nauc_precision_at_20_diff1": 0.597126,
        "nauc_precision_at_100_max": 0.660642,
        "nauc_precision_at_100_std": 0.438975,
        "nauc_precision_at_100_diff1": 0.588166,
        "nauc_precision_at_1000_max": 0.842631,
        "nauc_precision_at_1000_std": 0.533613,
        "nauc_precision_at_1000_diff1": 0.740702,
        "nauc_mrr_at_1_max": 0.40941,
        "nauc_mrr_at_1_std": -0.126759,
        "nauc_mrr_at_1_diff1": 0.707099,
        "nauc_mrr_at_3_max": 0.433816,
        "nauc_mrr_at_3_std": -0.112316,
        "nauc_mrr_at_3_diff1": 0.674622,
        "nauc_mrr_at_5_max": 0.439084,
        "nauc_mrr_at_5_std": -0.107705,
        "nauc_mrr_at_5_diff1": 0.676638,
        "nauc_mrr_at_10_max": 0.439235,
        "nauc_mrr_at_10_std": -0.105079,
        "nauc_mrr_at_10_diff1": 0.678467,
        "nauc_mrr_at_20_max": 0.438389,
        "nauc_mrr_at_20_std": -0.104575,
        "nauc_mrr_at_20_diff1": 0.678999,
        "nauc_mrr_at_100_max": 0.437592,
        "nauc_mrr_at_100_std": -0.105359,
        "nauc_mrr_at_100_diff1": 0.679225,
        "nauc_mrr_at_1000_max": 0.437552,
        "nauc_mrr_at_1000_std": -0.105486,
        "nauc_mrr_at_1000_diff1": 0.679254,
        "main_score": 0.79448,
        "hf_subset": "default",
        "languages": [
          "eng-Latn"
        ]
      }
    ]
  },
  "evaluation_time": 175.24769759178162,
  "kg_co2_emissions": null
}