{
  "dataset_revision": "5037d69d177c9628fb79cb57eea1299178b28c1b",
  "task_name": "PubChemSynonymPC",
  "mteb_version": "1.36.29",
  "scores": {
    "test": [
      {
        "similarity_accuracy": 0.940918,
        "similarity_accuracy_threshold": 0.768295,
        "similarity_f1": 0.618297,
        "similarity_f1_threshold": 0.756166,
        "similarity_precision": 0.867257,
        "similarity_recall": 0.480392,
        "similarity_ap": 0.610449,
        "cosine_accuracy": 0.940918,
        "cosine_accuracy_threshold": 0.768295,
        "cosine_f1": 0.618297,
        "cosine_f1_threshold": 0.756166,
        "cosine_precision": 0.867257,
        "cosine_recall": 0.480392,
        "cosine_ap": 0.610449,
        "manhattan_accuracy": 0.94043,
        "manhattan_accuracy_threshold": 314.794861,
        "manhattan_f1": 0.615854,
        "manhattan_f1_threshold": 339.475525,
        "manhattan_precision": 0.814516,
        "manhattan_recall": 0.495098,
        "manhattan_ap": 0.593328,
        "euclidean_accuracy": 0.94043,
        "euclidean_accuracy_threshold": 14.703686,
        "euclidean_f1": 0.613003,
        "euclidean_f1_threshold": 15.183569,
        "euclidean_precision": 0.831933,
        "euclidean_recall": 0.485294,
        "euclidean_ap": 0.591725,
        "dot_accuracy": 0.929199,
        "dot_accuracy_threshold": 378.705536,
        "dot_f1": 0.531915,
        "dot_f1_threshold": 343.507935,
        "dot_precision": 0.581395,
        "dot_recall": 0.490196,
        "dot_ap": 0.533705,
        "max_accuracy": 0.940918,
        "max_f1": 0.618297,
        "max_precision": 0.867257,
        "max_recall": 0.495098,
        "max_ap": 0.610449,
        "main_score": 0.610449,
        "hf_subset": "default",
        "languages": [
          "eng-Latn"
        ]
      }
    ]
  },
  "evaluation_time": 3.504538059234619,
  "kg_co2_emissions": null
}