{
  "dataset_revision": "7fb14716e4106b72f51a16e682e5cd2d67e9bd70",
  "task_name": "PubChemWikiParagraphsPC",
  "mteb_version": "1.36.29",
  "scores": {
    "test": [
      {
        "similarity_accuracy": 0.899414,
        "similarity_accuracy_threshold": 0.893491,
        "similarity_f1": 0.313883,
        "similarity_f1_threshold": 0.359295,
        "similarity_precision": 0.267123,
        "similarity_recall": 0.380488,
        "similarity_ap": 0.211478,
        "cosine_accuracy": 0.899414,
        "cosine_accuracy_threshold": 0.893491,
        "cosine_f1": 0.313883,
        "cosine_f1_threshold": 0.359295,
        "cosine_precision": 0.267123,
        "cosine_recall": 0.380488,
        "cosine_ap": 0.211478,
        "manhattan_accuracy": 0.899414,
        "manhattan_accuracy_threshold": 158.143448,
        "manhattan_f1": 0.271028,
        "manhattan_f1_threshold": 361.332916,
        "manhattan_precision": 0.26009,
        "manhattan_recall": 0.282927,
        "manhattan_ap": 0.194222,
        "euclidean_accuracy": 0.899414,
        "euclidean_accuracy_threshold": 7.156963,
        "euclidean_f1": 0.275992,
        "euclidean_f1_threshold": 16.791878,
        "euclidean_precision": 0.225309,
        "euclidean_recall": 0.356098,
        "euclidean_ap": 0.197132,
        "dot_accuracy": 0.899414,
        "dot_accuracy_threshold": 297.89978,
        "dot_f1": 0.257653,
        "dot_f1_threshold": 74.036026,
        "dot_precision": 0.174439,
        "dot_recall": 0.492683,
        "dot_ap": 0.149854,
        "max_accuracy": 0.899414,
        "max_f1": 0.313883,
        "max_precision": 0.267123,
        "max_recall": 0.492683,
        "max_ap": 0.211478,
        "main_score": 0.211478,
        "hf_subset": "default",
        "languages": [
          "eng-Latn"
        ]
      }
    ]
  },
  "evaluation_time": 5.987906455993652,
  "kg_co2_emissions": null
}