{
  "dataset_revision": "70970daeab8776df92f5ea462b6173c0b46fd2d1",
  "task_name": "TwitterSemEval2015",
  "mteb_version": "1.36.29",
  "scores": {
    "test": [
      {
        "similarity_accuracy": 0.855755,
        "similarity_accuracy_threshold": 0.702313,
        "similarity_f1": 0.67359,
        "similarity_f1_threshold": 0.673439,
        "similarity_precision": 0.655112,
        "similarity_recall": 0.69314,
        "similarity_ap": 0.725538,
        "cosine_accuracy": 0.855755,
        "cosine_accuracy_threshold": 0.702313,
        "cosine_f1": 0.67359,
        "cosine_f1_threshold": 0.673439,
        "cosine_precision": 0.655112,
        "cosine_recall": 0.69314,
        "cosine_ap": 0.725538,
        "manhattan_accuracy": 0.860464,
        "manhattan_accuracy_threshold": 337.892883,
        "manhattan_f1": 0.680988,
        "manhattan_f1_threshold": 359.877808,
        "manhattan_precision": 0.639907,
        "manhattan_recall": 0.727704,
        "manhattan_ap": 0.736165,
        "euclidean_accuracy": 0.861417,
        "euclidean_accuracy_threshold": 15.267544,
        "euclidean_f1": 0.683531,
        "euclidean_f1_threshold": 16.095123,
        "euclidean_precision": 0.662621,
        "euclidean_recall": 0.705805,
        "euclidean_ap": 0.736701,
        "dot_accuracy": 0.819753,
        "dot_accuracy_threshold": 292.604156,
        "dot_f1": 0.595759,
        "dot_f1_threshold": 257.381592,
        "dot_precision": 0.520292,
        "dot_recall": 0.696834,
        "dot_ap": 0.616163,
        "max_accuracy": 0.861417,
        "max_f1": 0.683531,
        "max_precision": 0.662621,
        "max_recall": 0.727704,
        "max_ap": 0.736701,
        "main_score": 0.736701,
        "hf_subset": "default",
        "languages": [
          "eng-Latn"
        ]
      }
    ]
  },
  "evaluation_time": 26.379692316055298,
  "kg_co2_emissions": null
}