{
  "dataset_revision": "5d958fb6b31055495347724d46431ba41309b03a",
  "task_name": "ChemNQRetrieval",
  "mteb_version": "1.36.29",
  "scores": {
    "test": [
      {
        "ndcg_at_1": 0.40741,
        "ndcg_at_3": 0.45785,
        "ndcg_at_5": 0.50932,
        "ndcg_at_10": 0.55837,
        "ndcg_at_20": 0.5966,
        "ndcg_at_100": 0.61253,
        "ndcg_at_1000": 0.6179,
        "map_at_1": 0.32716,
        "map_at_3": 0.41975,
        "map_at_5": 0.45679,
        "map_at_10": 0.47711,
        "map_at_20": 0.489,
        "map_at_100": 0.4929,
        "map_at_1000": 0.49322,
        "recall_at_1": 0.32716,
        "recall_at_3": 0.49383,
        "recall_at_5": 0.60494,
        "recall_at_10": 0.75309,
        "recall_at_20": 0.89506,
        "recall_at_100": 0.96296,
        "recall_at_1000": 1.0,
        "precision_at_1": 0.40741,
        "precision_at_3": 0.20988,
        "precision_at_5": 0.15556,
        "precision_at_10": 0.0963,
        "precision_at_20": 0.05741,
        "precision_at_100": 0.01259,
        "precision_at_1000": 0.0013,
        "mrr_at_1": 0.407407,
        "mrr_at_3": 0.5,
        "mrr_at_5": 0.518519,
        "mrr_at_10": 0.537037,
        "mrr_at_20": 0.544907,
        "mrr_at_100": 0.546332,
        "mrr_at_1000": 0.546646,
        "nauc_ndcg_at_1_max": 0.219471,
        "nauc_ndcg_at_1_std": 0.000713,
        "nauc_ndcg_at_1_diff1": 0.377794,
        "nauc_ndcg_at_3_max": 0.3209,
        "nauc_ndcg_at_3_std": 0.095367,
        "nauc_ndcg_at_3_diff1": 0.138251,
        "nauc_ndcg_at_5_max": 0.281447,
        "nauc_ndcg_at_5_std": 0.028289,
        "nauc_ndcg_at_5_diff1": 0.177301,
        "nauc_ndcg_at_10_max": 0.267638,
        "nauc_ndcg_at_10_std": 0.011411,
        "nauc_ndcg_at_10_diff1": 0.205505,
        "nauc_ndcg_at_20_max": 0.313792,
        "nauc_ndcg_at_20_std": 0.035995,
        "nauc_ndcg_at_20_diff1": 0.189219,
        "nauc_ndcg_at_100_max": 0.301697,
        "nauc_ndcg_at_100_std": 0.028136,
        "nauc_ndcg_at_100_diff1": 0.209199,
        "nauc_ndcg_at_1000_max": 0.300462,
        "nauc_ndcg_at_1000_std": 0.041423,
        "nauc_ndcg_at_1000_diff1": 0.217708,
        "nauc_map_at_1_max": 0.183328,
        "nauc_map_at_1_std": 0.021715,
        "nauc_map_at_1_diff1": 0.295864,
        "nauc_map_at_3_max": 0.273172,
        "nauc_map_at_3_std": 0.067623,
        "nauc_map_at_3_diff1": 0.149471,
        "nauc_map_at_5_max": 0.26278,
        "nauc_map_at_5_std": 0.027601,
        "nauc_map_at_5_diff1": 0.189955,
        "nauc_map_at_10_max": 0.256917,
        "nauc_map_at_10_std": 0.017038,
        "nauc_map_at_10_diff1": 0.193254,
        "nauc_map_at_20_max": 0.27276,
        "nauc_map_at_20_std": 0.027687,
        "nauc_map_at_20_diff1": 0.19393,
        "nauc_map_at_100_max": 0.271474,
        "nauc_map_at_100_std": 0.028529,
        "nauc_map_at_100_diff1": 0.199214,
        "nauc_map_at_1000_max": 0.271385,
        "nauc_map_at_1000_std": 0.029145,
        "nauc_map_at_1000_diff1": 0.199599,
        "nauc_recall_at_1_max": 0.183328,
        "nauc_recall_at_1_std": 0.021715,
        "nauc_recall_at_1_diff1": 0.295864,
        "nauc_recall_at_3_max": 0.363919,
        "nauc_recall_at_3_std": 0.151231,
        "nauc_recall_at_3_diff1": 0.019263,
        "nauc_recall_at_5_max": 0.25131,
        "nauc_recall_at_5_std": -0.003508,
        "nauc_recall_at_5_diff1": 0.073637,
        "nauc_recall_at_10_max": 0.153083,
        "nauc_recall_at_10_std": -0.102413,
        "nauc_recall_at_10_diff1": 0.120384,
        "nauc_recall_at_20_max": 0.45052,
        "nauc_recall_at_20_std": -0.04978,
        "nauc_recall_at_20_diff1": -0.1425,
        "nauc_recall_at_100_max": 0.35755,
        "nauc_recall_at_100_std": -0.572623,
        "nauc_recall_at_100_diff1": -0.175564,
        "nauc_recall_at_1000_max": NaN,
        "nauc_recall_at_1000_std": NaN,
        "nauc_recall_at_1000_diff1": NaN,
        "nauc_precision_at_1_max": 0.219471,
        "nauc_precision_at_1_std": 0.000713,
        "nauc_precision_at_1_diff1": 0.377794,
        "nauc_precision_at_3_max": 0.40332,
        "nauc_precision_at_3_std": 0.082988,
        "nauc_precision_at_3_diff1": 0.041079,
        "nauc_precision_at_5_max": 0.271132,
        "nauc_precision_at_5_std": -0.051489,
        "nauc_precision_at_5_diff1": 0.13155,
        "nauc_precision_at_10_max": 0.236354,
        "nauc_precision_at_10_std": -0.081212,
        "nauc_precision_at_10_diff1": 0.191896,
        "nauc_precision_at_20_max": 0.315378,
        "nauc_precision_at_20_std": 0.00903,
        "nauc_precision_at_20_diff1": 0.129234,
        "nauc_precision_at_100_max": 0.194045,
        "nauc_precision_at_100_std": 0.01623,
        "nauc_precision_at_100_diff1": 0.159019,
        "nauc_precision_at_1000_max": 0.178489,
        "nauc_precision_at_1000_std": 0.072256,
        "nauc_precision_at_1000_diff1": 0.190853,
        "nauc_mrr_at_1_max": 0.219471,
        "nauc_mrr_at_1_std": 0.000713,
        "nauc_mrr_at_1_diff1": 0.377794,
        "nauc_mrr_at_3_max": 0.349046,
        "nauc_mrr_at_3_std": 0.08598,
        "nauc_mrr_at_3_diff1": 0.244546,
        "nauc_mrr_at_5_max": 0.307696,
        "nauc_mrr_at_5_std": 0.05071,
        "nauc_mrr_at_5_diff1": 0.241513,
        "nauc_mrr_at_10_max": 0.305716,
        "nauc_mrr_at_10_std": 0.057115,
        "nauc_mrr_at_10_diff1": 0.272484,
        "nauc_mrr_at_20_max": 0.31482,
        "nauc_mrr_at_20_std": 0.058848,
        "nauc_mrr_at_20_diff1": 0.26409,
        "nauc_mrr_at_100_max": 0.311673,
        "nauc_mrr_at_100_std": 0.054525,
        "nauc_mrr_at_100_diff1": 0.26366,
        "nauc_mrr_at_1000_max": 0.311626,
        "nauc_mrr_at_1000_std": 0.05516,
        "nauc_mrr_at_1000_diff1": 0.264105,
        "main_score": 0.55837,
        "hf_subset": "default",
        "languages": [
          "eng-Latn"
        ]
      }
    ]
  },
  "evaluation_time": 51.321398973464966,
  "kg_co2_emissions": null
}