{
  "dataset_revision": "f33a205966ce032f957c3a22f4f9e378f89a2c56",
  "task_name": "PubChemAISentenceParaphrasePC",
  "mteb_version": "1.36.29",
  "scores": {
    "test": [
      {
        "similarity_accuracy": 0.976074,
        "similarity_accuracy_threshold": 0.938341,
        "similarity_f1": 0.876238,
        "similarity_f1_threshold": 0.92372,
        "similarity_precision": 0.889447,
        "similarity_recall": 0.863415,
        "similarity_ap": 0.919071,
        "cosine_accuracy": 0.976074,
        "cosine_accuracy_threshold": 0.938341,
        "cosine_f1": 0.876238,
        "cosine_f1_threshold": 0.92372,
        "cosine_precision": 0.889447,
        "cosine_recall": 0.863415,
        "cosine_ap": 0.919071,
        "manhattan_accuracy": 0.975098,
        "manhattan_accuracy_threshold": 177.161438,
        "manhattan_f1": 0.871537,
        "manhattan_f1_threshold": 177.161438,
        "manhattan_precision": 0.901042,
        "manhattan_recall": 0.843902,
        "manhattan_ap": 0.912131,
        "euclidean_accuracy": 0.975098,
        "euclidean_accuracy_threshold": 8.103745,
        "euclidean_f1": 0.87218,
        "euclidean_f1_threshold": 8.103745,
        "euclidean_precision": 0.896907,
        "euclidean_recall": 0.84878,
        "euclidean_ap": 0.911348,
        "dot_accuracy": 0.936035,
        "dot_accuracy_threshold": 401.368164,
        "dot_f1": 0.663239,
        "dot_f1_threshold": 401.028931,
        "dot_precision": 0.701087,
        "dot_recall": 0.629268,
        "dot_ap": 0.681887,
        "max_accuracy": 0.976074,
        "max_f1": 0.876238,
        "max_precision": 0.901042,
        "max_recall": 0.863415,
        "max_ap": 0.919071,
        "main_score": 0.919071,
        "hf_subset": "default",
        "languages": [
          "eng-Latn"
        ]
      }
    ]
  },
  "evaluation_time": 3.3003149032592773,
  "kg_co2_emissions": null
}