{
  "dataset_revision": "7ba40b69f5fe6ffe4cc189aac9e1710913c73c8a",
  "task_name": "PubChemSMILESPC",
  "mteb_version": "1.36.29",
  "scores": {
    "test": [
      {
        "similarity_accuracy": 0.900879,
        "similarity_accuracy_threshold": 0.453054,
        "similarity_f1": 0.188976,
        "similarity_f1_threshold": 0.178686,
        "similarity_precision": 0.109091,
        "similarity_recall": 0.705882,
        "similarity_ap": 0.122757,
        "cosine_accuracy": 0.900879,
        "cosine_accuracy_threshold": 0.453054,
        "cosine_f1": 0.188976,
        "cosine_f1_threshold": 0.178686,
        "cosine_precision": 0.109091,
        "cosine_recall": 0.705882,
        "cosine_ap": 0.122757,
        "manhattan_accuracy": 0.899902,
        "manhattan_accuracy_threshold": 409.069336,
        "manhattan_f1": 0.184596,
        "manhattan_f1_threshold": 520.133667,
        "manhattan_precision": 0.106072,
        "manhattan_recall": 0.710784,
        "manhattan_ap": 0.104053,
        "euclidean_accuracy": 0.899902,
        "euclidean_accuracy_threshold": 18.831959,
        "euclidean_f1": 0.18309,
        "euclidean_f1_threshold": 23.589005,
        "euclidean_precision": 0.105186,
        "euclidean_recall": 0.705882,
        "euclidean_ap": 0.104701,
        "dot_accuracy": 0.900391,
        "dot_accuracy_threshold": 189.394989,
        "dot_f1": 0.187279,
        "dot_f1_threshold": 49.484135,
        "dot_precision": 0.106426,
        "dot_recall": 0.779412,
        "dot_ap": 0.117668,
        "max_accuracy": 0.900879,
        "max_f1": 0.188976,
        "max_precision": 0.109091,
        "max_recall": 0.779412,
        "max_ap": 0.122757,
        "main_score": 0.122757,
        "hf_subset": "default",
        "languages": [
          "eng-Latn"
        ]
      }
    ]
  },
  "evaluation_time": 3.7205748558044434,
  "kg_co2_emissions": null
}