{
  "dataset_revision": "f33a205966ce032f957c3a22f4f9e378f89a2c56",
  "task_name": "PubChemAISentenceParaphrasePC",
  "mteb_version": "1.36.29",
  "scores": {
    "test": [
      {
        "similarity_accuracy": 0.980957,
        "similarity_accuracy_threshold": 0.902175,
        "similarity_f1": 0.899743,
        "similarity_f1_threshold": 0.900955,
        "similarity_precision": 0.951087,
        "similarity_recall": 0.853659,
        "similarity_ap": 0.938066,
        "cosine_accuracy": 0.980957,
        "cosine_accuracy_threshold": 0.902175,
        "cosine_f1": 0.899743,
        "cosine_f1_threshold": 0.900955,
        "cosine_precision": 0.951087,
        "cosine_recall": 0.853659,
        "cosine_ap": 0.938066,
        "manhattan_accuracy": 0.979004,
        "manhattan_accuracy_threshold": 190.472824,
        "manhattan_f1": 0.891688,
        "manhattan_f1_threshold": 202.612625,
        "manhattan_precision": 0.921875,
        "manhattan_recall": 0.863415,
        "manhattan_ap": 0.927612,
        "euclidean_accuracy": 0.979492,
        "euclidean_accuracy_threshold": 9.304502,
        "euclidean_f1": 0.894472,
        "euclidean_f1_threshold": 9.304502,
        "euclidean_precision": 0.92228,
        "euclidean_recall": 0.868293,
        "euclidean_ap": 0.927257,
        "dot_accuracy": 0.934082,
        "dot_accuracy_threshold": 350.936646,
        "dot_f1": 0.669439,
        "dot_f1_threshold": 327.294342,
        "dot_precision": 0.583333,
        "dot_recall": 0.785366,
        "dot_ap": 0.702173,
        "max_accuracy": 0.980957,
        "max_f1": 0.899743,
        "max_precision": 0.951087,
        "max_recall": 0.868293,
        "max_ap": 0.938066,
        "main_score": 0.938066,
        "hf_subset": "default",
        "languages": [
          "eng-Latn"
        ]
      }
    ]
  },
  "evaluation_time": 3.2773218154907227,
  "kg_co2_emissions": null
}