{
  "dataset_revision": "c22ab2a51041ffd869aaddef7af8d8215647e41a",
  "task_name": "ArguAna",
  "mteb_version": "1.36.29",
  "scores": {
    "test": [
      {
        "ndcg_at_1": 0.26458,
        "ndcg_at_3": 0.4188,
        "ndcg_at_5": 0.46697,
        "ndcg_at_10": 0.51853,
        "ndcg_at_20": 0.54212,
        "ndcg_at_100": 0.5573,
        "ndcg_at_1000": 0.5594,
        "map_at_1": 0.26458,
        "map_at_3": 0.38004,
        "map_at_5": 0.40667,
        "map_at_10": 0.42784,
        "map_at_20": 0.43443,
        "map_at_100": 0.43672,
        "map_at_1000": 0.43681,
        "recall_at_1": 0.26458,
        "recall_at_3": 0.53129,
        "recall_at_5": 0.64865,
        "recall_at_10": 0.80868,
        "recall_at_20": 0.90114,
        "recall_at_100": 0.98009,
        "recall_at_1000": 0.99573,
        "precision_at_1": 0.26458,
        "precision_at_3": 0.1771,
        "precision_at_5": 0.12973,
        "precision_at_10": 0.08087,
        "precision_at_20": 0.04506,
        "precision_at_100": 0.0098,
        "precision_at_1000": 0.001,
        "mrr_at_1": 0.268137,
        "mrr_at_3": 0.381105,
        "mrr_at_5": 0.408345,
        "mrr_at_10": 0.42905,
        "mrr_at_20": 0.43587,
        "mrr_at_100": 0.438126,
        "mrr_at_1000": 0.438221,
        "nauc_ndcg_at_1_max": -0.099337,
        "nauc_ndcg_at_1_std": -0.164805,
        "nauc_ndcg_at_1_diff1": 0.039524,
        "nauc_ndcg_at_3_max": -0.056551,
        "nauc_ndcg_at_3_std": -0.141712,
        "nauc_ndcg_at_3_diff1": -0.003527,
        "nauc_ndcg_at_5_max": -0.06342,
        "nauc_ndcg_at_5_std": -0.13791,
        "nauc_ndcg_at_5_diff1": -0.027454,
        "nauc_ndcg_at_10_max": -0.043609,
        "nauc_ndcg_at_10_std": -0.127257,
        "nauc_ndcg_at_10_diff1": -0.001071,
        "nauc_ndcg_at_20_max": -0.040723,
        "nauc_ndcg_at_20_std": -0.123146,
        "nauc_ndcg_at_20_diff1": -0.00138,
        "nauc_ndcg_at_100_max": -0.053709,
        "nauc_ndcg_at_100_std": -0.127229,
        "nauc_ndcg_at_100_diff1": 0.002086,
        "nauc_ndcg_at_1000_max": -0.05561,
        "nauc_ndcg_at_1000_std": -0.131469,
        "nauc_ndcg_at_1000_diff1": 0.002089,
        "nauc_map_at_1_max": -0.099337,
        "nauc_map_at_1_std": -0.164805,
        "nauc_map_at_1_diff1": 0.039524,
        "nauc_map_at_3_max": -0.068754,
        "nauc_map_at_3_std": -0.148382,
        "nauc_map_at_3_diff1": 0.005619,
        "nauc_map_at_5_max": -0.072516,
        "nauc_map_at_5_std": -0.146171,
        "nauc_map_at_5_diff1": -0.006855,
        "nauc_map_at_10_max": -0.064913,
        "nauc_map_at_10_std": -0.142625,
        "nauc_map_at_10_diff1": 0.00467,
        "nauc_map_at_20_max": -0.064378,
        "nauc_map_at_20_std": -0.141795,
        "nauc_map_at_20_diff1": 0.004669,
        "nauc_map_at_100_max": -0.06576,
        "nauc_map_at_100_std": -0.141861,
        "nauc_map_at_100_diff1": 0.005259,
        "nauc_map_at_1000_max": -0.065793,
        "nauc_map_at_1000_std": -0.142002,
        "nauc_map_at_1000_diff1": 0.005282,
        "nauc_recall_at_1_max": -0.099337,
        "nauc_recall_at_1_std": -0.164805,
        "nauc_recall_at_1_diff1": 0.039524,
        "nauc_recall_at_3_max": -0.020789,
        "nauc_recall_at_3_std": -0.122137,
        "nauc_recall_at_3_diff1": -0.029282,
        "nauc_recall_at_5_max": -0.034473,
        "nauc_recall_at_5_std": -0.110322,
        "nauc_recall_at_5_diff1": -0.098327,
        "nauc_recall_at_10_max": 0.073768,
        "nauc_recall_at_10_std": -0.041253,
        "nauc_recall_at_10_diff1": -0.01965,
        "nauc_recall_at_20_max": 0.193755,
        "nauc_recall_at_20_std": 0.068306,
        "nauc_recall_at_20_diff1": -0.037033,
        "nauc_recall_at_100_max": 0.217823,
        "nauc_recall_at_100_std": 0.446918,
        "nauc_recall_at_100_diff1": 0.023049,
        "nauc_recall_at_1000_max": 0.279453,
        "nauc_recall_at_1000_std": 0.671649,
        "nauc_recall_at_1000_diff1": 0.044179,
        "nauc_precision_at_1_max": -0.099337,
        "nauc_precision_at_1_std": -0.164805,
        "nauc_precision_at_1_diff1": 0.039524,
        "nauc_precision_at_3_max": -0.020789,
        "nauc_precision_at_3_std": -0.122137,
        "nauc_precision_at_3_diff1": -0.029282,
        "nauc_precision_at_5_max": -0.034473,
        "nauc_precision_at_5_std": -0.110322,
        "nauc_precision_at_5_diff1": -0.098327,
        "nauc_precision_at_10_max": 0.073768,
        "nauc_precision_at_10_std": -0.041253,
        "nauc_precision_at_10_diff1": -0.01965,
        "nauc_precision_at_20_max": 0.193755,
        "nauc_precision_at_20_std": 0.068306,
        "nauc_precision_at_20_diff1": -0.037033,
        "nauc_precision_at_100_max": 0.217823,
        "nauc_precision_at_100_std": 0.446918,
        "nauc_precision_at_100_diff1": 0.023049,
        "nauc_precision_at_1000_max": 0.279453,
        "nauc_precision_at_1000_std": 0.671649,
        "nauc_precision_at_1000_diff1": 0.044179,
        "nauc_mrr_at_1_max": -0.095676,
        "nauc_mrr_at_1_std": -0.160616,
        "nauc_mrr_at_1_diff1": 0.028425,
        "nauc_mrr_at_3_max": -0.073735,
        "nauc_mrr_at_3_std": -0.150459,
        "nauc_mrr_at_3_diff1": -0.006359,
        "nauc_mrr_at_5_max": -0.074737,
        "nauc_mrr_at_5_std": -0.145103,
        "nauc_mrr_at_5_diff1": -0.016474,
        "nauc_mrr_at_10_max": -0.068477,
        "nauc_mrr_at_10_std": -0.142782,
        "nauc_mrr_at_10_diff1": -0.006694,
        "nauc_mrr_at_20_max": -0.066841,
        "nauc_mrr_at_20_std": -0.141014,
        "nauc_mrr_at_20_diff1": -0.00605,
        "nauc_mrr_at_100_max": -0.068374,
        "nauc_mrr_at_100_std": -0.141262,
        "nauc_mrr_at_100_diff1": -0.005498,
        "nauc_mrr_at_1000_max": -0.068408,
        "nauc_mrr_at_1000_std": -0.141403,
        "nauc_mrr_at_1000_diff1": -0.005478,
        "main_score": 0.51853,
        "hf_subset": "default",
        "languages": [
          "eng-Latn"
        ]
      }
    ]
  },
  "evaluation_time": 26.19134259223938,
  "kg_co2_emissions": null
}