{
  "dataset_revision": "bb9466bac8153a0349341eb1b22e06409e78ef4e",
  "task_name": "TRECCOVID",
  "mteb_version": "1.36.29",
  "scores": {
    "test": [
      {
        "ndcg_at_1": 0.76,
        "ndcg_at_3": 0.73285,
        "ndcg_at_5": 0.6995,
        "ndcg_at_10": 0.66276,
        "ndcg_at_20": 0.62062,
        "ndcg_at_100": 0.45925,
        "ndcg_at_1000": 0.40714,
        "map_at_1": 0.00222,
        "map_at_3": 0.00565,
        "map_at_5": 0.00882,
        "map_at_10": 0.01523,
        "map_at_20": 0.02635,
        "map_at_100": 0.07652,
        "map_at_1000": 0.1784,
        "recall_at_1": 0.00222,
        "recall_at_3": 0.00602,
        "recall_at_5": 0.00976,
        "recall_at_10": 0.01751,
        "recall_at_20": 0.03171,
        "recall_at_100": 0.10833,
        "recall_at_1000": 0.38156,
        "precision_at_1": 0.82,
        "precision_at_3": 0.79333,
        "precision_at_5": 0.76,
        "precision_at_10": 0.702,
        "precision_at_20": 0.652,
        "precision_at_100": 0.4662,
        "precision_at_1000": 0.18154,
        "mrr_at_1": 0.82,
        "mrr_at_3": 0.883333,
        "mrr_at_5": 0.887333,
        "mrr_at_10": 0.887333,
        "mrr_at_20": 0.887333,
        "mrr_at_100": 0.888242,
        "mrr_at_1000": 0.888242,
        "nauc_ndcg_at_1_max": 0.26352,
        "nauc_ndcg_at_1_std": 0.393897,
        "nauc_ndcg_at_1_diff1": 0.442358,
        "nauc_ndcg_at_3_max": 0.401464,
        "nauc_ndcg_at_3_std": 0.561608,
        "nauc_ndcg_at_3_diff1": 0.272987,
        "nauc_ndcg_at_5_max": 0.378761,
        "nauc_ndcg_at_5_std": 0.612687,
        "nauc_ndcg_at_5_diff1": 0.176019,
        "nauc_ndcg_at_10_max": 0.376909,
        "nauc_ndcg_at_10_std": 0.723468,
        "nauc_ndcg_at_10_diff1": 0.086117,
        "nauc_ndcg_at_20_max": 0.344221,
        "nauc_ndcg_at_20_std": 0.751353,
        "nauc_ndcg_at_20_diff1": 0.043463,
        "nauc_ndcg_at_100_max": 0.364482,
        "nauc_ndcg_at_100_std": 0.848238,
        "nauc_ndcg_at_100_diff1": -0.054607,
        "nauc_ndcg_at_1000_max": 0.288154,
        "nauc_ndcg_at_1000_std": 0.76572,
        "nauc_ndcg_at_1000_diff1": 0.055625,
        "nauc_map_at_1_max": -0.015242,
        "nauc_map_at_1_std": -0.081798,
        "nauc_map_at_1_diff1": 0.401623,
        "nauc_map_at_3_max": 0.13757,
        "nauc_map_at_3_std": 0.070733,
        "nauc_map_at_3_diff1": 0.465865,
        "nauc_map_at_5_max": 0.111026,
        "nauc_map_at_5_std": 0.127088,
        "nauc_map_at_5_diff1": 0.408132,
        "nauc_map_at_10_max": 0.105007,
        "nauc_map_at_10_std": 0.260612,
        "nauc_map_at_10_diff1": 0.330466,
        "nauc_map_at_20_max": 0.136125,
        "nauc_map_at_20_std": 0.374428,
        "nauc_map_at_20_diff1": 0.302819,
        "nauc_map_at_100_max": 0.224254,
        "nauc_map_at_100_std": 0.689562,
        "nauc_map_at_100_diff1": 0.152892,
        "nauc_map_at_1000_max": 0.323177,
        "nauc_map_at_1000_std": 0.833508,
        "nauc_map_at_1000_diff1": -0.018508,
        "nauc_recall_at_1_max": -0.015242,
        "nauc_recall_at_1_std": -0.081798,
        "nauc_recall_at_1_diff1": 0.401623,
        "nauc_recall_at_3_max": 0.076764,
        "nauc_recall_at_3_std": 0.011584,
        "nauc_recall_at_3_diff1": 0.406536,
        "nauc_recall_at_5_max": 0.01764,
        "nauc_recall_at_5_std": 0.021706,
        "nauc_recall_at_5_diff1": 0.35567,
        "nauc_recall_at_10_max": 0.018622,
        "nauc_recall_at_10_std": 0.135703,
        "nauc_recall_at_10_diff1": 0.309321,
        "nauc_recall_at_20_max": 0.044475,
        "nauc_recall_at_20_std": 0.22505,
        "nauc_recall_at_20_diff1": 0.310231,
        "nauc_recall_at_100_max": 0.135521,
        "nauc_recall_at_100_std": 0.545435,
        "nauc_recall_at_100_diff1": 0.208733,
        "nauc_recall_at_1000_max": 0.225092,
        "nauc_recall_at_1000_std": 0.681688,
        "nauc_recall_at_1000_diff1": 0.080344,
        "nauc_precision_at_1_max": 0.598414,
        "nauc_precision_at_1_std": 0.544388,
        "nauc_precision_at_1_diff1": 0.594779,
        "nauc_precision_at_3_max": 0.591469,
        "nauc_precision_at_3_std": 0.67884,
        "nauc_precision_at_3_diff1": 0.252679,
        "nauc_precision_at_5_max": 0.460904,
        "nauc_precision_at_5_std": 0.694422,
        "nauc_precision_at_5_diff1": 0.126158,
        "nauc_precision_at_10_max": 0.434859,
        "nauc_precision_at_10_std": 0.749192,
        "nauc_precision_at_10_diff1": 0.034003,
        "nauc_precision_at_20_max": 0.363494,
        "nauc_precision_at_20_std": 0.757761,
        "nauc_precision_at_20_diff1": -0.002929,
        "nauc_precision_at_100_max": 0.358799,
        "nauc_precision_at_100_std": 0.862592,
        "nauc_precision_at_100_diff1": -0.093215,
        "nauc_precision_at_1000_max": 0.338659,
        "nauc_precision_at_1000_std": 0.707502,
        "nauc_precision_at_1000_diff1": -0.187825,
        "nauc_mrr_at_1_max": 0.598414,
        "nauc_mrr_at_1_std": 0.544388,
        "nauc_mrr_at_1_diff1": 0.594779,
        "nauc_mrr_at_3_max": 0.634548,
        "nauc_mrr_at_3_std": 0.629465,
        "nauc_mrr_at_3_diff1": 0.541656,
        "nauc_mrr_at_5_max": 0.631284,
        "nauc_mrr_at_5_std": 0.61567,
        "nauc_mrr_at_5_diff1": 0.541191,
        "nauc_mrr_at_10_max": 0.631284,
        "nauc_mrr_at_10_std": 0.61567,
        "nauc_mrr_at_10_diff1": 0.541191,
        "nauc_mrr_at_20_max": 0.631284,
        "nauc_mrr_at_20_std": 0.61567,
        "nauc_mrr_at_20_diff1": 0.541191,
        "nauc_mrr_at_100_max": 0.628138,
        "nauc_mrr_at_100_std": 0.613506,
        "nauc_mrr_at_100_diff1": 0.542754,
        "nauc_mrr_at_1000_max": 0.628138,
        "nauc_mrr_at_1000_std": 0.613506,
        "nauc_mrr_at_1000_diff1": 0.542754,
        "main_score": 0.66276,
        "hf_subset": "default",
        "languages": [
          "eng-Latn"
        ]
      }
    ]
  },
  "evaluation_time": 461.18835973739624,
  "kg_co2_emissions": null
}