{
  "dataset_revision": "8fae72a2c75530aaaac6920a02622490d923ca98",
  "task_name": "ChemRxivNC2",
  "mteb_version": "1.36.29",
  "scores": {
    "test": [
      {
        "ndcg_at_1": 0.678,
        "ndcg_at_3": 0.77314,
        "ndcg_at_5": 0.79441,
        "ndcg_at_10": 0.80569,
        "ndcg_at_20": 0.81197,
        "ndcg_at_100": 0.81807,
        "ndcg_at_1000": 0.81988,
        "map_at_1": 0.678,
        "map_at_3": 0.7503,
        "map_at_5": 0.76216,
        "map_at_10": 0.76691,
        "map_at_20": 0.76867,
        "map_at_100": 0.76958,
        "map_at_1000": 0.76965,
        "recall_at_1": 0.678,
        "recall_at_3": 0.839,
        "recall_at_5": 0.8904,
        "recall_at_10": 0.9248,
        "recall_at_20": 0.9494,
        "recall_at_100": 0.9814,
        "recall_at_1000": 0.9954,
        "precision_at_1": 0.678,
        "precision_at_3": 0.27967,
        "precision_at_5": 0.17808,
        "precision_at_10": 0.09248,
        "precision_at_20": 0.04747,
        "precision_at_100": 0.00981,
        "precision_at_1000": 0.001,
        "mrr_at_1": 0.6782,
        "mrr_at_3": 0.750367,
        "mrr_at_5": 0.762247,
        "mrr_at_10": 0.767001,
        "mrr_at_20": 0.768754,
        "mrr_at_100": 0.769665,
        "mrr_at_1000": 0.769737,
        "nauc_ndcg_at_1_max": 0.385273,
        "nauc_ndcg_at_1_std": -0.140468,
        "nauc_ndcg_at_1_diff1": 0.733224,
        "nauc_ndcg_at_3_max": 0.423059,
        "nauc_ndcg_at_3_std": -0.111711,
        "nauc_ndcg_at_3_diff1": 0.691932,
        "nauc_ndcg_at_5_max": 0.437077,
        "nauc_ndcg_at_5_std": -0.10018,
        "nauc_ndcg_at_5_diff1": 0.696522,
        "nauc_ndcg_at_10_max": 0.438842,
        "nauc_ndcg_at_10_std": -0.094148,
        "nauc_ndcg_at_10_diff1": 0.70145,
        "nauc_ndcg_at_20_max": 0.435805,
        "nauc_ndcg_at_20_std": -0.092257,
        "nauc_ndcg_at_20_diff1": 0.704436,
        "nauc_ndcg_at_100_max": 0.42907,
        "nauc_ndcg_at_100_std": -0.098229,
        "nauc_ndcg_at_100_diff1": 0.70574,
        "nauc_ndcg_at_1000_max": 0.426604,
        "nauc_ndcg_at_1000_std": -0.101081,
        "nauc_ndcg_at_1000_diff1": 0.706171,
        "nauc_map_at_1_max": 0.385273,
        "nauc_map_at_1_std": -0.140468,
        "nauc_map_at_1_diff1": 0.733224,
        "nauc_map_at_3_max": 0.412437,
        "nauc_map_at_3_std": -0.120127,
        "nauc_map_at_3_diff1": 0.703214,
        "nauc_map_at_5_max": 0.418933,
        "nauc_map_at_5_std": -0.114863,
        "nauc_map_at_5_diff1": 0.705887,
        "nauc_map_at_10_max": 0.419259,
        "nauc_map_at_10_std": -0.113114,
        "nauc_map_at_10_diff1": 0.707789,
        "nauc_map_at_20_max": 0.418423,
        "nauc_map_at_20_std": -0.112797,
        "nauc_map_at_20_diff1": 0.708594,
        "nauc_map_at_100_max": 0.417481,
        "nauc_map_at_100_std": -0.113458,
        "nauc_map_at_100_diff1": 0.708753,
        "nauc_map_at_1000_max": 0.417418,
        "nauc_map_at_1000_std": -0.113527,
        "nauc_map_at_1000_diff1": 0.708783,
        "nauc_recall_at_1_max": 0.385273,
        "nauc_recall_at_1_std": -0.140468,
        "nauc_recall_at_1_diff1": 0.733224,
        "nauc_recall_at_3_max": 0.466544,
        "nauc_recall_at_3_std": -0.077048,
        "nauc_recall_at_3_diff1": 0.645951,
        "nauc_recall_at_5_max": 0.54073,
        "nauc_recall_at_5_std": -0.015728,
        "nauc_recall_at_5_diff1": 0.64686,
        "nauc_recall_at_10_max": 0.597324,
        "nauc_recall_at_10_std": 0.064822,
        "nauc_recall_at_10_diff1": 0.660373,
        "nauc_recall_at_20_max": 0.634448,
        "nauc_recall_at_20_std": 0.165098,
        "nauc_recall_at_20_diff1": 0.677076,
        "nauc_recall_at_100_max": 0.680286,
        "nauc_recall_at_100_std": 0.314724,
        "nauc_recall_at_100_diff1": 0.690667,
        "nauc_recall_at_1000_max": 0.744388,
        "nauc_recall_at_1000_std": 0.750964,
        "nauc_recall_at_1000_diff1": 0.728332,
        "nauc_precision_at_1_max": 0.385273,
        "nauc_precision_at_1_std": -0.140468,
        "nauc_precision_at_1_diff1": 0.733224,
        "nauc_precision_at_3_max": 0.466544,
        "nauc_precision_at_3_std": -0.077048,
        "nauc_precision_at_3_diff1": 0.645951,
        "nauc_precision_at_5_max": 0.54073,
        "nauc_precision_at_5_std": -0.015728,
        "nauc_precision_at_5_diff1": 0.64686,
        "nauc_precision_at_10_max": 0.597324,
        "nauc_precision_at_10_std": 0.064822,
        "nauc_precision_at_10_diff1": 0.660373,
        "nauc_precision_at_20_max": 0.634448,
        "nauc_precision_at_20_std": 0.165098,
        "nauc_precision_at_20_diff1": 0.677076,
        "nauc_precision_at_100_max": 0.680286,
        "nauc_precision_at_100_std": 0.314724,
        "nauc_precision_at_100_diff1": 0.690667,
        "nauc_precision_at_1000_max": 0.744388,
        "nauc_precision_at_1000_std": 0.750964,
        "nauc_precision_at_1000_diff1": 0.728332,
        "nauc_mrr_at_1_max": 0.386447,
        "nauc_mrr_at_1_std": -0.1405,
        "nauc_mrr_at_1_diff1": 0.732786,
        "nauc_mrr_at_3_max": 0.413084,
        "nauc_mrr_at_3_std": -0.120286,
        "nauc_mrr_at_3_diff1": 0.702978,
        "nauc_mrr_at_5_max": 0.419657,
        "nauc_mrr_at_5_std": -0.115087,
        "nauc_mrr_at_5_diff1": 0.705597,
        "nauc_mrr_at_10_max": 0.419999,
        "nauc_mrr_at_10_std": -0.113343,
        "nauc_mrr_at_10_diff1": 0.707493,
        "nauc_mrr_at_20_max": 0.419169,
        "nauc_mrr_at_20_std": -0.113028,
        "nauc_mrr_at_20_diff1": 0.708295,
        "nauc_mrr_at_100_max": 0.418229,
        "nauc_mrr_at_100_std": -0.113689,
        "nauc_mrr_at_100_diff1": 0.708453,
        "nauc_mrr_at_1000_max": 0.418167,
        "nauc_mrr_at_1000_std": -0.113758,
        "nauc_mrr_at_1000_diff1": 0.708483,
        "main_score": 0.80569,
        "hf_subset": "default",
        "languages": [
          "eng-Latn"
        ]
      }
    ]
  },
  "evaluation_time": 173.51433873176575,
  "kg_co2_emissions": null
}