{
  "dataset_revision": "7fb14716e4106b72f51a16e682e5cd2d67e9bd70",
  "task_name": "PubChemWikiParagraphsPC",
  "mteb_version": "1.36.29",
  "scores": {
    "test": [
      {
        "similarity_accuracy": 0.902344,
        "similarity_accuracy_threshold": 0.670727,
        "similarity_f1": 0.361045,
        "similarity_f1_threshold": 0.453427,
        "similarity_precision": 0.351852,
        "similarity_recall": 0.370732,
        "similarity_ap": 0.272158,
        "cosine_accuracy": 0.902344,
        "cosine_accuracy_threshold": 0.670727,
        "cosine_f1": 0.361045,
        "cosine_f1_threshold": 0.453427,
        "cosine_precision": 0.351852,
        "cosine_recall": 0.370732,
        "cosine_ap": 0.272158,
        "manhattan_accuracy": 0.905273,
        "manhattan_accuracy_threshold": 305.318909,
        "manhattan_f1": 0.341253,
        "manhattan_f1_threshold": 365.982758,
        "manhattan_precision": 0.306202,
        "manhattan_recall": 0.385366,
        "manhattan_ap": 0.272027,
        "euclidean_accuracy": 0.90625,
        "euclidean_accuracy_threshold": 13.684169,
        "euclidean_f1": 0.343249,
        "euclidean_f1_threshold": 16.433792,
        "euclidean_precision": 0.323276,
        "euclidean_recall": 0.365854,
        "euclidean_ap": 0.27836,
        "dot_accuracy": 0.899414,
        "dot_accuracy_threshold": 309.428345,
        "dot_f1": 0.27704,
        "dot_f1_threshold": 113.742012,
        "dot_precision": 0.226708,
        "dot_recall": 0.356098,
        "dot_ap": 0.191758,
        "max_accuracy": 0.90625,
        "max_f1": 0.361045,
        "max_precision": 0.351852,
        "max_recall": 0.385366,
        "max_ap": 0.27836,
        "main_score": 0.27836,
        "hf_subset": "default",
        "languages": [
          "eng-Latn"
        ]
      }
    ]
  },
  "evaluation_time": 3.705698251724243,
  "kg_co2_emissions": null
}