{
  "dataset_revision": "5037d69d177c9628fb79cb57eea1299178b28c1b",
  "task_name": "PubChemSynonymPC",
  "mteb_version": "1.36.29",
  "scores": {
    "test": [
      {
        "similarity_accuracy": 0.950195,
        "similarity_accuracy_threshold": 0.586877,
        "similarity_f1": 0.678899,
        "similarity_f1_threshold": 0.525766,
        "similarity_precision": 0.902439,
        "similarity_recall": 0.544118,
        "similarity_ap": 0.680007,
        "cosine_accuracy": 0.950195,
        "cosine_accuracy_threshold": 0.586877,
        "cosine_f1": 0.678899,
        "cosine_f1_threshold": 0.525766,
        "cosine_precision": 0.902439,
        "cosine_recall": 0.544118,
        "cosine_ap": 0.680007,
        "manhattan_accuracy": 0.950195,
        "manhattan_accuracy_threshold": 20.505463,
        "manhattan_f1": 0.678679,
        "manhattan_f1_threshold": 21.926426,
        "manhattan_precision": 0.875969,
        "manhattan_recall": 0.553922,
        "manhattan_ap": 0.679677,
        "euclidean_accuracy": 0.950195,
        "euclidean_accuracy_threshold": 0.908382,
        "euclidean_f1": 0.680982,
        "euclidean_f1_threshold": 0.972785,
        "euclidean_precision": 0.909836,
        "euclidean_recall": 0.544118,
        "euclidean_ap": 0.680322,
        "dot_accuracy": 0.949707,
        "dot_accuracy_threshold": 0.596893,
        "dot_f1": 0.678899,
        "dot_f1_threshold": 0.526904,
        "dot_precision": 0.902439,
        "dot_recall": 0.544118,
        "dot_ap": 0.679835,
        "max_accuracy": 0.950195,
        "max_f1": 0.680982,
        "max_precision": 0.909836,
        "max_recall": 0.553922,
        "max_ap": 0.680322,
        "main_score": 0.680322,
        "hf_subset": "default",
        "languages": [
          "eng-Latn"
        ]
      }
    ]
  },
  "evaluation_time": 3.157508134841919,
  "kg_co2_emissions": null
}