{
  "dataset_revision": "080c9ed6267b65029207906e815d44a9240bafca",
  "task_name": "FEVERHardNegatives",
  "mteb_version": "1.36.29",
  "scores": {
    "test": [
      {
        "ndcg_at_1": 0.625,
        "ndcg_at_3": 0.71942,
        "ndcg_at_5": 0.74518,
        "ndcg_at_10": 0.75932,
        "ndcg_at_20": 0.76863,
        "ndcg_at_100": 0.77707,
        "ndcg_at_1000": 0.77983,
        "map_at_1": 0.59145,
        "map_at_3": 0.68392,
        "map_at_5": 0.69988,
        "map_at_10": 0.70622,
        "map_at_20": 0.7091,
        "map_at_100": 0.71045,
        "map_at_1000": 0.71061,
        "recall_at_1": 0.59145,
        "recall_at_3": 0.78785,
        "recall_at_5": 0.85073,
        "recall_at_10": 0.8929,
        "recall_at_20": 0.92771,
        "recall_at_100": 0.96923,
        "recall_at_1000": 0.98669,
        "precision_at_1": 0.625,
        "precision_at_3": 0.28133,
        "precision_at_5": 0.1836,
        "precision_at_10": 0.0971,
        "precision_at_20": 0.0509,
        "precision_at_100": 0.01082,
        "precision_at_1000": 0.00113,
        "mrr_at_1": 0.625,
        "mrr_at_3": 0.715,
        "mrr_at_5": 0.7295,
        "mrr_at_10": 0.735265,
        "mrr_at_20": 0.737471,
        "mrr_at_100": 0.738266,
        "mrr_at_1000": 0.738292,
        "nauc_ndcg_at_1_max": 0.249827,
        "nauc_ndcg_at_1_std": -0.058942,
        "nauc_ndcg_at_1_diff1": 0.663244,
        "nauc_ndcg_at_3_max": 0.317401,
        "nauc_ndcg_at_3_std": -0.003369,
        "nauc_ndcg_at_3_diff1": 0.620553,
        "nauc_ndcg_at_5_max": 0.320741,
        "nauc_ndcg_at_5_std": 0.019831,
        "nauc_ndcg_at_5_diff1": 0.623002,
        "nauc_ndcg_at_10_max": 0.316631,
        "nauc_ndcg_at_10_std": 0.025216,
        "nauc_ndcg_at_10_diff1": 0.620992,
        "nauc_ndcg_at_20_max": 0.320536,
        "nauc_ndcg_at_20_std": 0.022484,
        "nauc_ndcg_at_20_diff1": 0.624234,
        "nauc_ndcg_at_100_max": 0.311269,
        "nauc_ndcg_at_100_std": 0.010841,
        "nauc_ndcg_at_100_diff1": 0.628837,
        "nauc_ndcg_at_1000_max": 0.310332,
        "nauc_ndcg_at_1000_std": 0.011235,
        "nauc_ndcg_at_1000_diff1": 0.628799,
        "nauc_map_at_1_max": 0.258568,
        "nauc_map_at_1_std": -0.057496,
        "nauc_map_at_1_diff1": 0.648185,
        "nauc_map_at_3_max": 0.305407,
        "nauc_map_at_3_std": -0.020688,
        "nauc_map_at_3_diff1": 0.629165,
        "nauc_map_at_5_max": 0.306505,
        "nauc_map_at_5_std": -0.008945,
        "nauc_map_at_5_diff1": 0.6292,
        "nauc_map_at_10_max": 0.304533,
        "nauc_map_at_10_std": -0.007898,
        "nauc_map_at_10_diff1": 0.628439,
        "nauc_map_at_20_max": 0.305676,
        "nauc_map_at_20_std": -0.008618,
        "nauc_map_at_20_diff1": 0.629426,
        "nauc_map_at_100_max": 0.304287,
        "nauc_map_at_100_std": -0.009654,
        "nauc_map_at_100_diff1": 0.629984,
        "nauc_map_at_1000_max": 0.304274,
        "nauc_map_at_1000_std": -0.009482,
        "nauc_map_at_1000_diff1": 0.630001,
        "nauc_recall_at_1_max": 0.258568,
        "nauc_recall_at_1_std": -0.057496,
        "nauc_recall_at_1_diff1": 0.648185,
        "nauc_recall_at_3_max": 0.378886,
        "nauc_recall_at_3_std": 0.061176,
        "nauc_recall_at_3_diff1": 0.568264,
        "nauc_recall_at_5_max": 0.39635,
        "nauc_recall_at_5_std": 0.153499,
        "nauc_recall_at_5_diff1": 0.552382,
        "nauc_recall_at_10_max": 0.393298,
        "nauc_recall_at_10_std": 0.229717,
        "nauc_recall_at_10_diff1": 0.513804,
        "nauc_recall_at_20_max": 0.463545,
        "nauc_recall_at_20_std": 0.291872,
        "nauc_recall_at_20_diff1": 0.493374,
        "nauc_recall_at_100_max": 0.449464,
        "nauc_recall_at_100_std": 0.272584,
        "nauc_recall_at_100_diff1": 0.539907,
        "nauc_recall_at_1000_max": 0.577076,
        "nauc_recall_at_1000_std": 0.511724,
        "nauc_recall_at_1000_diff1": 0.526548,
        "nauc_precision_at_1_max": 0.249827,
        "nauc_precision_at_1_std": -0.058942,
        "nauc_precision_at_1_diff1": 0.663244,
        "nauc_precision_at_3_max": 0.31026,
        "nauc_precision_at_3_std": 0.069683,
        "nauc_precision_at_3_diff1": 0.480937,
        "nauc_precision_at_5_max": 0.276245,
        "nauc_precision_at_5_std": 0.175477,
        "nauc_precision_at_5_diff1": 0.359222,
        "nauc_precision_at_10_max": 0.198483,
        "nauc_precision_at_10_std": 0.225196,
        "nauc_precision_at_10_diff1": 0.193324,
        "nauc_precision_at_20_max": 0.147819,
        "nauc_precision_at_20_std": 0.229815,
        "nauc_precision_at_20_diff1": 0.030779,
        "nauc_precision_at_100_max": -0.065673,
        "nauc_precision_at_100_std": 0.119008,
        "nauc_precision_at_100_diff1": -0.169412,
        "nauc_precision_at_1000_max": -0.112135,
        "nauc_precision_at_1000_std": 0.126308,
        "nauc_precision_at_1000_diff1": -0.240291,
        "nauc_mrr_at_1_max": 0.249827,
        "nauc_mrr_at_1_std": -0.058942,
        "nauc_mrr_at_1_diff1": 0.663244,
        "nauc_mrr_at_3_max": 0.289153,
        "nauc_mrr_at_3_std": -0.017092,
        "nauc_mrr_at_3_diff1": 0.636933,
        "nauc_mrr_at_5_max": 0.28885,
        "nauc_mrr_at_5_std": -0.008773,
        "nauc_mrr_at_5_diff1": 0.639841,
        "nauc_mrr_at_10_max": 0.286574,
        "nauc_mrr_at_10_std": -0.006836,
        "nauc_mrr_at_10_diff1": 0.639743,
        "nauc_mrr_at_20_max": 0.286537,
        "nauc_mrr_at_20_std": -0.007803,
        "nauc_mrr_at_20_diff1": 0.640053,
        "nauc_mrr_at_100_max": 0.285358,
        "nauc_mrr_at_100_std": -0.009827,
        "nauc_mrr_at_100_diff1": 0.640401,
        "nauc_mrr_at_1000_max": 0.285308,
        "nauc_mrr_at_1000_std": -0.009912,
        "nauc_mrr_at_1000_diff1": 0.640383,
        "main_score": 0.75932,
        "hf_subset": "default",
        "languages": [
          "eng-Latn"
        ]
      }
    ]
  },
  "evaluation_time": 400.8379406929016,
  "kg_co2_emissions": null
}