{
  "dataset_revision": "617612fa63afcb60e3b134bed8b7216a99707c37",
  "task_name": "HotpotQAHardNegatives",
  "mteb_version": "1.36.29",
  "scores": {
    "test": [
      {
        "ndcg_at_1": 0.738,
        "ndcg_at_3": 0.61507,
        "ndcg_at_5": 0.64776,
        "ndcg_at_10": 0.67302,
        "ndcg_at_20": 0.69101,
        "ndcg_at_100": 0.71414,
        "ndcg_at_1000": 0.72551,
        "map_at_1": 0.369,
        "map_at_3": 0.54317,
        "map_at_5": 0.56829,
        "map_at_10": 0.58306,
        "map_at_20": 0.59004,
        "map_at_100": 0.5948,
        "map_at_1000": 0.59544,
        "recall_at_1": 0.369,
        "recall_at_3": 0.5925,
        "recall_at_5": 0.6575,
        "recall_at_10": 0.7215,
        "recall_at_20": 0.7795,
        "recall_at_100": 0.882,
        "recall_at_1000": 0.956,
        "precision_at_1": 0.738,
        "precision_at_3": 0.395,
        "precision_at_5": 0.263,
        "precision_at_10": 0.1443,
        "precision_at_20": 0.07795,
        "precision_at_100": 0.01764,
        "precision_at_1000": 0.00191,
        "mrr_at_1": 0.738,
        "mrr_at_3": 0.793667,
        "mrr_at_5": 0.802317,
        "mrr_at_10": 0.806543,
        "mrr_at_20": 0.808726,
        "mrr_at_100": 0.809464,
        "mrr_at_1000": 0.809504,
        "nauc_ndcg_at_1_max": 0.472777,
        "nauc_ndcg_at_1_std": -0.171899,
        "nauc_ndcg_at_1_diff1": 0.745101,
        "nauc_ndcg_at_3_max": 0.286022,
        "nauc_ndcg_at_3_std": -0.148097,
        "nauc_ndcg_at_3_diff1": 0.309631,
        "nauc_ndcg_at_5_max": 0.264693,
        "nauc_ndcg_at_5_std": -0.136482,
        "nauc_ndcg_at_5_diff1": 0.293522,
        "nauc_ndcg_at_10_max": 0.272728,
        "nauc_ndcg_at_10_std": -0.119504,
        "nauc_ndcg_at_10_diff1": 0.28529,
        "nauc_ndcg_at_20_max": 0.264601,
        "nauc_ndcg_at_20_std": -0.111452,
        "nauc_ndcg_at_20_diff1": 0.280121,
        "nauc_ndcg_at_100_max": 0.27346,
        "nauc_ndcg_at_100_std": -0.102256,
        "nauc_ndcg_at_100_diff1": 0.291277,
        "nauc_ndcg_at_1000_max": 0.280494,
        "nauc_ndcg_at_1000_std": -0.104625,
        "nauc_ndcg_at_1000_diff1": 0.305329,
        "nauc_map_at_1_max": 0.472777,
        "nauc_map_at_1_std": -0.171899,
        "nauc_map_at_1_diff1": 0.745101,
        "nauc_map_at_3_max": 0.249926,
        "nauc_map_at_3_std": -0.138316,
        "nauc_map_at_3_diff1": 0.246937,
        "nauc_map_at_5_max": 0.2357,
        "nauc_map_at_5_std": -0.1342,
        "nauc_map_at_5_diff1": 0.240531,
        "nauc_map_at_10_max": 0.240597,
        "nauc_map_at_10_std": -0.126957,
        "nauc_map_at_10_diff1": 0.237402,
        "nauc_map_at_20_max": 0.238671,
        "nauc_map_at_20_std": -0.124373,
        "nauc_map_at_20_diff1": 0.23639,
        "nauc_map_at_100_max": 0.240417,
        "nauc_map_at_100_std": -0.123181,
        "nauc_map_at_100_diff1": 0.238542,
        "nauc_map_at_1000_max": 0.240625,
        "nauc_map_at_1000_std": -0.123191,
        "nauc_map_at_1000_diff1": 0.239057,
        "nauc_recall_at_1_max": 0.472777,
        "nauc_recall_at_1_std": -0.171899,
        "nauc_recall_at_1_diff1": 0.745101,
        "nauc_recall_at_3_max": 0.222823,
        "nauc_recall_at_3_std": -0.136823,
        "nauc_recall_at_3_diff1": 0.165553,
        "nauc_recall_at_5_max": 0.166222,
        "nauc_recall_at_5_std": -0.108264,
        "nauc_recall_at_5_diff1": 0.113751,
        "nauc_recall_at_10_max": 0.166483,
        "nauc_recall_at_10_std": -0.0529,
        "nauc_recall_at_10_diff1": 0.062742,
        "nauc_recall_at_20_max": 0.115186,
        "nauc_recall_at_20_std": -0.006978,
        "nauc_recall_at_20_diff1": 0.002588,
        "nauc_recall_at_100_max": 0.093631,
        "nauc_recall_at_100_std": 0.136326,
        "nauc_recall_at_100_diff1": -0.086182,
        "nauc_recall_at_1000_max": 0.091328,
        "nauc_recall_at_1000_std": 0.376236,
        "nauc_recall_at_1000_diff1": -0.190917,
        "nauc_precision_at_1_max": 0.472777,
        "nauc_precision_at_1_std": -0.171899,
        "nauc_precision_at_1_diff1": 0.745101,
        "nauc_precision_at_3_max": 0.222823,
        "nauc_precision_at_3_std": -0.136823,
        "nauc_precision_at_3_diff1": 0.165553,
        "nauc_precision_at_5_max": 0.166222,
        "nauc_precision_at_5_std": -0.108264,
        "nauc_precision_at_5_diff1": 0.113751,
        "nauc_precision_at_10_max": 0.166483,
        "nauc_precision_at_10_std": -0.0529,
        "nauc_precision_at_10_diff1": 0.062742,
        "nauc_precision_at_20_max": 0.115186,
        "nauc_precision_at_20_std": -0.006978,
        "nauc_precision_at_20_diff1": 0.002588,
        "nauc_precision_at_100_max": 0.093631,
        "nauc_precision_at_100_std": 0.136326,
        "nauc_precision_at_100_diff1": -0.086182,
        "nauc_precision_at_1000_max": 0.091328,
        "nauc_precision_at_1000_std": 0.376236,
        "nauc_precision_at_1000_diff1": -0.190917,
        "nauc_mrr_at_1_max": 0.472777,
        "nauc_mrr_at_1_std": -0.171899,
        "nauc_mrr_at_1_diff1": 0.745101,
        "nauc_mrr_at_3_max": 0.487918,
        "nauc_mrr_at_3_std": -0.189338,
        "nauc_mrr_at_3_diff1": 0.728261,
        "nauc_mrr_at_5_max": 0.486784,
        "nauc_mrr_at_5_std": -0.175258,
        "nauc_mrr_at_5_diff1": 0.725,
        "nauc_mrr_at_10_max": 0.489017,
        "nauc_mrr_at_10_std": -0.171441,
        "nauc_mrr_at_10_diff1": 0.725579,
        "nauc_mrr_at_20_max": 0.487078,
        "nauc_mrr_at_20_std": -0.172963,
        "nauc_mrr_at_20_diff1": 0.726037,
        "nauc_mrr_at_100_max": 0.486401,
        "nauc_mrr_at_100_std": -0.174112,
        "nauc_mrr_at_100_diff1": 0.726448,
        "nauc_mrr_at_1000_max": 0.486354,
        "nauc_mrr_at_1000_std": -0.174174,
        "nauc_mrr_at_1000_diff1": 0.726448,
        "main_score": 0.67302,
        "hf_subset": "default",
        "languages": [
          "eng-Latn"
        ]
      }
    ]
  },
  "evaluation_time": 371.14211654663086,
  "kg_co2_emissions": null
}