{
  "dataset_revision": "c22ab2a51041ffd869aaddef7af8d8215647e41a",
  "task_name": "ArguAna",
  "mteb_version": "1.36.29",
  "scores": {
    "test": [
      {
        "ndcg_at_1": 0.25036,
        "ndcg_at_3": 0.40145,
        "ndcg_at_5": 0.45211,
        "ndcg_at_10": 0.50579,
        "ndcg_at_20": 0.53115,
        "ndcg_at_100": 0.54625,
        "ndcg_at_1000": 0.54863,
        "map_at_1": 0.25036,
        "map_at_3": 0.36356,
        "map_at_5": 0.39183,
        "map_at_10": 0.41417,
        "map_at_20": 0.42133,
        "map_at_100": 0.42363,
        "map_at_1000": 0.42373,
        "recall_at_1": 0.25036,
        "recall_at_3": 0.51138,
        "recall_at_5": 0.63371,
        "recall_at_10": 0.79872,
        "recall_at_20": 0.89758,
        "recall_at_100": 0.97582,
        "recall_at_1000": 0.99431,
        "precision_at_1": 0.25036,
        "precision_at_3": 0.17046,
        "precision_at_5": 0.12674,
        "precision_at_10": 0.07987,
        "precision_at_20": 0.04488,
        "precision_at_100": 0.00976,
        "precision_at_1000": 0.00099,
        "mrr_at_1": 0.254623,
        "mrr_at_3": 0.365102,
        "mrr_at_5": 0.393551,
        "mrr_at_10": 0.415878,
        "mrr_at_20": 0.423034,
        "mrr_at_100": 0.425341,
        "mrr_at_1000": 0.425432,
        "nauc_ndcg_at_1_max": -0.12048,
        "nauc_ndcg_at_1_std": -0.177047,
        "nauc_ndcg_at_1_diff1": 0.028146,
        "nauc_ndcg_at_3_max": -0.070466,
        "nauc_ndcg_at_3_std": -0.131099,
        "nauc_ndcg_at_3_diff1": -0.002455,
        "nauc_ndcg_at_5_max": -0.063704,
        "nauc_ndcg_at_5_std": -0.129922,
        "nauc_ndcg_at_5_diff1": -0.012986,
        "nauc_ndcg_at_10_max": -0.054907,
        "nauc_ndcg_at_10_std": -0.128072,
        "nauc_ndcg_at_10_diff1": 0.002016,
        "nauc_ndcg_at_20_max": -0.05378,
        "nauc_ndcg_at_20_std": -0.112839,
        "nauc_ndcg_at_20_diff1": -0.005885,
        "nauc_ndcg_at_100_max": -0.058207,
        "nauc_ndcg_at_100_std": -0.121125,
        "nauc_ndcg_at_100_diff1": 0.005078,
        "nauc_ndcg_at_1000_max": -0.06479,
        "nauc_ndcg_at_1000_std": -0.126371,
        "nauc_ndcg_at_1000_diff1": 0.001053,
        "nauc_map_at_1_max": -0.12048,
        "nauc_map_at_1_std": -0.177047,
        "nauc_map_at_1_diff1": 0.028146,
        "nauc_map_at_3_max": -0.081634,
        "nauc_map_at_3_std": -0.140768,
        "nauc_map_at_3_diff1": 0.002135,
        "nauc_map_at_5_max": -0.078491,
        "nauc_map_at_5_std": -0.140983,
        "nauc_map_at_5_diff1": -0.003682,
        "nauc_map_at_10_max": -0.075873,
        "nauc_map_at_10_std": -0.140978,
        "nauc_map_at_10_diff1": 0.002353,
        "nauc_map_at_20_max": -0.076186,
        "nauc_map_at_20_std": -0.137843,
        "nauc_map_at_20_diff1": 0.000354,
        "nauc_map_at_100_max": -0.076686,
        "nauc_map_at_100_std": -0.138808,
        "nauc_map_at_100_diff1": 0.001938,
        "nauc_map_at_1000_max": -0.076901,
        "nauc_map_at_1000_std": -0.138963,
        "nauc_map_at_1000_diff1": 0.0018,
        "nauc_recall_at_1_max": -0.12048,
        "nauc_recall_at_1_std": -0.177047,
        "nauc_recall_at_1_diff1": 0.028146,
        "nauc_recall_at_3_max": -0.039447,
        "nauc_recall_at_3_std": -0.104485,
        "nauc_recall_at_3_diff1": -0.014284,
        "nauc_recall_at_5_max": -0.015931,
        "nauc_recall_at_5_std": -0.09457,
        "nauc_recall_at_5_diff1": -0.042583,
        "nauc_recall_at_10_max": 0.052368,
        "nauc_recall_at_10_std": -0.064148,
        "nauc_recall_at_10_diff1": 0.010313,
        "nauc_recall_at_20_max": 0.156559,
        "nauc_recall_at_20_std": 0.146814,
        "nauc_recall_at_20_diff1": -0.059659,
        "nauc_recall_at_100_max": 0.561578,
        "nauc_recall_at_100_std": 0.508674,
        "nauc_recall_at_100_diff1": 0.311405,
        "nauc_recall_at_1000_max": 0.403853,
        "nauc_recall_at_1000_std": 0.780269,
        "nauc_recall_at_1000_diff1": 0.000692,
        "nauc_precision_at_1_max": -0.12048,
        "nauc_precision_at_1_std": -0.177047,
        "nauc_precision_at_1_diff1": 0.028146,
        "nauc_precision_at_3_max": -0.039447,
        "nauc_precision_at_3_std": -0.104485,
        "nauc_precision_at_3_diff1": -0.014284,
        "nauc_precision_at_5_max": -0.015931,
        "nauc_precision_at_5_std": -0.09457,
        "nauc_precision_at_5_diff1": -0.042583,
        "nauc_precision_at_10_max": 0.052368,
        "nauc_precision_at_10_std": -0.064148,
        "nauc_precision_at_10_diff1": 0.010313,
        "nauc_precision_at_20_max": 0.156559,
        "nauc_precision_at_20_std": 0.146814,
        "nauc_precision_at_20_diff1": -0.059659,
        "nauc_precision_at_100_max": 0.561578,
        "nauc_precision_at_100_std": 0.508674,
        "nauc_precision_at_100_diff1": 0.311405,
        "nauc_precision_at_1000_max": 0.403853,
        "nauc_precision_at_1000_std": 0.780269,
        "nauc_precision_at_1000_diff1": 0.000692,
        "nauc_mrr_at_1_max": -0.119711,
        "nauc_mrr_at_1_std": -0.171366,
        "nauc_mrr_at_1_diff1": 0.014597,
        "nauc_mrr_at_3_max": -0.086122,
        "nauc_mrr_at_3_std": -0.140205,
        "nauc_mrr_at_3_diff1": -0.008994,
        "nauc_mrr_at_5_max": -0.083358,
        "nauc_mrr_at_5_std": -0.140806,
        "nauc_mrr_at_5_diff1": -0.015115,
        "nauc_mrr_at_10_max": -0.080205,
        "nauc_mrr_at_10_std": -0.140285,
        "nauc_mrr_at_10_diff1": -0.008811,
        "nauc_mrr_at_20_max": -0.080632,
        "nauc_mrr_at_20_std": -0.137163,
        "nauc_mrr_at_20_diff1": -0.011093,
        "nauc_mrr_at_100_max": -0.081164,
        "nauc_mrr_at_100_std": -0.138119,
        "nauc_mrr_at_100_diff1": -0.009602,
        "nauc_mrr_at_1000_max": -0.081379,
        "nauc_mrr_at_1000_std": -0.138273,
        "nauc_mrr_at_1000_diff1": -0.009742,
        "main_score": 0.50579,
        "hf_subset": "default",
        "languages": [
          "eng-Latn"
        ]
      }
    ]
  },
  "evaluation_time": 32.796608209609985,
  "kg_co2_emissions": null
}