{
  "dataset_revision": "080c9ed6267b65029207906e815d44a9240bafca",
  "task_name": "FEVERHardNegatives",
  "mteb_version": "1.36.29",
  "scores": {
    "test": [
      {
        "ndcg_at_1": 0.587,
        "ndcg_at_3": 0.69042,
        "ndcg_at_5": 0.71713,
        "ndcg_at_10": 0.73013,
        "ndcg_at_20": 0.741,
        "ndcg_at_100": 0.75089,
        "ndcg_at_1000": 0.75494,
        "map_at_1": 0.55683,
        "map_at_3": 0.65374,
        "map_at_5": 0.66976,
        "map_at_10": 0.67549,
        "map_at_20": 0.67891,
        "map_at_100": 0.68047,
        "map_at_1000": 0.68067,
        "recall_at_1": 0.55683,
        "recall_at_3": 0.76435,
        "recall_at_5": 0.82965,
        "recall_at_10": 0.86926,
        "recall_at_20": 0.9093,
        "recall_at_100": 0.95786,
        "recall_at_1000": 0.98537,
        "precision_at_1": 0.587,
        "precision_at_3": 0.27367,
        "precision_at_5": 0.1796,
        "precision_at_10": 0.0945,
        "precision_at_20": 0.0499,
        "precision_at_100": 0.01068,
        "precision_at_1000": 0.00112,
        "mrr_at_1": 0.587,
        "mrr_at_3": 0.683167,
        "mrr_at_5": 0.697717,
        "mrr_at_10": 0.703003,
        "mrr_at_20": 0.705669,
        "mrr_at_100": 0.706942,
        "mrr_at_1000": 0.706998,
        "nauc_ndcg_at_1_max": 0.197373,
        "nauc_ndcg_at_1_std": 0.001481,
        "nauc_ndcg_at_1_diff1": 0.644529,
        "nauc_ndcg_at_3_max": 0.247298,
        "nauc_ndcg_at_3_std": 0.037058,
        "nauc_ndcg_at_3_diff1": 0.594378,
        "nauc_ndcg_at_5_max": 0.270822,
        "nauc_ndcg_at_5_std": 0.068804,
        "nauc_ndcg_at_5_diff1": 0.603997,
        "nauc_ndcg_at_10_max": 0.264687,
        "nauc_ndcg_at_10_std": 0.074196,
        "nauc_ndcg_at_10_diff1": 0.60488,
        "nauc_ndcg_at_20_max": 0.267243,
        "nauc_ndcg_at_20_std": 0.072717,
        "nauc_ndcg_at_20_diff1": 0.611136,
        "nauc_ndcg_at_100_max": 0.260206,
        "nauc_ndcg_at_100_std": 0.059332,
        "nauc_ndcg_at_100_diff1": 0.614826,
        "nauc_ndcg_at_1000_max": 0.258271,
        "nauc_ndcg_at_1000_std": 0.056546,
        "nauc_ndcg_at_1000_diff1": 0.613705,
        "nauc_map_at_1_max": 0.205664,
        "nauc_map_at_1_std": -0.013988,
        "nauc_map_at_1_diff1": 0.634392,
        "nauc_map_at_3_max": 0.240854,
        "nauc_map_at_3_std": 0.019639,
        "nauc_map_at_3_diff1": 0.606152,
        "nauc_map_at_5_max": 0.252727,
        "nauc_map_at_5_std": 0.035546,
        "nauc_map_at_5_diff1": 0.610864,
        "nauc_map_at_10_max": 0.250247,
        "nauc_map_at_10_std": 0.03748,
        "nauc_map_at_10_diff1": 0.61124,
        "nauc_map_at_20_max": 0.251158,
        "nauc_map_at_20_std": 0.03702,
        "nauc_map_at_20_diff1": 0.613086,
        "nauc_map_at_100_max": 0.250248,
        "nauc_map_at_100_std": 0.03527,
        "nauc_map_at_100_diff1": 0.613736,
        "nauc_map_at_1000_max": 0.250135,
        "nauc_map_at_1000_std": 0.035213,
        "nauc_map_at_1000_diff1": 0.613665,
        "nauc_recall_at_1_max": 0.205664,
        "nauc_recall_at_1_std": -0.013988,
        "nauc_recall_at_1_diff1": 0.634392,
        "nauc_recall_at_3_max": 0.282281,
        "nauc_recall_at_3_std": 0.08628,
        "nauc_recall_at_3_diff1": 0.529514,
        "nauc_recall_at_5_max": 0.363711,
        "nauc_recall_at_5_std": 0.206186,
        "nauc_recall_at_5_diff1": 0.533867,
        "nauc_recall_at_10_max": 0.352471,
        "nauc_recall_at_10_std": 0.263368,
        "nauc_recall_at_10_diff1": 0.524908,
        "nauc_recall_at_20_max": 0.406045,
        "nauc_recall_at_20_std": 0.330409,
        "nauc_recall_at_20_diff1": 0.541554,
        "nauc_recall_at_100_max": 0.40687,
        "nauc_recall_at_100_std": 0.281956,
        "nauc_recall_at_100_diff1": 0.570738,
        "nauc_recall_at_1000_max": 0.601393,
        "nauc_recall_at_1000_std": 0.397199,
        "nauc_recall_at_1000_diff1": 0.56164,
        "nauc_precision_at_1_max": 0.197373,
        "nauc_precision_at_1_std": 0.001481,
        "nauc_precision_at_1_diff1": 0.644529,
        "nauc_precision_at_3_max": 0.227673,
        "nauc_precision_at_3_std": 0.103941,
        "nauc_precision_at_3_diff1": 0.442587,
        "nauc_precision_at_5_max": 0.267006,
        "nauc_precision_at_5_std": 0.227907,
        "nauc_precision_at_5_diff1": 0.348262,
        "nauc_precision_at_10_max": 0.215007,
        "nauc_precision_at_10_std": 0.26657,
        "nauc_precision_at_10_diff1": 0.251878,
        "nauc_precision_at_20_max": 0.153798,
        "nauc_precision_at_20_std": 0.238426,
        "nauc_precision_at_20_diff1": 0.117832,
        "nauc_precision_at_100_max": 8.6e-05,
        "nauc_precision_at_100_std": 0.15399,
        "nauc_precision_at_100_diff1": -0.108407,
        "nauc_precision_at_1000_max": -0.091089,
        "nauc_precision_at_1000_std": 0.087238,
        "nauc_precision_at_1000_diff1": -0.236784,
        "nauc_mrr_at_1_max": 0.197373,
        "nauc_mrr_at_1_std": 0.001481,
        "nauc_mrr_at_1_diff1": 0.644529,
        "nauc_mrr_at_3_max": 0.225415,
        "nauc_mrr_at_3_std": 0.035219,
        "nauc_mrr_at_3_diff1": 0.61201,
        "nauc_mrr_at_5_max": 0.235387,
        "nauc_mrr_at_5_std": 0.047321,
        "nauc_mrr_at_5_diff1": 0.619469,
        "nauc_mrr_at_10_max": 0.231959,
        "nauc_mrr_at_10_std": 0.048672,
        "nauc_mrr_at_10_diff1": 0.619055,
        "nauc_mrr_at_20_max": 0.232245,
        "nauc_mrr_at_20_std": 0.047943,
        "nauc_mrr_at_20_diff1": 0.620107,
        "nauc_mrr_at_100_max": 0.231082,
        "nauc_mrr_at_100_std": 0.045591,
        "nauc_mrr_at_100_diff1": 0.620459,
        "nauc_mrr_at_1000_max": 0.231077,
        "nauc_mrr_at_1000_std": 0.045519,
        "nauc_mrr_at_1000_diff1": 0.620477,
        "main_score": 0.73013,
        "hf_subset": "default",
        "languages": [
          "eng-Latn"
        ]
      }
    ]
  },
  "evaluation_time": 365.9800441265106,
  "kg_co2_emissions": null
}