{
  "dataset_revision": "bb9466bac8153a0349341eb1b22e06409e78ef4e",
  "task_name": "TRECCOVID",
  "mteb_version": "1.36.29",
  "scores": {
    "test": [
      {
        "ndcg_at_1": 0.71,
        "ndcg_at_3": 0.65358,
        "ndcg_at_5": 0.62325,
        "ndcg_at_10": 0.56947,
        "ndcg_at_20": 0.52031,
        "ndcg_at_100": 0.37307,
        "ndcg_at_1000": 0.31549,
        "map_at_1": 0.00198,
        "map_at_3": 0.00488,
        "map_at_5": 0.00724,
        "map_at_10": 0.01179,
        "map_at_20": 0.01933,
        "map_at_100": 0.05264,
        "map_at_1000": 0.11422,
        "recall_at_1": 0.00198,
        "recall_at_3": 0.00522,
        "recall_at_5": 0.00815,
        "recall_at_10": 0.01421,
        "recall_at_20": 0.02528,
        "recall_at_100": 0.08416,
        "recall_at_1000": 0.29152,
        "precision_at_1": 0.76,
        "precision_at_3": 0.68,
        "precision_at_5": 0.652,
        "precision_at_10": 0.59,
        "precision_at_20": 0.538,
        "precision_at_100": 0.3704,
        "precision_at_1000": 0.13902,
        "mrr_at_1": 0.76,
        "mrr_at_3": 0.84,
        "mrr_at_5": 0.844,
        "mrr_at_10": 0.8465,
        "mrr_at_20": 0.8465,
        "mrr_at_100": 0.84764,
        "mrr_at_1000": 0.84764,
        "nauc_ndcg_at_1_max": 0.358188,
        "nauc_ndcg_at_1_std": 0.388521,
        "nauc_ndcg_at_1_diff1": -0.090528,
        "nauc_ndcg_at_3_max": 0.27751,
        "nauc_ndcg_at_3_std": 0.46772,
        "nauc_ndcg_at_3_diff1": -0.205642,
        "nauc_ndcg_at_5_max": 0.223733,
        "nauc_ndcg_at_5_std": 0.474584,
        "nauc_ndcg_at_5_diff1": -0.221314,
        "nauc_ndcg_at_10_max": 0.207148,
        "nauc_ndcg_at_10_std": 0.513611,
        "nauc_ndcg_at_10_diff1": -0.263012,
        "nauc_ndcg_at_20_max": 0.19324,
        "nauc_ndcg_at_20_std": 0.587619,
        "nauc_ndcg_at_20_diff1": -0.304361,
        "nauc_ndcg_at_100_max": 0.250127,
        "nauc_ndcg_at_100_std": 0.74371,
        "nauc_ndcg_at_100_diff1": -0.324571,
        "nauc_ndcg_at_1000_max": 0.231701,
        "nauc_ndcg_at_1000_std": 0.765445,
        "nauc_ndcg_at_1000_diff1": -0.277297,
        "nauc_map_at_1_max": 0.219461,
        "nauc_map_at_1_std": 0.048045,
        "nauc_map_at_1_diff1": 0.109934,
        "nauc_map_at_3_max": 0.174123,
        "nauc_map_at_3_std": 0.141427,
        "nauc_map_at_3_diff1": -0.023227,
        "nauc_map_at_5_max": 0.195613,
        "nauc_map_at_5_std": 0.213431,
        "nauc_map_at_5_diff1": -0.036371,
        "nauc_map_at_10_max": 0.188075,
        "nauc_map_at_10_std": 0.315626,
        "nauc_map_at_10_diff1": -0.074597,
        "nauc_map_at_20_max": 0.155125,
        "nauc_map_at_20_std": 0.439957,
        "nauc_map_at_20_diff1": -0.208352,
        "nauc_map_at_100_max": 0.238598,
        "nauc_map_at_100_std": 0.68253,
        "nauc_map_at_100_diff1": -0.309678,
        "nauc_map_at_1000_max": 0.270537,
        "nauc_map_at_1000_std": 0.824535,
        "nauc_map_at_1000_diff1": -0.306861,
        "nauc_recall_at_1_max": 0.219461,
        "nauc_recall_at_1_std": 0.048045,
        "nauc_recall_at_1_diff1": 0.109934,
        "nauc_recall_at_3_max": 0.118188,
        "nauc_recall_at_3_std": 0.097531,
        "nauc_recall_at_3_diff1": -0.056989,
        "nauc_recall_at_5_max": 0.123566,
        "nauc_recall_at_5_std": 0.1308,
        "nauc_recall_at_5_diff1": -0.051072,
        "nauc_recall_at_10_max": 0.127186,
        "nauc_recall_at_10_std": 0.225673,
        "nauc_recall_at_10_diff1": -0.091414,
        "nauc_recall_at_20_max": 0.117172,
        "nauc_recall_at_20_std": 0.360539,
        "nauc_recall_at_20_diff1": -0.196687,
        "nauc_recall_at_100_max": 0.224771,
        "nauc_recall_at_100_std": 0.617822,
        "nauc_recall_at_100_diff1": -0.280635,
        "nauc_recall_at_1000_max": 0.211008,
        "nauc_recall_at_1000_std": 0.736155,
        "nauc_recall_at_1000_diff1": -0.254842,
        "nauc_precision_at_1_max": 0.627585,
        "nauc_precision_at_1_std": 0.510124,
        "nauc_precision_at_1_diff1": -0.007095,
        "nauc_precision_at_3_max": 0.333309,
        "nauc_precision_at_3_std": 0.544521,
        "nauc_precision_at_3_diff1": -0.268757,
        "nauc_precision_at_5_max": 0.231685,
        "nauc_precision_at_5_std": 0.488211,
        "nauc_precision_at_5_diff1": -0.220325,
        "nauc_precision_at_10_max": 0.216015,
        "nauc_precision_at_10_std": 0.548486,
        "nauc_precision_at_10_diff1": -0.252445,
        "nauc_precision_at_20_max": 0.194599,
        "nauc_precision_at_20_std": 0.620921,
        "nauc_precision_at_20_diff1": -0.305635,
        "nauc_precision_at_100_max": 0.259863,
        "nauc_precision_at_100_std": 0.778583,
        "nauc_precision_at_100_diff1": -0.337427,
        "nauc_precision_at_1000_max": 0.220043,
        "nauc_precision_at_1000_std": 0.720809,
        "nauc_precision_at_1000_diff1": -0.232764,
        "nauc_mrr_at_1_max": 0.627585,
        "nauc_mrr_at_1_std": 0.510124,
        "nauc_mrr_at_1_diff1": -0.007095,
        "nauc_mrr_at_3_max": 0.635976,
        "nauc_mrr_at_3_std": 0.576005,
        "nauc_mrr_at_3_diff1": -0.013541,
        "nauc_mrr_at_5_max": 0.625858,
        "nauc_mrr_at_5_std": 0.571941,
        "nauc_mrr_at_5_diff1": 0.001745,
        "nauc_mrr_at_10_max": 0.630592,
        "nauc_mrr_at_10_std": 0.566684,
        "nauc_mrr_at_10_diff1": -0.013592,
        "nauc_mrr_at_20_max": 0.630592,
        "nauc_mrr_at_20_std": 0.566684,
        "nauc_mrr_at_20_diff1": -0.013592,
        "nauc_mrr_at_100_max": 0.630704,
        "nauc_mrr_at_100_std": 0.565181,
        "nauc_mrr_at_100_diff1": -0.013886,
        "nauc_mrr_at_1000_max": 0.630704,
        "nauc_mrr_at_1000_std": 0.565181,
        "nauc_mrr_at_1000_diff1": -0.013886,
        "main_score": 0.56947,
        "hf_subset": "default",
        "languages": [
          "eng-Latn"
        ]
      }
    ]
  },
  "evaluation_time": 454.0495295524597,
  "kg_co2_emissions": null
}