{
  "dataset_revision": "8fae72a2c75530aaaac6920a02622490d923ca98",
  "task_name": "ChemRxivNC2",
  "mteb_version": "1.36.29",
  "scores": {
    "test": [
      {
        "ndcg_at_1": 0.655,
        "ndcg_at_3": 0.75935,
        "ndcg_at_5": 0.78047,
        "ndcg_at_10": 0.79554,
        "ndcg_at_20": 0.8022,
        "ndcg_at_100": 0.80774,
        "ndcg_at_1000": 0.8094,
        "map_at_1": 0.655,
        "map_at_3": 0.7343,
        "map_at_5": 0.74608,
        "map_at_10": 0.75239,
        "map_at_20": 0.75421,
        "map_at_100": 0.755,
        "map_at_1000": 0.75507,
        "recall_at_1": 0.655,
        "recall_at_3": 0.8316,
        "recall_at_5": 0.8826,
        "recall_at_10": 0.9288,
        "recall_at_20": 0.9552,
        "recall_at_100": 0.9846,
        "recall_at_1000": 0.9976,
        "precision_at_1": 0.655,
        "precision_at_3": 0.2772,
        "precision_at_5": 0.17652,
        "precision_at_10": 0.09288,
        "precision_at_20": 0.04776,
        "precision_at_100": 0.00985,
        "precision_at_1000": 0.001,
        "mrr_at_1": 0.6558,
        "mrr_at_3": 0.7347,
        "mrr_at_5": 0.74648,
        "mrr_at_10": 0.752786,
        "mrr_at_20": 0.754607,
        "mrr_at_100": 0.755404,
        "mrr_at_1000": 0.755468,
        "nauc_ndcg_at_1_max": 0.411817,
        "nauc_ndcg_at_1_std": -0.127175,
        "nauc_ndcg_at_1_diff1": 0.71255,
        "nauc_ndcg_at_3_max": 0.444948,
        "nauc_ndcg_at_3_std": -0.109549,
        "nauc_ndcg_at_3_diff1": 0.665418,
        "nauc_ndcg_at_5_max": 0.457505,
        "nauc_ndcg_at_5_std": -0.097574,
        "nauc_ndcg_at_5_diff1": 0.668857,
        "nauc_ndcg_at_10_max": 0.457713,
        "nauc_ndcg_at_10_std": -0.090994,
        "nauc_ndcg_at_10_diff1": 0.674144,
        "nauc_ndcg_at_20_max": 0.455282,
        "nauc_ndcg_at_20_std": -0.088339,
        "nauc_ndcg_at_20_diff1": 0.675778,
        "nauc_ndcg_at_100_max": 0.448736,
        "nauc_ndcg_at_100_std": -0.093484,
        "nauc_ndcg_at_100_diff1": 0.678087,
        "nauc_ndcg_at_1000_max": 0.447048,
        "nauc_ndcg_at_1000_std": -0.098093,
        "nauc_ndcg_at_1000_diff1": 0.6793,
        "nauc_map_at_1_max": 0.411817,
        "nauc_map_at_1_std": -0.127175,
        "nauc_map_at_1_diff1": 0.71255,
        "nauc_map_at_3_max": 0.435383,
        "nauc_map_at_3_std": -0.114774,
        "nauc_map_at_3_diff1": 0.67839,
        "nauc_map_at_5_max": 0.441369,
        "nauc_map_at_5_std": -0.109208,
        "nauc_map_at_5_diff1": 0.680679,
        "nauc_map_at_10_max": 0.440957,
        "nauc_map_at_10_std": -0.106959,
        "nauc_map_at_10_diff1": 0.682692,
        "nauc_map_at_20_max": 0.440397,
        "nauc_map_at_20_std": -0.10647,
        "nauc_map_at_20_diff1": 0.683224,
        "nauc_map_at_100_max": 0.439578,
        "nauc_map_at_100_std": -0.107091,
        "nauc_map_at_100_diff1": 0.683447,
        "nauc_map_at_1000_max": 0.439538,
        "nauc_map_at_1000_std": -0.107212,
        "nauc_map_at_1000_diff1": 0.683487,
        "nauc_recall_at_1_max": 0.411817,
        "nauc_recall_at_1_std": -0.127175,
        "nauc_recall_at_1_diff1": 0.71255,
        "nauc_recall_at_3_max": 0.484389,
        "nauc_recall_at_3_std": -0.08792,
        "nauc_recall_at_3_diff1": 0.612312,
        "nauc_recall_at_5_max": 0.548335,
        "nauc_recall_at_5_std": -0.030537,
        "nauc_recall_at_5_diff1": 0.605843,
        "nauc_recall_at_10_max": 0.606527,
        "nauc_recall_at_10_std": 0.057288,
        "nauc_recall_at_10_diff1": 0.610221,
        "nauc_recall_at_20_max": 0.652953,
        "nauc_recall_at_20_std": 0.183563,
        "nauc_recall_at_20_diff1": 0.594202,
        "nauc_recall_at_100_max": 0.6591,
        "nauc_recall_at_100_std": 0.402397,
        "nauc_recall_at_100_diff1": 0.583088,
        "nauc_recall_at_1000_max": 0.816371,
        "nauc_recall_at_1000_std": 0.508559,
        "nauc_recall_at_1000_diff1": 0.710356,
        "nauc_precision_at_1_max": 0.411817,
        "nauc_precision_at_1_std": -0.127175,
        "nauc_precision_at_1_diff1": 0.71255,
        "nauc_precision_at_3_max": 0.484389,
        "nauc_precision_at_3_std": -0.08792,
        "nauc_precision_at_3_diff1": 0.612312,
        "nauc_precision_at_5_max": 0.548335,
        "nauc_precision_at_5_std": -0.030537,
        "nauc_precision_at_5_diff1": 0.605843,
        "nauc_precision_at_10_max": 0.606527,
        "nauc_precision_at_10_std": 0.057288,
        "nauc_precision_at_10_diff1": 0.610221,
        "nauc_precision_at_20_max": 0.652953,
        "nauc_precision_at_20_std": 0.183563,
        "nauc_precision_at_20_diff1": 0.594202,
        "nauc_precision_at_100_max": 0.6591,
        "nauc_precision_at_100_std": 0.402397,
        "nauc_precision_at_100_diff1": 0.583088,
        "nauc_precision_at_1000_max": 0.816371,
        "nauc_precision_at_1000_std": 0.508559,
        "nauc_precision_at_1000_diff1": 0.710356,
        "nauc_mrr_at_1_max": 0.411522,
        "nauc_mrr_at_1_std": -0.127858,
        "nauc_mrr_at_1_diff1": 0.710844,
        "nauc_mrr_at_3_max": 0.435224,
        "nauc_mrr_at_3_std": -0.115185,
        "nauc_mrr_at_3_diff1": 0.677299,
        "nauc_mrr_at_5_max": 0.441208,
        "nauc_mrr_at_5_std": -0.109633,
        "nauc_mrr_at_5_diff1": 0.67954,
        "nauc_mrr_at_10_max": 0.440791,
        "nauc_mrr_at_10_std": -0.107394,
        "nauc_mrr_at_10_diff1": 0.681523,
        "nauc_mrr_at_20_max": 0.440229,
        "nauc_mrr_at_20_std": -0.106908,
        "nauc_mrr_at_20_diff1": 0.682045,
        "nauc_mrr_at_100_max": 0.439408,
        "nauc_mrr_at_100_std": -0.107528,
        "nauc_mrr_at_100_diff1": 0.682263,
        "nauc_mrr_at_1000_max": 0.439368,
        "nauc_mrr_at_1000_std": -0.10765,
        "nauc_mrr_at_1000_diff1": 0.682303,
        "main_score": 0.79554,
        "hf_subset": "default",
        "languages": [
          "eng-Latn"
        ]
      }
    ]
  },
  "evaluation_time": 175.44030809402466,
  "kg_co2_emissions": null
}