{
  "dataset_revision": "5d958fb6b31055495347724d46431ba41309b03a",
  "task_name": "ChemNQRetrieval",
  "mteb_version": "1.36.29",
  "scores": {
    "test": [
      {
        "ndcg_at_1": 0.44444,
        "ndcg_at_3": 0.538,
        "ndcg_at_5": 0.56273,
        "ndcg_at_10": 0.59171,
        "ndcg_at_20": 0.62621,
        "ndcg_at_100": 0.6397,
        "ndcg_at_1000": 0.64359,
        "map_at_1": 0.34568,
        "map_at_3": 0.48765,
        "map_at_5": 0.50432,
        "map_at_10": 0.51437,
        "map_at_20": 0.52577,
        "map_at_100": 0.52818,
        "map_at_1000": 0.52823,
        "recall_at_1": 0.34568,
        "recall_at_3": 0.62346,
        "recall_at_5": 0.67901,
        "recall_at_10": 0.7716,
        "recall_at_20": 0.90123,
        "recall_at_100": 0.96296,
        "recall_at_1000": 1.0,
        "precision_at_1": 0.44444,
        "precision_at_3": 0.25926,
        "precision_at_5": 0.17037,
        "precision_at_10": 0.0963,
        "precision_at_20": 0.05741,
        "precision_at_100": 0.01259,
        "precision_at_1000": 0.0013,
        "mrr_at_1": 0.444444,
        "mrr_at_3": 0.555556,
        "mrr_at_5": 0.564815,
        "mrr_at_10": 0.577513,
        "mrr_at_20": 0.581932,
        "mrr_at_100": 0.583021,
        "mrr_at_1000": 0.583071,
        "nauc_ndcg_at_1_max": 0.052602,
        "nauc_ndcg_at_1_std": -0.095962,
        "nauc_ndcg_at_1_diff1": 0.455526,
        "nauc_ndcg_at_3_max": 0.098791,
        "nauc_ndcg_at_3_std": -0.112758,
        "nauc_ndcg_at_3_diff1": 0.361658,
        "nauc_ndcg_at_5_max": 0.150468,
        "nauc_ndcg_at_5_std": -0.035317,
        "nauc_ndcg_at_5_diff1": 0.304885,
        "nauc_ndcg_at_10_max": 0.14976,
        "nauc_ndcg_at_10_std": -0.040254,
        "nauc_ndcg_at_10_diff1": 0.301933,
        "nauc_ndcg_at_20_max": 0.166661,
        "nauc_ndcg_at_20_std": -0.032491,
        "nauc_ndcg_at_20_diff1": 0.340631,
        "nauc_ndcg_at_100_max": 0.159795,
        "nauc_ndcg_at_100_std": -0.046085,
        "nauc_ndcg_at_100_diff1": 0.387301,
        "nauc_ndcg_at_1000_max": 0.160568,
        "nauc_ndcg_at_1000_std": -0.037344,
        "nauc_ndcg_at_1000_diff1": 0.379328,
        "nauc_map_at_1_max": -0.065692,
        "nauc_map_at_1_std": -0.082593,
        "nauc_map_at_1_diff1": 0.323084,
        "nauc_map_at_3_max": 0.062456,
        "nauc_map_at_3_std": -0.124556,
        "nauc_map_at_3_diff1": 0.362495,
        "nauc_map_at_5_max": 0.098744,
        "nauc_map_at_5_std": -0.078977,
        "nauc_map_at_5_diff1": 0.327655,
        "nauc_map_at_10_max": 0.097382,
        "nauc_map_at_10_std": -0.081449,
        "nauc_map_at_10_diff1": 0.327456,
        "nauc_map_at_20_max": 0.111914,
        "nauc_map_at_20_std": -0.070436,
        "nauc_map_at_20_diff1": 0.343522,
        "nauc_map_at_100_max": 0.110772,
        "nauc_map_at_100_std": -0.072139,
        "nauc_map_at_100_diff1": 0.350306,
        "nauc_map_at_1000_max": 0.110771,
        "nauc_map_at_1000_std": -0.072053,
        "nauc_map_at_1000_diff1": 0.350218,
        "nauc_recall_at_1_max": -0.065692,
        "nauc_recall_at_1_std": -0.082593,
        "nauc_recall_at_1_diff1": 0.323084,
        "nauc_recall_at_3_max": 0.095044,
        "nauc_recall_at_3_std": -0.143988,
        "nauc_recall_at_3_diff1": 0.260334,
        "nauc_recall_at_5_max": 0.213417,
        "nauc_recall_at_5_std": 0.047201,
        "nauc_recall_at_5_diff1": 0.10025,
        "nauc_recall_at_10_max": 0.154307,
        "nauc_recall_at_10_std": -0.012635,
        "nauc_recall_at_10_diff1": -0.041278,
        "nauc_recall_at_20_max": 0.204835,
        "nauc_recall_at_20_std": -0.050095,
        "nauc_recall_at_20_diff1": -0.032522,
        "nauc_recall_at_100_max": 0.113206,
        "nauc_recall_at_100_std": -0.572623,
        "nauc_recall_at_100_diff1": 0.867647,
        "nauc_recall_at_1000_max": NaN,
        "nauc_recall_at_1000_std": NaN,
        "nauc_recall_at_1000_diff1": NaN,
        "nauc_precision_at_1_max": 0.052602,
        "nauc_precision_at_1_std": -0.095962,
        "nauc_precision_at_1_diff1": 0.455526,
        "nauc_precision_at_3_max": 0.288606,
        "nauc_precision_at_3_std": -0.168465,
        "nauc_precision_at_3_diff1": 0.371824,
        "nauc_precision_at_5_max": 0.384344,
        "nauc_precision_at_5_std": 0.002801,
        "nauc_precision_at_5_diff1": 0.187485,
        "nauc_precision_at_10_max": 0.502266,
        "nauc_precision_at_10_std": 0.053956,
        "nauc_precision_at_10_diff1": 0.196925,
        "nauc_precision_at_20_max": 0.569931,
        "nauc_precision_at_20_std": 0.168625,
        "nauc_precision_at_20_diff1": 0.285051,
        "nauc_precision_at_100_max": 0.454336,
        "nauc_precision_at_100_std": 0.131629,
        "nauc_precision_at_100_diff1": 0.401855,
        "nauc_precision_at_1000_max": 0.486792,
        "nauc_precision_at_1000_std": 0.198634,
        "nauc_precision_at_1000_diff1": 0.357538,
        "nauc_mrr_at_1_max": 0.052602,
        "nauc_mrr_at_1_std": -0.095962,
        "nauc_mrr_at_1_diff1": 0.455526,
        "nauc_mrr_at_3_max": 0.157654,
        "nauc_mrr_at_3_std": -0.050978,
        "nauc_mrr_at_3_diff1": 0.437682,
        "nauc_mrr_at_5_max": 0.166243,
        "nauc_mrr_at_5_std": -0.016247,
        "nauc_mrr_at_5_diff1": 0.417412,
        "nauc_mrr_at_10_max": 0.18292,
        "nauc_mrr_at_10_std": -0.002044,
        "nauc_mrr_at_10_diff1": 0.4329,
        "nauc_mrr_at_20_max": 0.171486,
        "nauc_mrr_at_20_std": -0.012683,
        "nauc_mrr_at_20_diff1": 0.432111,
        "nauc_mrr_at_100_max": 0.170804,
        "nauc_mrr_at_100_std": -0.014767,
        "nauc_mrr_at_100_diff1": 0.435793,
        "nauc_mrr_at_1000_max": 0.170814,
        "nauc_mrr_at_1000_std": -0.014673,
        "nauc_mrr_at_1000_diff1": 0.43572,
        "main_score": 0.59171,
        "hf_subset": "default",
        "languages": [
          "eng-Latn"
        ]
      }
    ]
  },
  "evaluation_time": 29.907692432403564,
  "kg_co2_emissions": null
}