{
  "dataset_revision": "1840e8a5ac6ec752bbdd97d543ead0189bc7c25b",
  "task_name": "ChemHotpotQARetrieval",
  "mteb_version": "1.36.29",
  "scores": {
    "train": [
      {
        "ndcg_at_1": 0.83333,
        "ndcg_at_3": 0.86048,
        "ndcg_at_5": 0.87865,
        "ndcg_at_10": 0.88399,
        "ndcg_at_20": 0.88985,
        "ndcg_at_100": 0.89396,
        "ndcg_at_1000": 0.8952,
        "map_at_1": 0.81389,
        "map_at_3": 0.85093,
        "map_at_5": 0.86093,
        "map_at_10": 0.8631,
        "map_at_20": 0.86485,
        "map_at_100": 0.86571,
        "map_at_1000": 0.86573,
        "recall_at_1": 0.81389,
        "recall_at_3": 0.88056,
        "recall_at_5": 0.925,
        "recall_at_10": 0.94167,
        "recall_at_20": 0.96389,
        "recall_at_100": 0.98333,
        "recall_at_1000": 0.99444,
        "precision_at_1": 0.83333,
        "precision_at_3": 0.3037,
        "precision_at_5": 0.19111,
        "precision_at_10": 0.09722,
        "precision_at_20": 0.04972,
        "precision_at_100": 0.01022,
        "precision_at_1000": 0.00103,
        "mrr_at_1": 0.833333,
        "mrr_at_3": 0.859259,
        "mrr_at_5": 0.869259,
        "mrr_at_10": 0.871435,
        "mrr_at_20": 0.873186,
        "mrr_at_100": 0.873482,
        "mrr_at_1000": 0.873505,
        "nauc_ndcg_at_1_max": 0.60156,
        "nauc_ndcg_at_1_std": -0.263875,
        "nauc_ndcg_at_1_diff1": 0.908128,
        "nauc_ndcg_at_3_max": 0.514814,
        "nauc_ndcg_at_3_std": -0.323881,
        "nauc_ndcg_at_3_diff1": 0.797052,
        "nauc_ndcg_at_5_max": 0.460791,
        "nauc_ndcg_at_5_std": -0.375179,
        "nauc_ndcg_at_5_diff1": 0.777103,
        "nauc_ndcg_at_10_max": 0.445066,
        "nauc_ndcg_at_10_std": -0.405311,
        "nauc_ndcg_at_10_diff1": 0.779863,
        "nauc_ndcg_at_20_max": 0.437083,
        "nauc_ndcg_at_20_std": -0.41361,
        "nauc_ndcg_at_20_diff1": 0.771473,
        "nauc_ndcg_at_100_max": 0.460975,
        "nauc_ndcg_at_100_std": -0.36835,
        "nauc_ndcg_at_100_diff1": 0.801672,
        "nauc_ndcg_at_1000_max": 0.4636,
        "nauc_ndcg_at_1000_std": -0.372431,
        "nauc_ndcg_at_1000_diff1": 0.802882,
        "nauc_map_at_1_max": 0.472602,
        "nauc_map_at_1_std": -0.342405,
        "nauc_map_at_1_diff1": 0.81949,
        "nauc_map_at_3_max": 0.498906,
        "nauc_map_at_3_std": -0.33832,
        "nauc_map_at_3_diff1": 0.782133,
        "nauc_map_at_5_max": 0.471008,
        "nauc_map_at_5_std": -0.366436,
        "nauc_map_at_5_diff1": 0.771297,
        "nauc_map_at_10_max": 0.465618,
        "nauc_map_at_10_std": -0.377184,
        "nauc_map_at_10_diff1": 0.771753,
        "nauc_map_at_20_max": 0.464296,
        "nauc_map_at_20_std": -0.379132,
        "nauc_map_at_20_diff1": 0.76968,
        "nauc_map_at_100_max": 0.469855,
        "nauc_map_at_100_std": -0.371266,
        "nauc_map_at_100_diff1": 0.776249,
        "nauc_map_at_1000_max": 0.469888,
        "nauc_map_at_1000_std": -0.371297,
        "nauc_map_at_1000_diff1": 0.776269,
        "nauc_recall_at_1_max": 0.472602,
        "nauc_recall_at_1_std": -0.342405,
        "nauc_recall_at_1_diff1": 0.81949,
        "nauc_recall_at_3_max": 0.473288,
        "nauc_recall_at_3_std": -0.352151,
        "nauc_recall_at_3_diff1": 0.736461,
        "nauc_recall_at_5_max": 0.241432,
        "nauc_recall_at_5_std": -0.541982,
        "nauc_recall_at_5_diff1": 0.615849,
        "nauc_recall_at_10_max": 0.085834,
        "nauc_recall_at_10_std": -0.765173,
        "nauc_recall_at_10_diff1": 0.591014,
        "nauc_recall_at_20_max": -0.23296,
        "nauc_recall_at_20_std": -1.070279,
        "nauc_recall_at_20_diff1": 0.379552,
        "nauc_recall_at_100_max": -0.419701,
        "nauc_recall_at_100_std": -0.5831,
        "nauc_recall_at_100_diff1": 0.715219,
        "nauc_recall_at_1000_max": -1.739963,
        "nauc_recall_at_1000_std": -1.739963,
        "nauc_recall_at_1000_diff1": 0.722222,
        "nauc_precision_at_1_max": 0.60156,
        "nauc_precision_at_1_std": -0.263875,
        "nauc_precision_at_1_diff1": 0.908128,
        "nauc_precision_at_3_max": 0.479699,
        "nauc_precision_at_3_std": -0.120882,
        "nauc_precision_at_3_diff1": 0.524096,
        "nauc_precision_at_5_max": 0.322122,
        "nauc_precision_at_5_std": -0.165296,
        "nauc_precision_at_5_diff1": 0.359155,
        "nauc_precision_at_10_max": 0.234921,
        "nauc_precision_at_10_std": -0.241327,
        "nauc_precision_at_10_diff1": 0.294565,
        "nauc_precision_at_20_max": 0.111523,
        "nauc_precision_at_20_std": -0.231946,
        "nauc_precision_at_20_diff1": 0.08049,
        "nauc_precision_at_100_max": 0.215254,
        "nauc_precision_at_100_std": 0.312871,
        "nauc_precision_at_100_diff1": 0.152822,
        "nauc_precision_at_1000_max": 0.211434,
        "nauc_precision_at_1000_std": 0.361057,
        "nauc_precision_at_1000_diff1": 0.06801,
        "nauc_mrr_at_1_max": 0.60156,
        "nauc_mrr_at_1_std": -0.263875,
        "nauc_mrr_at_1_diff1": 0.908128,
        "nauc_mrr_at_3_max": 0.59446,
        "nauc_mrr_at_3_std": -0.261409,
        "nauc_mrr_at_3_diff1": 0.892838,
        "nauc_mrr_at_5_max": 0.572276,
        "nauc_mrr_at_5_std": -0.285251,
        "nauc_mrr_at_5_diff1": 0.88986,
        "nauc_mrr_at_10_max": 0.568353,
        "nauc_mrr_at_10_std": -0.2952,
        "nauc_mrr_at_10_diff1": 0.89243,
        "nauc_mrr_at_20_max": 0.568429,
        "nauc_mrr_at_20_std": -0.296086,
        "nauc_mrr_at_20_diff1": 0.891968,
        "nauc_mrr_at_100_max": 0.568272,
        "nauc_mrr_at_100_std": -0.292925,
        "nauc_mrr_at_100_diff1": 0.891705,
        "nauc_mrr_at_1000_max": 0.568325,
        "nauc_mrr_at_1000_std": -0.292944,
        "nauc_mrr_at_1000_diff1": 0.891748,
        "main_score": 0.88399,
        "hf_subset": "default",
        "languages": [
          "eng-Latn"
        ]
      }
    ],
    "dev": [
      {
        "ndcg_at_1": 0.875,
        "ndcg_at_3": 0.875,
        "ndcg_at_5": 0.875,
        "ndcg_at_10": 0.875,
        "ndcg_at_20": 0.875,
        "ndcg_at_100": 0.89591,
        "ndcg_at_1000": 0.89591,
        "map_at_1": 0.875,
        "map_at_3": 0.875,
        "map_at_5": 0.875,
        "map_at_10": 0.875,
        "map_at_20": 0.875,
        "map_at_100": 0.87702,
        "map_at_1000": 0.87702,
        "recall_at_1": 0.875,
        "recall_at_3": 0.875,
        "recall_at_5": 0.875,
        "recall_at_10": 0.875,
        "recall_at_20": 0.875,
        "recall_at_100": 1.0,
        "recall_at_1000": 1.0,
        "precision_at_1": 0.875,
        "precision_at_3": 0.29167,
        "precision_at_5": 0.175,
        "precision_at_10": 0.0875,
        "precision_at_20": 0.04375,
        "precision_at_100": 0.01,
        "precision_at_1000": 0.001,
        "mrr_at_1": 0.875,
        "mrr_at_3": 0.875,
        "mrr_at_5": 0.875,
        "mrr_at_10": 0.875,
        "mrr_at_20": 0.875,
        "mrr_at_100": 0.877016,
        "mrr_at_1000": 0.877016,
        "nauc_ndcg_at_1_max": 1.0,
        "nauc_ndcg_at_1_std": 0.865546,
        "nauc_ndcg_at_1_diff1": 1.0,
        "nauc_ndcg_at_3_max": 1.0,
        "nauc_ndcg_at_3_std": 0.865546,
        "nauc_ndcg_at_3_diff1": 1.0,
        "nauc_ndcg_at_5_max": 1.0,
        "nauc_ndcg_at_5_std": 0.865546,
        "nauc_ndcg_at_5_diff1": 1.0,
        "nauc_ndcg_at_10_max": 1.0,
        "nauc_ndcg_at_10_std": 0.865546,
        "nauc_ndcg_at_10_diff1": 1.0,
        "nauc_ndcg_at_20_max": 1.0,
        "nauc_ndcg_at_20_std": 0.865546,
        "nauc_ndcg_at_20_diff1": 1.0,
        "nauc_ndcg_at_100_max": 1.0,
        "nauc_ndcg_at_100_std": 0.865546,
        "nauc_ndcg_at_100_diff1": 1.0,
        "nauc_ndcg_at_1000_max": 1.0,
        "nauc_ndcg_at_1000_std": 0.865546,
        "nauc_ndcg_at_1000_diff1": 1.0,
        "nauc_map_at_1_max": 1.0,
        "nauc_map_at_1_std": 0.865546,
        "nauc_map_at_1_diff1": 1.0,
        "nauc_map_at_3_max": 1.0,
        "nauc_map_at_3_std": 0.865546,