{
  "dataset_revision": "f33a205966ce032f957c3a22f4f9e378f89a2c56",
  "task_name": "PubChemAISentenceParaphrasePC",
  "mteb_version": "1.36.29",
  "scores": {
    "test": [
      {
        "similarity_accuracy": 0.983887,
        "similarity_accuracy_threshold": 0.841013,
        "similarity_f1": 0.916456,
        "similarity_f1_threshold": 0.841013,
        "similarity_precision": 0.952632,
        "similarity_recall": 0.882927,
        "similarity_ap": 0.943903,
        "cosine_accuracy": 0.983887,
        "cosine_accuracy_threshold": 0.841013,
        "cosine_f1": 0.916456,
        "cosine_f1_threshold": 0.841013,
        "cosine_precision": 0.952632,
        "cosine_recall": 0.882927,
        "cosine_ap": 0.943903,
        "manhattan_accuracy": 0.983887,
        "manhattan_accuracy_threshold": 12.479559,
        "manhattan_f1": 0.916456,
        "manhattan_f1_threshold": 12.479559,
        "manhattan_precision": 0.952632,
        "manhattan_recall": 0.882927,
        "manhattan_ap": 0.943584,
        "euclidean_accuracy": 0.983887,
        "euclidean_accuracy_threshold": 0.563543,
        "euclidean_f1": 0.916456,
        "euclidean_f1_threshold": 0.563543,
        "euclidean_precision": 0.952632,
        "euclidean_recall": 0.882927,
        "euclidean_ap": 0.943888,
        "dot_accuracy": 0.983398,
        "dot_accuracy_threshold": 0.842789,
        "dot_f1": 0.913706,
        "dot_f1_threshold": 0.842789,
        "dot_precision": 0.952381,
        "dot_recall": 0.878049,
        "dot_ap": 0.944055,
        "max_accuracy": 0.983887,
        "max_f1": 0.916456,
        "max_precision": 0.952632,
        "max_recall": 0.882927,
        "max_ap": 0.944055,
        "main_score": 0.944055,
        "hf_subset": "default",
        "languages": [
          "eng-Latn"
        ]
      }
    ]
  },
  "evaluation_time": 3.125236749649048,
  "kg_co2_emissions": null
}