{
  "dataset_revision": "8fae72a2c75530aaaac6920a02622490d923ca98",
  "task_name": "ChemRxivRetrieval",
  "mteb_version": "1.36.29",
  "scores": {
    "test": [
      {
        "ndcg_at_1": 0.0816,
        "ndcg_at_3": 0.11245,
        "ndcg_at_5": 0.12521,
        "ndcg_at_10": 0.13713,
        "ndcg_at_20": 0.14867,
        "ndcg_at_100": 0.1725,
        "ndcg_at_1000": 0.20254,
        "map_at_1": 0.0816,
        "map_at_3": 0.1048,
        "map_at_5": 0.11183,
        "map_at_10": 0.11672,
        "map_at_20": 0.11985,
        "map_at_100": 0.12292,
        "map_at_1000": 0.12383,
        "recall_at_1": 0.0816,
        "recall_at_3": 0.1346,
        "recall_at_5": 0.1658,
        "recall_at_10": 0.2028,
        "recall_at_20": 0.2488,
        "recall_at_100": 0.3806,
        "recall_at_1000": 0.6304,
        "precision_at_1": 0.0816,
        "precision_at_3": 0.04487,
        "precision_at_5": 0.03316,
        "precision_at_10": 0.02028,
        "precision_at_20": 0.01244,
        "precision_at_100": 0.00381,
        "precision_at_1000": 0.00063,
        "mrr_at_1": 0.0816,
        "mrr_at_3": 0.104833,
        "mrr_at_5": 0.111883,
        "mrr_at_10": 0.116778,
        "mrr_at_20": 0.119902,
        "mrr_at_100": 0.122978,
        "mrr_at_1000": 0.12388,
        "nauc_ndcg_at_1_max": 0.174316,
        "nauc_ndcg_at_1_std": 0.070784,
        "nauc_ndcg_at_1_diff1": 0.279439,
        "nauc_ndcg_at_3_max": 0.133524,
        "nauc_ndcg_at_3_std": 0.093206,
        "nauc_ndcg_at_3_diff1": 0.211918,
        "nauc_ndcg_at_5_max": 0.118625,
        "nauc_ndcg_at_5_std": 0.097547,
        "nauc_ndcg_at_5_diff1": 0.198233,
        "nauc_ndcg_at_10_max": 0.111723,
        "nauc_ndcg_at_10_std": 0.107483,
        "nauc_ndcg_at_10_diff1": 0.17858,
        "nauc_ndcg_at_20_max": 0.105478,
        "nauc_ndcg_at_20_std": 0.111799,
        "nauc_ndcg_at_20_diff1": 0.17006,
        "nauc_ndcg_at_100_max": 0.098504,
        "nauc_ndcg_at_100_std": 0.121591,
        "nauc_ndcg_at_100_diff1": 0.158599,
        "nauc_ndcg_at_1000_max": 0.097968,
        "nauc_ndcg_at_1000_std": 0.129696,
        "nauc_ndcg_at_1000_diff1": 0.163821,
        "nauc_map_at_1_max": 0.174316,
        "nauc_map_at_1_std": 0.070784,
        "nauc_map_at_1_diff1": 0.279439,
        "nauc_map_at_3_max": 0.141789,
        "nauc_map_at_3_std": 0.088366,
        "nauc_map_at_3_diff1": 0.225517,
        "nauc_map_at_5_max": 0.132654,
        "nauc_map_at_5_std": 0.091404,
        "nauc_map_at_5_diff1": 0.216813,
        "nauc_map_at_10_max": 0.128903,
        "nauc_map_at_10_std": 0.096047,
        "nauc_map_at_10_diff1": 0.206851,
        "nauc_map_at_20_max": 0.126869,
        "nauc_map_at_20_std": 0.097575,
        "nauc_map_at_20_diff1": 0.204089,
        "nauc_map_at_100_max": 0.125594,
        "nauc_map_at_100_std": 0.099276,
        "nauc_map_at_100_diff1": 0.202032,
        "nauc_map_at_1000_max": 0.125565,
        "nauc_map_at_1000_std": 0.099526,
        "nauc_map_at_1000_diff1": 0.202157,
        "nauc_recall_at_1_max": 0.174316,
        "nauc_recall_at_1_std": 0.070784,
        "nauc_recall_at_1_diff1": 0.279439,
        "nauc_recall_at_3_max": 0.114022,
        "nauc_recall_at_3_std": 0.104723,
        "nauc_recall_at_3_diff1": 0.17986,
        "nauc_recall_at_5_max": 0.08721,
        "nauc_recall_at_5_std": 0.110885,
        "nauc_recall_at_5_diff1": 0.157406,
        "nauc_recall_at_10_max": 0.076465,
        "nauc_recall_at_10_std": 0.132012,
        "nauc_recall_at_10_diff1": 0.119662,
        "nauc_recall_at_20_max": 0.061788,
        "nauc_recall_at_20_std": 0.141577,
        "nauc_recall_at_20_diff1": 0.100295,
        "nauc_recall_at_100_max": 0.043242,
        "nauc_recall_at_100_std": 0.171715,
        "nauc_recall_at_100_diff1": 0.069092,
        "nauc_recall_at_1000_max": 0.029332,
        "nauc_recall_at_1000_std": 0.232369,
        "nauc_recall_at_1000_diff1": 0.086013,
        "nauc_precision_at_1_max": 0.174316,
        "nauc_precision_at_1_std": 0.070784,
        "nauc_precision_at_1_diff1": 0.279439,
        "nauc_precision_at_3_max": 0.114022,
        "nauc_precision_at_3_std": 0.104723,
        "nauc_precision_at_3_diff1": 0.17986,
        "nauc_precision_at_5_max": 0.08721,
        "nauc_precision_at_5_std": 0.110885,
        "nauc_precision_at_5_diff1": 0.157406,
        "nauc_precision_at_10_max": 0.076465,
        "nauc_precision_at_10_std": 0.132012,
        "nauc_precision_at_10_diff1": 0.119662,
        "nauc_precision_at_20_max": 0.061788,
        "nauc_precision_at_20_std": 0.141577,
        "nauc_precision_at_20_diff1": 0.100295,
        "nauc_precision_at_100_max": 0.043242,
        "nauc_precision_at_100_std": 0.171715,
        "nauc_precision_at_100_diff1": 0.069092,
        "nauc_precision_at_1000_max": 0.029332,
        "nauc_precision_at_1000_std": 0.232369,
        "nauc_precision_at_1000_diff1": 0.086013,
        "nauc_mrr_at_1_max": 0.175614,
        "nauc_mrr_at_1_std": 0.069127,
        "nauc_mrr_at_1_diff1": 0.279439,
        "nauc_mrr_at_3_max": 0.142219,
        "nauc_mrr_at_3_std": 0.087704,
        "nauc_mrr_at_3_diff1": 0.2253,
        "nauc_mrr_at_5_max": 0.133052,
        "nauc_mrr_at_5_std": 0.090834,
        "nauc_mrr_at_5_diff1": 0.216646,
        "nauc_mrr_at_10_max": 0.12929,
        "nauc_mrr_at_10_std": 0.095493,
        "nauc_mrr_at_10_diff1": 0.206692,
        "nauc_mrr_at_20_max": 0.127254,
        "nauc_mrr_at_20_std": 0.097026,
        "nauc_mrr_at_20_diff1": 0.203933,
        "nauc_mrr_at_100_max": 0.125977,
        "nauc_mrr_at_100_std": 0.098729,
        "nauc_mrr_at_100_diff1": 0.201877,
        "nauc_mrr_at_1000_max": 0.125948,
        "nauc_mrr_at_1000_std": 0.09898,
        "nauc_mrr_at_1000_diff1": 0.202003,
        "main_score": 0.13713,
        "hf_subset": "default",
        "languages": [
          "eng-Latn"
        ]
      }
    ]
  },
  "evaluation_time": 266.336941242218,
  "kg_co2_emissions": null
}