{
  "dataset_revision": "4885aa143210c98657558c04aaf3dc47cfb54340",
  "task_name": "CQADupstackGamingRetrieval",
  "mteb_version": "1.36.29",
  "scores": {
    "test": [
      {
        "ndcg_at_1": 0.45078,
        "ndcg_at_3": 0.51035,
        "ndcg_at_5": 0.53543,
        "ndcg_at_10": 0.56256,
        "ndcg_at_20": 0.57991,
        "ndcg_at_100": 0.60202,
        "ndcg_at_1000": 0.61476,
        "map_at_1": 0.39508,
        "map_at_3": 0.476,
        "map_at_5": 0.49317,
        "map_at_10": 0.50694,
        "map_at_20": 0.51306,
        "map_at_100": 0.51692,
        "map_at_1000": 0.51752,
        "recall_at_1": 0.39508,
        "recall_at_3": 0.55068,
        "recall_at_5": 0.61236,
        "recall_at_10": 0.6903,
        "recall_at_20": 0.7537,
        "recall_at_100": 0.86167,
        "recall_at_1000": 0.95254,
        "precision_at_1": 0.45078,
        "precision_at_3": 0.22529,
        "precision_at_5": 0.15398,
        "precision_at_10": 0.08966,
        "precision_at_20": 0.05,
        "precision_at_100": 0.01177,
        "precision_at_1000": 0.00133,
        "mrr_at_1": 0.450784,
        "mrr_at_3": 0.520585,
        "mrr_at_5": 0.533845,
        "mrr_at_10": 0.543934,
        "mrr_at_20": 0.548102,
        "mrr_at_100": 0.550475,
        "mrr_at_1000": 0.550799,
        "nauc_ndcg_at_1_max": 0.451847,
        "nauc_ndcg_at_1_std": -0.071885,
        "nauc_ndcg_at_1_diff1": 0.626119,
        "nauc_ndcg_at_3_max": 0.45944,
        "nauc_ndcg_at_3_std": -0.044906,
        "nauc_ndcg_at_3_diff1": 0.572162,
        "nauc_ndcg_at_5_max": 0.469549,
        "nauc_ndcg_at_5_std": -0.032214,
        "nauc_ndcg_at_5_diff1": 0.570206,
        "nauc_ndcg_at_10_max": 0.46643,
        "nauc_ndcg_at_10_std": -0.021938,
        "nauc_ndcg_at_10_diff1": 0.566571,
        "nauc_ndcg_at_20_max": 0.466042,
        "nauc_ndcg_at_20_std": -0.018603,
        "nauc_ndcg_at_20_diff1": 0.565448,
        "nauc_ndcg_at_100_max": 0.471867,
        "nauc_ndcg_at_100_std": -0.005581,
        "nauc_ndcg_at_100_diff1": 0.567087,
        "nauc_ndcg_at_1000_max": 0.468104,
        "nauc_ndcg_at_1000_std": -0.008511,
        "nauc_ndcg_at_1000_diff1": 0.569696,
        "nauc_map_at_1_max": 0.375944,
        "nauc_map_at_1_std": -0.113603,
        "nauc_map_at_1_diff1": 0.618257,
        "nauc_map_at_3_max": 0.436636,
        "nauc_map_at_3_std": -0.070532,
        "nauc_map_at_3_diff1": 0.584649,
        "nauc_map_at_5_max": 0.446658,
        "nauc_map_at_5_std": -0.059648,
        "nauc_map_at_5_diff1": 0.583295,
        "nauc_map_at_10_max": 0.447393,
        "nauc_map_at_10_std": -0.053137,
        "nauc_map_at_10_diff1": 0.581322,
        "nauc_map_at_20_max": 0.448642,
        "nauc_map_at_20_std": -0.050061,
        "nauc_map_at_20_diff1": 0.580522,
        "nauc_map_at_100_max": 0.450499,
        "nauc_map_at_100_std": -0.046176,
        "nauc_map_at_100_diff1": 0.580143,
        "nauc_map_at_1000_max": 0.450357,
        "nauc_map_at_1000_std": -0.046053,
        "nauc_map_at_1000_diff1": 0.580237,
        "nauc_recall_at_1_max": 0.375944,
        "nauc_recall_at_1_std": -0.113603,
        "nauc_recall_at_1_diff1": 0.618257,
        "nauc_recall_at_3_max": 0.459412,
        "nauc_recall_at_3_std": -0.03524,
        "nauc_recall_at_3_diff1": 0.531554,
        "nauc_recall_at_5_max": 0.480612,
        "nauc_recall_at_5_std": 0.001984,
        "nauc_recall_at_5_diff1": 0.51706,
        "nauc_recall_at_10_max": 0.47138,
        "nauc_recall_at_10_std": 0.044315,
        "nauc_recall_at_10_diff1": 0.492735,
        "nauc_recall_at_20_max": 0.467663,
        "nauc_recall_at_20_std": 0.06707,
        "nauc_recall_at_20_diff1": 0.468407,
        "nauc_recall_at_100_max": 0.522301,
        "nauc_recall_at_100_std": 0.219591,
        "nauc_recall_at_100_diff1": 0.441284,
        "nauc_recall_at_1000_max": 0.482215,
        "nauc_recall_at_1000_std": 0.408053,
        "nauc_recall_at_1000_diff1": 0.36785,
        "nauc_precision_at_1_max": 0.451847,
        "nauc_precision_at_1_std": -0.071885,
        "nauc_precision_at_1_diff1": 0.626119,
        "nauc_precision_at_3_max": 0.473474,
        "nauc_precision_at_3_std": 0.066779,
        "nauc_precision_at_3_diff1": 0.388539,
        "nauc_precision_at_5_max": 0.44813,
        "nauc_precision_at_5_std": 0.128644,
        "nauc_precision_at_5_diff1": 0.299871,
        "nauc_precision_at_10_max": 0.369802,
        "nauc_precision_at_10_std": 0.188332,
        "nauc_precision_at_10_diff1": 0.184085,
        "nauc_precision_at_20_max": 0.321596,
        "nauc_precision_at_20_std": 0.238842,
        "nauc_precision_at_20_diff1": 0.096451,
        "nauc_precision_at_100_max": 0.240759,
        "nauc_precision_at_100_std": 0.323155,
        "nauc_precision_at_100_diff1": -0.031059,
        "nauc_precision_at_1000_max": 0.111734,
        "nauc_precision_at_1000_std": 0.312354,
        "nauc_precision_at_1000_diff1": -0.114007,
        "nauc_mrr_at_1_max": 0.451847,
        "nauc_mrr_at_1_std": -0.071885,
        "nauc_mrr_at_1_diff1": 0.626119,
        "nauc_mrr_at_3_max": 0.476132,
        "nauc_mrr_at_3_std": -0.034454,
        "nauc_mrr_at_3_diff1": 0.589376,
        "nauc_mrr_at_5_max": 0.478488,
        "nauc_mrr_at_5_std": -0.029741,
        "nauc_mrr_at_5_diff1": 0.588845,
        "nauc_mrr_at_10_max": 0.475459,
        "nauc_mrr_at_10_std": -0.027855,
        "nauc_mrr_at_10_diff1": 0.587156,
        "nauc_mrr_at_20_max": 0.47558,
        "nauc_mrr_at_20_std": -0.027146,
        "nauc_mrr_at_20_diff1": 0.587104,
        "nauc_mrr_at_100_max": 0.475673,
        "nauc_mrr_at_100_std": -0.026658,
        "nauc_mrr_at_100_diff1": 0.587566,
        "nauc_mrr_at_1000_max": 0.475596,
        "nauc_mrr_at_1000_std": -0.026786,
        "nauc_mrr_at_1000_diff1": 0.587683,
        "main_score": 0.56256,
        "hf_subset": "default",
        "languages": [
          "eng-Latn"
        ]
      }
    ]
  },
  "evaluation_time": 109.26159453392029,
  "kg_co2_emissions": null
}