{
  "dataset_revision": "f8c2fcf00f625baaa80f62ec5bd9e1fff3b8ae88",
  "task_name": "SCIDOCS",
  "mteb_version": "1.36.29",
  "scores": {
    "test": [
      {
        "ndcg_at_1": 0.174,
        "ndcg_at_3": 0.13858,
        "ndcg_at_5": 0.11662,
        "ndcg_at_10": 0.1418,
        "ndcg_at_20": 0.16396,
        "ndcg_at_100": 0.20322,
        "ndcg_at_1000": 0.25247,
        "map_at_1": 0.03543,
        "map_at_3": 0.06074,
        "map_at_5": 0.06936,
        "map_at_10": 0.08078,
        "map_at_20": 0.0877,
        "map_at_100": 0.09445,
        "map_at_1000": 0.09675,
        "recall_at_1": 0.03543,
        "recall_at_3": 0.07877,
        "recall_at_5": 0.1008,
        "recall_at_10": 0.14698,
        "recall_at_20": 0.19878,
        "recall_at_100": 0.32673,
        "recall_at_1000": 0.56985,
        "precision_at_1": 0.174,
        "precision_at_3": 0.129,
        "precision_at_5": 0.0992,
        "precision_at_10": 0.0724,
        "precision_at_20": 0.04905,
        "precision_at_100": 0.01612,
        "precision_at_1000": 0.00281,
        "mrr_at_1": 0.174,
        "mrr_at_3": 0.231167,
        "mrr_at_5": 0.243767,
        "mrr_at_10": 0.257012,
        "mrr_at_20": 0.264749,
        "mrr_at_100": 0.269545,
        "mrr_at_1000": 0.270314,
        "nauc_ndcg_at_1_max": 0.183632,
        "nauc_ndcg_at_1_std": -0.021675,
        "nauc_ndcg_at_1_diff1": 0.194661,
        "nauc_ndcg_at_3_max": 0.202773,
        "nauc_ndcg_at_3_std": 0.005541,
        "nauc_ndcg_at_3_diff1": 0.189515,
        "nauc_ndcg_at_5_max": 0.191324,
        "nauc_ndcg_at_5_std": 0.015828,
        "nauc_ndcg_at_5_diff1": 0.163083,
        "nauc_ndcg_at_10_max": 0.204193,
        "nauc_ndcg_at_10_std": 0.050915,
        "nauc_ndcg_at_10_diff1": 0.159965,
        "nauc_ndcg_at_20_max": 0.224619,
        "nauc_ndcg_at_20_std": 0.079984,
        "nauc_ndcg_at_20_diff1": 0.17231,
        "nauc_ndcg_at_100_max": 0.244978,
        "nauc_ndcg_at_100_std": 0.121753,
        "nauc_ndcg_at_100_diff1": 0.171725,
        "nauc_ndcg_at_1000_max": 0.250813,
        "nauc_ndcg_at_1000_std": 0.139304,
        "nauc_ndcg_at_1000_diff1": 0.173301,
        "nauc_map_at_1_max": 0.180493,
        "nauc_map_at_1_std": -0.024629,
        "nauc_map_at_1_diff1": 0.191098,
        "nauc_map_at_3_max": 0.203617,
        "nauc_map_at_3_std": 0.000177,
        "nauc_map_at_3_diff1": 0.183081,
        "nauc_map_at_5_max": 0.201922,
        "nauc_map_at_5_std": 0.01202,
        "nauc_map_at_5_diff1": 0.162997,
        "nauc_map_at_10_max": 0.207657,
        "nauc_map_at_10_std": 0.031794,
        "nauc_map_at_10_diff1": 0.161478,
        "nauc_map_at_20_max": 0.221293,
        "nauc_map_at_20_std": 0.050165,
        "nauc_map_at_20_diff1": 0.170374,
        "nauc_map_at_100_max": 0.228061,
        "nauc_map_at_100_std": 0.064628,
        "nauc_map_at_100_diff1": 0.169571,
        "nauc_map_at_1000_max": 0.228405,
        "nauc_map_at_1000_std": 0.066837,
        "nauc_map_at_1000_diff1": 0.169738,
        "nauc_recall_at_1_max": 0.180493,
        "nauc_recall_at_1_std": -0.024629,
        "nauc_recall_at_1_diff1": 0.191098,
        "nauc_recall_at_3_max": 0.207998,
        "nauc_recall_at_3_std": 0.015541,
        "nauc_recall_at_3_diff1": 0.184715,
        "nauc_recall_at_5_max": 0.186034,
        "nauc_recall_at_5_std": 0.036613,
        "nauc_recall_at_5_diff1": 0.137318,
        "nauc_recall_at_10_max": 0.200746,
        "nauc_recall_at_10_std": 0.096847,
        "nauc_recall_at_10_diff1": 0.128297,
        "nauc_recall_at_20_max": 0.23684,
        "nauc_recall_at_20_std": 0.1511,
        "nauc_recall_at_20_diff1": 0.151477,
        "nauc_recall_at_100_max": 0.263872,
        "nauc_recall_at_100_std": 0.233824,
        "nauc_recall_at_100_diff1": 0.140505,
        "nauc_recall_at_1000_max": 0.256636,
        "nauc_recall_at_1000_std": 0.285325,
        "nauc_recall_at_1000_diff1": 0.123072,
        "nauc_precision_at_1_max": 0.183632,
        "nauc_precision_at_1_std": -0.021675,
        "nauc_precision_at_1_diff1": 0.194661,
        "nauc_precision_at_3_max": 0.212748,
        "nauc_precision_at_3_std": 0.021228,
        "nauc_precision_at_3_diff1": 0.187494,
        "nauc_precision_at_5_max": 0.188949,
        "nauc_precision_at_5_std": 0.040088,
        "nauc_precision_at_5_diff1": 0.13888,
        "nauc_precision_at_10_max": 0.205192,
        "nauc_precision_at_10_std": 0.100151,
        "nauc_precision_at_10_diff1": 0.131593,
        "nauc_precision_at_20_max": 0.239652,
        "nauc_precision_at_20_std": 0.153049,
        "nauc_precision_at_20_diff1": 0.154556,
        "nauc_precision_at_100_max": 0.26951,
        "nauc_precision_at_100_std": 0.238444,
        "nauc_precision_at_100_diff1": 0.143465,
        "nauc_precision_at_1000_max": 0.261767,
        "nauc_precision_at_1000_std": 0.284865,
        "nauc_precision_at_1000_diff1": 0.124224,
        "nauc_mrr_at_1_max": 0.183632,
        "nauc_mrr_at_1_std": -0.021675,
        "nauc_mrr_at_1_diff1": 0.194661,
        "nauc_mrr_at_3_max": 0.186851,
        "nauc_mrr_at_3_std": -0.010335,
        "nauc_mrr_at_3_diff1": 0.195938,
        "nauc_mrr_at_5_max": 0.177346,
        "nauc_mrr_at_5_std": -0.006484,
        "nauc_mrr_at_5_diff1": 0.184917,
        "nauc_mrr_at_10_max": 0.18246,
        "nauc_mrr_at_10_std": 0.008807,
        "nauc_mrr_at_10_diff1": 0.182299,
        "nauc_mrr_at_20_max": 0.184768,
        "nauc_mrr_at_20_std": 0.010306,
        "nauc_mrr_at_20_diff1": 0.185898,
        "nauc_mrr_at_100_max": 0.185442,
        "nauc_mrr_at_100_std": 0.011233,
        "nauc_mrr_at_100_diff1": 0.185634,
        "nauc_mrr_at_1000_max": 0.185387,
        "nauc_mrr_at_1000_std": 0.010898,
        "nauc_mrr_at_1000_diff1": 0.185623,
        "main_score": 0.1418,
        "hf_subset": "default",
        "languages": [
          "eng-Latn"
        ]
      }
    ]
  },
  "evaluation_time": 89.58990287780762,
  "kg_co2_emissions": null
}