{
  "dataset_revision": "431886eaecc48f067a3975b70d0949ea2862463c",
  "task_name": "Touche2020Retrieval.v3",
  "mteb_version": "1.36.29",
  "scores": {
    "test": [
      {
        "ndcg_at_1": 0.4898,
        "ndcg_at_3": 0.49738,
        "ndcg_at_5": 0.48731,
        "ndcg_at_10": 0.46691,
        "ndcg_at_20": 0.43119,
        "ndcg_at_100": 0.49987,
        "ndcg_at_1000": 0.62739,
        "map_at_1": 0.01912,
        "map_at_3": 0.05178,
        "map_at_5": 0.0804,
        "map_at_10": 0.14201,
        "map_at_20": 0.2057,
        "map_at_100": 0.28655,
        "map_at_1000": 0.31855,
        "recall_at_1": 0.01912,
        "recall_at_3": 0.05894,
        "recall_at_5": 0.09763,
        "recall_at_10": 0.18622,
        "recall_at_20": 0.29805,
        "recall_at_100": 0.54837,
        "recall_at_1000": 0.85432,
        "precision_at_1": 0.57143,
        "precision_at_3": 0.56463,
        "precision_at_5": 0.55102,
        "precision_at_10": 0.52449,
        "precision_at_20": 0.43163,
        "precision_at_100": 0.17245,
        "precision_at_1000": 0.02955,
        "mrr_at_1": 0.571429,
        "mrr_at_3": 0.717687,
        "mrr_at_5": 0.737075,
        "mrr_at_10": 0.740476,
        "mrr_at_20": 0.740476,
        "mrr_at_100": 0.740476,
        "mrr_at_1000": 0.740542,
        "nauc_ndcg_at_1_max": 0.092314,
        "nauc_ndcg_at_1_std": 0.109134,
        "nauc_ndcg_at_1_diff1": -0.144144,
        "nauc_ndcg_at_3_max": 0.188786,
        "nauc_ndcg_at_3_std": 0.185116,
        "nauc_ndcg_at_3_diff1": 0.034433,
        "nauc_ndcg_at_5_max": 0.187736,
        "nauc_ndcg_at_5_std": 0.1915,
        "nauc_ndcg_at_5_diff1": 0.009847,
        "nauc_ndcg_at_10_max": 0.149965,
        "nauc_ndcg_at_10_std": 0.165279,
        "nauc_ndcg_at_10_diff1": 0.021473,
        "nauc_ndcg_at_20_max": 0.125791,
        "nauc_ndcg_at_20_std": 0.143497,
        "nauc_ndcg_at_20_diff1": -0.00845,
        "nauc_ndcg_at_100_max": -0.000141,
        "nauc_ndcg_at_100_std": 0.194436,
        "nauc_ndcg_at_100_diff1": 0.019658,
        "nauc_ndcg_at_1000_max": 0.155275,
        "nauc_ndcg_at_1000_std": 0.403935,
        "nauc_ndcg_at_1000_diff1": 0.110481,
        "nauc_map_at_1_max": -0.14184,
        "nauc_map_at_1_std": -0.061005,
        "nauc_map_at_1_diff1": -0.118516,
        "nauc_map_at_3_max": -0.08543,
        "nauc_map_at_3_std": -0.072728,
        "nauc_map_at_3_diff1": -0.010956,
        "nauc_map_at_5_max": -0.055371,
        "nauc_map_at_5_std": -0.07806,
        "nauc_map_at_5_diff1": 0.022655,
        "nauc_map_at_10_max": -0.07429,
        "nauc_map_at_10_std": -0.109482,
        "nauc_map_at_10_diff1": 0.047262,
        "nauc_map_at_20_max": -0.027395,
        "nauc_map_at_20_std": -0.057036,
        "nauc_map_at_20_diff1": 0.028491,
        "nauc_map_at_100_max": 0.003456,
        "nauc_map_at_100_std": 0.068313,
        "nauc_map_at_100_diff1": 0.025889,
        "nauc_map_at_1000_max": 0.042969,
        "nauc_map_at_1000_std": 0.131198,
        "nauc_map_at_1000_diff1": 0.055081,
        "nauc_recall_at_1_max": -0.14184,
        "nauc_recall_at_1_std": -0.061005,
        "nauc_recall_at_1_diff1": -0.118516,
        "nauc_recall_at_3_max": -0.118149,
        "nauc_recall_at_3_std": -0.095262,
        "nauc_recall_at_3_diff1": 0.029233,
        "nauc_recall_at_5_max": -0.1038,
        "nauc_recall_at_5_std": -0.127579,
        "nauc_recall_at_5_diff1": 0.027135,
        "nauc_recall_at_10_max": -0.135438,
        "nauc_recall_at_10_std": -0.157527,
        "nauc_recall_at_10_diff1": 0.038184,
        "nauc_recall_at_20_max": -0.108046,
        "nauc_recall_at_20_std": -0.107557,
        "nauc_recall_at_20_diff1": 0.006826,
        "nauc_recall_at_100_max": -0.097787,
        "nauc_recall_at_100_std": 0.134374,
        "nauc_recall_at_100_diff1": -0.000711,
        "nauc_recall_at_1000_max": 0.14419,
        "nauc_recall_at_1000_std": 0.580358,
        "nauc_recall_at_1000_diff1": 0.258474,
        "nauc_precision_at_1_max": 0.01359,
        "nauc_precision_at_1_std": 0.015448,
        "nauc_precision_at_1_diff1": -0.163875,
        "nauc_precision_at_3_max": 0.174612,
        "nauc_precision_at_3_std": 0.15905,
        "nauc_precision_at_3_diff1": 0.109349,
        "nauc_precision_at_5_max": 0.180372,
        "nauc_precision_at_5_std": 0.116656,
        "nauc_precision_at_5_diff1": 0.066512,
        "nauc_precision_at_10_max": 0.101125,
        "nauc_precision_at_10_std": 0.085197,
        "nauc_precision_at_10_diff1": 0.06098,
        "nauc_precision_at_20_max": 0.210394,
        "nauc_precision_at_20_std": 0.233274,
        "nauc_precision_at_20_diff1": 0.031292,
        "nauc_precision_at_100_max": 0.380724,
        "nauc_precision_at_100_std": 0.625867,
        "nauc_precision_at_100_diff1": 0.078553,
        "nauc_precision_at_1000_max": 0.537625,
        "nauc_precision_at_1000_std": 0.537139,
        "nauc_precision_at_1000_diff1": 0.163104,
        "nauc_mrr_at_1_max": 0.01359,
        "nauc_mrr_at_1_std": 0.015448,
        "nauc_mrr_at_1_diff1": -0.163875,
        "nauc_mrr_at_3_max": 0.036698,
        "nauc_mrr_at_3_std": 0.071626,
        "nauc_mrr_at_3_diff1": 0.020529,
        "nauc_mrr_at_5_max": 0.016543,
        "nauc_mrr_at_5_std": 0.051463,
        "nauc_mrr_at_5_diff1": -0.043984,
        "nauc_mrr_at_10_max": 0.035277,
        "nauc_mrr_at_10_std": 0.043267,
        "nauc_mrr_at_10_diff1": -0.035688,
        "nauc_mrr_at_20_max": 0.035277,
        "nauc_mrr_at_20_std": 0.043267,
        "nauc_mrr_at_20_diff1": -0.035688,
        "nauc_mrr_at_100_max": 0.035277,
        "nauc_mrr_at_100_std": 0.043267,
        "nauc_mrr_at_100_diff1": -0.035688,
        "nauc_mrr_at_1000_max": 0.034973,
        "nauc_mrr_at_1000_std": 0.042966,
        "nauc_mrr_at_1000_diff1": -0.035873,
        "main_score": 0.46691,
        "hf_subset": "default",
        "languages": [
          "eng-Latn"
        ]
      }
    ]
  },
  "evaluation_time": 1863.607577085495,
  "kg_co2_emissions": null
}