{
  "dataset_revision": "8b6510b0b1fa4e4c4f879467980e9be563ec1cdf",
  "task_name": "TwitterURLCorpus",
  "mteb_version": "1.36.29",
  "scores": {
    "test": [
      {
        "similarity_accuracy": 0.891043,
        "similarity_accuracy_threshold": 0.596077,
        "similarity_f1": 0.785604,
        "similarity_f1_threshold": 0.559375,
        "similarity_precision": 0.750315,
        "similarity_recall": 0.824376,
        "similarity_ap": 0.861849,
        "cosine_accuracy": 0.891043,
        "cosine_accuracy_threshold": 0.596077,
        "cosine_f1": 0.785604,
        "cosine_f1_threshold": 0.559375,
        "cosine_precision": 0.750315,
        "cosine_recall": 0.824376,
        "cosine_ap": 0.861849,
        "manhattan_accuracy": 0.888831,
        "manhattan_accuracy_threshold": 356.554901,
        "manhattan_f1": 0.781792,
        "manhattan_f1_threshold": 373.706848,
        "manhattan_precision": 0.736455,
        "manhattan_recall": 0.833077,
        "manhattan_ap": 0.856404,
        "euclidean_accuracy": 0.889432,
        "euclidean_accuracy_threshold": 15.991174,
        "euclidean_f1": 0.782293,
        "euclidean_f1_threshold": 16.790283,
        "euclidean_precision": 0.745811,
        "euclidean_recall": 0.822528,
        "euclidean_ap": 0.856671,
        "dot_accuracy": 0.875131,
        "dot_accuracy_threshold": 195.394577,
        "dot_f1": 0.750811,
        "dot_f1_threshold": 182.161163,
        "dot_precision": 0.728134,
        "dot_recall": 0.774946,
        "dot_ap": 0.828522,
        "max_accuracy": 0.891043,
        "max_f1": 0.785604,
        "max_precision": 0.750315,
        "max_recall": 0.833077,
        "max_ap": 0.861849,
        "main_score": 0.861849,
        "hf_subset": "default",
        "languages": [
          "eng-Latn"
        ]
      }
    ]
  },
  "evaluation_time": 59.60617804527283,
  "kg_co2_emissions": null
}