{
  "dataset_revision": "f33a205966ce032f957c3a22f4f9e378f89a2c56",
  "task_name": "PubChemAISentenceParaphrasePC",
  "mteb_version": "1.36.29",
  "scores": {
    "test": [
      {
        "similarity_accuracy": 0.976562,
        "similarity_accuracy_threshold": 0.924253,
        "similarity_f1": 0.880597,
        "similarity_f1_threshold": 0.924253,
        "similarity_precision": 0.898477,
        "similarity_recall": 0.863415,
        "similarity_ap": 0.918802,
        "cosine_accuracy": 0.976562,
        "cosine_accuracy_threshold": 0.924253,
        "cosine_f1": 0.880597,
        "cosine_f1_threshold": 0.924253,
        "cosine_precision": 0.898477,
        "cosine_recall": 0.863415,
        "cosine_ap": 0.918802,
        "manhattan_accuracy": 0.974609,
        "manhattan_accuracy_threshold": 177.656677,
        "manhattan_f1": 0.87,
        "manhattan_f1_threshold": 178.760101,
        "manhattan_precision": 0.892308,
        "manhattan_recall": 0.84878,
        "manhattan_ap": 0.911881,
        "euclidean_accuracy": 0.975098,
        "euclidean_accuracy_threshold": 8.104086,
        "euclidean_f1": 0.87218,
        "euclidean_f1_threshold": 8.104086,
        "euclidean_precision": 0.896907,
        "euclidean_recall": 0.84878,
        "euclidean_ap": 0.911296,
        "dot_accuracy": 0.935059,
        "dot_accuracy_threshold": 402.527283,
        "dot_f1": 0.659847,
        "dot_f1_threshold": 401.007935,
        "dot_precision": 0.693548,
        "dot_recall": 0.629268,
        "dot_ap": 0.681015,
        "max_accuracy": 0.976562,
        "max_f1": 0.880597,
        "max_precision": 0.898477,
        "max_recall": 0.863415,
        "max_ap": 0.918802,
        "main_score": 0.918802,
        "hf_subset": "default",
        "languages": [
          "eng-Latn"
        ]
      }
    ]
  },
  "evaluation_time": 3.3078689575195312,
  "kg_co2_emissions": null
}