{
  "dataset_revision": "7ba40b69f5fe6ffe4cc189aac9e1710913c73c8a",
  "task_name": "PubChemSMILESPC",
  "mteb_version": "1.36.20",
  "scores": {
    "test": [
      {
        "similarity_accuracy": 0.900879,
        "similarity_accuracy_threshold": 0.554174,
        "similarity_f1": 0.191734,
        "similarity_f1_threshold": 0.275671,
        "similarity_precision": 0.108583,
        "similarity_recall": 0.818627,
        "similarity_ap": 0.110054,
        "cosine_accuracy": 0.900879,
        "cosine_accuracy_threshold": 0.554174,
        "cosine_f1": 0.191734,
        "cosine_f1_threshold": 0.275671,
        "cosine_precision": 0.108583,
        "cosine_recall": 0.818627,
        "cosine_ap": 0.110054,
        "manhattan_accuracy": 0.899902,
        "manhattan_accuracy_threshold": 389.478149,
        "manhattan_f1": 0.184858,
        "manhattan_f1_threshold": 556.922852,
        "manhattan_precision": 0.102104,
        "manhattan_recall": 0.97549,
        "manhattan_ap": 0.100871,
        "euclidean_accuracy": 0.899902,
        "euclidean_accuracy_threshold": 17.709959,
        "euclidean_f1": 0.186316,
        "euclidean_f1_threshold": 23.990471,
        "euclidean_precision": 0.104363,
        "euclidean_recall": 0.867647,
        "euclidean_ap": 0.09951,
        "dot_accuracy": 0.900879,
        "dot_accuracy_threshold": 238.77597,
        "dot_f1": 0.196818,
        "dot_f1_threshold": 102.136284,
        "dot_precision": 0.111855,
        "dot_recall": 0.818627,
        "dot_ap": 0.112459,
        "max_accuracy": 0.900879,
        "max_f1": 0.196818,
        "max_precision": 0.111855,
        "max_recall": 0.97549,
        "max_ap": 0.112459,
        "main_score": 0.112459,
        "hf_subset": "default",
        "languages": [
          "eng-Latn"
        ]
      }
    ]
  },
  "evaluation_time": 3.8235487937927246,
  "kg_co2_emissions": null
}