{
  "dataset_revision": "f8c2fcf00f625baaa80f62ec5bd9e1fff3b8ae88",
  "task_name": "SCIDOCS",
  "mteb_version": "1.36.29",
  "scores": {
    "test": [
      {
        "ndcg_at_1": 0.177,
        "ndcg_at_3": 0.14081,
        "ndcg_at_5": 0.11907,
        "ndcg_at_10": 0.14443,
        "ndcg_at_20": 0.16596,
        "ndcg_at_100": 0.20661,
        "ndcg_at_1000": 0.25655,
        "map_at_1": 0.03598,
        "map_at_3": 0.06138,
        "map_at_5": 0.07095,
        "map_at_10": 0.08205,
        "map_at_20": 0.08901,
        "map_at_100": 0.09618,
        "map_at_1000": 0.09849,
        "recall_at_1": 0.03598,
        "recall_at_3": 0.07992,
        "recall_at_5": 0.1034,
        "recall_at_10": 0.15008,
        "recall_at_20": 0.20023,
        "recall_at_100": 0.33243,
        "recall_at_1000": 0.57963,
        "precision_at_1": 0.177,
        "precision_at_3": 0.131,
        "precision_at_5": 0.1018,
        "precision_at_10": 0.0739,
        "precision_at_20": 0.0494,
        "precision_at_100": 0.0164,
        "precision_at_1000": 0.00286,
        "mrr_at_1": 0.177,
        "mrr_at_3": 0.236667,
        "mrr_at_5": 0.247867,
        "mrr_at_10": 0.261961,
        "mrr_at_20": 0.269064,
        "mrr_at_100": 0.273757,
        "mrr_at_1000": 0.274529,
        "nauc_ndcg_at_1_max": 0.157511,
        "nauc_ndcg_at_1_std": -0.024256,
        "nauc_ndcg_at_1_diff1": 0.190663,
        "nauc_ndcg_at_3_max": 0.174673,
        "nauc_ndcg_at_3_std": 0.008926,
        "nauc_ndcg_at_3_diff1": 0.175071,
        "nauc_ndcg_at_5_max": 0.177339,
        "nauc_ndcg_at_5_std": 0.027495,
        "nauc_ndcg_at_5_diff1": 0.157173,
        "nauc_ndcg_at_10_max": 0.186905,
        "nauc_ndcg_at_10_std": 0.059893,
        "nauc_ndcg_at_10_diff1": 0.154501,
        "nauc_ndcg_at_20_max": 0.210492,
        "nauc_ndcg_at_20_std": 0.097434,
        "nauc_ndcg_at_20_diff1": 0.167663,
        "nauc_ndcg_at_100_max": 0.230312,
        "nauc_ndcg_at_100_std": 0.134689,
        "nauc_ndcg_at_100_diff1": 0.172227,
        "nauc_ndcg_at_1000_max": 0.239446,
        "nauc_ndcg_at_1000_std": 0.153542,
        "nauc_ndcg_at_1000_diff1": 0.178965,
        "nauc_map_at_1_max": 0.155692,
        "nauc_map_at_1_std": -0.026829,
        "nauc_map_at_1_diff1": 0.187625,
        "nauc_map_at_3_max": 0.175875,
        "nauc_map_at_3_std": -4.5e-05,
        "nauc_map_at_3_diff1": 0.172084,
        "nauc_map_at_5_max": 0.182714,
        "nauc_map_at_5_std": 0.015598,
        "nauc_map_at_5_diff1": 0.157343,
        "nauc_map_at_10_max": 0.187325,
        "nauc_map_at_10_std": 0.037101,
        "nauc_map_at_10_diff1": 0.153835,
        "nauc_map_at_20_max": 0.204239,
        "nauc_map_at_20_std": 0.060628,
        "nauc_map_at_20_diff1": 0.164203,
        "nauc_map_at_100_max": 0.211522,
        "nauc_map_at_100_std": 0.074378,
        "nauc_map_at_100_diff1": 0.164949,
        "nauc_map_at_1000_max": 0.212471,
        "nauc_map_at_1000_std": 0.07684,
        "nauc_map_at_1000_diff1": 0.16613,
        "nauc_recall_at_1_max": 0.155692,
        "nauc_recall_at_1_std": -0.026829,
        "nauc_recall_at_1_diff1": 0.187625,
        "nauc_recall_at_3_max": 0.181016,
        "nauc_recall_at_3_std": 0.023748,
        "nauc_recall_at_3_diff1": 0.1691,
        "nauc_recall_at_5_max": 0.182941,
        "nauc_recall_at_5_std": 0.058591,
        "nauc_recall_at_5_diff1": 0.136719,
        "nauc_recall_at_10_max": 0.189991,
        "nauc_recall_at_10_std": 0.11237,
        "nauc_recall_at_10_diff1": 0.127759,
        "nauc_recall_at_20_max": 0.232024,
        "nauc_recall_at_20_std": 0.184592,
        "nauc_recall_at_20_diff1": 0.152643,
        "nauc_recall_at_100_max": 0.255181,
        "nauc_recall_at_100_std": 0.250534,
        "nauc_recall_at_100_diff1": 0.152163,
        "nauc_recall_at_1000_max": 0.259946,
        "nauc_recall_at_1000_std": 0.309177,
        "nauc_recall_at_1000_diff1": 0.148844,
        "nauc_precision_at_1_max": 0.157511,
        "nauc_precision_at_1_std": -0.024256,
        "nauc_precision_at_1_diff1": 0.190663,
        "nauc_precision_at_3_max": 0.185994,
        "nauc_precision_at_3_std": 0.029706,
        "nauc_precision_at_3_diff1": 0.171735,
        "nauc_precision_at_5_max": 0.185728,
        "nauc_precision_at_5_std": 0.062071,
        "nauc_precision_at_5_diff1": 0.137817,
        "nauc_precision_at_10_max": 0.194191,
        "nauc_precision_at_10_std": 0.115744,
        "nauc_precision_at_10_diff1": 0.131239,
        "nauc_precision_at_20_max": 0.234967,
        "nauc_precision_at_20_std": 0.186171,
        "nauc_precision_at_20_diff1": 0.155957,
        "nauc_precision_at_100_max": 0.260563,
        "nauc_precision_at_100_std": 0.254291,
        "nauc_precision_at_100_diff1": 0.154633,
        "nauc_precision_at_1000_max": 0.265617,
        "nauc_precision_at_1000_std": 0.308072,
        "nauc_precision_at_1000_diff1": 0.151351,
        "nauc_mrr_at_1_max": 0.157511,
        "nauc_mrr_at_1_std": -0.024256,
        "nauc_mrr_at_1_diff1": 0.190663,
        "nauc_mrr_at_3_max": 0.157584,
        "nauc_mrr_at_3_std": -0.008031,
        "nauc_mrr_at_3_diff1": 0.179102,
        "nauc_mrr_at_5_max": 0.157144,
        "nauc_mrr_at_5_std": 0.002516,
        "nauc_mrr_at_5_diff1": 0.172399,
        "nauc_mrr_at_10_max": 0.160568,
        "nauc_mrr_at_10_std": 0.011599,
        "nauc_mrr_at_10_diff1": 0.171892,
        "nauc_mrr_at_20_max": 0.162311,
        "nauc_mrr_at_20_std": 0.014689,
        "nauc_mrr_at_20_diff1": 0.174163,
        "nauc_mrr_at_100_max": 0.163006,
        "nauc_mrr_at_100_std": 0.015364,
        "nauc_mrr_at_100_diff1": 0.174703,
        "nauc_mrr_at_1000_max": 0.162908,
        "nauc_mrr_at_1000_std": 0.014878,
        "nauc_mrr_at_1000_diff1": 0.174521,
        "main_score": 0.14443,
        "hf_subset": "default",
        "languages": [
          "eng-Latn"
        ]
      }
    ]
  },
  "evaluation_time": 70.09654235839844,
  "kg_co2_emissions": null
}