{
  "dataset_revision": "1840e8a5ac6ec752bbdd97d543ead0189bc7c25b",
  "task_name": "ChemHotpotQARetrieval",
  "mteb_version": "1.36.29",
  "scores": {
    "train": [
      {
        "ndcg_at_1": 0.78333,
        "ndcg_at_3": 0.81632,
        "ndcg_at_5": 0.82995,
        "ndcg_at_10": 0.83885,
        "ndcg_at_20": 0.84678,
        "ndcg_at_100": 0.85333,
        "ndcg_at_1000": 0.85716,
        "map_at_1": 0.76389,
        "map_at_3": 0.80463,
        "map_at_5": 0.81213,
        "map_at_10": 0.81577,
        "map_at_20": 0.8177,
        "map_at_100": 0.81857,
        "map_at_1000": 0.81875,
        "recall_at_1": 0.76389,
        "recall_at_3": 0.84167,
        "recall_at_5": 0.875,
        "recall_at_10": 0.90278,
        "recall_at_20": 0.93611,
        "recall_at_100": 0.97222,
        "recall_at_1000": 1.0,
        "precision_at_1": 0.78333,
        "precision_at_3": 0.29074,
        "precision_at_5": 0.18111,
        "precision_at_10": 0.09333,
        "precision_at_20": 0.04833,
        "precision_at_100": 0.01006,
        "precision_at_1000": 0.00104,
        "mrr_at_1": 0.783333,
        "mrr_at_3": 0.813889,
        "mrr_at_5": 0.821389,
        "mrr_at_10": 0.825031,
        "mrr_at_20": 0.826954,
        "mrr_at_100": 0.827702,
        "mrr_at_1000": 0.827838,
        "nauc_ndcg_at_1_max": 0.717114,
        "nauc_ndcg_at_1_std": -0.067472,
        "nauc_ndcg_at_1_diff1": 0.895976,
        "nauc_ndcg_at_3_max": 0.621372,
        "nauc_ndcg_at_3_std": -0.199963,
        "nauc_ndcg_at_3_diff1": 0.799906,
        "nauc_ndcg_at_5_max": 0.611251,
        "nauc_ndcg_at_5_std": -0.180262,
        "nauc_ndcg_at_5_diff1": 0.787998,
        "nauc_ndcg_at_10_max": 0.612039,
        "nauc_ndcg_at_10_std": -0.179242,
        "nauc_ndcg_at_10_diff1": 0.785308,
        "nauc_ndcg_at_20_max": 0.602455,
        "nauc_ndcg_at_20_std": -0.176781,
        "nauc_ndcg_at_20_diff1": 0.785148,
        "nauc_ndcg_at_100_max": 0.598303,
        "nauc_ndcg_at_100_std": -0.178165,
        "nauc_ndcg_at_100_diff1": 0.781406,
        "nauc_ndcg_at_1000_max": 0.619179,
        "nauc_ndcg_at_1000_std": -0.168303,
        "nauc_ndcg_at_1000_diff1": 0.799155,
        "nauc_map_at_1_max": 0.60691,
        "nauc_map_at_1_std": -0.155441,
        "nauc_map_at_1_diff1": 0.828334,
        "nauc_map_at_3_max": 0.616421,
        "nauc_map_at_3_std": -0.188291,
        "nauc_map_at_3_diff1": 0.794166,
        "nauc_map_at_5_max": 0.611288,
        "nauc_map_at_5_std": -0.177336,
        "nauc_map_at_5_diff1": 0.788023,
        "nauc_map_at_10_max": 0.61176,
        "nauc_map_at_10_std": -0.177739,
        "nauc_map_at_10_diff1": 0.786882,
        "nauc_map_at_20_max": 0.609902,
        "nauc_map_at_20_std": -0.17696,
        "nauc_map_at_20_diff1": 0.786748,
        "nauc_map_at_100_max": 0.609258,
        "nauc_map_at_100_std": -0.176963,
        "nauc_map_at_100_diff1": 0.786345,
        "nauc_map_at_1000_max": 0.610087,
        "nauc_map_at_1000_std": -0.1765,
        "nauc_map_at_1000_diff1": 0.787008,
        "nauc_recall_at_1_max": 0.60691,
        "nauc_recall_at_1_std": -0.155441,
        "nauc_recall_at_1_diff1": 0.828334,
        "nauc_recall_at_3_max": 0.56149,
        "nauc_recall_at_3_std": -0.288115,
        "nauc_recall_at_3_diff1": 0.733449,
        "nauc_recall_at_5_max": 0.513998,
        "nauc_recall_at_5_std": -0.249654,
        "nauc_recall_at_5_diff1": 0.679163,
        "nauc_recall_at_10_max": 0.486638,
        "nauc_recall_at_10_std": -0.253461,
        "nauc_recall_at_10_diff1": 0.63386,
        "nauc_recall_at_20_max": 0.325843,
        "nauc_recall_at_20_std": -0.272825,
        "nauc_recall_at_20_diff1": 0.552288,
        "nauc_recall_at_100_max": -0.106723,
        "nauc_recall_at_100_std": -0.458637,
        "nauc_recall_at_100_diff1": 0.169094,
        "nauc_recall_at_1000_max": NaN,
        "nauc_recall_at_1000_std": NaN,
        "nauc_recall_at_1000_diff1": NaN,
        "nauc_precision_at_1_max": 0.717114,
        "nauc_precision_at_1_std": -0.067472,
        "nauc_precision_at_1_diff1": 0.895976,
        "nauc_precision_at_3_max": 0.560608,
        "nauc_precision_at_3_std": -0.083905,
        "nauc_precision_at_3_diff1": 0.57576,
        "nauc_precision_at_5_max": 0.522693,
        "nauc_precision_at_5_std": -0.014699,
        "nauc_precision_at_5_diff1": 0.502777,
        "nauc_precision_at_10_max": 0.506588,
        "nauc_precision_at_10_std": 0.028142,
        "nauc_precision_at_10_diff1": 0.436844,
        "nauc_precision_at_20_max": 0.406491,
        "nauc_precision_at_20_std": 0.113659,
        "nauc_precision_at_20_diff1": 0.314275,
        "nauc_precision_at_100_max": 0.200934,
        "nauc_precision_at_100_std": 0.240451,
        "nauc_precision_at_100_diff1": -0.018674,
        "nauc_precision_at_1000_max": 0.396182,
        "nauc_precision_at_1000_std": 0.581854,
        "nauc_precision_at_1000_diff1": 0.053969,
        "nauc_mrr_at_1_max": 0.717114,
        "nauc_mrr_at_1_std": -0.067472,
        "nauc_mrr_at_1_diff1": 0.895976,
        "nauc_mrr_at_3_max": 0.689235,
        "nauc_mrr_at_3_std": -0.136187,
        "nauc_mrr_at_3_diff1": 0.873826,
        "nauc_mrr_at_5_max": 0.686738,
        "nauc_mrr_at_5_std": -0.122761,
        "nauc_mrr_at_5_diff1": 0.870545,
        "nauc_mrr_at_10_max": 0.688757,
        "nauc_mrr_at_10_std": -0.122075,
        "nauc_mrr_at_10_diff1": 0.87103,
        "nauc_mrr_at_20_max": 0.687738,
        "nauc_mrr_at_20_std": -0.120602,
        "nauc_mrr_at_20_diff1": 0.87189,
        "nauc_mrr_at_100_max": 0.687174,
        "nauc_mrr_at_100_std": -0.120694,
        "nauc_mrr_at_100_diff1": 0.871509,
        "nauc_mrr_at_1000_max": 0.687567,
        "nauc_mrr_at_1000_std": -0.12056,
        "nauc_mrr_at_1000_diff1": 0.871704,
        "main_score": 0.83885,
        "hf_subset": "default",
        "languages": [
          "eng-Latn"
        ]
      }
    ],
    "dev": [
      {
        "ndcg_at_1": 0.875,
        "ndcg_at_3": 0.875,
        "ndcg_at_5": 0.875,
        "ndcg_at_10": 0.875,
        "ndcg_at_20": 0.90558,
        "ndcg_at_100": 0.90558,
        "ndcg_at_1000": 0.90558,
        "map_at_1": 0.875,
        "map_at_3": 0.875,
        "map_at_5": 0.875,
        "map_at_10": 0.875,
        "map_at_20": 0.88281,
        "map_at_100": 0.88281,
        "map_at_1000": 0.88281,
        "recall_at_1": 0.875,
        "recall_at_3": 0.875,
        "recall_at_5": 0.875,
        "recall_at_10": 0.875,
        "recall_at_20": 1.0,
        "recall_at_100": 1.0,
        "recall_at_1000": 1.0,
        "precision_at_1": 0.875,
        "precision_at_3": 0.29167,
        "precision_at_5": 0.175,
        "precision_at_10": 0.0875,
        "precision_at_20": 0.05,
        "precision_at_100": 0.01,
        "precision_at_1000": 0.001,
        "mrr_at_1": 0.875,
        "mrr_at_3": 0.875,
        "mrr_at_5": 0.875,
        "mrr_at_10": 0.875,
        "mrr_at_20": 0.882812,
        "mrr_at_100": 0.882812,
        "mrr_at_1000": 0.882812,
        "nauc_ndcg_at_1_max": 1.0,
        "nauc_ndcg_at_1_std": -0.185434,
        "nauc_ndcg_at_1_diff1": 1.0,
        "nauc_ndcg_at_3_max": 1.0,
        "nauc_ndcg_at_3_std": -0.185434,
        "nauc_ndcg_at_3_diff1": 1.0,
        "nauc_ndcg_at_5_max": 1.0,
        "nauc_ndcg_at_5_std": -0.185434,
        "nauc_ndcg_at_5_diff1": 1.0,
        "nauc_ndcg_at_10_max": 1.0,
        "nauc_ndcg_at_10_std": -0.185434,
        "nauc_ndcg_at_10_diff1": 1.0,
        "nauc_ndcg_at_20_max": 1.0,
        "nauc_ndcg_at_20_std": -0.185434,
        "nauc_ndcg_at_20_diff1": 1.0,
        "nauc_ndcg_at_100_max": 1.0,
        "nauc_ndcg_at_100_std": -0.185434,
        "nauc_ndcg_at_100_diff1": 1.0,
        "nauc_ndcg_at_1000_max": 1.0,
        "nauc_ndcg_at_1000_std": -0.185434,
        "nauc_ndcg_at_1000_diff1": 1.0,
        "nauc_map_at_1_max": 1.0,
        "nauc_map_at_1_std": -0.185434,
        "nauc_map_at_1_diff1": 1.0,
        "nauc_map_at_3_max": 1.0,
        "nauc_map_at_3_std": -0.185434,