{
  "dataset_revision": "1840e8a5ac6ec752bbdd97d543ead0189bc7c25b",
  "task_name": "ChemHotpotQARetrieval",
  "mteb_version": "1.36.29",
  "scores": {
    "train": [
      {
        "ndcg_at_1": 0.84444,
        "ndcg_at_3": 0.88056,
        "ndcg_at_5": 0.88681,
        "ndcg_at_10": 0.89627,
        "ndcg_at_20": 0.90095,
        "ndcg_at_100": 0.90362,
        "ndcg_at_1000": 0.90542,
        "map_at_1": 0.825,
        "map_at_3": 0.86667,
        "map_at_5": 0.87083,
        "map_at_10": 0.87502,
        "map_at_20": 0.87667,
        "map_at_100": 0.87705,
        "map_at_1000": 0.87708,
        "recall_at_1": 0.825,
        "recall_at_3": 0.91111,
        "recall_at_5": 0.925,
        "recall_at_10": 0.95278,
        "recall_at_20": 0.96944,
        "recall_at_100": 0.98333,
        "recall_at_1000": 1.0,
        "precision_at_1": 0.84444,
        "precision_at_3": 0.31296,
        "precision_at_5": 0.19111,
        "precision_at_10": 0.09833,
        "precision_at_20": 0.05028,
        "precision_at_100": 0.01022,
        "precision_at_1000": 0.00104,
        "mrr_at_1": 0.844444,
        "mrr_at_3": 0.877778,
        "mrr_at_5": 0.880556,
        "mrr_at_10": 0.884744,
        "mrr_at_20": 0.885646,
        "mrr_at_100": 0.885968,
        "mrr_at_1000": 0.885997,
        "nauc_ndcg_at_1_max": 0.632258,
        "nauc_ndcg_at_1_std": -0.335805,
        "nauc_ndcg_at_1_diff1": 0.884217,
        "nauc_ndcg_at_3_max": 0.489907,
        "nauc_ndcg_at_3_std": -0.365391,
        "nauc_ndcg_at_3_diff1": 0.741641,
        "nauc_ndcg_at_5_max": 0.472504,
        "nauc_ndcg_at_5_std": -0.420745,
        "nauc_ndcg_at_5_diff1": 0.743154,
        "nauc_ndcg_at_10_max": 0.452543,
        "nauc_ndcg_at_10_std": -0.452247,
        "nauc_ndcg_at_10_diff1": 0.737326,
        "nauc_ndcg_at_20_max": 0.463803,
        "nauc_ndcg_at_20_std": -0.416609,
        "nauc_ndcg_at_20_diff1": 0.755309,
        "nauc_ndcg_at_100_max": 0.466863,
        "nauc_ndcg_at_100_std": -0.4024,
        "nauc_ndcg_at_100_diff1": 0.764536,
        "nauc_ndcg_at_1000_max": 0.483634,
        "nauc_ndcg_at_1000_std": -0.405569,
        "nauc_ndcg_at_1000_diff1": 0.767931,
        "nauc_map_at_1_max": 0.488625,
        "nauc_map_at_1_std": -0.400829,
        "nauc_map_at_1_diff1": 0.796971,
        "nauc_map_at_3_max": 0.49331,
        "nauc_map_at_3_std": -0.381646,
        "nauc_map_at_3_diff1": 0.739407,
        "nauc_map_at_5_max": 0.482022,
        "nauc_map_at_5_std": -0.416217,
        "nauc_map_at_5_diff1": 0.739137,
        "nauc_map_at_10_max": 0.474831,
        "nauc_map_at_10_std": -0.429207,
        "nauc_map_at_10_diff1": 0.73677,
        "nauc_map_at_20_max": 0.480525,
        "nauc_map_at_20_std": -0.417604,
        "nauc_map_at_20_diff1": 0.744016,
        "nauc_map_at_100_max": 0.480691,
        "nauc_map_at_100_std": -0.416182,
        "nauc_map_at_100_diff1": 0.74469,
        "nauc_map_at_1000_max": 0.48085,
        "nauc_map_at_1000_std": -0.416165,
        "nauc_map_at_1000_diff1": 0.744729,
        "nauc_recall_at_1_max": 0.488625,
        "nauc_recall_at_1_std": -0.400829,
        "nauc_recall_at_1_diff1": 0.796971,
        "nauc_recall_at_3_max": 0.356165,
        "nauc_recall_at_3_std": -0.335449,
        "nauc_recall_at_3_diff1": 0.605319,
        "nauc_recall_at_5_max": 0.279645,
        "nauc_recall_at_5_std": -0.508092,
        "nauc_recall_at_5_diff1": 0.590673,
        "nauc_recall_at_10_max": 0.044241,
        "nauc_recall_at_10_std": -0.735184,
        "nauc_recall_at_10_diff1": 0.465782,
        "nauc_recall_at_20_max": -0.073975,
        "nauc_recall_at_20_std": -0.525804,
        "nauc_recall_at_20_diff1": 0.505602,
        "nauc_recall_at_100_max": -0.419701,
        "nauc_recall_at_100_std": -0.20028,
        "nauc_recall_at_100_diff1": 0.593838,
        "nauc_recall_at_1000_max": NaN,
        "nauc_recall_at_1000_std": NaN,
        "nauc_recall_at_1000_diff1": NaN,
        "nauc_precision_at_1_max": 0.632258,
        "nauc_precision_at_1_std": -0.335805,
        "nauc_precision_at_1_diff1": 0.884217,
        "nauc_precision_at_3_max": 0.479438,
        "nauc_precision_at_3_std": -0.050912,
        "nauc_precision_at_3_diff1": 0.435328,
        "nauc_precision_at_5_max": 0.358195,
        "nauc_precision_at_5_std": -0.156678,
        "nauc_precision_at_5_diff1": 0.32813,
        "nauc_precision_at_10_max": 0.242994,
        "nauc_precision_at_10_std": -0.169086,
        "nauc_precision_at_10_diff1": 0.15805,
        "nauc_precision_at_20_max": 0.221366,
        "nauc_precision_at_20_std": 0.1582,
        "nauc_precision_at_20_diff1": 0.111333,
        "nauc_precision_at_100_max": 0.226326,
        "nauc_precision_at_100_std": 0.349777,
        "nauc_precision_at_100_diff1": 0.104721,
        "nauc_precision_at_1000_max": 0.38545,
        "nauc_precision_at_1000_std": 0.485262,
        "nauc_precision_at_1000_diff1": -0.015754,
        "nauc_mrr_at_1_max": 0.632258,
        "nauc_mrr_at_1_std": -0.335805,
        "nauc_mrr_at_1_diff1": 0.884217,
        "nauc_mrr_at_3_max": 0.588895,
        "nauc_mrr_at_3_std": -0.34136,
        "nauc_mrr_at_3_diff1": 0.852621,
        "nauc_mrr_at_5_max": 0.585943,
        "nauc_mrr_at_5_std": -0.361487,
        "nauc_mrr_at_5_diff1": 0.857775,
        "nauc_mrr_at_10_max": 0.582114,
        "nauc_mrr_at_10_std": -0.373404,
        "nauc_mrr_at_10_diff1": 0.85969,
        "nauc_mrr_at_20_max": 0.580442,
        "nauc_mrr_at_20_std": -0.367883,
        "nauc_mrr_at_20_diff1": 0.859014,
        "nauc_mrr_at_100_max": 0.579717,
        "nauc_mrr_at_100_std": -0.366652,
        "nauc_mrr_at_100_diff1": 0.858749,
        "nauc_mrr_at_1000_max": 0.579913,
        "nauc_mrr_at_1000_std": -0.366621,
        "nauc_mrr_at_1000_diff1": 0.858821,
        "main_score": 0.89627,
        "hf_subset": "default",
        "languages": [
          "eng-Latn"
        ]
      }
    ],
    "dev": [
      {
        "ndcg_at_1": 0.75,
        "ndcg_at_3": 0.82887,
        "ndcg_at_5": 0.82887,
        "ndcg_at_10": 0.82887,
        "ndcg_at_20": 0.82887,
        "ndcg_at_100": 0.85324,
        "ndcg_at_1000": 0.85324,
        "map_at_1": 0.75,
        "map_at_3": 0.8125,
        "map_at_5": 0.8125,
        "map_at_10": 0.8125,
        "map_at_20": 0.8125,
        "map_at_100": 0.81618,
        "map_at_1000": 0.81618,
        "recall_at_1": 0.75,
        "recall_at_3": 0.875,
        "recall_at_5": 0.875,
        "recall_at_10": 0.875,
        "recall_at_20": 0.875,
        "recall_at_100": 1.0,
        "recall_at_1000": 1.0,
        "precision_at_1": 0.75,
        "precision_at_3": 0.29167,
        "precision_at_5": 0.175,
        "precision_at_10": 0.0875,
        "precision_at_20": 0.04375,
        "precision_at_100": 0.01,
        "precision_at_1000": 0.001,
        "mrr_at_1": 0.75,
        "mrr_at_3": 0.8125,
        "mrr_at_5": 0.8125,
        "mrr_at_10": 0.8125,
        "mrr_at_20": 0.8125,
        "mrr_at_100": 0.816176,
        "mrr_at_1000": 0.816176,
        "nauc_ndcg_at_1_max": 0.831832,
        "nauc_ndcg_at_1_std": -0.13994,
        "nauc_ndcg_at_1_diff1": 1.0,
        "nauc_ndcg_at_3_max": 0.912246,
        "nauc_ndcg_at_3_std": 0.340861,
        "nauc_ndcg_at_3_diff1": 0.935707,
        "nauc_ndcg_at_5_max": 0.912246,
        "nauc_ndcg_at_5_std": 0.340861,
        "nauc_ndcg_at_5_diff1": 0.935707,
        "nauc_ndcg_at_10_max": 0.912246,
        "nauc_ndcg_at_10_std": 0.340861,
        "nauc_ndcg_at_10_diff1": 0.935707,
        "nauc_ndcg_at_20_max": 0.912246,
        "nauc_ndcg_at_20_std": 0.340861,
        "nauc_ndcg_at_20_diff1": 0.935707,
        "nauc_ndcg_at_100_max": 0.897032,
        "nauc_ndcg_at_100_std": 0.249893,
        "nauc_ndcg_at_100_diff1": 0.947871,
        "nauc_ndcg_at_1000_max": 0.897032,
        "nauc_ndcg_at_1000_std": 0.249893,
        "nauc_ndcg_at_1000_diff1": 0.947871,
        "nauc_map_at_1_max": 0.831832,
        "nauc_map_at_1_std": -0.13994,
        "nauc_map_at_1_diff1": 1.0,