{
  "dataset_revision": "7ba40b69f5fe6ffe4cc189aac9e1710913c73c8a",
  "task_name": "PubChemSMILESPC",
  "mteb_version": "1.36.29",
  "scores": {
    "test": [
      {
        "similarity_accuracy": 0.900879,
        "similarity_accuracy_threshold": 0.618307,
        "similarity_f1": 0.186681,
        "similarity_f1_threshold": 0.314344,
        "similarity_precision": 0.105037,
        "similarity_recall": 0.838235,
        "similarity_ap": 0.121527,
        "cosine_accuracy": 0.900879,
        "cosine_accuracy_threshold": 0.618307,
        "cosine_f1": 0.186681,
        "cosine_f1_threshold": 0.314344,
        "cosine_precision": 0.105037,
        "cosine_recall": 0.838235,
        "cosine_ap": 0.121527,
        "manhattan_accuracy": 0.899902,
        "manhattan_accuracy_threshold": 375.488892,
        "manhattan_f1": 0.186143,
        "manhattan_f1_threshold": 455.293243,
        "manhattan_precision": 0.117955,
        "manhattan_recall": 0.441176,
        "manhattan_ap": 0.112702,
        "euclidean_accuracy": 0.899902,
        "euclidean_accuracy_threshold": 17.014091,
        "euclidean_f1": 0.187035,
        "euclidean_f1_threshold": 20.614494,
        "euclidean_precision": 0.119403,
        "euclidean_recall": 0.431373,
        "euclidean_ap": 0.111622,
        "dot_accuracy": 0.900879,
        "dot_accuracy_threshold": 274.632324,
        "dot_f1": 0.19011,
        "dot_f1_threshold": 102.928482,
        "dot_precision": 0.107054,
        "dot_recall": 0.848039,
        "dot_ap": 0.1135,
        "max_accuracy": 0.900879,
        "max_f1": 0.19011,
        "max_precision": 0.119403,
        "max_recall": 0.848039,
        "max_ap": 0.121527,
        "main_score": 0.121527,
        "hf_subset": "default",
        "languages": [
          "eng-Latn"
        ]
      }
    ]
  },
  "evaluation_time": 3.756751537322998,
  "kg_co2_emissions": null
}