{
  "dataset_revision": "8fae72a2c75530aaaac6920a02622490d923ca98",
  "task_name": "ChemRxivRetrieval",
  "mteb_version": "1.36.29",
  "scores": {
    "test": [
      {
        "ndcg_at_1": 0.7888,
        "ndcg_at_3": 0.86697,
        "ndcg_at_5": 0.87688,
        "ndcg_at_10": 0.88495,
        "ndcg_at_20": 0.88823,
        "ndcg_at_100": 0.8909,
        "ndcg_at_1000": 0.89149,
        "map_at_1": 0.7888,
        "map_at_3": 0.84853,
        "map_at_5": 0.85409,
        "map_at_10": 0.85749,
        "map_at_20": 0.85841,
        "map_at_100": 0.85881,
        "map_at_1000": 0.85883,
        "recall_at_1": 0.7888,
        "recall_at_3": 0.92,
        "recall_at_5": 0.9438,
        "recall_at_10": 0.9684,
        "recall_at_20": 0.9812,
        "recall_at_100": 0.9952,
        "recall_at_1000": 0.9998,
        "precision_at_1": 0.7888,
        "precision_at_3": 0.30667,
        "precision_at_5": 0.18876,
        "precision_at_10": 0.09684,
        "precision_at_20": 0.04906,
        "precision_at_100": 0.00995,
        "precision_at_1000": 0.001,
        "mrr_at_1": 0.7886,
        "mrr_at_3": 0.8483,
        "mrr_at_5": 0.85396,
        "mrr_at_10": 0.857358,
        "mrr_at_20": 0.85828,
        "mrr_at_100": 0.858677,
        "mrr_at_1000": 0.858701,
        "nauc_ndcg_at_1_max": 0.449413,
        "nauc_ndcg_at_1_std": -0.261764,
        "nauc_ndcg_at_1_diff1": 0.803602,
        "nauc_ndcg_at_3_max": 0.508346,
        "nauc_ndcg_at_3_std": -0.258266,
        "nauc_ndcg_at_3_diff1": 0.784288,
        "nauc_ndcg_at_5_max": 0.508156,
        "nauc_ndcg_at_5_std": -0.261921,
        "nauc_ndcg_at_5_diff1": 0.789185,
        "nauc_ndcg_at_10_max": 0.507228,
        "nauc_ndcg_at_10_std": -0.254455,
        "nauc_ndcg_at_10_diff1": 0.792125,
        "nauc_ndcg_at_20_max": 0.499719,
        "nauc_ndcg_at_20_std": -0.254384,
        "nauc_ndcg_at_20_diff1": 0.791621,
        "nauc_ndcg_at_100_max": 0.493959,
        "nauc_ndcg_at_100_std": -0.25715,
        "nauc_ndcg_at_100_diff1": 0.791733,
        "nauc_ndcg_at_1000_max": 0.492397,
        "nauc_ndcg_at_1000_std": -0.259042,
        "nauc_ndcg_at_1000_diff1": 0.791844,
        "nauc_map_at_1_max": 0.449413,
        "nauc_map_at_1_std": -0.261764,
        "nauc_map_at_1_diff1": 0.803602,
        "nauc_map_at_3_max": 0.489012,
        "nauc_map_at_3_std": -0.261994,
        "nauc_map_at_3_diff1": 0.789513,
        "nauc_map_at_5_max": 0.487977,
        "nauc_map_at_5_std": -0.263996,
        "nauc_map_at_5_diff1": 0.791986,
        "nauc_map_at_10_max": 0.487471,
        "nauc_map_at_10_std": -0.261372,
        "nauc_map_at_10_diff1": 0.793127,
        "nauc_map_at_20_max": 0.485691,
        "nauc_map_at_20_std": -0.26145,
        "nauc_map_at_20_diff1": 0.793016,
        "nauc_map_at_100_max": 0.48504,
        "nauc_map_at_100_std": -0.261771,
        "nauc_map_at_100_diff1": 0.793014,
        "nauc_map_at_1000_max": 0.484993,
        "nauc_map_at_1000_std": -0.261843,
        "nauc_map_at_1000_diff1": 0.793018,
        "nauc_recall_at_1_max": 0.449413,
        "nauc_recall_at_1_std": -0.261764,
        "nauc_recall_at_1_diff1": 0.803602,
        "nauc_recall_at_3_max": 0.608073,
        "nauc_recall_at_3_std": -0.237125,
        "nauc_recall_at_3_diff1": 0.758159,
        "nauc_recall_at_5_max": 0.65101,
        "nauc_recall_at_5_std": -0.245344,
        "nauc_recall_at_5_diff1": 0.77231,
        "nauc_recall_at_10_max": 0.745302,
        "nauc_recall_at_10_std": -0.156745,
        "nauc_recall_at_10_diff1": 0.788539,
        "nauc_recall_at_20_max": 0.741165,
        "nauc_recall_at_20_std": -0.086447,
        "nauc_recall_at_20_diff1": 0.775344,
        "nauc_recall_at_100_max": 0.776533,
        "nauc_recall_at_100_std": 0.097631,
        "nauc_recall_at_100_diff1": 0.747549,
        "nauc_recall_at_1000_max": 1.0,
        "nauc_recall_at_1000_std": 1.0,
        "nauc_recall_at_1000_diff1": 0.122782,
        "nauc_precision_at_1_max": 0.449413,
        "nauc_precision_at_1_std": -0.261764,
        "nauc_precision_at_1_diff1": 0.803602,
        "nauc_precision_at_3_max": 0.608073,
        "nauc_precision_at_3_std": -0.237125,
        "nauc_precision_at_3_diff1": 0.758159,
        "nauc_precision_at_5_max": 0.65101,
        "nauc_precision_at_5_std": -0.245344,
        "nauc_precision_at_5_diff1": 0.77231,
        "nauc_precision_at_10_max": 0.745302,
        "nauc_precision_at_10_std": -0.156745,
        "nauc_precision_at_10_diff1": 0.788539,
        "nauc_precision_at_20_max": 0.741165,
        "nauc_precision_at_20_std": -0.086447,
        "nauc_precision_at_20_diff1": 0.775344,
        "nauc_precision_at_100_max": 0.776533,
        "nauc_precision_at_100_std": 0.097631,
        "nauc_precision_at_100_diff1": 0.747549,
        "nauc_precision_at_1000_max": 1.0,
        "nauc_precision_at_1000_std": 1.0,
        "nauc_precision_at_1000_diff1": 0.122782,
        "nauc_mrr_at_1_max": 0.447266,
        "nauc_mrr_at_1_std": -0.264793,
        "nauc_mrr_at_1_diff1": 0.804032,
        "nauc_mrr_at_3_max": 0.487747,
        "nauc_mrr_at_3_std": -0.263589,
        "nauc_mrr_at_3_diff1": 0.790009,
        "nauc_mrr_at_5_max": 0.486491,
        "nauc_mrr_at_5_std": -0.26602,
        "nauc_mrr_at_5_diff1": 0.792348,
        "nauc_mrr_at_10_max": 0.485947,
        "nauc_mrr_at_10_std": -0.26345,
        "nauc_mrr_at_10_diff1": 0.793497,
        "nauc_mrr_at_20_max": 0.484158,
        "nauc_mrr_at_20_std": -0.263542,
        "nauc_mrr_at_20_diff1": 0.793389,
        "nauc_mrr_at_100_max": 0.483504,
        "nauc_mrr_at_100_std": -0.26387,
        "nauc_mrr_at_100_diff1": 0.793387,
        "nauc_mrr_at_1000_max": 0.483456,
        "nauc_mrr_at_1000_std": -0.263941,
        "nauc_mrr_at_1000_diff1": 0.793392,
        "main_score": 0.88495,
        "hf_subset": "default",
        "languages": [
          "eng-Latn"
        ]
      }
    ]
  },
  "evaluation_time": 191.0862066745758,
  "kg_co2_emissions": null
}