{
  "dataset_revision": "8fae72a2c75530aaaac6920a02622490d923ca98",
  "task_name": "ChemRxivRetrieval",
  "mteb_version": "1.36.29",
  "scores": {
    "test": [
      {
        "ndcg_at_1": 0.7748,
        "ndcg_at_3": 0.85565,
        "ndcg_at_5": 0.86664,
        "ndcg_at_10": 0.87528,
        "ndcg_at_20": 0.87824,
        "ndcg_at_100": 0.88122,
        "ndcg_at_1000": 0.88223,
        "map_at_1": 0.7748,
        "map_at_3": 0.8368,
        "map_at_5": 0.84296,
        "map_at_10": 0.84658,
        "map_at_20": 0.84741,
        "map_at_100": 0.84786,
        "map_at_1000": 0.84789,
        "recall_at_1": 0.7748,
        "recall_at_3": 0.9098,
        "recall_at_5": 0.9362,
        "recall_at_10": 0.9626,
        "recall_at_20": 0.9742,
        "recall_at_100": 0.9898,
        "recall_at_1000": 0.998,
        "precision_at_1": 0.7748,
        "precision_at_3": 0.30327,
        "precision_at_5": 0.18724,
        "precision_at_10": 0.09626,
        "precision_at_20": 0.04871,
        "precision_at_100": 0.0099,
        "precision_at_1000": 0.001,
        "mrr_at_1": 0.775,
        "mrr_at_3": 0.8369,
        "mrr_at_5": 0.84306,
        "mrr_at_10": 0.846684,
        "mrr_at_20": 0.847513,
        "mrr_at_100": 0.847959,
        "mrr_at_1000": 0.847994,
        "nauc_ndcg_at_1_max": 0.560112,
        "nauc_ndcg_at_1_std": -0.131828,
        "nauc_ndcg_at_1_diff1": 0.83161,
        "nauc_ndcg_at_3_max": 0.620084,
        "nauc_ndcg_at_3_std": -0.117547,
        "nauc_ndcg_at_3_diff1": 0.798473,
        "nauc_ndcg_at_5_max": 0.629762,
        "nauc_ndcg_at_5_std": -0.105868,
        "nauc_ndcg_at_5_diff1": 0.804117,
        "nauc_ndcg_at_10_max": 0.622444,
        "nauc_ndcg_at_10_std": -0.10704,
        "nauc_ndcg_at_10_diff1": 0.807203,
        "nauc_ndcg_at_20_max": 0.618199,
        "nauc_ndcg_at_20_std": -0.103816,
        "nauc_ndcg_at_20_diff1": 0.807702,
        "nauc_ndcg_at_100_max": 0.613446,
        "nauc_ndcg_at_100_std": -0.10255,
        "nauc_ndcg_at_100_diff1": 0.808823,
        "nauc_ndcg_at_1000_max": 0.610638,
        "nauc_ndcg_at_1000_std": -0.108863,
        "nauc_ndcg_at_1000_diff1": 0.809525,
        "nauc_map_at_1_max": 0.560112,
        "nauc_map_at_1_std": -0.131828,
        "nauc_map_at_1_diff1": 0.83161,
        "nauc_map_at_3_max": 0.602533,
        "nauc_map_at_3_std": -0.12239,
        "nauc_map_at_3_diff1": 0.807926,
        "nauc_map_at_5_max": 0.606526,
        "nauc_map_at_5_std": -0.116968,
        "nauc_map_at_5_diff1": 0.810997,
        "nauc_map_at_10_max": 0.603396,
        "nauc_map_at_10_std": -0.117468,
        "nauc_map_at_10_diff1": 0.812258,
        "nauc_map_at_20_max": 0.602345,
        "nauc_map_at_20_std": -0.116878,
        "nauc_map_at_20_diff1": 0.812435,
        "nauc_map_at_100_max": 0.601775,
        "nauc_map_at_100_std": -0.116737,
        "nauc_map_at_100_diff1": 0.812625,
        "nauc_map_at_1000_max": 0.6017,
        "nauc_map_at_1000_std": -0.116898,
        "nauc_map_at_1000_diff1": 0.812642,
        "nauc_recall_at_1_max": 0.560112,
        "nauc_recall_at_1_std": -0.131828,
        "nauc_recall_at_1_diff1": 0.83161,
        "nauc_recall_at_3_max": 0.70449,
        "nauc_recall_at_3_std": -0.093745,
        "nauc_recall_at_3_diff1": 0.753204,
        "nauc_recall_at_5_max": 0.784434,
        "nauc_recall_at_5_std": -0.028765,
        "nauc_recall_at_5_diff1": 0.761534,
        "nauc_recall_at_10_max": 0.824258,
        "nauc_recall_at_10_std": 0.010783,
        "nauc_recall_at_10_diff1": 0.760357,
        "nauc_recall_at_20_max": 0.841031,
        "nauc_recall_at_20_std": 0.122605,
        "nauc_recall_at_20_diff1": 0.746513,
        "nauc_recall_at_100_max": 0.902556,
        "nauc_recall_at_100_std": 0.534849,
        "nauc_recall_at_100_diff1": 0.708244,
        "nauc_recall_at_1000_max": 0.824697,
        "nauc_recall_at_1000_std": 0.301261,
        "nauc_recall_at_1000_diff1": 0.614006,
        "nauc_precision_at_1_max": 0.560112,
        "nauc_precision_at_1_std": -0.131828,
        "nauc_precision_at_1_diff1": 0.83161,
        "nauc_precision_at_3_max": 0.70449,
        "nauc_precision_at_3_std": -0.093745,
        "nauc_precision_at_3_diff1": 0.753204,
        "nauc_precision_at_5_max": 0.784434,
        "nauc_precision_at_5_std": -0.028765,
        "nauc_precision_at_5_diff1": 0.761534,
        "nauc_precision_at_10_max": 0.824258,
        "nauc_precision_at_10_std": 0.010783,
        "nauc_precision_at_10_diff1": 0.760357,
        "nauc_precision_at_20_max": 0.841031,
        "nauc_precision_at_20_std": 0.122605,
        "nauc_precision_at_20_diff1": 0.746513,
        "nauc_precision_at_100_max": 0.902556,
        "nauc_precision_at_100_std": 0.534849,
        "nauc_precision_at_100_diff1": 0.708244,
        "nauc_precision_at_1000_max": 0.824697,
        "nauc_precision_at_1000_std": 0.301261,
        "nauc_precision_at_1000_diff1": 0.614006,
        "nauc_mrr_at_1_max": 0.559877,
        "nauc_mrr_at_1_std": -0.131179,
        "nauc_mrr_at_1_diff1": 0.831221,
        "nauc_mrr_at_3_max": 0.602395,
        "nauc_mrr_at_3_std": -0.12195,
        "nauc_mrr_at_3_diff1": 0.807653,
        "nauc_mrr_at_5_max": 0.606385,
        "nauc_mrr_at_5_std": -0.116507,
        "nauc_mrr_at_5_diff1": 0.810714,
        "nauc_mrr_at_10_max": 0.60325,
        "nauc_mrr_at_10_std": -0.116996,
        "nauc_mrr_at_10_diff1": 0.811969,
        "nauc_mrr_at_20_max": 0.602197,
        "nauc_mrr_at_20_std": -0.116402,
        "nauc_mrr_at_20_diff1": 0.812144,
        "nauc_mrr_at_100_max": 0.601626,
        "nauc_mrr_at_100_std": -0.11626,
        "nauc_mrr_at_100_diff1": 0.812333,
        "nauc_mrr_at_1000_max": 0.601552,
        "nauc_mrr_at_1000_std": -0.116421,
        "nauc_mrr_at_1000_diff1": 0.81235,
        "main_score": 0.87528,
        "hf_subset": "default",
        "languages": [
          "eng-Latn"
        ]
      }
    ]
  },
  "evaluation_time": 238.8351228237152,
  "kg_co2_emissions": null
}