{
  "dataset_revision": "5d958fb6b31055495347724d46431ba41309b03a",
  "task_name": "ChemNQRetrieval",
  "mteb_version": "1.36.29",
  "scores": {
    "test": [
      {
        "ndcg_at_1": 0.44444,
        "ndcg_at_3": 0.51529,
        "ndcg_at_5": 0.57553,
        "ndcg_at_10": 0.61741,
        "ndcg_at_20": 0.64403,
        "ndcg_at_100": 0.65466,
        "ndcg_at_1000": 0.65925,
        "map_at_1": 0.3642,
        "map_at_3": 0.46914,
        "map_at_5": 0.50988,
        "map_at_10": 0.53004,
        "map_at_20": 0.53962,
        "map_at_100": 0.54217,
        "map_at_1000": 0.54231,
        "recall_at_1": 0.3642,
        "recall_at_3": 0.5679,
        "recall_at_5": 0.69753,
        "recall_at_10": 0.82099,
        "recall_at_20": 0.91358,
        "recall_at_100": 0.96296,
        "recall_at_1000": 1.0,
        "precision_at_1": 0.44444,
        "precision_at_3": 0.23457,
        "precision_at_5": 0.17778,
        "precision_at_10": 0.10741,
        "precision_at_20": 0.05926,
        "precision_at_100": 0.01259,
        "precision_at_1000": 0.0013,
        "mrr_at_1": 0.444444,
        "mrr_at_3": 0.555556,
        "mrr_at_5": 0.581481,
        "mrr_at_10": 0.589815,
        "mrr_at_20": 0.596549,
        "mrr_at_100": 0.59741,
        "mrr_at_1000": 0.597548,
        "nauc_ndcg_at_1_max": 0.286619,
        "nauc_ndcg_at_1_std": 0.256034,
        "nauc_ndcg_at_1_diff1": 0.210654,
        "nauc_ndcg_at_3_max": 0.296487,
        "nauc_ndcg_at_3_std": 0.287463,
        "nauc_ndcg_at_3_diff1": 0.05089,
        "nauc_ndcg_at_5_max": 0.380597,
        "nauc_ndcg_at_5_std": 0.312569,
        "nauc_ndcg_at_5_diff1": 0.164531,
        "nauc_ndcg_at_10_max": 0.418237,
        "nauc_ndcg_at_10_std": 0.364864,
        "nauc_ndcg_at_10_diff1": 0.244178,
        "nauc_ndcg_at_20_max": 0.374695,
        "nauc_ndcg_at_20_std": 0.323369,
        "nauc_ndcg_at_20_diff1": 0.186122,
        "nauc_ndcg_at_100_max": 0.359776,
        "nauc_ndcg_at_100_std": 0.320612,
        "nauc_ndcg_at_100_diff1": 0.179648,
        "nauc_ndcg_at_1000_max": 0.355771,
        "nauc_ndcg_at_1000_std": 0.324843,
        "nauc_ndcg_at_1000_diff1": 0.162912,
        "nauc_map_at_1_max": 0.214964,
        "nauc_map_at_1_std": 0.229427,
        "nauc_map_at_1_diff1": 0.172644,
        "nauc_map_at_3_max": 0.277173,
        "nauc_map_at_3_std": 0.257566,
        "nauc_map_at_3_diff1": 0.085111,
        "nauc_map_at_5_max": 0.309685,
        "nauc_map_at_5_std": 0.267797,
        "nauc_map_at_5_diff1": 0.140583,
        "nauc_map_at_10_max": 0.334615,
        "nauc_map_at_10_std": 0.303653,
        "nauc_map_at_10_diff1": 0.172303,
        "nauc_map_at_20_max": 0.321131,
        "nauc_map_at_20_std": 0.290334,
        "nauc_map_at_20_diff1": 0.152059,
        "nauc_map_at_100_max": 0.318849,
        "nauc_map_at_100_std": 0.291527,
        "nauc_map_at_100_diff1": 0.14938,
        "nauc_map_at_1000_max": 0.318734,
        "nauc_map_at_1000_std": 0.291614,
        "nauc_map_at_1000_diff1": 0.148965,
        "nauc_recall_at_1_max": 0.214964,
        "nauc_recall_at_1_std": 0.229427,
        "nauc_recall_at_1_diff1": 0.172644,
        "nauc_recall_at_3_max": 0.30293,
        "nauc_recall_at_3_std": 0.284236,
        "nauc_recall_at_3_diff1": -0.041158,
        "nauc_recall_at_5_max": 0.498938,
        "nauc_recall_at_5_std": 0.311853,
        "nauc_recall_at_5_diff1": 0.228841,
        "nauc_recall_at_10_max": 0.699692,
        "nauc_recall_at_10_std": 0.48947,
        "nauc_recall_at_10_diff1": 0.663003,
        "nauc_recall_at_20_max": 0.599368,
        "nauc_recall_at_20_std": 0.261756,
        "nauc_recall_at_20_diff1": 0.556528,
        "nauc_recall_at_100_max": 0.556079,
        "nauc_recall_at_100_std": 0.113206,
        "nauc_recall_at_100_diff1": 1.0,
        "nauc_recall_at_1000_max": NaN,
        "nauc_recall_at_1000_std": NaN,
        "nauc_recall_at_1000_diff1": NaN,
        "nauc_precision_at_1_max": 0.286619,
        "nauc_precision_at_1_std": 0.256034,
        "nauc_precision_at_1_diff1": 0.210654,
        "nauc_precision_at_3_max": 0.401044,
        "nauc_precision_at_3_std": 0.279269,
        "nauc_precision_at_3_diff1": 0.041052,
        "nauc_precision_at_5_max": 0.476691,
        "nauc_precision_at_5_std": 0.308222,
        "nauc_precision_at_5_diff1": 0.216993,
        "nauc_precision_at_10_max": 0.477259,
        "nauc_precision_at_10_std": 0.411265,
        "nauc_precision_at_10_diff1": 0.354425,
        "nauc_precision_at_20_max": 0.377564,
        "nauc_precision_at_20_std": 0.305753,
        "nauc_precision_at_20_diff1": 0.197737,
        "nauc_precision_at_100_max": 0.25948,
        "nauc_precision_at_100_std": 0.253109,
        "nauc_precision_at_100_diff1": 0.126925,
        "nauc_precision_at_1000_max": 0.23126,
        "nauc_precision_at_1000_std": 0.26642,
        "nauc_precision_at_1000_diff1": 0.043857,
        "nauc_mrr_at_1_max": 0.286619,
        "nauc_mrr_at_1_std": 0.256034,
        "nauc_mrr_at_1_diff1": 0.210654,
        "nauc_mrr_at_3_max": 0.306513,
        "nauc_mrr_at_3_std": 0.336276,
        "nauc_mrr_at_3_diff1": 0.071166,
        "nauc_mrr_at_5_max": 0.373028,
        "nauc_mrr_at_5_std": 0.356443,
        "nauc_mrr_at_5_diff1": 0.147993,
        "nauc_mrr_at_10_max": 0.362998,
        "nauc_mrr_at_10_std": 0.343946,
        "nauc_mrr_at_10_diff1": 0.157399,
        "nauc_mrr_at_20_max": 0.34913,
        "nauc_mrr_at_20_std": 0.333295,
        "nauc_mrr_at_20_diff1": 0.145912,
        "nauc_mrr_at_100_max": 0.348011,
        "nauc_mrr_at_100_std": 0.332629,
        "nauc_mrr_at_100_diff1": 0.14601,
        "nauc_mrr_at_1000_max": 0.347911,
        "nauc_mrr_at_1000_std": 0.332734,
        "nauc_mrr_at_1000_diff1": 0.1456,
        "main_score": 0.61741,
        "hf_subset": "default",
        "languages": [
          "eng-Latn"
        ]
      }
    ]
  },
  "evaluation_time": 29.28964400291443,
  "kg_co2_emissions": null
}