{
  "dataset_revision": "4885aa143210c98657558c04aaf3dc47cfb54340",
  "task_name": "CQADupstackGamingRetrieval",
  "mteb_version": "1.36.29",
  "scores": {
    "test": [
      {
        "ndcg_at_1": 0.4395,
        "ndcg_at_3": 0.50177,
        "ndcg_at_5": 0.52729,
        "ndcg_at_10": 0.55488,
        "ndcg_at_20": 0.57257,
        "ndcg_at_100": 0.59419,
        "ndcg_at_1000": 0.60823,
        "map_at_1": 0.38634,
        "map_at_3": 0.46816,
        "map_at_5": 0.4852,
        "map_at_10": 0.4987,
        "map_at_20": 0.50464,
        "map_at_100": 0.50841,
        "map_at_1000": 0.50907,
        "recall_at_1": 0.38634,
        "recall_at_3": 0.54534,
        "recall_at_5": 0.60741,
        "recall_at_10": 0.68685,
        "recall_at_20": 0.75132,
        "recall_at_100": 0.85637,
        "recall_at_1000": 0.95567,
        "precision_at_1": 0.4395,
        "precision_at_3": 0.21985,
        "precision_at_5": 0.1506,
        "precision_at_10": 0.0879,
        "precision_at_20": 0.04918,
        "precision_at_100": 0.01162,
        "precision_at_1000": 0.00134,
        "mrr_at_1": 0.439498,
        "mrr_at_3": 0.510136,
        "mrr_at_5": 0.523898,
        "mrr_at_10": 0.534287,
        "mrr_at_20": 0.538495,
        "mrr_at_100": 0.540731,
        "mrr_at_1000": 0.541114,
        "nauc_ndcg_at_1_max": 0.43477,
        "nauc_ndcg_at_1_std": -0.024658,
        "nauc_ndcg_at_1_diff1": 0.547208,
        "nauc_ndcg_at_3_max": 0.424494,
        "nauc_ndcg_at_3_std": -0.022546,
        "nauc_ndcg_at_3_diff1": 0.502402,
        "nauc_ndcg_at_5_max": 0.424647,
        "nauc_ndcg_at_5_std": -0.022062,
        "nauc_ndcg_at_5_diff1": 0.49398,
        "nauc_ndcg_at_10_max": 0.423211,
        "nauc_ndcg_at_10_std": -0.012395,
        "nauc_ndcg_at_10_diff1": 0.484413,
        "nauc_ndcg_at_20_max": 0.425941,
        "nauc_ndcg_at_20_std": -0.004707,
        "nauc_ndcg_at_20_diff1": 0.48737,
        "nauc_ndcg_at_100_max": 0.430929,
        "nauc_ndcg_at_100_std": 0.012131,
        "nauc_ndcg_at_100_diff1": 0.486122,
        "nauc_ndcg_at_1000_max": 0.434089,
        "nauc_ndcg_at_1000_std": 0.013206,
        "nauc_ndcg_at_1000_diff1": 0.492134,
        "nauc_map_at_1_max": 0.376693,
        "nauc_map_at_1_std": -0.053311,
        "nauc_map_at_1_diff1": 0.544089,
        "nauc_map_at_3_max": 0.410923,
        "nauc_map_at_3_std": -0.037134,
        "nauc_map_at_3_diff1": 0.513291,
        "nauc_map_at_5_max": 0.413855,
        "nauc_map_at_5_std": -0.033766,
        "nauc_map_at_5_diff1": 0.507088,
        "nauc_map_at_10_max": 0.415234,
        "nauc_map_at_10_std": -0.027298,
        "nauc_map_at_10_diff1": 0.503188,
        "nauc_map_at_20_max": 0.417835,
        "nauc_map_at_20_std": -0.023277,
        "nauc_map_at_20_diff1": 0.504394,
        "nauc_map_at_100_max": 0.419735,
        "nauc_map_at_100_std": -0.019315,
        "nauc_map_at_100_diff1": 0.503897,
        "nauc_map_at_1000_max": 0.420004,
        "nauc_map_at_1000_std": -0.018896,
        "nauc_map_at_1000_diff1": 0.504149,
        "nauc_recall_at_1_max": 0.376693,
        "nauc_recall_at_1_std": -0.053311,
        "nauc_recall_at_1_diff1": 0.544089,
        "nauc_recall_at_3_max": 0.403954,
        "nauc_recall_at_3_std": -0.031542,
        "nauc_recall_at_3_diff1": 0.470251,
        "nauc_recall_at_5_max": 0.401191,
        "nauc_recall_at_5_std": -0.028719,
        "nauc_recall_at_5_diff1": 0.439987,
        "nauc_recall_at_10_max": 0.3906,
        "nauc_recall_at_10_std": -0.001924,
        "nauc_recall_at_10_diff1": 0.398532,
        "nauc_recall_at_20_max": 0.393674,
        "nauc_recall_at_20_std": 0.035774,
        "nauc_recall_at_20_diff1": 0.387771,
        "nauc_recall_at_100_max": 0.41064,
        "nauc_recall_at_100_std": 0.200358,
        "nauc_recall_at_100_diff1": 0.327897,
        "nauc_recall_at_1000_max": 0.508279,
        "nauc_recall_at_1000_std": 0.54298,
        "nauc_recall_at_1000_diff1": 0.32959,
        "nauc_precision_at_1_max": 0.43477,
        "nauc_precision_at_1_std": -0.024658,
        "nauc_precision_at_1_diff1": 0.547208,
        "nauc_precision_at_3_max": 0.421626,
        "nauc_precision_at_3_std": 0.046958,
        "nauc_precision_at_3_diff1": 0.343275,
        "nauc_precision_at_5_max": 0.386747,
        "nauc_precision_at_5_std": 0.077556,
        "nauc_precision_at_5_diff1": 0.261906,
        "nauc_precision_at_10_max": 0.334637,
        "nauc_precision_at_10_std": 0.141318,
        "nauc_precision_at_10_diff1": 0.145423,
        "nauc_precision_at_20_max": 0.305328,
        "nauc_precision_at_20_std": 0.199617,
        "nauc_precision_at_20_diff1": 0.086924,
        "nauc_precision_at_100_max": 0.238831,
        "nauc_precision_at_100_std": 0.291947,
        "nauc_precision_at_100_diff1": -0.030048,
        "nauc_precision_at_1000_max": 0.163976,
        "nauc_precision_at_1000_std": 0.297231,
        "nauc_precision_at_1000_diff1": -0.084232,
        "nauc_mrr_at_1_max": 0.43477,
        "nauc_mrr_at_1_std": -0.024658,
        "nauc_mrr_at_1_diff1": 0.547208,
        "nauc_mrr_at_3_max": 0.442546,
        "nauc_mrr_at_3_std": -0.011325,
        "nauc_mrr_at_3_diff1": 0.512754,
        "nauc_mrr_at_5_max": 0.4416,
        "nauc_mrr_at_5_std": -0.009514,
        "nauc_mrr_at_5_diff1": 0.509642,
        "nauc_mrr_at_10_max": 0.441837,
        "nauc_mrr_at_10_std": -0.006132,
        "nauc_mrr_at_10_diff1": 0.50688,
        "nauc_mrr_at_20_max": 0.441448,
        "nauc_mrr_at_20_std": -0.004885,
        "nauc_mrr_at_20_diff1": 0.507626,
        "nauc_mrr_at_100_max": 0.441605,
        "nauc_mrr_at_100_std": -0.003746,
        "nauc_mrr_at_100_diff1": 0.507651,
        "nauc_mrr_at_1000_max": 0.441655,
        "nauc_mrr_at_1000_std": -0.003831,
        "nauc_mrr_at_1000_diff1": 0.507834,
        "main_score": 0.55488,
        "hf_subset": "default",
        "languages": [
          "eng-Latn"
        ]
      }
    ]
  },
  "evaluation_time": 157.5269057750702,
  "kg_co2_emissions": null
}