{
  "dataset_revision": "bb9466bac8153a0349341eb1b22e06409e78ef4e",
  "task_name": "TRECCOVID",
  "mteb_version": "1.36.29",
  "scores": {
    "test": [
      {
        "ndcg_at_1": 0.87,
        "ndcg_at_3": 0.80989,
        "ndcg_at_5": 0.78279,
        "ndcg_at_10": 0.75491,
        "ndcg_at_20": 0.72714,
        "ndcg_at_100": 0.58588,
        "ndcg_at_1000": 0.52555,
        "map_at_1": 0.00249,
        "map_at_3": 0.00679,
        "map_at_5": 0.01063,
        "map_at_10": 0.01892,
        "map_at_20": 0.0338,
        "map_at_100": 0.11127,
        "map_at_1000": 0.27221,
        "recall_at_1": 0.00249,
        "recall_at_3": 0.00698,
        "recall_at_5": 0.01115,
        "recall_at_10": 0.02054,
        "recall_at_20": 0.03859,
        "recall_at_100": 0.14312,
        "recall_at_1000": 0.49467,
        "precision_at_1": 0.94,
        "precision_at_3": 0.86,
        "precision_at_5": 0.832,
        "precision_at_10": 0.796,
        "precision_at_20": 0.764,
        "precision_at_100": 0.6064,
        "precision_at_1000": 0.23628,
        "mrr_at_1": 0.94,
        "mrr_at_3": 0.96,
        "mrr_at_5": 0.965,
        "mrr_at_10": 0.965,
        "mrr_at_20": 0.965,
        "mrr_at_100": 0.965,
        "mrr_at_1000": 0.965,
        "nauc_ndcg_at_1_max": 0.30307,
        "nauc_ndcg_at_1_std": 0.295394,
        "nauc_ndcg_at_1_diff1": -0.041481,
        "nauc_ndcg_at_3_max": 0.29701,
        "nauc_ndcg_at_3_std": 0.419071,
        "nauc_ndcg_at_3_diff1": -0.034943,
        "nauc_ndcg_at_5_max": 0.413423,
        "nauc_ndcg_at_5_std": 0.532864,
        "nauc_ndcg_at_5_diff1": -0.074493,
        "nauc_ndcg_at_10_max": 0.481336,
        "nauc_ndcg_at_10_std": 0.604087,
        "nauc_ndcg_at_10_diff1": -0.108511,
        "nauc_ndcg_at_20_max": 0.507695,
        "nauc_ndcg_at_20_std": 0.606755,
        "nauc_ndcg_at_20_diff1": -0.122417,
        "nauc_ndcg_at_100_max": 0.448136,
        "nauc_ndcg_at_100_std": 0.727474,
        "nauc_ndcg_at_100_diff1": -0.095087,
        "nauc_ndcg_at_1000_max": 0.443265,
        "nauc_ndcg_at_1000_std": 0.757191,
        "nauc_ndcg_at_1000_diff1": -0.198646,
        "nauc_map_at_1_max": -0.016715,
        "nauc_map_at_1_std": -0.071364,
        "nauc_map_at_1_diff1": 0.212492,
        "nauc_map_at_3_max": 0.051129,
        "nauc_map_at_3_std": 0.033225,
        "nauc_map_at_3_diff1": 0.154037,
        "nauc_map_at_5_max": 0.13816,
        "nauc_map_at_5_std": 0.081661,
        "nauc_map_at_5_diff1": 0.120626,
        "nauc_map_at_10_max": 0.21117,
        "nauc_map_at_10_std": 0.169282,
        "nauc_map_at_10_diff1": 0.106213,
        "nauc_map_at_20_max": 0.264138,
        "nauc_map_at_20_std": 0.227273,
        "nauc_map_at_20_diff1": 0.081328,
        "nauc_map_at_100_max": 0.341293,
        "nauc_map_at_100_std": 0.562129,
        "nauc_map_at_100_diff1": 0.02065,
        "nauc_map_at_1000_max": 0.489736,
        "nauc_map_at_1000_std": 0.778045,
        "nauc_map_at_1000_diff1": -0.113223,
        "nauc_recall_at_1_max": -0.016715,
        "nauc_recall_at_1_std": -0.071364,
        "nauc_recall_at_1_diff1": 0.212492,
        "nauc_recall_at_3_max": 0.02398,
        "nauc_recall_at_3_std": 0.006578,
        "nauc_recall_at_3_diff1": 0.141525,
        "nauc_recall_at_5_max": 0.096794,
        "nauc_recall_at_5_std": 0.03583,
        "nauc_recall_at_5_diff1": 0.10424,
        "nauc_recall_at_10_max": 0.14498,
        "nauc_recall_at_10_std": 0.092023,
        "nauc_recall_at_10_diff1": 0.113428,
        "nauc_recall_at_20_max": 0.152507,
        "nauc_recall_at_20_std": 0.126874,
        "nauc_recall_at_20_diff1": 0.07735,
        "nauc_recall_at_100_max": 0.183544,
        "nauc_recall_at_100_std": 0.424517,
        "nauc_recall_at_100_diff1": -0.024459,
        "nauc_recall_at_1000_max": 0.332552,
        "nauc_recall_at_1000_std": 0.662531,
        "nauc_recall_at_1000_diff1": -0.269439,
        "nauc_precision_at_1_max": 0.807812,
        "nauc_precision_at_1_std": 0.571429,
        "nauc_precision_at_1_diff1": 0.330221,
        "nauc_precision_at_3_max": 0.531676,
        "nauc_precision_at_3_std": 0.653586,
        "nauc_precision_at_3_diff1": -0.005347,
        "nauc_precision_at_5_max": 0.621271,
        "nauc_precision_at_5_std": 0.686867,
        "nauc_precision_at_5_diff1": -0.142075,
        "nauc_precision_at_10_max": 0.601745,
        "nauc_precision_at_10_std": 0.677051,
        "nauc_precision_at_10_diff1": -0.130301,
        "nauc_precision_at_20_max": 0.598033,
        "nauc_precision_at_20_std": 0.612796,
        "nauc_precision_at_20_diff1": -0.122059,
        "nauc_precision_at_100_max": 0.455828,
        "nauc_precision_at_100_std": 0.729481,
        "nauc_precision_at_100_diff1": -0.122881,
        "nauc_precision_at_1000_max": 0.416405,
        "nauc_precision_at_1000_std": 0.477557,
        "nauc_precision_at_1000_diff1": -0.173311,
        "nauc_mrr_at_1_max": 0.807812,
        "nauc_mrr_at_1_std": 0.571429,
        "nauc_mrr_at_1_diff1": 0.330221,
        "nauc_mrr_at_3_max": 0.855859,
        "nauc_mrr_at_3_std": 0.645892,
        "nauc_mrr_at_3_diff1": 0.386204,
        "nauc_mrr_at_5_max": 0.835267,
        "nauc_mrr_at_5_std": 0.613979,
        "nauc_mrr_at_5_diff1": 0.362212,
        "nauc_mrr_at_10_max": 0.835267,
        "nauc_mrr_at_10_std": 0.613979,
        "nauc_mrr_at_10_diff1": 0.362212,
        "nauc_mrr_at_20_max": 0.835267,
        "nauc_mrr_at_20_std": 0.613979,
        "nauc_mrr_at_20_diff1": 0.362212,
        "nauc_mrr_at_100_max": 0.835267,
        "nauc_mrr_at_100_std": 0.613979,
        "nauc_mrr_at_100_diff1": 0.362212,
        "nauc_mrr_at_1000_max": 0.835267,
        "nauc_mrr_at_1000_std": 0.613979,
        "nauc_mrr_at_1000_diff1": 0.362212,
        "main_score": 0.75491,
        "hf_subset": "default",
        "languages": [
          "eng-Latn"
        ]
      }
    ]
  },
  "evaluation_time": 1147.9545557498932,
  "kg_co2_emissions": null
}