{
  "dataset_revision": "8fae72a2c75530aaaac6920a02622490d923ca98",
  "task_name": "ChemRxivNC2",
  "mteb_version": "1.36.29",
  "scores": {
    "test": [
      {
        "ndcg_at_1": 0.6798,
        "ndcg_at_3": 0.77325,
        "ndcg_at_5": 0.79517,
        "ndcg_at_10": 0.80676,
        "ndcg_at_20": 0.81285,
        "ndcg_at_100": 0.81901,
        "ndcg_at_1000": 0.82076,
        "map_at_1": 0.6798,
        "map_at_3": 0.75087,
        "map_at_5": 0.76313,
        "map_at_10": 0.76799,
        "map_at_20": 0.7697,
        "map_at_100": 0.77063,
        "map_at_1000": 0.7707,
        "recall_at_1": 0.6798,
        "recall_at_3": 0.8378,
        "recall_at_5": 0.8906,
        "recall_at_10": 0.926,
        "recall_at_20": 0.9498,
        "recall_at_100": 0.982,
        "recall_at_1000": 0.9956,
        "precision_at_1": 0.6798,
        "precision_at_3": 0.27927,
        "precision_at_5": 0.17812,
        "precision_at_10": 0.0926,
        "precision_at_20": 0.04749,
        "precision_at_100": 0.00982,
        "precision_at_1000": 0.001,
        "mrr_at_1": 0.6802,
        "mrr_at_3": 0.751067,
        "mrr_at_5": 0.763307,
        "mrr_at_10": 0.768167,
        "mrr_at_20": 0.769882,
        "mrr_at_100": 0.770811,
        "mrr_at_1000": 0.770879,
        "nauc_ndcg_at_1_max": 0.376874,
        "nauc_ndcg_at_1_std": -0.146259,
        "nauc_ndcg_at_1_diff1": 0.731076,
        "nauc_ndcg_at_3_max": 0.416827,
        "nauc_ndcg_at_3_std": -0.114838,
        "nauc_ndcg_at_3_diff1": 0.68977,
        "nauc_ndcg_at_5_max": 0.43254,
        "nauc_ndcg_at_5_std": -0.10375,
        "nauc_ndcg_at_5_diff1": 0.694092,
        "nauc_ndcg_at_10_max": 0.432689,
        "nauc_ndcg_at_10_std": -0.099183,
        "nauc_ndcg_at_10_diff1": 0.6992,
        "nauc_ndcg_at_20_max": 0.429555,
        "nauc_ndcg_at_20_std": -0.095388,
        "nauc_ndcg_at_20_diff1": 0.702312,
        "nauc_ndcg_at_100_max": 0.422876,
        "nauc_ndcg_at_100_std": -0.102575,
        "nauc_ndcg_at_100_diff1": 0.703824,
        "nauc_ndcg_at_1000_max": 0.420256,
        "nauc_ndcg_at_1000_std": -0.105446,
        "nauc_ndcg_at_1000_diff1": 0.703786,
        "nauc_map_at_1_max": 0.376874,
        "nauc_map_at_1_std": -0.146259,
        "nauc_map_at_1_diff1": 0.731076,
        "nauc_map_at_3_max": 0.405929,
        "nauc_map_at_3_std": -0.124014,
        "nauc_map_at_3_diff1": 0.701311,
        "nauc_map_at_5_max": 0.413245,
        "nauc_map_at_5_std": -0.119015,
        "nauc_map_at_5_diff1": 0.703893,
        "nauc_map_at_10_max": 0.413015,
        "nauc_map_at_10_std": -0.117632,
        "nauc_map_at_10_diff1": 0.705796,
        "nauc_map_at_20_max": 0.412166,
        "nauc_map_at_20_std": -0.116868,
        "nauc_map_at_20_diff1": 0.706611,
        "nauc_map_at_100_max": 0.411207,
        "nauc_map_at_100_std": -0.11776,
        "nauc_map_at_100_diff1": 0.706728,
        "nauc_map_at_1000_max": 0.411139,
        "nauc_map_at_1000_std": -0.117826,
        "nauc_map_at_1000_diff1": 0.706733,
        "nauc_recall_at_1_max": 0.376874,
        "nauc_recall_at_1_std": -0.146259,
        "nauc_recall_at_1_diff1": 0.731076,
        "nauc_recall_at_3_max": 0.460914,
        "nauc_recall_at_3_std": -0.077329,
        "nauc_recall_at_3_diff1": 0.642908,
        "nauc_recall_at_5_max": 0.54259,
        "nauc_recall_at_5_std": -0.016274,
        "nauc_recall_at_5_diff1": 0.641733,
        "nauc_recall_at_10_max": 0.592221,
        "nauc_recall_at_10_std": 0.055028,
        "nauc_recall_at_10_diff1": 0.655756,
        "nauc_recall_at_20_max": 0.626277,
        "nauc_recall_at_20_std": 0.176019,
        "nauc_recall_at_20_diff1": 0.674252,
        "nauc_recall_at_100_max": 0.680449,
        "nauc_recall_at_100_std": 0.315427,
        "nauc_recall_at_100_diff1": 0.707662,
        "nauc_recall_at_1000_max": 0.705734,
        "nauc_recall_at_1000_std": 0.737947,
        "nauc_recall_at_1000_diff1": 0.694763,
        "nauc_precision_at_1_max": 0.376874,
        "nauc_precision_at_1_std": -0.146259,
        "nauc_precision_at_1_diff1": 0.731076,
        "nauc_precision_at_3_max": 0.460914,
        "nauc_precision_at_3_std": -0.077329,
        "nauc_precision_at_3_diff1": 0.642908,
        "nauc_precision_at_5_max": 0.54259,
        "nauc_precision_at_5_std": -0.016274,
        "nauc_precision_at_5_diff1": 0.641733,
        "nauc_precision_at_10_max": 0.592221,
        "nauc_precision_at_10_std": 0.055028,
        "nauc_precision_at_10_diff1": 0.655756,
        "nauc_precision_at_20_max": 0.626277,
        "nauc_precision_at_20_std": 0.176019,
        "nauc_precision_at_20_diff1": 0.674252,
        "nauc_precision_at_100_max": 0.680449,
        "nauc_precision_at_100_std": 0.315427,
        "nauc_precision_at_100_diff1": 0.707662,
        "nauc_precision_at_1000_max": 0.705734,
        "nauc_precision_at_1000_std": 0.737947,
        "nauc_precision_at_1000_diff1": 0.694763,
        "nauc_mrr_at_1_max": 0.377546,
        "nauc_mrr_at_1_std": -0.144993,
        "nauc_mrr_at_1_diff1": 0.730195,
        "nauc_mrr_at_3_max": 0.406358,
        "nauc_mrr_at_3_std": -0.123221,
        "nauc_mrr_at_3_diff1": 0.700752,
        "nauc_mrr_at_5_max": 0.413714,
        "nauc_mrr_at_5_std": -0.118251,
        "nauc_mrr_at_5_diff1": 0.703338,
        "nauc_mrr_at_10_max": 0.413494,
        "nauc_mrr_at_10_std": -0.11685,
        "nauc_mrr_at_10_diff1": 0.705229,
        "nauc_mrr_at_20_max": 0.412649,
        "nauc_mrr_at_20_std": -0.116079,
        "nauc_mrr_at_20_diff1": 0.706039,
        "nauc_mrr_at_100_max": 0.411691,
        "nauc_mrr_at_100_std": -0.116966,
        "nauc_mrr_at_100_diff1": 0.706153,
        "nauc_mrr_at_1000_max": 0.411623,
        "nauc_mrr_at_1000_std": -0.117032,
        "nauc_mrr_at_1000_diff1": 0.706159,
        "main_score": 0.80676,
        "hf_subset": "default",
        "languages": [
          "eng-Latn"
        ]
      }
    ]
  },
  "evaluation_time": 173.9079351425171,
  "kg_co2_emissions": null
}