{
  "dataset_revision": "7ba40b69f5fe6ffe4cc189aac9e1710913c73c8a",
  "task_name": "PubChemSMILESPC",
  "mteb_version": "1.36.29",
  "scores": {
    "test": [
      {
        "similarity_accuracy": 0.900879,
        "similarity_accuracy_threshold": 0.466364,
        "similarity_f1": 0.186976,
        "similarity_f1_threshold": 0.186604,
        "similarity_precision": 0.107647,
        "similarity_recall": 0.710784,
        "similarity_ap": 0.121959,
        "cosine_accuracy": 0.900879,
        "cosine_accuracy_threshold": 0.466364,
        "cosine_f1": 0.186976,
        "cosine_f1_threshold": 0.186604,
        "cosine_precision": 0.107647,
        "cosine_recall": 0.710784,
        "cosine_ap": 0.121959,
        "manhattan_accuracy": 0.899902,
        "manhattan_accuracy_threshold": 413.37915,
        "manhattan_f1": 0.18372,
        "manhattan_f1_threshold": 573.937378,
        "manhattan_precision": 0.101253,
        "manhattan_recall": 0.990196,
        "manhattan_ap": 0.104399,
        "euclidean_accuracy": 0.899902,
        "euclidean_accuracy_threshold": 18.850002,
        "euclidean_f1": 0.182732,
        "euclidean_f1_threshold": 25.876484,
        "euclidean_precision": 0.100756,
        "euclidean_recall": 0.980392,
        "euclidean_ap": 0.105625,
        "dot_accuracy": 0.900391,
        "dot_accuracy_threshold": 194.783661,
        "dot_f1": 0.187354,
        "dot_f1_threshold": 54.02562,
        "dot_precision": 0.106383,
        "dot_recall": 0.784314,
        "dot_ap": 0.116903,
        "max_accuracy": 0.900879,
        "max_f1": 0.187354,
        "max_precision": 0.107647,
        "max_recall": 0.990196,
        "max_ap": 0.121959,
        "main_score": 0.121959,
        "hf_subset": "default",
        "languages": [
          "eng-Latn"
        ]
      }
    ]
  },
  "evaluation_time": 3.6780152320861816,
  "kg_co2_emissions": null
}