{
  "dataset_revision": "1840e8a5ac6ec752bbdd97d543ead0189bc7c25b",
  "task_name": "ChemHotpotQARetrieval",
  "mteb_version": "1.36.29",
  "scores": {
    "train": [
      {
        "ndcg_at_1": 0.71667,
        "ndcg_at_3": 0.77277,
        "ndcg_at_5": 0.78102,
        "ndcg_at_10": 0.79054,
        "ndcg_at_20": 0.80692,
        "ndcg_at_100": 0.81692,
        "ndcg_at_1000": 0.81973,
        "map_at_1": 0.69722,
        "map_at_3": 0.75556,
        "map_at_5": 0.76056,
        "map_at_10": 0.76481,
        "map_at_20": 0.7695,
        "map_at_100": 0.77074,
        "map_at_1000": 0.77084,
        "recall_at_1": 0.69722,
        "recall_at_3": 0.81111,
        "recall_at_5": 0.83056,
        "recall_at_10": 0.85833,
        "recall_at_20": 0.92222,
        "recall_at_100": 0.97778,
        "recall_at_1000": 1.0,
        "precision_at_1": 0.71667,
        "precision_at_3": 0.27963,
        "precision_at_5": 0.17222,
        "precision_at_10": 0.08889,
        "precision_at_20": 0.04778,
        "precision_at_100": 0.01011,
        "precision_at_1000": 0.00104,
        "mrr_at_1": 0.716667,
        "mrr_at_3": 0.767593,
        "mrr_at_5": 0.771481,
        "mrr_at_10": 0.775741,
        "mrr_at_20": 0.779997,
        "mrr_at_100": 0.781241,
        "mrr_at_1000": 0.781292,
        "nauc_ndcg_at_1_max": 0.683355,
        "nauc_ndcg_at_1_std": 0.040639,
        "nauc_ndcg_at_1_diff1": 0.87763,
        "nauc_ndcg_at_3_max": 0.577456,
        "nauc_ndcg_at_3_std": -0.087851,
        "nauc_ndcg_at_3_diff1": 0.781731,
        "nauc_ndcg_at_5_max": 0.56794,
        "nauc_ndcg_at_5_std": -0.095556,
        "nauc_ndcg_at_5_diff1": 0.777238,
        "nauc_ndcg_at_10_max": 0.582755,
        "nauc_ndcg_at_10_std": -0.068451,
        "nauc_ndcg_at_10_diff1": 0.769087,
        "nauc_ndcg_at_20_max": 0.571053,
        "nauc_ndcg_at_20_std": -0.045559,
        "nauc_ndcg_at_20_diff1": 0.761585,
        "nauc_ndcg_at_100_max": 0.559806,
        "nauc_ndcg_at_100_std": -0.065121,
        "nauc_ndcg_at_100_diff1": 0.763399,
        "nauc_ndcg_at_1000_max": 0.581452,
        "nauc_ndcg_at_1000_std": -0.057598,
        "nauc_ndcg_at_1000_diff1": 0.77909,
        "nauc_map_at_1_max": 0.59747,
        "nauc_map_at_1_std": -0.032989,
        "nauc_map_at_1_diff1": 0.812226,
        "nauc_map_at_3_max": 0.582974,
        "nauc_map_at_3_std": -0.075565,
        "nauc_map_at_3_diff1": 0.778814,
        "nauc_map_at_5_max": 0.577069,
        "nauc_map_at_5_std": -0.081243,
        "nauc_map_at_5_diff1": 0.776455,
        "nauc_map_at_10_max": 0.583372,
        "nauc_map_at_10_std": -0.070522,
        "nauc_map_at_10_diff1": 0.773036,
        "nauc_map_at_20_max": 0.580575,
        "nauc_map_at_20_std": -0.064921,
        "nauc_map_at_20_diff1": 0.771275,
        "nauc_map_at_100_max": 0.579577,
        "nauc_map_at_100_std": -0.067156,
        "nauc_map_at_100_diff1": 0.771605,
        "nauc_map_at_1000_max": 0.580236,
        "nauc_map_at_1000_std": -0.066892,
        "nauc_map_at_1000_diff1": 0.772151,
        "nauc_recall_at_1_max": 0.59747,
        "nauc_recall_at_1_std": -0.032989,
        "nauc_recall_at_1_diff1": 0.812226,
        "nauc_recall_at_3_max": 0.499437,
        "nauc_recall_at_3_std": -0.175316,
        "nauc_recall_at_3_diff1": 0.71392,
        "nauc_recall_at_5_max": 0.467783,
        "nauc_recall_at_5_std": -0.204857,
        "nauc_recall_at_5_diff1": 0.697716,
        "nauc_recall_at_10_max": 0.508873,
        "nauc_recall_at_10_std": -0.11027,
        "nauc_recall_at_10_diff1": 0.651463,
        "nauc_recall_at_20_max": 0.349673,
        "nauc_recall_at_20_std": 0.064126,
        "nauc_recall_at_20_diff1": 0.497199,
        "nauc_recall_at_100_max": -0.676237,
        "nauc_recall_at_100_std": -0.452848,
        "nauc_recall_at_100_diff1": -0.097456,
        "nauc_recall_at_1000_max": NaN,
        "nauc_recall_at_1000_std": NaN,
        "nauc_recall_at_1000_diff1": NaN,
        "nauc_precision_at_1_max": 0.683355,
        "nauc_precision_at_1_std": 0.040639,
        "nauc_precision_at_1_diff1": 0.87763,
        "nauc_precision_at_3_max": 0.560372,
        "nauc_precision_at_3_std": -0.02021,
        "nauc_precision_at_3_diff1": 0.668452,
        "nauc_precision_at_5_max": 0.491386,
        "nauc_precision_at_5_std": -0.044451,
        "nauc_precision_at_5_diff1": 0.603603,
        "nauc_precision_at_10_max": 0.528173,
        "nauc_precision_at_10_std": 0.055511,
        "nauc_precision_at_10_diff1": 0.552463,
        "nauc_precision_at_20_max": 0.376821,
        "nauc_precision_at_20_std": 0.269702,
        "nauc_precision_at_20_diff1": 0.344657,
        "nauc_precision_at_100_max": 0.04928,
        "nauc_precision_at_100_std": 0.268664,
        "nauc_precision_at_100_diff1": 0.010973,
        "nauc_precision_at_1000_max": 0.412281,
        "nauc_precision_at_1000_std": 0.549657,
        "nauc_precision_at_1000_diff1": 0.185404,
        "nauc_mrr_at_1_max": 0.683355,
        "nauc_mrr_at_1_std": 0.040639,
        "nauc_mrr_at_1_diff1": 0.87763,
        "nauc_mrr_at_3_max": 0.634888,
        "nauc_mrr_at_3_std": -0.02945,
        "nauc_mrr_at_3_diff1": 0.84639,
        "nauc_mrr_at_5_max": 0.632574,
        "nauc_mrr_at_5_std": -0.028945,
        "nauc_mrr_at_5_diff1": 0.844659,
        "nauc_mrr_at_10_max": 0.640128,
        "nauc_mrr_at_10_std": -0.016869,
        "nauc_mrr_at_10_diff1": 0.842365,
        "nauc_mrr_at_20_max": 0.638219,
        "nauc_mrr_at_20_std": -0.012378,
        "nauc_mrr_at_20_diff1": 0.841483,
        "nauc_mrr_at_100_max": 0.637549,
        "nauc_mrr_at_100_std": -0.014363,
        "nauc_mrr_at_100_diff1": 0.842269,
        "nauc_mrr_at_1000_max": 0.637752,
        "nauc_mrr_at_1000_std": -0.014463,
        "nauc_mrr_at_1000_diff1": 0.842326,
        "main_score": 0.79054,
        "hf_subset": "default",
        "languages": [
          "eng-Latn"
        ]
      }
    ],
    "dev": [
      {
        "ndcg_at_1": 0.75,
        "ndcg_at_3": 0.82887,
        "ndcg_at_5": 0.82887,
        "ndcg_at_10": 0.82887,
        "ndcg_at_20": 0.86086,
        "ndcg_at_100": 0.86086,
        "ndcg_at_1000": 0.86086,
        "map_at_1": 0.75,
        "map_at_3": 0.8125,
        "map_at_5": 0.8125,
        "map_at_10": 0.8125,
        "map_at_20": 0.82143,
        "map_at_100": 0.82143,
        "map_at_1000": 0.82143,
        "recall_at_1": 0.75,
        "recall_at_3": 0.875,
        "recall_at_5": 0.875,
        "recall_at_10": 0.875,
        "recall_at_20": 1.0,
        "recall_at_100": 1.0,
        "recall_at_1000": 1.0,
        "precision_at_1": 0.75,
        "precision_at_3": 0.29167,
        "precision_at_5": 0.175,
        "precision_at_10": 0.0875,
        "precision_at_20": 0.05,
        "precision_at_100": 0.01,
        "precision_at_1000": 0.001,
        "mrr_at_1": 0.75,
        "mrr_at_3": 0.8125,
        "mrr_at_5": 0.8125,
        "mrr_at_10": 0.8125,
        "mrr_at_20": 0.821429,
        "mrr_at_100": 0.821429,
        "mrr_at_1000": 0.821429,
        "nauc_ndcg_at_1_max": 1.0,
        "nauc_ndcg_at_1_std": -0.13994,
        "nauc_ndcg_at_1_diff1": 0.831832,
        "nauc_ndcg_at_3_max": 1.0,
        "nauc_ndcg_at_3_std": -0.611743,
        "nauc_ndcg_at_3_diff1": 0.697937,
        "nauc_ndcg_at_5_max": 1.0,
        "nauc_ndcg_at_5_std": -0.611743,
        "nauc_ndcg_at_5_diff1": 0.697937,
        "nauc_ndcg_at_10_max": 1.0,
        "nauc_ndcg_at_10_std": -0.611743,
        "nauc_ndcg_at_10_diff1": 0.697937,
        "nauc_ndcg_at_20_max": 1.0,
        "nauc_ndcg_at_20_std": -0.487826,
        "nauc_ndcg_at_20_diff1": 0.733104,
        "nauc_ndcg_at_100_max": 1.0,
        "nauc_ndcg_at_100_std": -0.487826,
        "nauc_ndcg_at_100_diff1": 0.733104,
        "nauc_ndcg_at_1000_max": 1.0,
        "nauc_ndcg_at_1000_std": -0.487826,
        "nauc_ndcg_at_1000_diff1": 0.733104,
        "nauc_map_at_1_max": 1.0,
        "nauc_map_at_1_std": -0.13994,
        "nauc_map_at_1_diff1": 0.831832,
        "nauc_map_at_3_max": 1.0,