{
  "dataset_revision": "7fb14716e4106b72f51a16e682e5cd2d67e9bd70",
  "task_name": "PubChemWikiParagraphsPC",
  "mteb_version": "1.36.29",
  "scores": {
    "test": [
      {
        "similarity_accuracy": 0.899414,
        "similarity_accuracy_threshold": 0.961346,
        "similarity_f1": 0.301158,
        "similarity_f1_threshold": 0.631839,
        "similarity_precision": 0.249201,
        "similarity_recall": 0.380488,
        "similarity_ap": 0.18569,
        "cosine_accuracy": 0.899414,
        "cosine_accuracy_threshold": 0.961346,
        "cosine_f1": 0.301158,
        "cosine_f1_threshold": 0.631839,
        "cosine_precision": 0.249201,
        "cosine_recall": 0.380488,
        "cosine_ap": 0.18569,
        "manhattan_accuracy": 0.899414,
        "manhattan_accuracy_threshold": 122.24942,
        "manhattan_f1": 0.32766,
        "manhattan_f1_threshold": 332.521973,
        "manhattan_precision": 0.290566,
        "manhattan_recall": 0.37561,
        "manhattan_ap": 0.209575,
        "euclidean_accuracy": 0.899414,
        "euclidean_accuracy_threshold": 5.622698,
        "euclidean_f1": 0.326633,
        "euclidean_f1_threshold": 14.579613,
        "euclidean_precision": 0.336788,
        "euclidean_recall": 0.317073,
        "euclidean_ap": 0.211744,
        "dot_accuracy": 0.899414,
        "dot_accuracy_threshold": 462.966187,
        "dot_f1": 0.22913,
        "dot_f1_threshold": 178.213593,
        "dot_precision": 0.140065,
        "dot_recall": 0.629268,
        "dot_ap": 0.120517,
        "max_accuracy": 0.899414,
        "max_f1": 0.32766,
        "max_precision": 0.336788,
        "max_recall": 0.629268,
        "max_ap": 0.211744,
        "main_score": 0.211744,
        "hf_subset": "default",
        "languages": [
          "eng-Latn"
        ]
      }
    ]
  },
  "evaluation_time": 3.6132826805114746,
  "kg_co2_emissions": null
}