{
  "dataset_revision": "f33a205966ce032f957c3a22f4f9e378f89a2c56",
  "task_name": "PubChemAISentenceParaphrasePC",
  "mteb_version": "1.36.29",
  "scores": {
    "test": [
      {
        "similarity_accuracy": 0.980957,
        "similarity_accuracy_threshold": 0.885164,
        "similarity_f1": 0.902613,
        "similarity_f1_threshold": 0.861513,
        "similarity_precision": 0.87963,
        "similarity_recall": 0.926829,
        "similarity_ap": 0.94169,
        "cosine_accuracy": 0.980957,
        "cosine_accuracy_threshold": 0.885164,
        "cosine_f1": 0.902613,
        "cosine_f1_threshold": 0.861513,
        "cosine_precision": 0.87963,
        "cosine_recall": 0.926829,
        "cosine_ap": 0.94169,
        "manhattan_accuracy": 0.979004,
        "manhattan_accuracy_threshold": 195.613953,
        "manhattan_f1": 0.891089,
        "manhattan_f1_threshold": 213.935669,
        "manhattan_precision": 0.904523,
        "manhattan_recall": 0.878049,
        "manhattan_ap": 0.930194,
        "euclidean_accuracy": 0.979004,
        "euclidean_accuracy_threshold": 9.462399,
        "euclidean_f1": 0.892231,
        "euclidean_f1_threshold": 9.601313,
        "euclidean_precision": 0.917526,
        "euclidean_recall": 0.868293,
        "euclidean_ap": 0.929934,
        "dot_accuracy": 0.932617,
        "dot_accuracy_threshold": 353.257935,
        "dot_f1": 0.652874,
        "dot_f1_threshold": 323.876648,
        "dot_precision": 0.617391,
        "dot_recall": 0.692683,
        "dot_ap": 0.698062,
        "max_accuracy": 0.980957,
        "max_f1": 0.902613,
        "max_precision": 0.917526,
        "max_recall": 0.926829,
        "max_ap": 0.94169,
        "main_score": 0.94169,
        "hf_subset": "default",
        "languages": [
          "eng-Latn"
        ]
      }
    ]
  },
  "evaluation_time": 3.26601243019104,
  "kg_co2_emissions": null
}