{
  "dataset_revision": "1840e8a5ac6ec752bbdd97d543ead0189bc7c25b",
  "task_name": "ChemHotpotQARetrieval",
  "mteb_version": "1.36.29",
  "scores": {
    "train": [
      {
        "ndcg_at_1": 0.77778,
        "ndcg_at_3": 0.81427,
        "ndcg_at_5": 0.82575,
        "ndcg_at_10": 0.83665,
        "ndcg_at_20": 0.84205,
        "ndcg_at_100": 0.85026,
        "ndcg_at_1000": 0.8549,
        "map_at_1": 0.75833,
        "map_at_3": 0.80185,
        "map_at_5": 0.80824,
        "map_at_10": 0.81282,
        "map_at_20": 0.81419,
        "map_at_100": 0.81555,
        "map_at_1000": 0.81577,
        "recall_at_1": 0.75833,
        "recall_at_3": 0.84167,
        "recall_at_5": 0.86944,
        "recall_at_10": 0.90278,
        "recall_at_20": 0.925,
        "recall_at_100": 0.96667,
        "recall_at_1000": 1.0,
        "precision_at_1": 0.77778,
        "precision_at_3": 0.29074,
        "precision_at_5": 0.18,
        "precision_at_10": 0.09333,
        "precision_at_20": 0.04778,
        "precision_at_100": 0.01,
        "precision_at_1000": 0.00104,
        "mrr_at_1": 0.777778,
        "mrr_at_3": 0.811111,
        "mrr_at_5": 0.8175,
        "mrr_at_10": 0.822083,
        "mrr_at_20": 0.823451,
        "mrr_at_100": 0.824675,
        "mrr_at_1000": 0.824861,
        "nauc_ndcg_at_1_max": 0.718106,
        "nauc_ndcg_at_1_std": -0.097662,
        "nauc_ndcg_at_1_diff1": 0.902057,
        "nauc_ndcg_at_3_max": 0.626614,
        "nauc_ndcg_at_3_std": -0.211947,
        "nauc_ndcg_at_3_diff1": 0.806096,
        "nauc_ndcg_at_5_max": 0.619433,
        "nauc_ndcg_at_5_std": -0.206332,
        "nauc_ndcg_at_5_diff1": 0.797116,
        "nauc_ndcg_at_10_max": 0.616214,
        "nauc_ndcg_at_10_std": -0.194795,
        "nauc_ndcg_at_10_diff1": 0.792727,
        "nauc_ndcg_at_20_max": 0.611337,
        "nauc_ndcg_at_20_std": -0.1866,
        "nauc_ndcg_at_20_diff1": 0.791233,
        "nauc_ndcg_at_100_max": 0.600318,
        "nauc_ndcg_at_100_std": -0.192265,
        "nauc_ndcg_at_100_diff1": 0.78773,
        "nauc_ndcg_at_1000_max": 0.624073,
        "nauc_ndcg_at_1000_std": -0.186098,
        "nauc_ndcg_at_1000_diff1": 0.80586,
        "nauc_map_at_1_max": 0.609875,
        "nauc_map_at_1_std": -0.182051,
        "nauc_map_at_1_diff1": 0.837447,
        "nauc_map_at_3_max": 0.621068,
        "nauc_map_at_3_std": -0.203766,
        "nauc_map_at_3_diff1": 0.802256,
        "nauc_map_at_5_max": 0.617339,
        "nauc_map_at_5_std": -0.199692,
        "nauc_map_at_5_diff1": 0.797595,
        "nauc_map_at_10_max": 0.616302,
        "nauc_map_at_10_std": -0.195852,
        "nauc_map_at_10_diff1": 0.795769,
        "nauc_map_at_20_max": 0.615319,
        "nauc_map_at_20_std": -0.194033,
        "nauc_map_at_20_diff1": 0.795389,
        "nauc_map_at_100_max": 0.613798,
        "nauc_map_at_100_std": -0.195271,
        "nauc_map_at_100_diff1": 0.794971,
        "nauc_map_at_1000_max": 0.614808,
        "nauc_map_at_1000_std": -0.194966,
        "nauc_map_at_1000_diff1": 0.795664,
        "nauc_recall_at_1_max": 0.609875,
        "nauc_recall_at_1_std": -0.182051,
        "nauc_recall_at_1_diff1": 0.837447,
        "nauc_recall_at_3_max": 0.568718,
        "nauc_recall_at_3_std": -0.288115,
        "nauc_recall_at_3_diff1": 0.737785,
        "nauc_recall_at_5_max": 0.534695,
        "nauc_recall_at_5_std": -0.290684,
        "nauc_recall_at_5_diff1": 0.696569,
        "nauc_recall_at_10_max": 0.486638,
        "nauc_recall_at_10_std": -0.253461,
        "nauc_recall_at_10_diff1": 0.640608,
        "nauc_recall_at_20_max": 0.405142,
        "nauc_recall_at_20_std": -0.20405,
        "nauc_recall_at_20_diff1": 0.581855,
        "nauc_recall_at_100_max": -0.068472,
        "nauc_recall_at_100_std": -0.322518,
        "nauc_recall_at_100_diff1": 0.261282,
        "nauc_recall_at_1000_max": NaN,
        "nauc_recall_at_1000_std": NaN,
        "nauc_recall_at_1000_diff1": NaN,
        "nauc_precision_at_1_max": 0.718106,
        "nauc_precision_at_1_std": -0.097662,
        "nauc_precision_at_1_diff1": 0.902057,
        "nauc_precision_at_3_max": 0.566589,
        "nauc_precision_at_3_std": -0.083905,
        "nauc_precision_at_3_diff1": 0.577753,
        "nauc_precision_at_5_max": 0.539007,
        "nauc_precision_at_5_std": -0.054751,
        "nauc_precision_at_5_diff1": 0.520275,
        "nauc_precision_at_10_max": 0.506588,
        "nauc_precision_at_10_std": 0.028142,
        "nauc_precision_at_10_diff1": 0.439691,
        "nauc_precision_at_20_max": 0.454447,
        "nauc_precision_at_20_std": 0.121861,
        "nauc_precision_at_20_diff1": 0.357678,
        "nauc_precision_at_100_max": 0.195229,
        "nauc_precision_at_100_std": 0.249037,
        "nauc_precision_at_100_diff1": 0.023002,
        "nauc_precision_at_1000_max": 0.396182,
        "nauc_precision_at_1000_std": 0.581854,
        "nauc_precision_at_1000_diff1": 0.040017,
        "nauc_mrr_at_1_max": 0.718106,
        "nauc_mrr_at_1_std": -0.097662,
        "nauc_mrr_at_1_diff1": 0.902057,
        "nauc_mrr_at_3_max": 0.693228,
        "nauc_mrr_at_3_std": -0.152847,
        "nauc_mrr_at_3_diff1": 0.876904,
        "nauc_mrr_at_5_max": 0.691708,
        "nauc_mrr_at_5_std": -0.14695,
        "nauc_mrr_at_5_diff1": 0.874497,
        "nauc_mrr_at_10_max": 0.69248,
        "nauc_mrr_at_10_std": -0.141643,
        "nauc_mrr_at_10_diff1": 0.874511,
        "nauc_mrr_at_20_max": 0.69209,
        "nauc_mrr_at_20_std": -0.139299,
        "nauc_mrr_at_20_diff1": 0.874769,
        "nauc_mrr_at_100_max": 0.690829,
        "nauc_mrr_at_100_std": -0.140512,
        "nauc_mrr_at_100_diff1": 0.874758,
        "nauc_mrr_at_1000_max": 0.691434,
        "nauc_mrr_at_1000_std": -0.140524,
        "nauc_mrr_at_1000_diff1": 0.875006,
        "main_score": 0.83665,
        "hf_subset": "default",
        "languages": [
          "eng-Latn"
        ]
      }
    ],
    "dev": [
      {
        "ndcg_at_1": 0.875,
        "ndcg_at_3": 0.875,
        "ndcg_at_5": 0.875,
        "ndcg_at_10": 0.875,
        "ndcg_at_20": 0.90443,
        "ndcg_at_100": 0.90443,
        "ndcg_at_1000": 0.90443,
        "map_at_1": 0.875,
        "map_at_3": 0.875,
        "map_at_5": 0.875,
        "map_at_10": 0.875,
        "map_at_20": 0.88194,
        "map_at_100": 0.88194,
        "map_at_1000": 0.88194,
        "recall_at_1": 0.875,
        "recall_at_3": 0.875,
        "recall_at_5": 0.875,
        "recall_at_10": 0.875,
        "recall_at_20": 1.0,
        "recall_at_100": 1.0,
        "recall_at_1000": 1.0,
        "precision_at_1": 0.875,
        "precision_at_3": 0.29167,
        "precision_at_5": 0.175,
        "precision_at_10": 0.0875,
        "precision_at_20": 0.05,
        "precision_at_100": 0.01,
        "precision_at_1000": 0.001,
        "mrr_at_1": 0.875,
        "mrr_at_3": 0.875,
        "mrr_at_5": 0.875,
        "mrr_at_10": 0.875,
        "mrr_at_20": 0.881944,
        "mrr_at_100": 0.881944,
        "mrr_at_1000": 0.881944,
        "nauc_ndcg_at_1_max": 1.0,
        "nauc_ndcg_at_1_std": -0.185434,
        "nauc_ndcg_at_1_diff1": 1.0,
        "nauc_ndcg_at_3_max": 1.0,
        "nauc_ndcg_at_3_std": -0.185434,
        "nauc_ndcg_at_3_diff1": 1.0,
        "nauc_ndcg_at_5_max": 1.0,
        "nauc_ndcg_at_5_std": -0.185434,
        "nauc_ndcg_at_5_diff1": 1.0,
        "nauc_ndcg_at_10_max": 1.0,
        "nauc_ndcg_at_10_std": -0.185434,
        "nauc_ndcg_at_10_diff1": 1.0,
        "nauc_ndcg_at_20_max": 1.0,
        "nauc_ndcg_at_20_std": -0.185434,
        "nauc_ndcg_at_20_diff1": 1.0,
        "nauc_ndcg_at_100_max": 1.0,
        "nauc_ndcg_at_100_std": -0.185434,
        "nauc_ndcg_at_100_diff1": 1.0,
        "nauc_ndcg_at_1000_max": 1.0,
        "nauc_ndcg_at_1000_std": -0.185434,
        "nauc_ndcg_at_1000_diff1": 1.0,
        "nauc_map_at_1_max": 1.0,
        "nauc_map_at_1_std": -0.185434,
        "nauc_map_at_1_diff1": 1.0,
        "nauc_map_at_3_max": 1.0,
        "nauc_map_at_3_std": -0.185434,