{
  "dataset_revision": "7fb14716e4106b72f51a16e682e5cd2d67e9bd70",
  "task_name": "PubChemWikiParagraphsPC",
  "mteb_version": "1.36.29",
  "scores": {
    "test": [
      {
        "similarity_accuracy": 0.907227,
        "similarity_accuracy_threshold": 0.586073,
        "similarity_f1": 0.462687,
        "similarity_f1_threshold": 0.449905,
        "similarity_precision": 0.472081,
        "similarity_recall": 0.453659,
        "similarity_ap": 0.388694,
        "cosine_accuracy": 0.907227,
        "cosine_accuracy_threshold": 0.586073,
        "cosine_f1": 0.462687,
        "cosine_f1_threshold": 0.449905,
        "cosine_precision": 0.472081,
        "cosine_recall": 0.453659,
        "cosine_ap": 0.388694,
        "manhattan_accuracy": 0.910645,
        "manhattan_accuracy_threshold": 310.615021,
        "manhattan_f1": 0.403023,
        "manhattan_f1_threshold": 346.042297,
        "manhattan_precision": 0.416667,
        "manhattan_recall": 0.390244,
        "manhattan_ap": 0.35009,
        "euclidean_accuracy": 0.909668,
        "euclidean_accuracy_threshold": 13.512299,
        "euclidean_f1": 0.408964,
        "euclidean_f1_threshold": 15.448503,
        "euclidean_precision": 0.480263,
        "euclidean_recall": 0.356098,
        "euclidean_ap": 0.354732,
        "dot_accuracy": 0.899414,
        "dot_accuracy_threshold": 241.933258,
        "dot_f1": 0.364865,
        "dot_f1_threshold": 109.980766,
        "dot_precision": 0.338912,
        "dot_recall": 0.395122,
        "dot_ap": 0.248355,
        "max_accuracy": 0.910645,
        "max_f1": 0.462687,
        "max_precision": 0.480263,
        "max_recall": 0.453659,
        "max_ap": 0.388694,
        "main_score": 0.388694,
        "hf_subset": "default",
        "languages": [
          "eng-Latn"
        ]
      }
    ]
  },
  "evaluation_time": 3.6520309448242188,
  "kg_co2_emissions": null
}