{
  "dataset_revision": "5d958fb6b31055495347724d46431ba41309b03a",
  "task_name": "ChemNQRetrieval",
  "mteb_version": "1.36.29",
  "scores": {
    "test": [
      {
        "ndcg_at_1": 0.44444,
        "ndcg_at_3": 0.46567,
        "ndcg_at_5": 0.50118,
        "ndcg_at_10": 0.55789,
        "ndcg_at_20": 0.59665,
        "ndcg_at_100": 0.61672,
        "ndcg_at_1000": 0.62199,
        "map_at_1": 0.37037,
        "map_at_3": 0.4321,
        "map_at_5": 0.45988,
        "map_at_10": 0.48611,
        "map_at_20": 0.49805,
        "map_at_100": 0.5029,
        "map_at_1000": 0.50319,
        "recall_at_1": 0.37037,
        "recall_at_3": 0.49383,
        "recall_at_5": 0.5679,
        "recall_at_10": 0.7284,
        "recall_at_20": 0.87654,
        "recall_at_100": 0.96296,
        "recall_at_1000": 1.0,
        "precision_at_1": 0.44444,
        "precision_at_3": 0.20988,
        "precision_at_5": 0.14815,
        "precision_at_10": 0.0963,
        "precision_at_20": 0.05741,
        "precision_at_100": 0.01259,
        "precision_at_1000": 0.0013,
        "mrr_at_1": 0.444444,
        "mrr_at_3": 0.506173,
        "mrr_at_5": 0.515432,
        "mrr_at_10": 0.535494,
        "mrr_at_20": 0.542938,
        "mrr_at_100": 0.546305,
        "mrr_at_1000": 0.546592,
        "nauc_ndcg_at_1_max": 0.292654,
        "nauc_ndcg_at_1_std": -0.00768,
        "nauc_ndcg_at_1_diff1": 0.524215,
        "nauc_ndcg_at_3_max": 0.162532,
        "nauc_ndcg_at_3_std": -0.093111,
        "nauc_ndcg_at_3_diff1": 0.444172,
        "nauc_ndcg_at_5_max": 0.264473,
        "nauc_ndcg_at_5_std": -0.020894,
        "nauc_ndcg_at_5_diff1": 0.417735,
        "nauc_ndcg_at_10_max": 0.286879,
        "nauc_ndcg_at_10_std": -0.030693,
        "nauc_ndcg_at_10_diff1": 0.392477,
        "nauc_ndcg_at_20_max": 0.29063,
        "nauc_ndcg_at_20_std": -0.030203,
        "nauc_ndcg_at_20_diff1": 0.479599,
        "nauc_ndcg_at_100_max": 0.289032,
        "nauc_ndcg_at_100_std": -0.027297,
        "nauc_ndcg_at_100_diff1": 0.462178,
        "nauc_ndcg_at_1000_max": 0.279964,
        "nauc_ndcg_at_1000_std": -0.024201,
        "nauc_ndcg_at_1000_diff1": 0.460217,
        "nauc_map_at_1_max": 0.23043,
        "nauc_map_at_1_std": 0.003205,
        "nauc_map_at_1_diff1": 0.443319,
        "nauc_map_at_3_max": 0.161905,
        "nauc_map_at_3_std": -0.086403,
        "nauc_map_at_3_diff1": 0.443169,
        "nauc_map_at_5_max": 0.22471,
        "nauc_map_at_5_std": -0.048694,
        "nauc_map_at_5_diff1": 0.42449,
        "nauc_map_at_10_max": 0.234393,
        "nauc_map_at_10_std": -0.057392,
        "nauc_map_at_10_diff1": 0.407187,
        "nauc_map_at_20_max": 0.240644,
        "nauc_map_at_20_std": -0.050225,
        "nauc_map_at_20_diff1": 0.4362,
        "nauc_map_at_100_max": 0.238734,
        "nauc_map_at_100_std": -0.050267,
        "nauc_map_at_100_diff1": 0.43233,
        "nauc_map_at_1000_max": 0.238295,
        "nauc_map_at_1000_std": -0.050154,
        "nauc_map_at_1000_diff1": 0.432218,
        "nauc_recall_at_1_max": 0.23043,
        "nauc_recall_at_1_std": 0.003205,
        "nauc_recall_at_1_diff1": 0.443319,
        "nauc_recall_at_3_max": 0.082499,
        "nauc_recall_at_3_std": -0.140872,
        "nauc_recall_at_3_diff1": 0.382737,
        "nauc_recall_at_5_max": 0.312484,
        "nauc_recall_at_5_std": 0.032266,
        "nauc_recall_at_5_diff1": 0.318217,
        "nauc_recall_at_10_max": 0.359202,
        "nauc_recall_at_10_std": -0.026612,
        "nauc_recall_at_10_diff1": 0.148515,
        "nauc_recall_at_20_max": 0.406176,
        "nauc_recall_at_20_std": -0.105115,
        "nauc_recall_at_20_diff1": 0.638143,
        "nauc_recall_at_100_max": 0.723262,
        "nauc_recall_at_100_std": -0.175564,
        "nauc_recall_at_100_diff1": 0.556079,
        "nauc_recall_at_1000_max": NaN,
        "nauc_recall_at_1000_std": NaN,
        "nauc_recall_at_1000_diff1": NaN,
        "nauc_precision_at_1_max": 0.292654,
        "nauc_precision_at_1_std": -0.00768,
        "nauc_precision_at_1_diff1": 0.524215,
        "nauc_precision_at_3_max": 0.112263,
        "nauc_precision_at_3_std": -0.151687,
        "nauc_precision_at_3_diff1": 0.366929,
        "nauc_precision_at_5_max": 0.253548,
        "nauc_precision_at_5_std": -0.009199,
        "nauc_precision_at_5_diff1": 0.211639,
        "nauc_precision_at_10_max": 0.282185,
        "nauc_precision_at_10_std": 0.003141,
        "nauc_precision_at_10_diff1": 0.094078,
        "nauc_precision_at_20_max": 0.357961,
        "nauc_precision_at_20_std": 0.136085,
        "nauc_precision_at_20_diff1": 0.350107,
        "nauc_precision_at_100_max": 0.280689,
        "nauc_precision_at_100_std": 0.147418,
        "nauc_precision_at_100_diff1": 0.203343,
        "nauc_precision_at_1000_max": 0.238581,
        "nauc_precision_at_1000_std": 0.178148,
        "nauc_precision_at_1000_diff1": 0.169783,
        "nauc_mrr_at_1_max": 0.292654,
        "nauc_mrr_at_1_std": -0.00768,
        "nauc_mrr_at_1_diff1": 0.524215,
        "nauc_mrr_at_3_max": 0.243046,
        "nauc_mrr_at_3_std": -0.053168,
        "nauc_mrr_at_3_diff1": 0.500679,
        "nauc_mrr_at_5_max": 0.294227,
        "nauc_mrr_at_5_std": -0.006489,
        "nauc_mrr_at_5_diff1": 0.49309,
        "nauc_mrr_at_10_max": 0.318485,
        "nauc_mrr_at_10_std": 0.010476,
        "nauc_mrr_at_10_diff1": 0.513597,
        "nauc_mrr_at_20_max": 0.305133,
        "nauc_mrr_at_20_std": -0.00519,
        "nauc_mrr_at_20_diff1": 0.518257,
        "nauc_mrr_at_100_max": 0.306105,
        "nauc_mrr_at_100_std": -0.00414,
        "nauc_mrr_at_100_diff1": 0.516199,
        "nauc_mrr_at_1000_max": 0.305727,
        "nauc_mrr_at_1000_std": -0.003984,
        "nauc_mrr_at_1000_diff1": 0.516163,
        "main_score": 0.55789,
        "hf_subset": "default",
        "languages": [
          "eng-Latn"
        ]
      }
    ]
  },
  "evaluation_time": 31.572697162628174,
  "kg_co2_emissions": null
}