{
  "dataset_revision": "7fb14716e4106b72f51a16e682e5cd2d67e9bd70",
  "task_name": "PubChemWikiParagraphsPC",
  "mteb_version": "1.36.29",
  "scores": {
    "test": [
      {
        "similarity_accuracy": 0.90625,
        "similarity_accuracy_threshold": 0.626823,
        "similarity_f1": 0.457002,
        "similarity_f1_threshold": 0.45423,
        "similarity_precision": 0.460396,
        "similarity_recall": 0.453659,
        "similarity_ap": 0.379617,
        "cosine_accuracy": 0.90625,
        "cosine_accuracy_threshold": 0.626823,
        "cosine_f1": 0.457002,
        "cosine_f1_threshold": 0.45423,
        "cosine_precision": 0.460396,
        "cosine_recall": 0.453659,
        "cosine_ap": 0.379617,
        "manhattan_accuracy": 0.910156,
        "manhattan_accuracy_threshold": 308.805298,
        "manhattan_f1": 0.401003,
        "manhattan_f1_threshold": 344.098083,
        "manhattan_precision": 0.412371,
        "manhattan_recall": 0.390244,
        "manhattan_ap": 0.343921,
        "euclidean_accuracy": 0.909668,
        "euclidean_accuracy_threshold": 13.436024,
        "euclidean_f1": 0.402174,
        "euclidean_f1_threshold": 15.417891,
        "euclidean_precision": 0.453988,
        "euclidean_recall": 0.360976,
        "euclidean_ap": 0.348917,
        "dot_accuracy": 0.899414,
        "dot_accuracy_threshold": 242.047302,
        "dot_f1": 0.363229,
        "dot_f1_threshold": 110.913521,
        "dot_precision": 0.3361,
        "dot_recall": 0.395122,
        "dot_ap": 0.242507,
        "max_accuracy": 0.910156,
        "max_f1": 0.457002,
        "max_precision": 0.460396,
        "max_recall": 0.453659,
        "max_ap": 0.379617,
        "main_score": 0.379617,
        "hf_subset": "default",
        "languages": [
          "eng-Latn"
        ]
      }
    ]
  },
  "evaluation_time": 3.7594287395477295,
  "kg_co2_emissions": null
}