{
  "dataset_revision": "5037d69d177c9628fb79cb57eea1299178b28c1b",
  "task_name": "PubChemSynonymPC",
  "mteb_version": "1.36.29",
  "scores": {
    "test": [
      {
        "similarity_accuracy": 0.95166,
        "similarity_accuracy_threshold": 0.773137,
        "similarity_f1": 0.705882,
        "similarity_f1_threshold": 0.709249,
        "similarity_precision": 0.823529,
        "similarity_recall": 0.617647,
        "similarity_ap": 0.725004,
        "cosine_accuracy": 0.95166,
        "cosine_accuracy_threshold": 0.773137,
        "cosine_f1": 0.705882,
        "cosine_f1_threshold": 0.709249,
        "cosine_precision": 0.823529,
        "cosine_recall": 0.617647,
        "cosine_ap": 0.725004,
        "manhattan_accuracy": 0.951172,
        "manhattan_accuracy_threshold": 14.847426,
        "manhattan_f1": 0.704871,
        "manhattan_f1_threshold": 16.735361,
        "manhattan_precision": 0.848276,
        "manhattan_recall": 0.602941,
        "manhattan_ap": 0.722775,
        "euclidean_accuracy": 0.95166,
        "euclidean_accuracy_threshold": 0.674082,
        "euclidean_f1": 0.703911,
        "euclidean_f1_threshold": 0.762587,
        "euclidean_precision": 0.818182,
        "euclidean_recall": 0.617647,
        "euclidean_ap": 0.724663,
        "dot_accuracy": 0.95166,
        "dot_accuracy_threshold": 0.774261,
        "dot_f1": 0.705556,
        "dot_f1_threshold": 0.708778,
        "dot_precision": 0.814103,
        "dot_recall": 0.622549,
        "dot_ap": 0.725545,
        "max_accuracy": 0.95166,
        "max_f1": 0.705882,
        "max_precision": 0.848276,
        "max_recall": 0.622549,
        "max_ap": 0.725545,
        "main_score": 0.725545,
        "hf_subset": "default",
        "languages": [
          "eng-Latn"
        ]
      }
    ]
  },
  "evaluation_time": 3.1883065700531006,
  "kg_co2_emissions": null
}