{
  "dataset_revision": "5d958fb6b31055495347724d46431ba41309b03a",
  "task_name": "ChemNQRetrieval",
  "mteb_version": "1.36.29",
  "scores": {
    "test": [
      {
        "ndcg_at_1": 0.40741,
        "ndcg_at_3": 0.52433,
        "ndcg_at_5": 0.54906,
        "ndcg_at_10": 0.57804,
        "ndcg_at_20": 0.61273,
        "ndcg_at_100": 0.62623,
        "ndcg_at_1000": 0.6301,
        "map_at_1": 0.30864,
        "map_at_3": 0.46914,
        "map_at_5": 0.4858,
        "map_at_10": 0.49586,
        "map_at_20": 0.50748,
        "map_at_100": 0.50989,
        "map_at_1000": 0.50994,
        "recall_at_1": 0.30864,
        "recall_at_3": 0.62346,
        "recall_at_5": 0.67901,
        "recall_at_10": 0.7716,
        "recall_at_20": 0.90123,
        "recall_at_100": 0.96296,
        "recall_at_1000": 1.0,
        "precision_at_1": 0.40741,
        "precision_at_3": 0.25926,
        "precision_at_5": 0.17037,
        "precision_at_10": 0.0963,
        "precision_at_20": 0.05741,
        "precision_at_100": 0.01259,
        "precision_at_1000": 0.0013,
        "mrr_at_1": 0.407407,
        "mrr_at_3": 0.537037,
        "mrr_at_5": 0.546296,
        "mrr_at_10": 0.558995,
        "mrr_at_20": 0.563413,
        "mrr_at_100": 0.564502,
        "mrr_at_1000": 0.564552,
        "nauc_ndcg_at_1_max": 0.148545,
        "nauc_ndcg_at_1_std": -0.083395,
        "nauc_ndcg_at_1_diff1": 0.576346,
        "nauc_ndcg_at_3_max": 0.123713,
        "nauc_ndcg_at_3_std": -0.108559,
        "nauc_ndcg_at_3_diff1": 0.439243,
        "nauc_ndcg_at_5_max": 0.177215,
        "nauc_ndcg_at_5_std": -0.030236,
        "nauc_ndcg_at_5_diff1": 0.386335,
        "nauc_ndcg_at_10_max": 0.178719,
        "nauc_ndcg_at_10_std": -0.034797,
        "nauc_ndcg_at_10_diff1": 0.390113,
        "nauc_ndcg_at_20_max": 0.207076,
        "nauc_ndcg_at_20_std": -0.026785,
        "nauc_ndcg_at_20_diff1": 0.422861,
        "nauc_ndcg_at_100_max": 0.20177,
        "nauc_ndcg_at_100_std": -0.040255,
        "nauc_ndcg_at_100_diff1": 0.473314,
        "nauc_ndcg_at_1000_max": 0.203249,
        "nauc_ndcg_at_1000_std": -0.031366,
        "nauc_ndcg_at_1000_diff1": 0.469141,
        "nauc_map_at_1_max": 0.016061,
        "nauc_map_at_1_std": -0.072572,
        "nauc_map_at_1_diff1": 0.471201,
        "nauc_map_at_3_max": 0.095595,
        "nauc_map_at_3_std": -0.119218,
        "nauc_map_at_3_diff1": 0.453214,
        "nauc_map_at_5_max": 0.133412,
        "nauc_map_at_5_std": -0.072971,
        "nauc_map_at_5_diff1": 0.421135,
        "nauc_map_at_10_max": 0.132922,
        "nauc_map_at_10_std": -0.075317,
        "nauc_map_at_10_diff1": 0.423329,
        "nauc_map_at_20_max": 0.151361,
        "nauc_map_at_20_std": -0.064335,
        "nauc_map_at_20_diff1": 0.438945,
        "nauc_map_at_100_max": 0.15045,
        "nauc_map_at_100_std": -0.066017,
        "nauc_map_at_100_diff1": 0.446407,
        "nauc_map_at_1000_max": 0.150456,
        "nauc_map_at_1000_std": -0.065931,
        "nauc_map_at_1000_diff1": 0.44636,
        "nauc_recall_at_1_max": 0.016061,
        "nauc_recall_at_1_std": -0.072572,
        "nauc_recall_at_1_diff1": 0.471201,
        "nauc_recall_at_3_max": 0.07026,
        "nauc_recall_at_3_std": -0.143988,
        "nauc_recall_at_3_diff1": 0.290836,
        "nauc_recall_at_5_max": 0.18592,
        "nauc_recall_at_5_std": 0.047201,
        "nauc_recall_at_5_diff1": 0.134092,
        "nauc_recall_at_10_max": 0.118413,
        "nauc_recall_at_10_std": -0.012635,
        "nauc_recall_at_10_diff1": 0.002899,
        "nauc_recall_at_20_max": 0.204835,
        "nauc_recall_at_20_std": -0.050095,
        "nauc_recall_at_20_diff1": -0.086666,
        "nauc_recall_at_100_max": 0.113206,
        "nauc_recall_at_100_std": -0.572623,
        "nauc_recall_at_100_diff1": 0.723262,
        "nauc_recall_at_1000_max": NaN,
        "nauc_recall_at_1000_std": NaN,
        "nauc_recall_at_1000_diff1": NaN,
        "nauc_precision_at_1_max": 0.148545,
        "nauc_precision_at_1_std": -0.083395,
        "nauc_precision_at_1_diff1": 0.576346,
        "nauc_precision_at_3_max": 0.288606,
        "nauc_precision_at_3_std": -0.168465,
        "nauc_precision_at_3_diff1": 0.395364,
        "nauc_precision_at_5_max": 0.384344,
        "nauc_precision_at_5_std": 0.002801,
        "nauc_precision_at_5_diff1": 0.208931,
        "nauc_precision_at_10_max": 0.502266,
        "nauc_precision_at_10_std": 0.053956,
        "nauc_precision_at_10_diff1": 0.223836,
        "nauc_precision_at_20_max": 0.608857,
        "nauc_precision_at_20_std": 0.168625,
        "nauc_precision_at_20_diff1": 0.270896,
        "nauc_precision_at_100_max": 0.488832,
        "nauc_precision_at_100_std": 0.131629,
        "nauc_precision_at_100_diff1": 0.389311,
        "nauc_precision_at_1000_max": 0.52457,
        "nauc_precision_at_1000_std": 0.198634,
        "nauc_precision_at_1000_diff1": 0.357538,
        "nauc_mrr_at_1_max": 0.148545,
        "nauc_mrr_at_1_std": -0.083395,
        "nauc_mrr_at_1_diff1": 0.576346,
        "nauc_mrr_at_3_max": 0.211612,
        "nauc_mrr_at_3_std": -0.044114,
        "nauc_mrr_at_3_diff1": 0.520708,
        "nauc_mrr_at_5_max": 0.221294,
        "nauc_mrr_at_5_std": -0.009469,
        "nauc_mrr_at_5_diff1": 0.502343,
        "nauc_mrr_at_10_max": 0.239613,
        "nauc_mrr_at_10_std": 0.004853,
        "nauc_mrr_at_10_diff1": 0.520434,
        "nauc_mrr_at_20_max": 0.22903,
        "nauc_mrr_at_20_std": -0.005618,
        "nauc_mrr_at_20_diff1": 0.518071,
        "nauc_mrr_at_100_max": 0.228563,
        "nauc_mrr_at_100_std": -0.007662,
        "nauc_mrr_at_100_diff1": 0.52204,
        "nauc_mrr_at_1000_max": 0.228581,
        "nauc_mrr_at_1000_std": -0.007569,
        "nauc_mrr_at_1000_diff1": 0.522007,
        "main_score": 0.57804,
        "hf_subset": "default",
        "languages": [
          "eng-Latn"
        ]
      }
    ]
  },
  "evaluation_time": 29.678555250167847,
  "kg_co2_emissions": null
}