{
  "dataset_revision": "7fb14716e4106b72f51a16e682e5cd2d67e9bd70",
  "task_name": "PubChemWikiParagraphsPC",
  "mteb_version": "1.36.29",
  "scores": {
    "test": [
      {
        "similarity_accuracy": 0.899414,
        "similarity_accuracy_threshold": 0.90652,
        "similarity_f1": 0.352459,
        "similarity_f1_threshold": 0.448942,
        "similarity_precision": 0.303887,
        "similarity_recall": 0.419512,
        "similarity_ap": 0.229289,
        "cosine_accuracy": 0.899414,
        "cosine_accuracy_threshold": 0.90652,
        "cosine_f1": 0.352459,
        "cosine_f1_threshold": 0.448942,
        "cosine_precision": 0.303887,
        "cosine_recall": 0.419512,
        "cosine_ap": 0.229289,
        "manhattan_accuracy": 0.899414,
        "manhattan_accuracy_threshold": 152.148849,
        "manhattan_f1": 0.313433,
        "manhattan_f1_threshold": 336.123901,
        "manhattan_precision": 0.319797,
        "manhattan_recall": 0.307317,
        "manhattan_ap": 0.227029,
        "euclidean_accuracy": 0.899902,
        "euclidean_accuracy_threshold": 12.998575,
        "euclidean_f1": 0.321168,
        "euclidean_f1_threshold": 15.230682,
        "euclidean_precision": 0.320388,
        "euclidean_recall": 0.321951,
        "euclidean_ap": 0.229692,
        "dot_accuracy": 0.899414,
        "dot_accuracy_threshold": 312.515564,
        "dot_f1": 0.254296,
        "dot_f1_threshold": 94.359688,
        "dot_precision": 0.166168,
        "dot_recall": 0.541463,
        "dot_ap": 0.148159,
        "max_accuracy": 0.899902,
        "max_f1": 0.352459,
        "max_precision": 0.320388,
        "max_recall": 0.541463,
        "max_ap": 0.229692,
        "main_score": 0.229692,
        "hf_subset": "default",
        "languages": [
          "eng-Latn"
        ]
      }
    ]
  },
  "evaluation_time": 3.6826412677764893,
  "kg_co2_emissions": null
}