{
  "dataset_revision": "7fb14716e4106b72f51a16e682e5cd2d67e9bd70",
  "task_name": "PubChemWikiParagraphsPC",
  "mteb_version": "1.36.29",
  "scores": {
    "test": [
      {
        "similarity_accuracy": 0.899414,
        "similarity_accuracy_threshold": 0.891253,
        "similarity_f1": 0.382979,
        "similarity_f1_threshold": 0.371826,
        "similarity_precision": 0.339623,
        "similarity_recall": 0.439024,
        "similarity_ap": 0.250185,
        "cosine_accuracy": 0.899414,
        "cosine_accuracy_threshold": 0.891253,
        "cosine_f1": 0.382979,
        "cosine_f1_threshold": 0.371826,
        "cosine_precision": 0.339623,
        "cosine_recall": 0.439024,
        "cosine_ap": 0.250185,
        "manhattan_accuracy": 0.902344,
        "manhattan_accuracy_threshold": 320.325623,
        "manhattan_f1": 0.307317,
        "manhattan_f1_threshold": 351.026306,
        "manhattan_precision": 0.307317,
        "manhattan_recall": 0.307317,
        "manhattan_ap": 0.222665,
        "euclidean_accuracy": 0.902832,
        "euclidean_accuracy_threshold": 14.38518,
        "euclidean_f1": 0.318302,
        "euclidean_f1_threshold": 15.675333,
        "euclidean_precision": 0.348837,
        "euclidean_recall": 0.292683,
        "euclidean_ap": 0.225746,
        "dot_accuracy": 0.899414,
        "dot_accuracy_threshold": 281.955719,
        "dot_f1": 0.284916,
        "dot_f1_threshold": 76.198692,
        "dot_precision": 0.199609,
        "dot_recall": 0.497561,
        "dot_ap": 0.170345,
        "max_accuracy": 0.902832,
        "max_f1": 0.382979,
        "max_precision": 0.348837,
        "max_recall": 0.497561,
        "max_ap": 0.250185,
        "main_score": 0.250185,
        "hf_subset": "default",
        "languages": [
          "eng-Latn"
        ]
      }
    ]
  },
  "evaluation_time": 7.7630908489227295,
  "kg_co2_emissions": null
}