{
  "dataset_revision": "f33a205966ce032f957c3a22f4f9e378f89a2c56",
  "task_name": "PubChemAISentenceParaphrasePC",
  "mteb_version": "1.36.29",
  "scores": {
    "test": [
      {
        "similarity_accuracy": 0.984863,
        "similarity_accuracy_threshold": 0.796299,
        "similarity_f1": 0.920792,
        "similarity_f1_threshold": 0.76985,
        "similarity_precision": 0.934673,
        "similarity_recall": 0.907317,
        "similarity_ap": 0.947272,
        "cosine_accuracy": 0.984863,
        "cosine_accuracy_threshold": 0.796299,
        "cosine_f1": 0.920792,
        "cosine_f1_threshold": 0.76985,
        "cosine_precision": 0.934673,
        "cosine_recall": 0.907317,
        "cosine_ap": 0.947272,
        "manhattan_accuracy": 0.983887,
        "manhattan_accuracy_threshold": 255.029907,
        "manhattan_f1": 0.916877,
        "manhattan_f1_threshold": 255.029907,
        "manhattan_precision": 0.947917,
        "manhattan_recall": 0.887805,
        "manhattan_ap": 0.920814,
        "euclidean_accuracy": 0.984375,
        "euclidean_accuracy_threshold": 11.438421,
        "euclidean_f1": 0.918782,
        "euclidean_f1_threshold": 11.438421,
        "euclidean_precision": 0.957672,
        "euclidean_recall": 0.882927,
        "euclidean_ap": 0.921196,
        "dot_accuracy": 0.939941,
        "dot_accuracy_threshold": 236.814911,
        "dot_f1": 0.686131,
        "dot_f1_threshold": 219.855438,
        "dot_precision": 0.684466,
        "dot_recall": 0.687805,
        "dot_ap": 0.744177,
        "max_accuracy": 0.984863,
        "max_f1": 0.920792,
        "max_precision": 0.957672,
        "max_recall": 0.907317,
        "max_ap": 0.947272,
        "main_score": 0.947272,
        "hf_subset": "default",
        "languages": [
          "eng-Latn"
        ]
      }
    ]
  },
  "evaluation_time": 3.2062628269195557,
  "kg_co2_emissions": null
}