{
  "dataset_revision": "7fb14716e4106b72f51a16e682e5cd2d67e9bd70",
  "task_name": "PubChemWikiParagraphsPC",
  "mteb_version": "1.36.29",
  "scores": {
    "test": [
      {
        "similarity_accuracy": 0.899414,
        "similarity_accuracy_threshold": 0.930554,
        "similarity_f1": 0.267148,
        "similarity_f1_threshold": 0.504158,
        "similarity_precision": 0.212034,
        "similarity_recall": 0.360976,
        "similarity_ap": 0.158173,
        "cosine_accuracy": 0.899414,
        "cosine_accuracy_threshold": 0.930554,
        "cosine_f1": 0.267148,
        "cosine_f1_threshold": 0.504158,
        "cosine_precision": 0.212034,
        "cosine_recall": 0.360976,
        "cosine_ap": 0.158173,
        "manhattan_accuracy": 0.899414,
        "manhattan_accuracy_threshold": 145.658401,
        "manhattan_f1": 0.27619,
        "manhattan_f1_threshold": 327.986237,
        "manhattan_precision": 0.269767,
        "manhattan_recall": 0.282927,
        "manhattan_ap": 0.174089,
        "euclidean_accuracy": 0.899414,
        "euclidean_accuracy_threshold": 6.591201,
        "euclidean_f1": 0.278302,
        "euclidean_f1_threshold": 14.910686,
        "euclidean_precision": 0.269406,
        "euclidean_recall": 0.287805,
        "euclidean_ap": 0.177106,
        "dot_accuracy": 0.899414,
        "dot_accuracy_threshold": 412.58139,
        "dot_f1": 0.213965,
        "dot_f1_threshold": 86.030006,
        "dot_precision": 0.123156,
        "dot_recall": 0.814634,
        "dot_ap": 0.11395,
        "max_accuracy": 0.899414,
        "max_f1": 0.278302,
        "max_precision": 0.269767,
        "max_recall": 0.814634,
        "max_ap": 0.177106,
        "main_score": 0.177106,
        "hf_subset": "default",
        "languages": [
          "eng-Latn"
        ]
      }
    ]
  },
  "evaluation_time": 3.6325106620788574,
  "kg_co2_emissions": null
}