{
  "dataset_revision": "5d958fb6b31055495347724d46431ba41309b03a",
  "task_name": "ChemNQRetrieval",
  "mteb_version": "1.36.29",
  "scores": {
    "test": [
      {
        "ndcg_at_1": 0.40741,
        "ndcg_at_3": 0.4561,
        "ndcg_at_5": 0.49679,
        "ndcg_at_10": 0.56997,
        "ndcg_at_20": 0.57532,
        "ndcg_at_100": 0.59862,
        "ndcg_at_1000": 0.60359,
        "map_at_1": 0.30864,
        "map_at_3": 0.41358,
        "map_at_5": 0.43951,
        "map_at_10": 0.47252,
        "map_at_20": 0.47458,
        "map_at_100": 0.47799,
        "map_at_1000": 0.4782,
        "recall_at_1": 0.30864,
        "recall_at_3": 0.51235,
        "recall_at_5": 0.60494,
        "recall_at_10": 0.82099,
        "recall_at_20": 0.83951,
        "recall_at_100": 0.96296,
        "recall_at_1000": 1.0,
        "precision_at_1": 0.40741,
        "precision_at_3": 0.22222,
        "precision_at_5": 0.15556,
        "precision_at_10": 0.10741,
        "precision_at_20": 0.05556,
        "precision_at_100": 0.01259,
        "precision_at_1000": 0.0013,
        "mrr_at_1": 0.407407,
        "mrr_at_3": 0.487654,
        "mrr_at_5": 0.506173,
        "mrr_at_10": 0.528542,
        "mrr_at_20": 0.528542,
        "mrr_at_100": 0.531359,
        "mrr_at_1000": 0.531571,
        "nauc_ndcg_at_1_max": 0.561946,
        "nauc_ndcg_at_1_std": 0.403763,
        "nauc_ndcg_at_1_diff1": 0.339659,
        "nauc_ndcg_at_3_max": 0.478779,
        "nauc_ndcg_at_3_std": 0.300656,
        "nauc_ndcg_at_3_diff1": 0.120726,
        "nauc_ndcg_at_5_max": 0.528444,
        "nauc_ndcg_at_5_std": 0.250159,
        "nauc_ndcg_at_5_diff1": 0.096686,
        "nauc_ndcg_at_10_max": 0.578669,
        "nauc_ndcg_at_10_std": 0.29596,
        "nauc_ndcg_at_10_diff1": 0.106055,
        "nauc_ndcg_at_20_max": 0.591341,
        "nauc_ndcg_at_20_std": 0.324357,
        "nauc_ndcg_at_20_diff1": 0.141801,
        "nauc_ndcg_at_100_max": 0.563643,
        "nauc_ndcg_at_100_std": 0.290742,
        "nauc_ndcg_at_100_diff1": 0.153484,
        "nauc_ndcg_at_1000_max": 0.563794,
        "nauc_ndcg_at_1000_std": 0.307981,
        "nauc_ndcg_at_1000_diff1": 0.167982,
        "nauc_map_at_1_max": 0.575899,
        "nauc_map_at_1_std": 0.375747,
        "nauc_map_at_1_diff1": 0.28959,
        "nauc_map_at_3_max": 0.462397,
        "nauc_map_at_3_std": 0.306866,
        "nauc_map_at_3_diff1": 0.127689,
        "nauc_map_at_5_max": 0.5013,
        "nauc_map_at_5_std": 0.271921,
        "nauc_map_at_5_diff1": 0.118115,
        "nauc_map_at_10_max": 0.530345,
        "nauc_map_at_10_std": 0.286296,
        "nauc_map_at_10_diff1": 0.127967,
        "nauc_map_at_20_max": 0.534401,
        "nauc_map_at_20_std": 0.295878,
        "nauc_map_at_20_diff1": 0.140202,
        "nauc_map_at_100_max": 0.531235,
        "nauc_map_at_100_std": 0.291974,
        "nauc_map_at_100_diff1": 0.144122,
        "nauc_map_at_1000_max": 0.531218,
        "nauc_map_at_1000_std": 0.29257,
        "nauc_map_at_1000_diff1": 0.144617,
        "nauc_recall_at_1_max": 0.575899,
        "nauc_recall_at_1_std": 0.375747,
        "nauc_recall_at_1_diff1": 0.28959,
        "nauc_recall_at_3_max": 0.399262,
        "nauc_recall_at_3_std": 0.230074,
        "nauc_recall_at_3_diff1": -0.008329,
        "nauc_recall_at_5_max": 0.497643,
        "nauc_recall_at_5_std": 0.104283,
        "nauc_recall_at_5_diff1": -0.084954,
        "nauc_recall_at_10_max": 0.699692,
        "nauc_recall_at_10_std": 0.214265,
        "nauc_recall_at_10_diff1": -0.26147,
        "nauc_recall_at_20_max": 0.78573,
        "nauc_recall_at_20_std": 0.379438,
        "nauc_recall_at_20_diff1": -0.076759,
        "nauc_recall_at_100_max": 0.556079,
        "nauc_recall_at_100_std": -0.572623,
        "nauc_recall_at_100_diff1": -0.572623,
        "nauc_recall_at_1000_max": NaN,
        "nauc_recall_at_1000_std": NaN,
        "nauc_recall_at_1000_diff1": NaN,
        "nauc_precision_at_1_max": 0.561946,
        "nauc_precision_at_1_std": 0.403763,
        "nauc_precision_at_1_diff1": 0.339659,
        "nauc_precision_at_3_max": 0.339636,
        "nauc_precision_at_3_std": 0.216221,
        "nauc_precision_at_3_diff1": 0.034957,
        "nauc_precision_at_5_max": 0.426246,
        "nauc_precision_at_5_std": 0.072037,
        "nauc_precision_at_5_diff1": 0.006325,
        "nauc_precision_at_10_max": 0.430486,
        "nauc_precision_at_10_std": 0.170483,
        "nauc_precision_at_10_diff1": 0.111551,
        "nauc_precision_at_20_max": 0.424874,
        "nauc_precision_at_20_std": 0.258318,
        "nauc_precision_at_20_diff1": 0.243937,
        "nauc_precision_at_100_max": 0.210441,
        "nauc_precision_at_100_std": 0.090349,
        "nauc_precision_at_100_diff1": 0.239308,
        "nauc_precision_at_1000_max": 0.177555,
        "nauc_precision_at_1000_std": 0.153427,
        "nauc_precision_at_1000_diff1": 0.316558,
        "nauc_mrr_at_1_max": 0.561946,
        "nauc_mrr_at_1_std": 0.403763,
        "nauc_mrr_at_1_diff1": 0.339659,
        "nauc_mrr_at_3_max": 0.560284,
        "nauc_mrr_at_3_std": 0.34611,
        "nauc_mrr_at_3_diff1": 0.24108,
        "nauc_mrr_at_5_max": 0.565683,
        "nauc_mrr_at_5_std": 0.333988,
        "nauc_mrr_at_5_diff1": 0.223276,
        "nauc_mrr_at_10_max": 0.569743,
        "nauc_mrr_at_10_std": 0.353544,
        "nauc_mrr_at_10_diff1": 0.227718,
        "nauc_mrr_at_20_max": 0.569743,
        "nauc_mrr_at_20_std": 0.353544,
        "nauc_mrr_at_20_diff1": 0.227718,
        "nauc_mrr_at_100_max": 0.567279,
        "nauc_mrr_at_100_std": 0.350255,
        "nauc_mrr_at_100_diff1": 0.232349,
        "nauc_mrr_at_1000_max": 0.567287,
        "nauc_mrr_at_1000_std": 0.350871,
        "nauc_mrr_at_1000_diff1": 0.232887,
        "main_score": 0.56997,
        "hf_subset": "default",
        "languages": [
          "eng-Latn"
        ]
      }
    ]
  },
  "evaluation_time": 51.25608825683594,
  "kg_co2_emissions": null
}