{
  "dataset_revision": "617612fa63afcb60e3b134bed8b7216a99707c37",
  "task_name": "HotpotQAHardNegatives",
  "mteb_version": "1.36.29",
  "scores": {
    "test": [
      {
        "ndcg_at_1": 0.763,
        "ndcg_at_3": 0.63939,
        "ndcg_at_5": 0.67314,
        "ndcg_at_10": 0.70164,
        "ndcg_at_20": 0.7182,
        "ndcg_at_100": 0.73867,
        "ndcg_at_1000": 0.75006,
        "map_at_1": 0.3815,
        "map_at_3": 0.56875,
        "map_at_5": 0.59528,
        "map_at_10": 0.61235,
        "map_at_20": 0.61878,
        "map_at_100": 0.62319,
        "map_at_1000": 0.62383,
        "recall_at_1": 0.3815,
        "recall_at_3": 0.616,
        "recall_at_5": 0.6825,
        "recall_at_10": 0.754,
        "recall_at_20": 0.807,
        "recall_at_100": 0.8965,
        "recall_at_1000": 0.9705,
        "precision_at_1": 0.763,
        "precision_at_3": 0.41067,
        "precision_at_5": 0.273,
        "precision_at_10": 0.1508,
        "precision_at_20": 0.0807,
        "precision_at_100": 0.01793,
        "precision_at_1000": 0.00194,
        "mrr_at_1": 0.763,
        "mrr_at_3": 0.8165,
        "mrr_at_5": 0.82485,
        "mrr_at_10": 0.82935,
        "mrr_at_20": 0.831537,
        "mrr_at_100": 0.832059,
        "mrr_at_1000": 0.832097,
        "nauc_ndcg_at_1_max": 0.449011,
        "nauc_ndcg_at_1_std": -0.140969,
        "nauc_ndcg_at_1_diff1": 0.729499,
        "nauc_ndcg_at_3_max": 0.24213,
        "nauc_ndcg_at_3_std": -0.11277,
        "nauc_ndcg_at_3_diff1": 0.278329,
        "nauc_ndcg_at_5_max": 0.230032,
        "nauc_ndcg_at_5_std": -0.103293,
        "nauc_ndcg_at_5_diff1": 0.256904,
        "nauc_ndcg_at_10_max": 0.221695,
        "nauc_ndcg_at_10_std": -0.10196,
        "nauc_ndcg_at_10_diff1": 0.247792,
        "nauc_ndcg_at_20_max": 0.220235,
        "nauc_ndcg_at_20_std": -0.090317,
        "nauc_ndcg_at_20_diff1": 0.243136,
        "nauc_ndcg_at_100_max": 0.230205,
        "nauc_ndcg_at_100_std": -0.071852,
        "nauc_ndcg_at_100_diff1": 0.261504,
        "nauc_ndcg_at_1000_max": 0.238351,
        "nauc_ndcg_at_1000_std": -0.076244,
        "nauc_ndcg_at_1000_diff1": 0.27405,
        "nauc_map_at_1_max": 0.449011,
        "nauc_map_at_1_std": -0.140969,
        "nauc_map_at_1_diff1": 0.729499,
        "nauc_map_at_3_max": 0.204856,
        "nauc_map_at_3_std": -0.103465,
        "nauc_map_at_3_diff1": 0.210747,
        "nauc_map_at_5_max": 0.198807,
        "nauc_map_at_5_std": -0.096214,
        "nauc_map_at_5_diff1": 0.199859,
        "nauc_map_at_10_max": 0.194797,
        "nauc_map_at_10_std": -0.094909,
        "nauc_map_at_10_diff1": 0.195362,
        "nauc_map_at_20_max": 0.19492,
        "nauc_map_at_20_std": -0.091716,
        "nauc_map_at_20_diff1": 0.19524,
        "nauc_map_at_100_max": 0.197066,
        "nauc_map_at_100_std": -0.088695,
        "nauc_map_at_100_diff1": 0.19848,
        "nauc_map_at_1000_max": 0.197285,
        "nauc_map_at_1000_std": -0.088695,
        "nauc_map_at_1000_diff1": 0.198708,
        "nauc_recall_at_1_max": 0.449011,
        "nauc_recall_at_1_std": -0.140969,
        "nauc_recall_at_1_diff1": 0.729499,
        "nauc_recall_at_3_max": 0.176773,
        "nauc_recall_at_3_std": -0.110591,
        "nauc_recall_at_3_diff1": 0.153293,
        "nauc_recall_at_5_max": 0.144395,
        "nauc_recall_at_5_std": -0.090412,
        "nauc_recall_at_5_diff1": 0.097244,
        "nauc_recall_at_10_max": 0.10133,
        "nauc_recall_at_10_std": -0.077745,
        "nauc_recall_at_10_diff1": 0.03861,
        "nauc_recall_at_20_max": 0.065628,
        "nauc_recall_at_20_std": -0.025391,
        "nauc_recall_at_20_diff1": -0.027005,
        "nauc_recall_at_100_max": 0.045535,
        "nauc_recall_at_100_std": 0.159557,
        "nauc_recall_at_100_diff1": -0.052358,
        "nauc_recall_at_1000_max": 0.02373,
        "nauc_recall_at_1000_std": 0.449374,
        "nauc_recall_at_1000_diff1": -0.171905,
        "nauc_precision_at_1_max": 0.449011,
        "nauc_precision_at_1_std": -0.140969,
        "nauc_precision_at_1_diff1": 0.729499,
        "nauc_precision_at_3_max": 0.176773,
        "nauc_precision_at_3_std": -0.110591,
        "nauc_precision_at_3_diff1": 0.153293,
        "nauc_precision_at_5_max": 0.144395,
        "nauc_precision_at_5_std": -0.090412,
        "nauc_precision_at_5_diff1": 0.097244,
        "nauc_precision_at_10_max": 0.10133,
        "nauc_precision_at_10_std": -0.077745,
        "nauc_precision_at_10_diff1": 0.03861,
        "nauc_precision_at_20_max": 0.065628,
        "nauc_precision_at_20_std": -0.025391,
        "nauc_precision_at_20_diff1": -0.027005,
        "nauc_precision_at_100_max": 0.045535,
        "nauc_precision_at_100_std": 0.159557,
        "nauc_precision_at_100_diff1": -0.052358,
        "nauc_precision_at_1000_max": 0.02373,
        "nauc_precision_at_1000_std": 0.449374,
        "nauc_precision_at_1000_diff1": -0.171905,
        "nauc_mrr_at_1_max": 0.449011,
        "nauc_mrr_at_1_std": -0.140969,
        "nauc_mrr_at_1_diff1": 0.729499,
        "nauc_mrr_at_3_max": 0.472427,
        "nauc_mrr_at_3_std": -0.142998,
        "nauc_mrr_at_3_diff1": 0.717547,
        "nauc_mrr_at_5_max": 0.468114,
        "nauc_mrr_at_5_std": -0.141712,
        "nauc_mrr_at_5_diff1": 0.71359,
        "nauc_mrr_at_10_max": 0.466197,
        "nauc_mrr_at_10_std": -0.145786,
        "nauc_mrr_at_10_diff1": 0.715752,
        "nauc_mrr_at_20_max": 0.466905,
        "nauc_mrr_at_20_std": -0.143,
        "nauc_mrr_at_20_diff1": 0.714961,
        "nauc_mrr_at_100_max": 0.466728,
        "nauc_mrr_at_100_std": -0.142478,
        "nauc_mrr_at_100_diff1": 0.715493,
        "nauc_mrr_at_1000_max": 0.466716,
        "nauc_mrr_at_1000_std": -0.142543,
        "nauc_mrr_at_1000_diff1": 0.715536,
        "main_score": 0.70164,
        "hf_subset": "default",
        "languages": [
          "eng-Latn"
        ]
      }
    ]
  },
  "evaluation_time": 366.28513050079346,
  "kg_co2_emissions": null
}