{
  "dataset_revision": "bb9466bac8153a0349341eb1b22e06409e78ef4e",
  "task_name": "TRECCOVID",
  "mteb_version": "1.36.29",
  "scores": {
    "test": [
      {
        "ndcg_at_1": 0.69,
        "ndcg_at_3": 0.64246,
        "ndcg_at_5": 0.62281,
        "ndcg_at_10": 0.56396,
        "ndcg_at_20": 0.52187,
        "ndcg_at_100": 0.37183,
        "ndcg_at_1000": 0.31476,
        "map_at_1": 0.00196,
        "map_at_3": 0.00475,
        "map_at_5": 0.00722,
        "map_at_10": 0.01169,
        "map_at_20": 0.01941,
        "map_at_100": 0.05259,
        "map_at_1000": 0.11368,
        "recall_at_1": 0.00196,
        "recall_at_3": 0.00511,
        "recall_at_5": 0.00817,
        "recall_at_10": 0.01392,
        "recall_at_20": 0.02541,
        "recall_at_100": 0.08387,
        "recall_at_1000": 0.29083,
        "precision_at_1": 0.74,
        "precision_at_3": 0.66667,
        "precision_at_5": 0.656,
        "precision_at_10": 0.584,
        "precision_at_20": 0.541,
        "precision_at_100": 0.3696,
        "precision_at_1000": 0.13862,
        "mrr_at_1": 0.74,
        "mrr_at_3": 0.83,
        "mrr_at_5": 0.834,
        "mrr_at_10": 0.836222,
        "mrr_at_20": 0.836222,
        "mrr_at_100": 0.837211,
        "mrr_at_1000": 0.837211,
        "nauc_ndcg_at_1_max": 0.383104,
        "nauc_ndcg_at_1_std": 0.356432,
        "nauc_ndcg_at_1_diff1": -0.000143,
        "nauc_ndcg_at_3_max": 0.285716,
        "nauc_ndcg_at_3_std": 0.462772,
        "nauc_ndcg_at_3_diff1": -0.239883,
        "nauc_ndcg_at_5_max": 0.206675,
        "nauc_ndcg_at_5_std": 0.465541,
        "nauc_ndcg_at_5_diff1": -0.274386,
        "nauc_ndcg_at_10_max": 0.189654,
        "nauc_ndcg_at_10_std": 0.503952,
        "nauc_ndcg_at_10_diff1": -0.2978,
        "nauc_ndcg_at_20_max": 0.17601,
        "nauc_ndcg_at_20_std": 0.578903,
        "nauc_ndcg_at_20_diff1": -0.350446,
        "nauc_ndcg_at_100_max": 0.234224,
        "nauc_ndcg_at_100_std": 0.738185,
        "nauc_ndcg_at_100_diff1": -0.352166,
        "nauc_ndcg_at_1000_max": 0.217318,
        "nauc_ndcg_at_1000_std": 0.757166,
        "nauc_ndcg_at_1000_diff1": -0.298607,
        "nauc_map_at_1_max": 0.223157,
        "nauc_map_at_1_std": 0.043168,
        "nauc_map_at_1_diff1": 0.095313,
        "nauc_map_at_3_max": 0.193722,
        "nauc_map_at_3_std": 0.153512,
        "nauc_map_at_3_diff1": -0.05661,
        "nauc_map_at_5_max": 0.188479,
        "nauc_map_at_5_std": 0.20836,
        "nauc_map_at_5_diff1": -0.088216,
        "nauc_map_at_10_max": 0.163804,
        "nauc_map_at_10_std": 0.311732,
        "nauc_map_at_10_diff1": -0.13958,
        "nauc_map_at_20_max": 0.13003,
        "nauc_map_at_20_std": 0.425291,
        "nauc_map_at_20_diff1": -0.252541,
        "nauc_map_at_100_max": 0.220208,
        "nauc_map_at_100_std": 0.673004,
        "nauc_map_at_100_diff1": -0.328427,
        "nauc_map_at_1000_max": 0.256156,
        "nauc_map_at_1000_std": 0.816886,
        "nauc_map_at_1000_diff1": -0.319032,
        "nauc_recall_at_1_max": 0.223157,
        "nauc_recall_at_1_std": 0.043168,
        "nauc_recall_at_1_diff1": 0.095313,
        "nauc_recall_at_3_max": 0.132617,
        "nauc_recall_at_3_std": 0.112414,
        "nauc_recall_at_3_diff1": -0.10611,
        "nauc_recall_at_5_max": 0.109199,
        "nauc_recall_at_5_std": 0.124658,
        "nauc_recall_at_5_diff1": -0.113509,
        "nauc_recall_at_10_max": 0.085423,
        "nauc_recall_at_10_std": 0.229298,
        "nauc_recall_at_10_diff1": -0.172492,
        "nauc_recall_at_20_max": 0.097036,
        "nauc_recall_at_20_std": 0.344378,
        "nauc_recall_at_20_diff1": -0.246511,
        "nauc_recall_at_100_max": 0.207038,
        "nauc_recall_at_100_std": 0.608763,
        "nauc_recall_at_100_diff1": -0.310639,
        "nauc_recall_at_1000_max": 0.198309,
        "nauc_recall_at_1000_std": 0.730592,
        "nauc_recall_at_1000_diff1": -0.269026,
        "nauc_precision_at_1_max": 0.636349,
        "nauc_precision_at_1_std": 0.463242,
        "nauc_precision_at_1_diff1": 0.100645,
        "nauc_precision_at_3_max": 0.347791,
        "nauc_precision_at_3_std": 0.562366,
        "nauc_precision_at_3_diff1": -0.314395,
        "nauc_precision_at_5_max": 0.195401,
        "nauc_precision_at_5_std": 0.477363,
        "nauc_precision_at_5_diff1": -0.286483,
        "nauc_precision_at_10_max": 0.177672,
        "nauc_precision_at_10_std": 0.524547,
        "nauc_precision_at_10_diff1": -0.279435,
        "nauc_precision_at_20_max": 0.170635,
        "nauc_precision_at_20_std": 0.607163,
        "nauc_precision_at_20_diff1": -0.346971,
        "nauc_precision_at_100_max": 0.243552,
        "nauc_precision_at_100_std": 0.770979,
        "nauc_precision_at_100_diff1": -0.351014,
        "nauc_precision_at_1000_max": 0.20827,
        "nauc_precision_at_1000_std": 0.717087,
        "nauc_precision_at_1000_diff1": -0.230204,
        "nauc_mrr_at_1_max": 0.636349,
        "nauc_mrr_at_1_std": 0.463242,
        "nauc_mrr_at_1_diff1": 0.100645,
        "nauc_mrr_at_3_max": 0.64209,
        "nauc_mrr_at_3_std": 0.538144,
        "nauc_mrr_at_3_diff1": 0.0288,
        "nauc_mrr_at_5_max": 0.632617,
        "nauc_mrr_at_5_std": 0.52938,
        "nauc_mrr_at_5_diff1": 0.060045,
        "nauc_mrr_at_10_max": 0.636714,
        "nauc_mrr_at_10_std": 0.524308,
        "nauc_mrr_at_10_diff1": 0.047969,
        "nauc_mrr_at_20_max": 0.636714,
        "nauc_mrr_at_20_std": 0.524308,
        "nauc_mrr_at_20_diff1": 0.047969,
        "nauc_mrr_at_100_max": 0.636853,
        "nauc_mrr_at_100_std": 0.523398,
        "nauc_mrr_at_100_diff1": 0.048069,
        "nauc_mrr_at_1000_max": 0.636853,
        "nauc_mrr_at_1000_std": 0.523398,
        "nauc_mrr_at_1000_diff1": 0.048069,
        "main_score": 0.56396,
        "hf_subset": "default",
        "languages": [
          "eng-Latn"
        ]
      }
    ]
  },
  "evaluation_time": 457.2690417766571,
  "kg_co2_emissions": null
}