{
  "dataset_revision": "8fae72a2c75530aaaac6920a02622490d923ca98",
  "task_name": "ChemRxivNC2",
  "mteb_version": "1.36.29",
  "scores": {
    "test": [
      {
        "ndcg_at_1": 0.6804,
        "ndcg_at_3": 0.774,
        "ndcg_at_5": 0.79535,
        "ndcg_at_10": 0.80689,
        "ndcg_at_20": 0.81326,
        "ndcg_at_100": 0.81917,
        "ndcg_at_1000": 0.82094,
        "map_at_1": 0.6804,
        "map_at_3": 0.75147,
        "map_at_5": 0.76338,
        "map_at_10": 0.76822,
        "map_at_20": 0.77,
        "map_at_100": 0.77088,
        "map_at_1000": 0.77095,
        "recall_at_1": 0.6804,
        "recall_at_3": 0.839,
        "recall_at_5": 0.8906,
        "recall_at_10": 0.9258,
        "recall_at_20": 0.9508,
        "recall_at_100": 0.9818,
        "recall_at_1000": 0.9956,
        "precision_at_1": 0.6804,
        "precision_at_3": 0.27967,
        "precision_at_5": 0.17812,
        "precision_at_10": 0.09258,
        "precision_at_20": 0.04754,
        "precision_at_100": 0.00982,
        "precision_at_1000": 0.001,
        "mrr_at_1": 0.6808,
        "mrr_at_3": 0.751567,
        "mrr_at_5": 0.763557,
        "mrr_at_10": 0.768405,
        "mrr_at_20": 0.770179,
        "mrr_at_100": 0.77106,
        "mrr_at_1000": 0.77113,
        "nauc_ndcg_at_1_max": 0.378925,
        "nauc_ndcg_at_1_std": -0.14487,
        "nauc_ndcg_at_1_diff1": 0.731088,
        "nauc_ndcg_at_3_max": 0.421097,
        "nauc_ndcg_at_3_std": -0.112177,
        "nauc_ndcg_at_3_diff1": 0.691126,
        "nauc_ndcg_at_5_max": 0.434124,
        "nauc_ndcg_at_5_std": -0.100911,
        "nauc_ndcg_at_5_diff1": 0.694726,
        "nauc_ndcg_at_10_max": 0.434532,
        "nauc_ndcg_at_10_std": -0.096869,
        "nauc_ndcg_at_10_diff1": 0.700092,
        "nauc_ndcg_at_20_max": 0.431565,
        "nauc_ndcg_at_20_std": -0.09368,
        "nauc_ndcg_at_20_diff1": 0.703173,
        "nauc_ndcg_at_100_max": 0.424804,
        "nauc_ndcg_at_100_std": -0.100549,
        "nauc_ndcg_at_100_diff1": 0.704435,
        "nauc_ndcg_at_1000_max": 0.422219,
        "nauc_ndcg_at_1000_std": -0.103544,
        "nauc_ndcg_at_1000_diff1": 0.704494,
        "nauc_map_at_1_max": 0.378925,
        "nauc_map_at_1_std": -0.14487,
        "nauc_map_at_1_diff1": 0.731088,
        "nauc_map_at_3_max": 0.409109,
        "nauc_map_at_3_std": -0.121878,
        "nauc_map_at_3_diff1": 0.702094,
        "nauc_map_at_5_max": 0.415022,
        "nauc_map_at_5_std": -0.116765,
        "nauc_map_at_5_diff1": 0.704311,
        "nauc_map_at_10_max": 0.414861,
        "nauc_map_at_10_std": -0.11567,
        "nauc_map_at_10_diff1": 0.706334,
        "nauc_map_at_20_max": 0.414055,
        "nauc_map_at_20_std": -0.115047,
        "nauc_map_at_20_diff1": 0.707137,
        "nauc_map_at_100_max": 0.41308,
        "nauc_map_at_100_std": -0.11589,
        "nauc_map_at_100_diff1": 0.707229,
        "nauc_map_at_1000_max": 0.413012,
        "nauc_map_at_1000_std": -0.115965,
        "nauc_map_at_1000_diff1": 0.707241,
        "nauc_recall_at_1_max": 0.378925,
        "nauc_recall_at_1_std": -0.14487,
        "nauc_recall_at_1_diff1": 0.731088,
        "nauc_recall_at_3_max": 0.470128,
        "nauc_recall_at_3_std": -0.072245,
        "nauc_recall_at_3_diff1": 0.646507,
        "nauc_recall_at_5_max": 0.542801,
        "nauc_recall_at_5_std": -0.010156,
        "nauc_recall_at_5_diff1": 0.643479,
        "nauc_recall_at_10_max": 0.593646,
        "nauc_recall_at_10_std": 0.0598,
        "nauc_recall_at_10_diff1": 0.659445,
        "nauc_recall_at_20_max": 0.634008,
        "nauc_recall_at_20_std": 0.179873,
        "nauc_recall_at_20_diff1": 0.678249,
        "nauc_recall_at_100_max": 0.682288,
        "nauc_recall_at_100_std": 0.31805,
        "nauc_recall_at_100_diff1": 0.705287,
        "nauc_recall_at_1000_max": 0.730753,
        "nauc_recall_at_1000_std": 0.737947,
        "nauc_recall_at_1000_diff1": 0.702402,
        "nauc_precision_at_1_max": 0.378925,
        "nauc_precision_at_1_std": -0.14487,
        "nauc_precision_at_1_diff1": 0.731088,
        "nauc_precision_at_3_max": 0.470128,
        "nauc_precision_at_3_std": -0.072245,
        "nauc_precision_at_3_diff1": 0.646507,
        "nauc_precision_at_5_max": 0.542801,
        "nauc_precision_at_5_std": -0.010156,
        "nauc_precision_at_5_diff1": 0.643479,
        "nauc_precision_at_10_max": 0.593646,
        "nauc_precision_at_10_std": 0.0598,
        "nauc_precision_at_10_diff1": 0.659445,
        "nauc_precision_at_20_max": 0.634008,
        "nauc_precision_at_20_std": 0.179873,
        "nauc_precision_at_20_diff1": 0.678249,
        "nauc_precision_at_100_max": 0.682288,
        "nauc_precision_at_100_std": 0.31805,
        "nauc_precision_at_100_diff1": 0.705287,
        "nauc_precision_at_1000_max": 0.730753,
        "nauc_precision_at_1000_std": 0.737947,
        "nauc_precision_at_1000_diff1": 0.702402,
        "nauc_mrr_at_1_max": 0.379494,
        "nauc_mrr_at_1_std": -0.14379,
        "nauc_mrr_at_1_diff1": 0.730206,
        "nauc_mrr_at_3_max": 0.409318,
        "nauc_mrr_at_3_std": -0.121202,
        "nauc_mrr_at_3_diff1": 0.701697,
        "nauc_mrr_at_5_max": 0.415312,
        "nauc_mrr_at_5_std": -0.116221,
        "nauc_mrr_at_5_diff1": 0.703739,
        "nauc_mrr_at_10_max": 0.415158,
        "nauc_mrr_at_10_std": -0.115113,
        "nauc_mrr_at_10_diff1": 0.70575,
        "nauc_mrr_at_20_max": 0.414354,
        "nauc_mrr_at_20_std": -0.114484,
        "nauc_mrr_at_20_diff1": 0.706548,
        "nauc_mrr_at_100_max": 0.413381,
        "nauc_mrr_at_100_std": -0.115324,
        "nauc_mrr_at_100_diff1": 0.706637,
        "nauc_mrr_at_1000_max": 0.413313,
        "nauc_mrr_at_1000_std": -0.115398,
        "nauc_mrr_at_1000_diff1": 0.706649,
        "main_score": 0.80689,
        "hf_subset": "default",
        "languages": [
          "eng-Latn"
        ]
      }
    ]
  },
  "evaluation_time": 173.61646938323975,
  "kg_co2_emissions": null
}