{
  "dataset_revision": "1840e8a5ac6ec752bbdd97d543ead0189bc7c25b",
  "task_name": "ChemHotpotQARetrieval",
  "mteb_version": "1.36.29",
  "scores": {
    "train": [
      {
        "ndcg_at_1": 0.86111,
        "ndcg_at_3": 0.90045,
        "ndcg_at_5": 0.90738,
        "ndcg_at_10": 0.9136,
        "ndcg_at_20": 0.91661,
        "ndcg_at_100": 0.9173,
        "ndcg_at_1000": 0.91913,
        "map_at_1": 0.84444,
        "map_at_3": 0.8875,
        "map_at_5": 0.89139,
        "map_at_10": 0.89403,
        "map_at_20": 0.89496,
        "map_at_100": 0.89515,
        "map_at_1000": 0.89523,
        "recall_at_1": 0.84444,
        "recall_at_3": 0.93056,
        "recall_at_5": 0.94722,
        "recall_at_10": 0.96667,
        "recall_at_20": 0.97778,
        "recall_at_100": 0.98056,
        "recall_at_1000": 0.99444,
        "precision_at_1": 0.86111,
        "precision_at_3": 0.32037,
        "precision_at_5": 0.19556,
        "precision_at_10": 0.1,
        "precision_at_20": 0.05056,
        "precision_at_100": 0.01017,
        "precision_at_1000": 0.00103,
        "mrr_at_1": 0.861111,
        "mrr_at_3": 0.89537,
        "mrr_at_5": 0.899259,
        "mrr_at_10": 0.901287,
        "mrr_at_20": 0.902213,
        "mrr_at_100": 0.902213,
        "mrr_at_1000": 0.902256,
        "nauc_ndcg_at_1_max": 0.507831,
        "nauc_ndcg_at_1_std": -0.3981,
        "nauc_ndcg_at_1_diff1": 0.891743,
        "nauc_ndcg_at_3_max": 0.347678,
        "nauc_ndcg_at_3_std": -0.569376,
        "nauc_ndcg_at_3_diff1": 0.734224,
        "nauc_ndcg_at_5_max": 0.327295,
        "nauc_ndcg_at_5_std": -0.549,
        "nauc_ndcg_at_5_diff1": 0.720338,
        "nauc_ndcg_at_10_max": 0.29346,
        "nauc_ndcg_at_10_std": -0.533058,
        "nauc_ndcg_at_10_diff1": 0.713184,
        "nauc_ndcg_at_20_max": 0.269656,
        "nauc_ndcg_at_20_std": -0.549034,
        "nauc_ndcg_at_20_diff1": 0.707389,
        "nauc_ndcg_at_100_max": 0.286776,
        "nauc_ndcg_at_100_std": -0.538201,
        "nauc_ndcg_at_100_diff1": 0.72787,
        "nauc_ndcg_at_1000_max": 0.30933,
        "nauc_ndcg_at_1000_std": -0.538763,
        "nauc_ndcg_at_1000_diff1": 0.745303,
        "nauc_map_at_1_max": 0.341262,
        "nauc_map_at_1_std": -0.497831,
        "nauc_map_at_1_diff1": 0.793156,
        "nauc_map_at_3_max": 0.353093,
        "nauc_map_at_3_std": -0.558595,
        "nauc_map_at_3_diff1": 0.73075,
        "nauc_map_at_5_max": 0.343427,
        "nauc_map_at_5_std": -0.548821,
        "nauc_map_at_5_diff1": 0.723893,
        "nauc_map_at_10_max": 0.333012,
        "nauc_map_at_10_std": -0.543794,
        "nauc_map_at_10_diff1": 0.721595,
        "nauc_map_at_20_max": 0.327526,
        "nauc_map_at_20_std": -0.547816,
        "nauc_map_at_20_diff1": 0.720248,
        "nauc_map_at_100_max": 0.331352,
        "nauc_map_at_100_std": -0.545428,
        "nauc_map_at_100_diff1": 0.724719,
        "nauc_map_at_1000_max": 0.332274,
        "nauc_map_at_1000_std": -0.545035,
        "nauc_map_at_1000_diff1": 0.725677,
        "nauc_recall_at_1_max": 0.341262,
        "nauc_recall_at_1_std": -0.497831,
        "nauc_recall_at_1_diff1": 0.793156,
        "nauc_recall_at_3_max": 0.175742,
        "nauc_recall_at_3_std": -0.71789,
        "nauc_recall_at_3_diff1": 0.575481,
        "nauc_recall_at_5_max": 0.038552,
        "nauc_recall_at_5_std": -0.677896,
        "nauc_recall_at_5_diff1": 0.468942,
        "nauc_recall_at_10_max": -0.400716,
        "nauc_recall_at_10_std": -0.61578,
        "nauc_recall_at_10_diff1": 0.272176,
        "nauc_recall_at_20_max": -1.068394,
        "nauc_recall_at_20_std": -0.872316,
        "nauc_recall_at_20_diff1": -0.026377,
        "nauc_recall_at_100_max": -0.972456,
        "nauc_recall_at_100_std": -0.748366,
        "nauc_recall_at_100_diff1": 0.218421,
        "nauc_recall_at_1000_max": -1.739963,
        "nauc_recall_at_1000_std": -1.739963,
        "nauc_recall_at_1000_diff1": 0.554155,
        "nauc_precision_at_1_max": 0.507831,
        "nauc_precision_at_1_std": -0.3981,
        "nauc_precision_at_1_diff1": 0.891743,
        "nauc_precision_at_3_max": 0.33465,
        "nauc_precision_at_3_std": -0.272212,
        "nauc_precision_at_3_diff1": 0.302158,
        "nauc_precision_at_5_max": 0.279397,
        "nauc_precision_at_5_std": -0.15744,
        "nauc_precision_at_5_diff1": 0.17969,
        "nauc_precision_at_10_max": 0.089794,
        "nauc_precision_at_10_std": 0.070506,
        "nauc_precision_at_10_diff1": -0.036122,
        "nauc_precision_at_20_max": -0.054627,
        "nauc_precision_at_20_std": 0.100116,
        "nauc_precision_at_20_diff1": -0.190894,
        "nauc_precision_at_100_max": 0.081909,
        "nauc_precision_at_100_std": 0.216618,
        "nauc_precision_at_100_diff1": -0.036717,
        "nauc_precision_at_1000_max": 0.275761,
        "nauc_precision_at_1000_std": 0.353618,
        "nauc_precision_at_1000_diff1": 0.01261,
        "nauc_mrr_at_1_max": 0.507831,
        "nauc_mrr_at_1_std": -0.3981,
        "nauc_mrr_at_1_diff1": 0.891743,
        "nauc_mrr_at_3_max": 0.465643,
        "nauc_mrr_at_3_std": -0.465469,
        "nauc_mrr_at_3_diff1": 0.859294,
        "nauc_mrr_at_5_max": 0.45976,
        "nauc_mrr_at_5_std": -0.451326,
        "nauc_mrr_at_5_diff1": 0.85705,
        "nauc_mrr_at_10_max": 0.451498,
        "nauc_mrr_at_10_std": -0.448244,
        "nauc_mrr_at_10_diff1": 0.858005,
        "nauc_mrr_at_20_max": 0.446801,
        "nauc_mrr_at_20_std": -0.451603,
        "nauc_mrr_at_20_diff1": 0.857896,
        "nauc_mrr_at_100_max": 0.446801,
        "nauc_mrr_at_100_std": -0.451603,
        "nauc_mrr_at_100_diff1": 0.857896,
        "nauc_mrr_at_1000_max": 0.446995,
        "nauc_mrr_at_1000_std": -0.451667,
        "nauc_mrr_at_1000_diff1": 0.857993,
        "main_score": 0.9136,
        "hf_subset": "default",
        "languages": [
          "eng-Latn"
        ]
      }
    ],
    "dev": [
      {
        "ndcg_at_1": 0.875,
        "ndcg_at_3": 0.875,
        "ndcg_at_5": 0.875,
        "ndcg_at_10": 0.875,
        "ndcg_at_20": 0.90625,
        "ndcg_at_100": 0.90625,
        "ndcg_at_1000": 0.90625,
        "map_at_1": 0.875,
        "map_at_3": 0.875,
        "map_at_5": 0.875,
        "map_at_10": 0.875,
        "map_at_20": 0.88333,
        "map_at_100": 0.88333,
        "map_at_1000": 0.88333,
        "recall_at_1": 0.875,
        "recall_at_3": 0.875,
        "recall_at_5": 0.875,
        "recall_at_10": 0.875,
        "recall_at_20": 1.0,
        "recall_at_100": 1.0,
        "recall_at_1000": 1.0,
        "precision_at_1": 0.875,
        "precision_at_3": 0.29167,
        "precision_at_5": 0.175,
        "precision_at_10": 0.0875,
        "precision_at_20": 0.05,
        "precision_at_100": 0.01,
        "precision_at_1000": 0.001,
        "mrr_at_1": 0.875,
        "mrr_at_3": 0.875,
        "mrr_at_5": 0.875,
        "mrr_at_10": 0.875,
        "mrr_at_20": 0.883333,
        "mrr_at_100": 0.883333,
        "mrr_at_1000": 0.883333,
        "nauc_ndcg_at_1_max": 1.0,
        "nauc_ndcg_at_1_std": 0.128291,
        "nauc_ndcg_at_1_diff1": 0.865546,
        "nauc_ndcg_at_3_max": 1.0,
        "nauc_ndcg_at_3_std": 0.128291,
        "nauc_ndcg_at_3_diff1": 0.865546,
        "nauc_ndcg_at_5_max": 1.0,
        "nauc_ndcg_at_5_std": 0.128291,
        "nauc_ndcg_at_5_diff1": 0.865546,
        "nauc_ndcg_at_10_max": 1.0,
        "nauc_ndcg_at_10_std": 0.128291,
        "nauc_ndcg_at_10_diff1": 0.865546,
        "nauc_ndcg_at_20_max": 1.0,
        "nauc_ndcg_at_20_std": 0.128291,
        "nauc_ndcg_at_20_diff1": 0.865546,
        "nauc_ndcg_at_100_max": 1.0,
        "nauc_ndcg_at_100_std": 0.128291,
        "nauc_ndcg_at_100_diff1": 0.865546,
        "nauc_ndcg_at_1000_max": 1.0,
        "nauc_ndcg_at_1000_std": 0.128291,
        "nauc_ndcg_at_1000_diff1": 0.865546,
        "nauc_map_at_1_max": 1.0,
        "nauc_map_at_1_std": 0.128291,
        "nauc_map_at_1_diff1": 0.865546,
        "nauc_map_at_3_max": 1.0,