{
  "dataset_revision": "8fae72a2c75530aaaac6920a02622490d923ca98",
  "task_name": "ChemRxivNC2",
  "mteb_version": "1.36.29",
  "scores": {
    "test": [
      {
        "ndcg_at_1": 0.6734,
        "ndcg_at_3": 0.7747,
        "ndcg_at_5": 0.79446,
        "ndcg_at_10": 0.80704,
        "ndcg_at_20": 0.8134,
        "ndcg_at_100": 0.81888,
        "ndcg_at_1000": 0.82045,
        "map_at_1": 0.6734,
        "map_at_3": 0.75033,
        "map_at_5": 0.76134,
        "map_at_10": 0.76658,
        "map_at_20": 0.76835,
        "map_at_100": 0.76917,
        "map_at_1000": 0.76924,
        "recall_at_1": 0.6734,
        "recall_at_3": 0.845,
        "recall_at_5": 0.8928,
        "recall_at_10": 0.9314,
        "recall_at_20": 0.9564,
        "recall_at_100": 0.985,
        "recall_at_1000": 0.9972,
        "precision_at_1": 0.6734,
        "precision_at_3": 0.28167,
        "precision_at_5": 0.17856,
        "precision_at_10": 0.09314,
        "precision_at_20": 0.04782,
        "precision_at_100": 0.00985,
        "precision_at_1000": 0.001,
        "mrr_at_1": 0.6738,
        "mrr_at_3": 0.750467,
        "mrr_at_5": 0.761497,
        "mrr_at_10": 0.766771,
        "mrr_at_20": 0.76854,
        "mrr_at_100": 0.769361,
        "mrr_at_1000": 0.769424,
        "nauc_ndcg_at_1_max": 0.406578,
        "nauc_ndcg_at_1_std": -0.141396,
        "nauc_ndcg_at_1_diff1": 0.720699,
        "nauc_ndcg_at_3_max": 0.450098,
        "nauc_ndcg_at_3_std": -0.12069,
        "nauc_ndcg_at_3_diff1": 0.680915,
        "nauc_ndcg_at_5_max": 0.461661,
        "nauc_ndcg_at_5_std": -0.110123,
        "nauc_ndcg_at_5_diff1": 0.68046,
        "nauc_ndcg_at_10_max": 0.460214,
        "nauc_ndcg_at_10_std": -0.105249,
        "nauc_ndcg_at_10_diff1": 0.687766,
        "nauc_ndcg_at_20_max": 0.457969,
        "nauc_ndcg_at_20_std": -0.098391,
        "nauc_ndcg_at_20_diff1": 0.689738,
        "nauc_ndcg_at_100_max": 0.449553,
        "nauc_ndcg_at_100_std": -0.10514,
        "nauc_ndcg_at_100_diff1": 0.690411,
        "nauc_ndcg_at_1000_max": 0.448169,
        "nauc_ndcg_at_1000_std": -0.110044,
        "nauc_ndcg_at_1000_diff1": 0.691653,
        "nauc_map_at_1_max": 0.406578,
        "nauc_map_at_1_std": -0.141396,
        "nauc_map_at_1_diff1": 0.720699,
        "nauc_map_at_3_max": 0.437169,
        "nauc_map_at_3_std": -0.126931,
        "nauc_map_at_3_diff1": 0.691134,
        "nauc_map_at_5_max": 0.442512,
        "nauc_map_at_5_std": -0.121808,
        "nauc_map_at_5_diff1": 0.691273,
        "nauc_map_at_10_max": 0.441496,
        "nauc_map_at_10_std": -0.120284,
        "nauc_map_at_10_diff1": 0.694073,
        "nauc_map_at_20_max": 0.440883,
        "nauc_map_at_20_std": -0.118808,
        "nauc_map_at_20_diff1": 0.694525,
        "nauc_map_at_100_max": 0.439762,
        "nauc_map_at_100_std": -0.119708,
        "nauc_map_at_100_diff1": 0.694619,
        "nauc_map_at_1000_max": 0.43974,
        "nauc_map_at_1000_std": -0.119843,
        "nauc_map_at_1000_diff1": 0.694668,
        "nauc_recall_at_1_max": 0.406578,
        "nauc_recall_at_1_std": -0.141396,
        "nauc_recall_at_1_diff1": 0.720699,
        "nauc_recall_at_3_max": 0.505073,
        "nauc_recall_at_3_std": -0.094094,
        "nauc_recall_at_3_diff1": 0.638455,
        "nauc_recall_at_5_max": 0.572417,
        "nauc_recall_at_5_std": -0.041677,
        "nauc_recall_at_5_diff1": 0.620831,
        "nauc_recall_at_10_max": 0.62263,
        "nauc_recall_at_10_std": 0.031345,
        "nauc_recall_at_10_diff1": 0.644356,
        "nauc_recall_at_20_max": 0.680437,
        "nauc_recall_at_20_std": 0.209268,
        "nauc_recall_at_20_diff1": 0.650436,
        "nauc_recall_at_100_max": 0.648329,
        "nauc_recall_at_100_std": 0.425347,
        "nauc_recall_at_100_diff1": 0.612599,
        "nauc_recall_at_1000_max": 0.82543,
        "nauc_recall_at_1000_std": 0.510037,
        "nauc_recall_at_1000_diff1": 0.785414,
        "nauc_precision_at_1_max": 0.406578,
        "nauc_precision_at_1_std": -0.141396,
        "nauc_precision_at_1_diff1": 0.720699,
        "nauc_precision_at_3_max": 0.505073,
        "nauc_precision_at_3_std": -0.094094,
        "nauc_precision_at_3_diff1": 0.638455,
        "nauc_precision_at_5_max": 0.572417,
        "nauc_precision_at_5_std": -0.041677,
        "nauc_precision_at_5_diff1": 0.620831,
        "nauc_precision_at_10_max": 0.62263,
        "nauc_precision_at_10_std": 0.031345,
        "nauc_precision_at_10_diff1": 0.644356,
        "nauc_precision_at_20_max": 0.680437,
        "nauc_precision_at_20_std": 0.209268,
        "nauc_precision_at_20_diff1": 0.650436,
        "nauc_precision_at_100_max": 0.648329,
        "nauc_precision_at_100_std": 0.425347,
        "nauc_precision_at_100_diff1": 0.612599,
        "nauc_precision_at_1000_max": 0.82543,
        "nauc_precision_at_1000_std": 0.510037,
        "nauc_precision_at_1000_diff1": 0.785414,
        "nauc_mrr_at_1_max": 0.40742,
        "nauc_mrr_at_1_std": -0.141533,
        "nauc_mrr_at_1_diff1": 0.719821,
        "nauc_mrr_at_3_max": 0.437634,
        "nauc_mrr_at_3_std": -0.126938,
        "nauc_mrr_at_3_diff1": 0.690691,
        "nauc_mrr_at_5_max": 0.442857,
        "nauc_mrr_at_5_std": -0.122235,
        "nauc_mrr_at_5_diff1": 0.690802,
        "nauc_mrr_at_10_max": 0.442005,
        "nauc_mrr_at_10_std": -0.120453,
        "nauc_mrr_at_10_diff1": 0.693526,
        "nauc_mrr_at_20_max": 0.441396,
        "nauc_mrr_at_20_std": -0.118978,
        "nauc_mrr_at_20_diff1": 0.693973,
        "nauc_mrr_at_100_max": 0.440277,
        "nauc_mrr_at_100_std": -0.11988,
        "nauc_mrr_at_100_diff1": 0.694065,
        "nauc_mrr_at_1000_max": 0.440255,
        "nauc_mrr_at_1000_std": -0.120014,
        "nauc_mrr_at_1000_diff1": 0.694114,
        "main_score": 0.80704,
        "hf_subset": "default",
        "languages": [
          "eng-Latn"
        ]
      }
    ]
  },
  "evaluation_time": 176.22291040420532,
  "kg_co2_emissions": null
}