{
  "dataset_revision": "c22ab2a51041ffd869aaddef7af8d8215647e41a",
  "task_name": "ArguAna",
  "mteb_version": "1.36.29",
  "scores": {
    "test": [
      {
        "ndcg_at_1": 0.25249,
        "ndcg_at_3": 0.40745,
        "ndcg_at_5": 0.4544,
        "ndcg_at_10": 0.5075,
        "ndcg_at_20": 0.53524,
        "ndcg_at_100": 0.54952,
        "ndcg_at_1000": 0.55172,
        "map_at_1": 0.25249,
        "map_at_3": 0.3689,
        "map_at_5": 0.395,
        "map_at_10": 0.41716,
        "map_at_20": 0.42489,
        "map_at_100": 0.42706,
        "map_at_1000": 0.42715,
        "recall_at_1": 0.25249,
        "recall_at_3": 0.5192,
        "recall_at_5": 0.633,
        "recall_at_10": 0.79587,
        "recall_at_20": 0.90469,
        "recall_at_100": 0.97866,
        "recall_at_1000": 0.99573,
        "precision_at_1": 0.25249,
        "precision_at_3": 0.17307,
        "precision_at_5": 0.1266,
        "precision_at_10": 0.07959,
        "precision_at_20": 0.04523,
        "precision_at_100": 0.00979,
        "precision_at_1000": 0.001,
        "mrr_at_1": 0.256046,
        "mrr_at_3": 0.369725,
        "mrr_at_5": 0.396183,
        "mrr_at_10": 0.418354,
        "mrr_at_20": 0.426092,
        "mrr_at_100": 0.428265,
        "mrr_at_1000": 0.428353,
        "nauc_ndcg_at_1_max": -0.107321,
        "nauc_ndcg_at_1_std": -0.15767,
        "nauc_ndcg_at_1_diff1": 0.023225,
        "nauc_ndcg_at_3_max": -0.073117,
        "nauc_ndcg_at_3_std": -0.137401,
        "nauc_ndcg_at_3_diff1": -0.019753,
        "nauc_ndcg_at_5_max": -0.062319,
        "nauc_ndcg_at_5_std": -0.132858,
        "nauc_ndcg_at_5_diff1": -0.016593,
        "nauc_ndcg_at_10_max": -0.047142,
        "nauc_ndcg_at_10_std": -0.127416,
        "nauc_ndcg_at_10_diff1": -0.009433,
        "nauc_ndcg_at_20_max": -0.043312,
        "nauc_ndcg_at_20_std": -0.107411,
        "nauc_ndcg_at_20_diff1": -0.005825,
        "nauc_ndcg_at_100_max": -0.0559,
        "nauc_ndcg_at_100_std": -0.119832,
        "nauc_ndcg_at_100_diff1": -0.00363,
        "nauc_ndcg_at_1000_max": -0.061905,
        "nauc_ndcg_at_1000_std": -0.126038,
        "nauc_ndcg_at_1000_diff1": -0.006669,
        "nauc_map_at_1_max": -0.107321,
        "nauc_map_at_1_std": -0.15767,
        "nauc_map_at_1_diff1": 0.023225,
        "nauc_map_at_3_max": -0.081232,
        "nauc_map_at_3_std": -0.142041,
        "nauc_map_at_3_diff1": -0.011178,
        "nauc_map_at_5_max": -0.07566,
        "nauc_map_at_5_std": -0.140081,
        "nauc_map_at_5_diff1": -0.009089,
        "nauc_map_at_10_max": -0.071379,
        "nauc_map_at_10_std": -0.138831,
        "nauc_map_at_10_diff1": -0.006498,
        "nauc_map_at_20_max": -0.071204,
        "nauc_map_at_20_std": -0.134527,
        "nauc_map_at_20_diff1": -0.005855,
        "nauc_map_at_100_max": -0.072987,
        "nauc_map_at_100_std": -0.136318,
        "nauc_map_at_100_diff1": -0.005753,
        "nauc_map_at_1000_max": -0.073189,
        "nauc_map_at_1000_std": -0.136534,
        "nauc_map_at_1000_diff1": -0.005854,
        "nauc_recall_at_1_max": -0.107321,
        "nauc_recall_at_1_std": -0.15767,
        "nauc_recall_at_1_diff1": 0.023225,
        "nauc_recall_at_3_max": -0.050252,
        "nauc_recall_at_3_std": -0.124391,
        "nauc_recall_at_3_diff1": -0.043281,
        "nauc_recall_at_5_max": -0.018352,
        "nauc_recall_at_5_std": -0.108876,
        "nauc_recall_at_5_diff1": -0.039202,
        "nauc_recall_at_10_max": 0.082875,
        "nauc_recall_at_10_std": -0.066508,
        "nauc_recall_at_10_diff1": -0.015283,
        "nauc_recall_at_20_max": 0.257162,
        "nauc_recall_at_20_std": 0.212027,
        "nauc_recall_at_20_diff1": 0.023782,
        "nauc_recall_at_100_max": 0.552883,
        "nauc_recall_at_100_std": 0.5911,
        "nauc_recall_at_100_diff1": 0.285091,
        "nauc_recall_at_1000_max": 0.353769,
        "nauc_recall_at_1000_std": 0.73233,
        "nauc_recall_at_1000_diff1": 0.123419,
        "nauc_precision_at_1_max": -0.107321,
        "nauc_precision_at_1_std": -0.15767,
        "nauc_precision_at_1_diff1": 0.023225,
        "nauc_precision_at_3_max": -0.050252,
        "nauc_precision_at_3_std": -0.124391,
        "nauc_precision_at_3_diff1": -0.043281,
        "nauc_precision_at_5_max": -0.018352,
        "nauc_precision_at_5_std": -0.108876,
        "nauc_precision_at_5_diff1": -0.039202,
        "nauc_precision_at_10_max": 0.082875,
        "nauc_precision_at_10_std": -0.066508,
        "nauc_precision_at_10_diff1": -0.015283,
        "nauc_precision_at_20_max": 0.257162,
        "nauc_precision_at_20_std": 0.212027,
        "nauc_precision_at_20_diff1": 0.023782,
        "nauc_precision_at_100_max": 0.552883,
        "nauc_precision_at_100_std": 0.5911,
        "nauc_precision_at_100_diff1": 0.285091,
        "nauc_precision_at_1000_max": 0.353769,
        "nauc_precision_at_1000_std": 0.73233,
        "nauc_precision_at_1000_diff1": 0.123419,
        "nauc_mrr_at_1_max": -0.108993,
        "nauc_mrr_at_1_std": -0.152721,
        "nauc_mrr_at_1_diff1": 0.011993,
        "nauc_mrr_at_3_max": -0.088339,
        "nauc_mrr_at_3_std": -0.142951,
        "nauc_mrr_at_3_diff1": -0.022574,
        "nauc_mrr_at_5_max": -0.081148,
        "nauc_mrr_at_5_std": -0.139499,
        "nauc_mrr_at_5_diff1": -0.018968,
        "nauc_mrr_at_10_max": -0.077347,
        "nauc_mrr_at_10_std": -0.138311,
        "nauc_mrr_at_10_diff1": -0.017067,
        "nauc_mrr_at_20_max": -0.077349,
        "nauc_mrr_at_20_std": -0.13404,
        "nauc_mrr_at_20_diff1": -0.016742,
        "nauc_mrr_at_100_max": -0.07917,
        "nauc_mrr_at_100_std": -0.135822,
        "nauc_mrr_at_100_diff1": -0.016719,
        "nauc_mrr_at_1000_max": -0.079373,
        "nauc_mrr_at_1000_std": -0.136037,
        "nauc_mrr_at_1000_diff1": -0.016823,
        "main_score": 0.5075,
        "hf_subset": "default",
        "languages": [
          "eng-Latn"
        ]
      }
    ]
  },
  "evaluation_time": 24.976405143737793,
  "kg_co2_emissions": null
}