{
  "dataset_revision": "bb9466bac8153a0349341eb1b22e06409e78ef4e",
  "task_name": "TRECCOVID",
  "mteb_version": "1.36.29",
  "scores": {
    "test": [
      {
        "ndcg_at_1": 0.77,
        "ndcg_at_3": 0.67978,
        "ndcg_at_5": 0.63431,
        "ndcg_at_10": 0.58698,
        "ndcg_at_20": 0.5381,
        "ndcg_at_100": 0.38958,
        "ndcg_at_1000": 0.33627,
        "map_at_1": 0.0022,
        "map_at_3": 0.00541,
        "map_at_5": 0.00754,
        "map_at_10": 0.01244,
        "map_at_20": 0.02063,
        "map_at_100": 0.05742,
        "map_at_1000": 0.12794,
        "recall_at_1": 0.0022,
        "recall_at_3": 0.00569,
        "recall_at_5": 0.00821,
        "recall_at_10": 0.01456,
        "recall_at_20": 0.02612,
        "recall_at_100": 0.08824,
        "recall_at_1000": 0.31221,
        "precision_at_1": 0.84,
        "precision_at_3": 0.71333,
        "precision_at_5": 0.656,
        "precision_at_10": 0.602,
        "precision_at_20": 0.548,
        "precision_at_100": 0.3874,
        "precision_at_1000": 0.14838,
        "mrr_at_1": 0.84,
        "mrr_at_3": 0.88,
        "mrr_at_5": 0.884,
        "mrr_at_10": 0.8865,
        "mrr_at_20": 0.8865,
        "mrr_at_100": 0.887309,
        "mrr_at_1000": 0.887309,
        "nauc_ndcg_at_1_max": 0.108511,
        "nauc_ndcg_at_1_std": 0.190325,
        "nauc_ndcg_at_1_diff1": 0.35863,
        "nauc_ndcg_at_3_max": 0.210409,
        "nauc_ndcg_at_3_std": 0.463689,
        "nauc_ndcg_at_3_diff1": 0.081408,
        "nauc_ndcg_at_5_max": 0.193558,
        "nauc_ndcg_at_5_std": 0.60256,
        "nauc_ndcg_at_5_diff1": -0.000213,
        "nauc_ndcg_at_10_max": 0.232148,
        "nauc_ndcg_at_10_std": 0.673077,
        "nauc_ndcg_at_10_diff1": 0.036801,
        "nauc_ndcg_at_20_max": 0.170906,
        "nauc_ndcg_at_20_std": 0.686216,
        "nauc_ndcg_at_20_diff1": -0.056129,
        "nauc_ndcg_at_100_max": 0.208135,
        "nauc_ndcg_at_100_std": 0.823362,
        "nauc_ndcg_at_100_diff1": -0.097757,
        "nauc_ndcg_at_1000_max": 0.164681,
        "nauc_ndcg_at_1000_std": 0.798722,
        "nauc_ndcg_at_1000_diff1": 0.021409,
        "nauc_map_at_1_max": 0.048719,
        "nauc_map_at_1_std": -0.10702,
        "nauc_map_at_1_diff1": 0.25263,
        "nauc_map_at_3_max": 0.070149,
        "nauc_map_at_3_std": 0.028964,
        "nauc_map_at_3_diff1": 0.164014,
        "nauc_map_at_5_max": 0.139799,
        "nauc_map_at_5_std": 0.21547,
        "nauc_map_at_5_diff1": 0.188945,
        "nauc_map_at_10_max": 0.127555,
        "nauc_map_at_10_std": 0.360457,
        "nauc_map_at_10_diff1": 0.156828,
        "nauc_map_at_20_max": 0.12259,
        "nauc_map_at_20_std": 0.477258,
        "nauc_map_at_20_diff1": 0.090263,
        "nauc_map_at_100_max": 0.175603,
        "nauc_map_at_100_std": 0.748125,
        "nauc_map_at_100_diff1": -0.005011,
        "nauc_map_at_1000_max": 0.201387,
        "nauc_map_at_1000_std": 0.8628,
        "nauc_map_at_1000_diff1": -0.04906,
        "nauc_recall_at_1_max": 0.048719,
        "nauc_recall_at_1_std": -0.10702,
        "nauc_recall_at_1_diff1": 0.25263,
        "nauc_recall_at_3_max": 0.053981,
        "nauc_recall_at_3_std": 0.017122,
        "nauc_recall_at_3_diff1": 0.142387,
        "nauc_recall_at_5_max": 0.122087,
        "nauc_recall_at_5_std": 0.196762,
        "nauc_recall_at_5_diff1": 0.19566,
        "nauc_recall_at_10_max": 0.098209,
        "nauc_recall_at_10_std": 0.297293,
        "nauc_recall_at_10_diff1": 0.190163,
        "nauc_recall_at_20_max": 0.107376,
        "nauc_recall_at_20_std": 0.391107,
        "nauc_recall_at_20_diff1": 0.128854,
        "nauc_recall_at_100_max": 0.159615,
        "nauc_recall_at_100_std": 0.67515,
        "nauc_recall_at_100_diff1": 0.042745,
        "nauc_recall_at_1000_max": 0.143307,
        "nauc_recall_at_1000_std": 0.738167,
        "nauc_recall_at_1000_diff1": 0.055068,
        "nauc_precision_at_1_max": 0.461647,
        "nauc_precision_at_1_std": 0.324804,
        "nauc_precision_at_1_diff1": 0.469624,
        "nauc_precision_at_3_max": 0.306199,
        "nauc_precision_at_3_std": 0.530073,
        "nauc_precision_at_3_diff1": 0.010679,
        "nauc_precision_at_5_max": 0.246721,
        "nauc_precision_at_5_std": 0.657813,
        "nauc_precision_at_5_diff1": -0.027567,
        "nauc_precision_at_10_max": 0.238192,
        "nauc_precision_at_10_std": 0.694286,
        "nauc_precision_at_10_diff1": 0.029812,
        "nauc_precision_at_20_max": 0.197554,
        "nauc_precision_at_20_std": 0.716216,
        "nauc_precision_at_20_diff1": -0.081226,
        "nauc_precision_at_100_max": 0.212592,
        "nauc_precision_at_100_std": 0.841583,
        "nauc_precision_at_100_diff1": -0.112263,
        "nauc_precision_at_1000_max": 0.172842,
        "nauc_precision_at_1000_std": 0.72667,
        "nauc_precision_at_1000_diff1": -0.094813,
        "nauc_mrr_at_1_max": 0.461647,
        "nauc_mrr_at_1_std": 0.324804,
        "nauc_mrr_at_1_diff1": 0.469624,
        "nauc_mrr_at_3_max": 0.556668,
        "nauc_mrr_at_3_std": 0.499759,
        "nauc_mrr_at_3_diff1": 0.496179,
        "nauc_mrr_at_5_max": 0.540846,
        "nauc_mrr_at_5_std": 0.486571,
        "nauc_mrr_at_5_diff1": 0.520002,
        "nauc_mrr_at_10_max": 0.536708,
        "nauc_mrr_at_10_std": 0.481194,
        "nauc_mrr_at_10_diff1": 0.509051,
        "nauc_mrr_at_20_max": 0.536708,
        "nauc_mrr_at_20_std": 0.481194,
        "nauc_mrr_at_20_diff1": 0.509051,
        "nauc_mrr_at_100_max": 0.536078,
        "nauc_mrr_at_100_std": 0.478309,
        "nauc_mrr_at_100_diff1": 0.50786,
        "nauc_mrr_at_1000_max": 0.536078,
        "nauc_mrr_at_1000_std": 0.478309,
        "nauc_mrr_at_1000_diff1": 0.50786,
        "main_score": 0.58698,
        "hf_subset": "default",
        "languages": [
          "eng-Latn"
        ]
      }
    ]
  },
  "evaluation_time": 629.2984273433685,
  "kg_co2_emissions": null
}