{
  "dataset_revision": "8fae72a2c75530aaaac6920a02622490d923ca98",
  "task_name": "ChemRxivNC2",
  "mteb_version": "1.36.29",
  "scores": {
    "test": [
      {
        "ndcg_at_1": 0.7508,
        "ndcg_at_3": 0.83651,
        "ndcg_at_5": 0.85228,
        "ndcg_at_10": 0.86174,
        "ndcg_at_20": 0.86519,
        "ndcg_at_100": 0.86838,
        "ndcg_at_1000": 0.86922,
        "map_at_1": 0.7508,
        "map_at_3": 0.81607,
        "map_at_5": 0.82494,
        "map_at_10": 0.82889,
        "map_at_20": 0.82984,
        "map_at_100": 0.83031,
        "map_at_1000": 0.83034,
        "recall_at_1": 0.7508,
        "recall_at_3": 0.8954,
        "recall_at_5": 0.9332,
        "recall_at_10": 0.9622,
        "recall_at_20": 0.9758,
        "recall_at_100": 0.9926,
        "recall_at_1000": 0.9992,
        "precision_at_1": 0.7508,
        "precision_at_3": 0.29847,
        "precision_at_5": 0.18664,
        "precision_at_10": 0.09622,
        "precision_at_20": 0.04879,
        "precision_at_100": 0.00993,
        "precision_at_1000": 0.001,
        "mrr_at_1": 0.7514,
        "mrr_at_3": 0.816367,
        "mrr_at_5": 0.825237,
        "mrr_at_10": 0.829192,
        "mrr_at_20": 0.830143,
        "mrr_at_100": 0.830609,
        "mrr_at_1000": 0.830642,
        "nauc_ndcg_at_1_max": 0.401088,
        "nauc_ndcg_at_1_std": -0.208752,
        "nauc_ndcg_at_1_diff1": 0.785104,
        "nauc_ndcg_at_3_max": 0.457884,
        "nauc_ndcg_at_3_std": -0.179123,
        "nauc_ndcg_at_3_diff1": 0.748063,
        "nauc_ndcg_at_5_max": 0.464855,
        "nauc_ndcg_at_5_std": -0.16903,
        "nauc_ndcg_at_5_diff1": 0.756372,
        "nauc_ndcg_at_10_max": 0.460532,
        "nauc_ndcg_at_10_std": -0.171406,
        "nauc_ndcg_at_10_diff1": 0.758414,
        "nauc_ndcg_at_20_max": 0.455988,
        "nauc_ndcg_at_20_std": -0.171916,
        "nauc_ndcg_at_20_diff1": 0.76084,
        "nauc_ndcg_at_100_max": 0.449814,
        "nauc_ndcg_at_100_std": -0.177884,
        "nauc_ndcg_at_100_diff1": 0.762839,
        "nauc_ndcg_at_1000_max": 0.446959,
        "nauc_ndcg_at_1000_std": -0.179871,
        "nauc_ndcg_at_1000_diff1": 0.762266,
        "nauc_map_at_1_max": 0.401088,
        "nauc_map_at_1_std": -0.208752,
        "nauc_map_at_1_diff1": 0.785104,
        "nauc_map_at_3_max": 0.440437,
        "nauc_map_at_3_std": -0.189321,
        "nauc_map_at_3_diff1": 0.758506,
        "nauc_map_at_5_max": 0.442529,
        "nauc_map_at_5_std": -0.185297,
        "nauc_map_at_5_diff1": 0.763149,
        "nauc_map_at_10_max": 0.440526,
        "nauc_map_at_10_std": -0.186426,
        "nauc_map_at_10_diff1": 0.763981,
        "nauc_map_at_20_max": 0.439338,
        "nauc_map_at_20_std": -0.186679,
        "nauc_map_at_20_diff1": 0.764468,
        "nauc_map_at_100_max": 0.43861,
        "nauc_map_at_100_std": -0.187201,
        "nauc_map_at_100_diff1": 0.764696,
        "nauc_map_at_1000_max": 0.438519,
        "nauc_map_at_1000_std": -0.187257,
        "nauc_map_at_1000_diff1": 0.764676,
        "nauc_recall_at_1_max": 0.401088,
        "nauc_recall_at_1_std": -0.208752,
        "nauc_recall_at_1_diff1": 0.785104,
        "nauc_recall_at_3_max": 0.539501,
        "nauc_recall_at_3_std": -0.130653,
        "nauc_recall_at_3_diff1": 0.69986,
        "nauc_recall_at_5_max": 0.622258,
        "nauc_recall_at_5_std": -0.051418,
        "nauc_recall_at_5_diff1": 0.712968,
        "nauc_recall_at_10_max": 0.697565,
        "nauc_recall_at_10_std": 0.012437,
        "nauc_recall_at_10_diff1": 0.7015,
        "nauc_recall_at_20_max": 0.742231,
        "nauc_recall_at_20_std": 0.107716,
        "nauc_recall_at_20_diff1": 0.722531,
        "nauc_recall_at_100_max": 0.851692,
        "nauc_recall_at_100_std": 0.171878,
        "nauc_recall_at_100_diff1": 0.80936,
        "nauc_recall_at_1000_max": 0.855859,
        "nauc_recall_at_1000_std": 0.674953,
        "nauc_recall_at_1000_diff1": 0.554855,
        "nauc_precision_at_1_max": 0.401088,
        "nauc_precision_at_1_std": -0.208752,
        "nauc_precision_at_1_diff1": 0.785104,
        "nauc_precision_at_3_max": 0.539501,
        "nauc_precision_at_3_std": -0.130653,
        "nauc_precision_at_3_diff1": 0.69986,
        "nauc_precision_at_5_max": 0.622258,
        "nauc_precision_at_5_std": -0.051418,
        "nauc_precision_at_5_diff1": 0.712968,
        "nauc_precision_at_10_max": 0.697565,
        "nauc_precision_at_10_std": 0.012437,
        "nauc_precision_at_10_diff1": 0.7015,
        "nauc_precision_at_20_max": 0.742231,
        "nauc_precision_at_20_std": 0.107716,
        "nauc_precision_at_20_diff1": 0.722531,
        "nauc_precision_at_100_max": 0.851692,
        "nauc_precision_at_100_std": 0.171878,
        "nauc_precision_at_100_diff1": 0.80936,
        "nauc_precision_at_1000_max": 0.855859,
        "nauc_precision_at_1000_std": 0.674953,
        "nauc_precision_at_1000_diff1": 0.554855,
        "nauc_mrr_at_1_max": 0.405582,
        "nauc_mrr_at_1_std": -0.204546,
        "nauc_mrr_at_1_diff1": 0.783934,
        "nauc_mrr_at_3_max": 0.443438,
        "nauc_mrr_at_3_std": -0.186535,
        "nauc_mrr_at_3_diff1": 0.757703,
        "nauc_mrr_at_5_max": 0.445696,
        "nauc_mrr_at_5_std": -0.182354,
        "nauc_mrr_at_5_diff1": 0.76231,
        "nauc_mrr_at_10_max": 0.44377,
        "nauc_mrr_at_10_std": -0.18341,
        "nauc_mrr_at_10_diff1": 0.763122,
        "nauc_mrr_at_20_max": 0.4426,
        "nauc_mrr_at_20_std": -0.183645,
        "nauc_mrr_at_20_diff1": 0.763604,
        "nauc_mrr_at_100_max": 0.441879,
        "nauc_mrr_at_100_std": -0.184161,
        "nauc_mrr_at_100_diff1": 0.763829,
        "nauc_mrr_at_1000_max": 0.441789,
        "nauc_mrr_at_1000_std": -0.184215,
        "nauc_mrr_at_1000_diff1": 0.763809,
        "main_score": 0.86174,
        "hf_subset": "default",
        "languages": [
          "eng-Latn"
        ]
      }
    ]
  },
  "evaluation_time": 174.93029713630676,
  "kg_co2_emissions": null
}