{
  "dataset_revision": "f33a205966ce032f957c3a22f4f9e378f89a2c56",
  "task_name": "PubChemAISentenceParaphrasePC",
  "mteb_version": "1.36.29",
  "scores": {
    "test": [
      {
        "similarity_accuracy": 0.980957,
        "similarity_accuracy_threshold": 0.886103,
        "similarity_f1": 0.900763,
        "similarity_f1_threshold": 0.886103,
        "similarity_precision": 0.941489,
        "similarity_recall": 0.863415,
        "similarity_ap": 0.941374,
        "cosine_accuracy": 0.980957,
        "cosine_accuracy_threshold": 0.886103,
        "cosine_f1": 0.900763,
        "cosine_f1_threshold": 0.886103,
        "cosine_precision": 0.941489,
        "cosine_recall": 0.863415,
        "cosine_ap": 0.941374,
        "manhattan_accuracy": 0.979004,
        "manhattan_accuracy_threshold": 193.931168,
        "manhattan_f1": 0.888325,
        "manhattan_f1_threshold": 207.463165,
        "manhattan_precision": 0.925926,
        "manhattan_recall": 0.853659,
        "manhattan_ap": 0.929985,
        "euclidean_accuracy": 0.979004,
        "euclidean_accuracy_threshold": 9.437963,
        "euclidean_f1": 0.891139,
        "euclidean_f1_threshold": 9.437963,
        "euclidean_precision": 0.926316,
        "euclidean_recall": 0.858537,
        "euclidean_ap": 0.929803,
        "dot_accuracy": 0.932129,
        "dot_accuracy_threshold": 354.848175,
        "dot_f1": 0.650442,
        "dot_f1_threshold": 321.274719,
        "dot_precision": 0.595142,
        "dot_recall": 0.717073,
        "dot_ap": 0.699321,
        "max_accuracy": 0.980957,
        "max_f1": 0.900763,
        "max_precision": 0.941489,
        "max_recall": 0.863415,
        "max_ap": 0.941374,
        "main_score": 0.941374,
        "hf_subset": "default",
        "languages": [
          "eng-Latn"
        ]
      }
    ]
  },
  "evaluation_time": 3.2879340648651123,
  "kg_co2_emissions": null
}