{
  "dataset_revision": "4885aa143210c98657558c04aaf3dc47cfb54340",
  "task_name": "CQADupstackGamingRetrieval",
  "mteb_version": "1.36.29",
  "scores": {
    "test": [
      {
        "ndcg_at_1": 0.45141,
        "ndcg_at_3": 0.51478,
        "ndcg_at_5": 0.53827,
        "ndcg_at_10": 0.56253,
        "ndcg_at_20": 0.57922,
        "ndcg_at_100": 0.6018,
        "ndcg_at_1000": 0.61552,
        "map_at_1": 0.39568,
        "map_at_3": 0.47877,
        "map_at_5": 0.49485,
        "map_at_10": 0.50741,
        "map_at_20": 0.51335,
        "map_at_100": 0.51732,
        "map_at_1000": 0.51798,
        "recall_at_1": 0.39568,
        "recall_at_3": 0.56033,
        "recall_at_5": 0.61826,
        "recall_at_10": 0.68775,
        "recall_at_20": 0.74813,
        "recall_at_100": 0.85726,
        "recall_at_1000": 0.95466,
        "precision_at_1": 0.45141,
        "precision_at_3": 0.22675,
        "precision_at_5": 0.15348,
        "precision_at_10": 0.08828,
        "precision_at_20": 0.04937,
        "precision_at_100": 0.01171,
        "precision_at_1000": 0.00134,
        "mrr_at_1": 0.451411,
        "mrr_at_3": 0.523929,
        "mrr_at_5": 0.537252,
        "mrr_at_10": 0.54575,
        "mrr_at_20": 0.54928,
        "mrr_at_100": 0.551721,
        "mrr_at_1000": 0.552115,
        "nauc_ndcg_at_1_max": 0.486038,
        "nauc_ndcg_at_1_std": -0.044936,
        "nauc_ndcg_at_1_diff1": 0.617843,
        "nauc_ndcg_at_3_max": 0.47449,
        "nauc_ndcg_at_3_std": -0.039135,
        "nauc_ndcg_at_3_diff1": 0.551757,
        "nauc_ndcg_at_5_max": 0.473449,
        "nauc_ndcg_at_5_std": -0.029175,
        "nauc_ndcg_at_5_diff1": 0.542892,
        "nauc_ndcg_at_10_max": 0.478091,
        "nauc_ndcg_at_10_std": -0.014325,
        "nauc_ndcg_at_10_diff1": 0.544083,
        "nauc_ndcg_at_20_max": 0.479363,
        "nauc_ndcg_at_20_std": -0.003221,
        "nauc_ndcg_at_20_diff1": 0.543696,
        "nauc_ndcg_at_100_max": 0.484946,
        "nauc_ndcg_at_100_std": 0.010266,
        "nauc_ndcg_at_100_diff1": 0.545159,
        "nauc_ndcg_at_1000_max": 0.484699,
        "nauc_ndcg_at_1000_std": 0.005834,
        "nauc_ndcg_at_1000_diff1": 0.550724,
        "nauc_map_at_1_max": 0.411513,
        "nauc_map_at_1_std": -0.091655,
        "nauc_map_at_1_diff1": 0.612326,
        "nauc_map_at_3_max": 0.455581,
        "nauc_map_at_3_std": -0.063126,
        "nauc_map_at_3_diff1": 0.567863,
        "nauc_map_at_5_max": 0.458103,
        "nauc_map_at_5_std": -0.053101,
        "nauc_map_at_5_diff1": 0.560754,
        "nauc_map_at_10_max": 0.462606,
        "nauc_map_at_10_std": -0.043475,
        "nauc_map_at_10_diff1": 0.560252,
        "nauc_map_at_20_max": 0.465361,
        "nauc_map_at_20_std": -0.037747,
        "nauc_map_at_20_diff1": 0.560699,
        "nauc_map_at_100_max": 0.467287,
        "nauc_map_at_100_std": -0.034403,
        "nauc_map_at_100_diff1": 0.560476,
        "nauc_map_at_1000_max": 0.467377,
        "nauc_map_at_1000_std": -0.034299,
        "nauc_map_at_1000_diff1": 0.560659,
        "nauc_recall_at_1_max": 0.411513,
        "nauc_recall_at_1_std": -0.091655,
        "nauc_recall_at_1_diff1": 0.612326,
        "nauc_recall_at_3_max": 0.447856,
        "nauc_recall_at_3_std": -0.049153,
        "nauc_recall_at_3_diff1": 0.501189,
        "nauc_recall_at_5_max": 0.446934,
        "nauc_recall_at_5_std": -0.013471,
        "nauc_recall_at_5_diff1": 0.467806,
        "nauc_recall_at_10_max": 0.458883,
        "nauc_recall_at_10_std": 0.036816,
        "nauc_recall_at_10_diff1": 0.459923,
        "nauc_recall_at_20_max": 0.461785,
        "nauc_recall_at_20_std": 0.097024,
        "nauc_recall_at_20_diff1": 0.442022,
        "nauc_recall_at_100_max": 0.495223,
        "nauc_recall_at_100_std": 0.263836,
        "nauc_recall_at_100_diff1": 0.40925,
        "nauc_recall_at_1000_max": 0.508423,
        "nauc_recall_at_1000_std": 0.478714,
        "nauc_recall_at_1000_diff1": 0.436605,
        "nauc_precision_at_1_max": 0.486038,
        "nauc_precision_at_1_std": -0.044936,
        "nauc_precision_at_1_diff1": 0.617843,
        "nauc_precision_at_3_max": 0.47738,
        "nauc_precision_at_3_std": 0.074816,
        "nauc_precision_at_3_diff1": 0.364959,
        "nauc_precision_at_5_max": 0.431298,
        "nauc_precision_at_5_std": 0.125315,
        "nauc_precision_at_5_diff1": 0.268217,
        "nauc_precision_at_10_max": 0.377293,
        "nauc_precision_at_10_std": 0.202949,
        "nauc_precision_at_10_diff1": 0.168198,
        "nauc_precision_at_20_max": 0.328168,
        "nauc_precision_at_20_std": 0.266979,
        "nauc_precision_at_20_diff1": 0.083157,
        "nauc_precision_at_100_max": 0.246753,
        "nauc_precision_at_100_std": 0.368211,
        "nauc_precision_at_100_diff1": -0.053817,
        "nauc_precision_at_1000_max": 0.132998,
        "nauc_precision_at_1000_std": 0.36722,
        "nauc_precision_at_1000_diff1": -0.13966,
        "nauc_mrr_at_1_max": 0.486038,
        "nauc_mrr_at_1_std": -0.044936,
        "nauc_mrr_at_1_diff1": 0.617843,
        "nauc_mrr_at_3_max": 0.501709,
        "nauc_mrr_at_3_std": -0.022136,
        "nauc_mrr_at_3_diff1": 0.574789,
        "nauc_mrr_at_5_max": 0.50126,
        "nauc_mrr_at_5_std": -0.015129,
        "nauc_mrr_at_5_diff1": 0.570942,
        "nauc_mrr_at_10_max": 0.501747,
        "nauc_mrr_at_10_std": -0.010724,
        "nauc_mrr_at_10_diff1": 0.571353,
        "nauc_mrr_at_20_max": 0.500753,
        "nauc_mrr_at_20_std": -0.009579,
        "nauc_mrr_at_20_diff1": 0.570849,
        "nauc_mrr_at_100_max": 0.501105,
        "nauc_mrr_at_100_std": -0.00928,
        "nauc_mrr_at_100_diff1": 0.571643,
        "nauc_mrr_at_1000_max": 0.501073,
        "nauc_mrr_at_1000_std": -0.009508,
        "nauc_mrr_at_1000_diff1": 0.571849,
        "main_score": 0.56253,
        "hf_subset": "default",
        "languages": [
          "eng-Latn"
        ]
      }
    ]
  },
  "evaluation_time": 72.47098302841187,
  "kg_co2_emissions": null
}