{
  "dataset_revision": "27a168819829fe9bcd655c2df245fb19452e8e06",
  "task_name": "FiQA2018",
  "mteb_version": "1.36.29",
  "scores": {
    "test": [
      {
        "ndcg_at_1": 0.34105,
        "ndcg_at_3": 0.30929,
        "ndcg_at_5": 0.32573,
        "ndcg_at_10": 0.34854,
        "ndcg_at_20": 0.36913,
        "ndcg_at_100": 0.40696,
        "ndcg_at_1000": 0.43989,
        "map_at_1": 0.17781,
        "map_at_3": 0.24131,
        "map_at_5": 0.26284,
        "map_at_10": 0.27803,
        "map_at_20": 0.28567,
        "map_at_100": 0.29282,
        "map_at_1000": 0.2946,
        "recall_at_1": 0.17781,
        "recall_at_3": 0.27953,
        "recall_at_5": 0.34225,
        "recall_at_10": 0.41415,
        "recall_at_20": 0.47777,
        "recall_at_100": 0.63065,
        "recall_at_1000": 0.82985,
        "precision_at_1": 0.34105,
        "precision_at_3": 0.20113,
        "precision_at_5": 0.15185,
        "precision_at_10": 0.09475,
        "precision_at_20": 0.05602,
        "precision_at_100": 0.01556,
        "precision_at_1000": 0.00215,
        "mrr_at_1": 0.341049,
        "mrr_at_3": 0.395576,
        "mrr_at_5": 0.412011,
        "mrr_at_10": 0.422208,
        "mrr_at_20": 0.426725,
        "mrr_at_100": 0.430181,
        "mrr_at_1000": 0.430697,
        "nauc_ndcg_at_1_max": 0.360997,
        "nauc_ndcg_at_1_std": 0.010423,
        "nauc_ndcg_at_1_diff1": 0.455242,
        "nauc_ndcg_at_3_max": 0.273143,
        "nauc_ndcg_at_3_std": -0.013306,
        "nauc_ndcg_at_3_diff1": 0.371785,
        "nauc_ndcg_at_5_max": 0.250687,
        "nauc_ndcg_at_5_std": -0.024672,
        "nauc_ndcg_at_5_diff1": 0.362896,
        "nauc_ndcg_at_10_max": 0.252945,
        "nauc_ndcg_at_10_std": -0.007888,
        "nauc_ndcg_at_10_diff1": 0.378076,
        "nauc_ndcg_at_20_max": 0.255623,
        "nauc_ndcg_at_20_std": 0.008442,
        "nauc_ndcg_at_20_diff1": 0.375499,
        "nauc_ndcg_at_100_max": 0.260916,
        "nauc_ndcg_at_100_std": 0.027182,
        "nauc_ndcg_at_100_diff1": 0.3621,
        "nauc_ndcg_at_1000_max": 0.281172,
        "nauc_ndcg_at_1000_std": 0.035498,
        "nauc_ndcg_at_1000_diff1": 0.368391,
        "nauc_map_at_1_max": 0.192291,
        "nauc_map_at_1_std": -0.037109,
        "nauc_map_at_1_diff1": 0.408773,
        "nauc_map_at_3_max": 0.200863,
        "nauc_map_at_3_std": -0.043084,
        "nauc_map_at_3_diff1": 0.383082,
        "nauc_map_at_5_max": 0.213943,
        "nauc_map_at_5_std": -0.046569,
        "nauc_map_at_5_diff1": 0.373413,
        "nauc_map_at_10_max": 0.228314,
        "nauc_map_at_10_std": -0.032694,
        "nauc_map_at_10_diff1": 0.379448,
        "nauc_map_at_20_max": 0.232132,
        "nauc_map_at_20_std": -0.023473,
        "nauc_map_at_20_diff1": 0.379548,
        "nauc_map_at_100_max": 0.233398,
        "nauc_map_at_100_std": -0.020267,
        "nauc_map_at_100_diff1": 0.377571,
        "nauc_map_at_1000_max": 0.234986,
        "nauc_map_at_1000_std": -0.019473,
        "nauc_map_at_1000_diff1": 0.37776,
        "nauc_recall_at_1_max": 0.192291,
        "nauc_recall_at_1_std": -0.037109,
        "nauc_recall_at_1_diff1": 0.408773,
        "nauc_recall_at_3_max": 0.155456,
        "nauc_recall_at_3_std": -0.036947,
        "nauc_recall_at_3_diff1": 0.325377,
        "nauc_recall_at_5_max": 0.15478,
        "nauc_recall_at_5_std": -0.036738,
        "nauc_recall_at_5_diff1": 0.29173,
        "nauc_recall_at_10_max": 0.182392,
        "nauc_recall_at_10_std": 0.011883,
        "nauc_recall_at_10_diff1": 0.300436,
        "nauc_recall_at_20_max": 0.179767,
        "nauc_recall_at_20_std": 0.056257,
        "nauc_recall_at_20_diff1": 0.284517,
        "nauc_recall_at_100_max": 0.158821,
        "nauc_recall_at_100_std": 0.145098,
        "nauc_recall_at_100_diff1": 0.200977,
        "nauc_recall_at_1000_max": 0.224574,
        "nauc_recall_at_1000_std": 0.267171,
        "nauc_recall_at_1000_diff1": 0.195548,
        "nauc_precision_at_1_max": 0.360997,
        "nauc_precision_at_1_std": 0.010423,
        "nauc_precision_at_1_diff1": 0.455242,
        "nauc_precision_at_3_max": 0.325343,
        "nauc_precision_at_3_std": 0.016179,
        "nauc_precision_at_3_diff1": 0.293281,
        "nauc_precision_at_5_max": 0.346453,
        "nauc_precision_at_5_std": 0.017905,
        "nauc_precision_at_5_diff1": 0.240777,
        "nauc_precision_at_10_max": 0.367736,
        "nauc_precision_at_10_std": 0.079788,
        "nauc_precision_at_10_diff1": 0.224726,
        "nauc_precision_at_20_max": 0.35496,
        "nauc_precision_at_20_std": 0.123466,
        "nauc_precision_at_20_diff1": 0.187954,
        "nauc_precision_at_100_max": 0.328811,
        "nauc_precision_at_100_std": 0.168469,
        "nauc_precision_at_100_diff1": 0.073616,
        "nauc_precision_at_1000_max": 0.360162,
        "nauc_precision_at_1000_std": 0.198631,
        "nauc_precision_at_1000_diff1": 0.007431,
        "nauc_mrr_at_1_max": 0.360997,
        "nauc_mrr_at_1_std": 0.010423,
        "nauc_mrr_at_1_diff1": 0.455242,
        "nauc_mrr_at_3_max": 0.331725,
        "nauc_mrr_at_3_std": 0.007716,
        "nauc_mrr_at_3_diff1": 0.413766,
        "nauc_mrr_at_5_max": 0.329814,
        "nauc_mrr_at_5_std": 0.00744,
        "nauc_mrr_at_5_diff1": 0.407831,
        "nauc_mrr_at_10_max": 0.332126,
        "nauc_mrr_at_10_std": 0.015118,
        "nauc_mrr_at_10_diff1": 0.409726,
        "nauc_mrr_at_20_max": 0.333085,
        "nauc_mrr_at_20_std": 0.015987,
        "nauc_mrr_at_20_diff1": 0.409451,
        "nauc_mrr_at_100_max": 0.333315,
        "nauc_mrr_at_100_std": 0.017153,
        "nauc_mrr_at_100_diff1": 0.408764,
        "nauc_mrr_at_1000_max": 0.333565,
        "nauc_mrr_at_1000_std": 0.017104,
        "nauc_mrr_at_1000_diff1": 0.409169,
        "main_score": 0.34854,
        "hf_subset": "default",
        "languages": [
          "eng-Latn"
        ]
      }
    ]
  },
  "evaluation_time": 119.93841576576233,
  "kg_co2_emissions": null
}