{
  "dataset_revision": "6c6430d3a6d36f8d2a829195bc5dc94d7e063e53",
  "task_name": "CQADupstackUnixRetrieval",
  "mteb_version": "1.36.29",
  "scores": {
    "test": [
      {
        "ndcg_at_1": 0.28918,
        "ndcg_at_3": 0.32421,
        "ndcg_at_5": 0.34402,
        "ndcg_at_10": 0.36335,
        "ndcg_at_20": 0.38414,
        "ndcg_at_100": 0.41684,
        "ndcg_at_1000": 0.44218,
        "map_at_1": 0.2471,
        "map_at_3": 0.2975,
        "map_at_5": 0.31049,
        "map_at_10": 0.31919,
        "map_at_20": 0.32552,
        "map_at_100": 0.3305,
        "map_at_1000": 0.33152,
        "recall_at_1": 0.2471,
        "recall_at_3": 0.35096,
        "recall_at_5": 0.40084,
        "recall_at_10": 0.45855,
        "recall_at_20": 0.5341,
        "recall_at_100": 0.69367,
        "recall_at_1000": 0.87379,
        "precision_at_1": 0.28918,
        "precision_at_3": 0.1449,
        "precision_at_5": 0.10187,
        "precision_at_10": 0.05914,
        "precision_at_20": 0.03507,
        "precision_at_100": 0.00962,
        "precision_at_1000": 0.0013,
        "mrr_at_1": 0.289179,
        "mrr_at_3": 0.338464,
        "mrr_at_5": 0.350917,
        "mrr_at_10": 0.359064,
        "mrr_at_20": 0.364407,
        "mrr_at_100": 0.368404,
        "mrr_at_1000": 0.369055,
        "nauc_ndcg_at_1_max": 0.463585,
        "nauc_ndcg_at_1_std": 0.013073,
        "nauc_ndcg_at_1_diff1": 0.544624,
        "nauc_ndcg_at_3_max": 0.441149,
        "nauc_ndcg_at_3_std": 0.021678,
        "nauc_ndcg_at_3_diff1": 0.480484,
        "nauc_ndcg_at_5_max": 0.443538,
        "nauc_ndcg_at_5_std": 0.02994,
        "nauc_ndcg_at_5_diff1": 0.467272,
        "nauc_ndcg_at_10_max": 0.441971,
        "nauc_ndcg_at_10_std": 0.040895,
        "nauc_ndcg_at_10_diff1": 0.45918,
        "nauc_ndcg_at_20_max": 0.431136,
        "nauc_ndcg_at_20_std": 0.040257,
        "nauc_ndcg_at_20_diff1": 0.451042,
        "nauc_ndcg_at_100_max": 0.437751,
        "nauc_ndcg_at_100_std": 0.053239,
        "nauc_ndcg_at_100_diff1": 0.450183,
        "nauc_ndcg_at_1000_max": 0.447081,
        "nauc_ndcg_at_1000_std": 0.060462,
        "nauc_ndcg_at_1000_diff1": 0.457622,
        "nauc_map_at_1_max": 0.462326,
        "nauc_map_at_1_std": -0.002028,
        "nauc_map_at_1_diff1": 0.55992,
        "nauc_map_at_3_max": 0.446782,
        "nauc_map_at_3_std": 0.014679,
        "nauc_map_at_3_diff1": 0.504808,
        "nauc_map_at_5_max": 0.449667,
        "nauc_map_at_5_std": 0.021622,
        "nauc_map_at_5_diff1": 0.494029,
        "nauc_map_at_10_max": 0.449614,
        "nauc_map_at_10_std": 0.027167,
        "nauc_map_at_10_diff1": 0.489772,
        "nauc_map_at_20_max": 0.446561,
        "nauc_map_at_20_std": 0.027289,
        "nauc_map_at_20_diff1": 0.487106,
        "nauc_map_at_100_max": 0.447256,
        "nauc_map_at_100_std": 0.028941,
        "nauc_map_at_100_diff1": 0.486627,
        "nauc_map_at_1000_max": 0.447819,
        "nauc_map_at_1000_std": 0.029452,
        "nauc_map_at_1000_diff1": 0.486899,
        "nauc_recall_at_1_max": 0.462326,
        "nauc_recall_at_1_std": -0.002028,
        "nauc_recall_at_1_diff1": 0.55992,
        "nauc_recall_at_3_max": 0.410546,
        "nauc_recall_at_3_std": 0.025844,
        "nauc_recall_at_3_diff1": 0.434225,
        "nauc_recall_at_5_max": 0.413883,
        "nauc_recall_at_5_std": 0.049987,
        "nauc_recall_at_5_diff1": 0.396421,
        "nauc_recall_at_10_max": 0.39748,
        "nauc_recall_at_10_std": 0.07228,
        "nauc_recall_at_10_diff1": 0.367443,
        "nauc_recall_at_20_max": 0.348157,
        "nauc_recall_at_20_std": 0.068019,
        "nauc_recall_at_20_diff1": 0.329086,
        "nauc_recall_at_100_max": 0.363885,
        "nauc_recall_at_100_std": 0.158602,
        "nauc_recall_at_100_diff1": 0.293595,
        "nauc_recall_at_1000_max": 0.461799,
        "nauc_recall_at_1000_std": 0.395341,
        "nauc_recall_at_1000_diff1": 0.293844,
        "nauc_precision_at_1_max": 0.463585,
        "nauc_precision_at_1_std": 0.013073,
        "nauc_precision_at_1_diff1": 0.544624,
        "nauc_precision_at_3_max": 0.389619,
        "nauc_precision_at_3_std": 0.039375,
        "nauc_precision_at_3_diff1": 0.363535,
        "nauc_precision_at_5_max": 0.373627,
        "nauc_precision_at_5_std": 0.057883,
        "nauc_precision_at_5_diff1": 0.295581,
        "nauc_precision_at_10_max": 0.353834,
        "nauc_precision_at_10_std": 0.093052,
        "nauc_precision_at_10_diff1": 0.247344,
        "nauc_precision_at_20_max": 0.273771,
        "nauc_precision_at_20_std": 0.082558,
        "nauc_precision_at_20_diff1": 0.177297,
        "nauc_precision_at_100_max": 0.189427,
        "nauc_precision_at_100_std": 0.123954,
        "nauc_precision_at_100_diff1": 0.045719,
        "nauc_precision_at_1000_max": 0.059793,
        "nauc_precision_at_1000_std": 0.088878,
        "nauc_precision_at_1000_diff1": -0.065663,
        "nauc_mrr_at_1_max": 0.463585,
        "nauc_mrr_at_1_std": 0.013073,
        "nauc_mrr_at_1_diff1": 0.544624,
        "nauc_mrr_at_3_max": 0.445974,
        "nauc_mrr_at_3_std": 0.02163,
        "nauc_mrr_at_3_diff1": 0.485888,
        "nauc_mrr_at_5_max": 0.447118,
        "nauc_mrr_at_5_std": 0.025652,
        "nauc_mrr_at_5_diff1": 0.479306,
        "nauc_mrr_at_10_max": 0.446402,
        "nauc_mrr_at_10_std": 0.031306,
        "nauc_mrr_at_10_diff1": 0.476858,
        "nauc_mrr_at_20_max": 0.443806,
        "nauc_mrr_at_20_std": 0.030854,
        "nauc_mrr_at_20_diff1": 0.47482,
        "nauc_mrr_at_100_max": 0.444973,
        "nauc_mrr_at_100_std": 0.031795,
        "nauc_mrr_at_100_diff1": 0.475839,
        "nauc_mrr_at_1000_max": 0.445156,
        "nauc_mrr_at_1000_std": 0.031917,
        "nauc_mrr_at_1000_diff1": 0.476089,
        "main_score": 0.36335,
        "hf_subset": "default",
        "languages": [
          "eng-Latn"
        ]
      }
    ]
  },
  "evaluation_time": 153.45732498168945,
  "kg_co2_emissions": null
}