,step_592,epoch_0,step_1776,step_1184,step_2368
ChemRxivNC2,0.6273,0.64468,0.656,0.56947,0.65017
