{
  "dataset_revision": "5037d69d177c9628fb79cb57eea1299178b28c1b",
  "task_name": "PubChemSynonymPC",
  "mteb_version": "1.36.29",
  "scores": {
    "test": [
      {
        "similarity_accuracy": 0.935059,
        "similarity_accuracy_threshold": 0.846569,
        "similarity_f1": 0.558405,
        "similarity_f1_threshold": 0.81011,
        "similarity_precision": 0.666667,
        "similarity_recall": 0.480392,
        "similarity_ap": 0.559569,
        "cosine_accuracy": 0.935059,
        "cosine_accuracy_threshold": 0.846569,
        "cosine_f1": 0.558405,
        "cosine_f1_threshold": 0.81011,
        "cosine_precision": 0.666667,
        "cosine_recall": 0.480392,
        "cosine_ap": 0.559569,
        "manhattan_accuracy": 0.932617,
        "manhattan_accuracy_threshold": 250.463074,
        "manhattan_f1": 0.547619,
        "manhattan_f1_threshold": 290.867493,
        "manhattan_precision": 0.69697,
        "manhattan_recall": 0.45098,
        "manhattan_ap": 0.544705,
        "euclidean_accuracy": 0.934082,
        "euclidean_accuracy_threshold": 11.490045,
        "euclidean_f1": 0.546584,
        "euclidean_f1_threshold": 12.991222,
        "euclidean_precision": 0.745763,
        "euclidean_recall": 0.431373,
        "euclidean_ap": 0.545726,
        "dot_accuracy": 0.922363,
        "dot_accuracy_threshold": 430.8367,
        "dot_f1": 0.494186,
        "dot_f1_threshold": 404.154724,
        "dot_precision": 0.607143,
        "dot_recall": 0.416667,
        "dot_ap": 0.493732,
        "max_accuracy": 0.935059,
        "max_f1": 0.558405,
        "max_precision": 0.745763,
        "max_recall": 0.480392,
        "max_ap": 0.559569,
        "main_score": 0.559569,
        "hf_subset": "default",
        "languages": [
          "eng-Latn"
        ]
      }
    ]
  },
  "evaluation_time": 3.522382974624634,
  "kg_co2_emissions": null
}