{
  "dataset_revision": "7fb14716e4106b72f51a16e682e5cd2d67e9bd70",
  "task_name": "PubChemWikiParagraphsPC",
  "mteb_version": "1.36.29",
  "scores": {
    "test": [
      {
        "similarity_accuracy": 0.899414,
        "similarity_accuracy_threshold": 0.971075,
        "similarity_f1": 0.320138,
        "similarity_f1_threshold": 0.743977,
        "similarity_precision": 0.24734,
        "similarity_recall": 0.453659,
        "similarity_ap": 0.210514,
        "cosine_accuracy": 0.899414,
        "cosine_accuracy_threshold": 0.971075,
        "cosine_f1": 0.320138,
        "cosine_f1_threshold": 0.743977,
        "cosine_precision": 0.24734,
        "cosine_recall": 0.453659,
        "cosine_ap": 0.210514,
        "manhattan_accuracy": 0.899414,
        "manhattan_accuracy_threshold": 112.052177,
        "manhattan_f1": 0.350951,
        "manhattan_f1_threshold": 298.147217,
        "manhattan_precision": 0.309701,
        "manhattan_recall": 0.404878,
        "manhattan_ap": 0.224978,
        "euclidean_accuracy": 0.899414,
        "euclidean_accuracy_threshold": 5.096221,
        "euclidean_f1": 0.348387,
        "euclidean_f1_threshold": 13.459272,
        "euclidean_precision": 0.311538,
        "euclidean_recall": 0.395122,
        "euclidean_ap": 0.227949,
        "dot_accuracy": 0.899414,
        "dot_accuracy_threshold": 505.633575,
        "dot_f1": 0.220246,
        "dot_f1_threshold": 248.027985,
        "dot_precision": 0.128083,
        "dot_recall": 0.785366,
        "dot_ap": 0.119229,
        "max_accuracy": 0.899414,
        "max_f1": 0.350951,
        "max_precision": 0.311538,
        "max_recall": 0.785366,
        "max_ap": 0.227949,
        "main_score": 0.227949,
        "hf_subset": "default",
        "languages": [
          "eng-Latn"
        ]
      }
    ]
  },
  "evaluation_time": 3.652284622192383,
  "kg_co2_emissions": null
}