{
  "dataset_revision": "5037d69d177c9628fb79cb57eea1299178b28c1b",
  "task_name": "PubChemSynonymPC",
  "mteb_version": "1.36.29",
  "scores": {
    "test": [
      {
        "similarity_accuracy": 0.94873,
        "similarity_accuracy_threshold": 0.637226,
        "similarity_f1": 0.690058,
        "similarity_f1_threshold": 0.573462,
        "similarity_precision": 0.855072,
        "similarity_recall": 0.578431,
        "similarity_ap": 0.682871,
        "cosine_accuracy": 0.94873,
        "cosine_accuracy_threshold": 0.637226,
        "cosine_f1": 0.690058,
        "cosine_f1_threshold": 0.573462,
        "cosine_precision": 0.855072,
        "cosine_recall": 0.578431,
        "cosine_ap": 0.682871,
        "manhattan_accuracy": 0.946777,
        "manhattan_accuracy_threshold": 346.388428,
        "manhattan_f1": 0.647436,
        "manhattan_f1_threshold": 363.381836,
        "manhattan_precision": 0.935185,
        "manhattan_recall": 0.495098,
        "manhattan_ap": 0.629834,
        "euclidean_accuracy": 0.947266,
        "euclidean_accuracy_threshold": 15.985455,
        "euclidean_f1": 0.645161,
        "euclidean_f1_threshold": 16.393547,
        "euclidean_precision": 0.943396,
        "euclidean_recall": 0.490196,
        "euclidean_ap": 0.629967,
        "dot_accuracy": 0.945312,
        "dot_accuracy_threshold": 246.296494,
        "dot_f1": 0.648148,
        "dot_f1_threshold": 240.4095,
        "dot_precision": 0.875,
        "dot_recall": 0.514706,
        "dot_ap": 0.636908,
        "max_accuracy": 0.94873,
        "max_f1": 0.690058,
        "max_precision": 0.943396,
        "max_recall": 0.578431,
        "max_ap": 0.682871,
        "main_score": 0.682871,
        "hf_subset": "default",
        "languages": [
          "eng-Latn"
        ]
      }
    ]
  },
  "evaluation_time": 3.759737491607666,
  "kg_co2_emissions": null
}