{
  "dataset_revision": "1840e8a5ac6ec752bbdd97d543ead0189bc7c25b",
  "task_name": "ChemHotpotQARetrieval",
  "mteb_version": "1.36.29",
  "scores": {
    "train": [
      {
        "ndcg_at_1": 0.77222,
        "ndcg_at_3": 0.80375,
        "ndcg_at_5": 0.82002,
        "ndcg_at_10": 0.83086,
        "ndcg_at_20": 0.8376,
        "ndcg_at_100": 0.84436,
        "ndcg_at_1000": 0.84893,
        "map_at_1": 0.75278,
        "map_at_3": 0.79167,
        "map_at_5": 0.80083,
        "map_at_10": 0.80535,
        "map_at_20": 0.80704,
        "map_at_100": 0.80802,
        "map_at_1000": 0.80823,
        "recall_at_1": 0.75278,
        "recall_at_3": 0.83056,
        "recall_at_5": 0.86944,
        "recall_at_10": 0.90278,
        "recall_at_20": 0.93056,
        "recall_at_100": 0.96667,
        "recall_at_1000": 1.0,
        "precision_at_1": 0.77222,
        "precision_at_3": 0.28704,
        "precision_at_5": 0.18,
        "precision_at_10": 0.09333,
        "precision_at_20": 0.04806,
        "precision_at_100": 0.01,
        "precision_at_1000": 0.00104,
        "mrr_at_1": 0.772222,
        "mrr_at_3": 0.800926,
        "mrr_at_5": 0.810093,
        "mrr_at_10": 0.814605,
        "mrr_at_20": 0.816303,
        "mrr_at_100": 0.817115,
        "mrr_at_1000": 0.817277,
        "nauc_ndcg_at_1_max": 0.672723,
        "nauc_ndcg_at_1_std": -0.014021,
        "nauc_ndcg_at_1_diff1": 0.870249,
        "nauc_ndcg_at_3_max": 0.573671,
        "nauc_ndcg_at_3_std": -0.123441,
        "nauc_ndcg_at_3_diff1": 0.781485,
        "nauc_ndcg_at_5_max": 0.57074,
        "nauc_ndcg_at_5_std": -0.118265,
        "nauc_ndcg_at_5_diff1": 0.766368,
        "nauc_ndcg_at_10_max": 0.568376,
        "nauc_ndcg_at_10_std": -0.122322,
        "nauc_ndcg_at_10_diff1": 0.765698,
        "nauc_ndcg_at_20_max": 0.556495,
        "nauc_ndcg_at_20_std": -0.104049,
        "nauc_ndcg_at_20_diff1": 0.762687,
        "nauc_ndcg_at_100_max": 0.546553,
        "nauc_ndcg_at_100_std": -0.100478,
        "nauc_ndcg_at_100_diff1": 0.759935,
        "nauc_ndcg_at_1000_max": 0.57369,
        "nauc_ndcg_at_1000_std": -0.100692,
        "nauc_ndcg_at_1000_diff1": 0.7784,
        "nauc_map_at_1_max": 0.566876,
        "nauc_map_at_1_std": -0.102193,
        "nauc_map_at_1_diff1": 0.806369,
        "nauc_map_at_3_max": 0.57277,
        "nauc_map_at_3_std": -0.116955,
        "nauc_map_at_3_diff1": 0.776613,
        "nauc_map_at_5_max": 0.57162,
        "nauc_map_at_5_std": -0.113441,
        "nauc_map_at_5_diff1": 0.768528,
        "nauc_map_at_10_max": 0.56992,
        "nauc_map_at_10_std": -0.11591,
        "nauc_map_at_10_diff1": 0.768168,
        "nauc_map_at_20_max": 0.567374,
        "nauc_map_at_20_std": -0.111821,
        "nauc_map_at_20_diff1": 0.767538,
        "nauc_map_at_100_max": 0.566653,
        "nauc_map_at_100_std": -0.111234,
        "nauc_map_at_100_diff1": 0.767508,
        "nauc_map_at_1000_max": 0.567762,
        "nauc_map_at_1000_std": -0.111244,
        "nauc_map_at_1000_diff1": 0.768286,
        "nauc_recall_at_1_max": 0.566876,
        "nauc_recall_at_1_std": -0.102193,
        "nauc_recall_at_1_diff1": 0.806369,
        "nauc_recall_at_3_max": 0.505693,
        "nauc_recall_at_3_std": -0.194619,
        "nauc_recall_at_3_diff1": 0.722283,
        "nauc_recall_at_5_max": 0.4759,
        "nauc_recall_at_5_std": -0.200678,
        "nauc_recall_at_5_diff1": 0.659272,
        "nauc_recall_at_10_max": 0.439135,
        "nauc_recall_at_10_std": -0.234824,
        "nauc_recall_at_10_diff1": 0.619052,
        "nauc_recall_at_20_max": 0.279533,
        "nauc_recall_at_20_std": -0.117927,
        "nauc_recall_at_20_diff1": 0.530476,
        "nauc_recall_at_100_max": -0.263694,
        "nauc_recall_at_100_std": -0.065749,
        "nauc_recall_at_100_diff1": 0.214986,
        "nauc_recall_at_1000_max": NaN,
        "nauc_recall_at_1000_std": NaN,
        "nauc_recall_at_1000_diff1": NaN,
        "nauc_precision_at_1_max": 0.672723,
        "nauc_precision_at_1_std": -0.014021,
        "nauc_precision_at_1_diff1": 0.870249,
        "nauc_precision_at_3_max": 0.519677,
        "nauc_precision_at_3_std": -0.016012,
        "nauc_precision_at_3_diff1": 0.57853,
        "nauc_precision_at_5_max": 0.498802,
        "nauc_precision_at_5_std": 0.017353,
        "nauc_precision_at_5_diff1": 0.497291,
        "nauc_precision_at_10_max": 0.479057,
        "nauc_precision_at_10_std": 0.042294,
        "nauc_precision_at_10_diff1": 0.431863,
        "nauc_precision_at_20_max": 0.380686,
        "nauc_precision_at_20_std": 0.199948,
        "nauc_precision_at_20_diff1": 0.320354,
        "nauc_precision_at_100_max": 0.124042,
        "nauc_precision_at_100_std": 0.382961,
        "nauc_precision_at_100_diff1": 0.017039,
        "nauc_precision_at_1000_max": 0.412281,
        "nauc_precision_at_1000_std": 0.581854,
        "nauc_precision_at_1000_diff1": 0.056116,
        "nauc_mrr_at_1_max": 0.672723,
        "nauc_mrr_at_1_std": -0.014021,
        "nauc_mrr_at_1_diff1": 0.870249,
        "nauc_mrr_at_3_max": 0.639864,
        "nauc_mrr_at_3_std": -0.065219,
        "nauc_mrr_at_3_diff1": 0.846904,
        "nauc_mrr_at_5_max": 0.641706,
        "nauc_mrr_at_5_std": -0.05923,
        "nauc_mrr_at_5_diff1": 0.841693,
        "nauc_mrr_at_10_max": 0.641601,
        "nauc_mrr_at_10_std": -0.060511,
        "nauc_mrr_at_10_diff1": 0.843052,
        "nauc_mrr_at_20_max": 0.63967,
        "nauc_mrr_at_20_std": -0.055709,
        "nauc_mrr_at_20_diff1": 0.843144,
        "nauc_mrr_at_100_max": 0.63899,
        "nauc_mrr_at_100_std": -0.055863,
        "nauc_mrr_at_100_diff1": 0.843286,
        "nauc_mrr_at_1000_max": 0.639579,
        "nauc_mrr_at_1000_std": -0.056229,
        "nauc_mrr_at_1000_diff1": 0.843493,
        "main_score": 0.83086,
        "hf_subset": "default",
        "languages": [
          "eng-Latn"
        ]
      }
    ],
    "dev": [
      {
        "ndcg_at_1": 0.875,
        "ndcg_at_3": 0.875,
        "ndcg_at_5": 0.875,
        "ndcg_at_10": 0.875,
        "ndcg_at_20": 0.90699,
        "ndcg_at_100": 0.90699,
        "ndcg_at_1000": 0.90699,
        "map_at_1": 0.875,
        "map_at_3": 0.875,
        "map_at_5": 0.875,
        "map_at_10": 0.875,
        "map_at_20": 0.88393,
        "map_at_100": 0.88393,
        "map_at_1000": 0.88393,
        "recall_at_1": 0.875,
        "recall_at_3": 0.875,
        "recall_at_5": 0.875,
        "recall_at_10": 0.875,
        "recall_at_20": 1.0,
        "recall_at_100": 1.0,
        "recall_at_1000": 1.0,
        "precision_at_1": 0.875,
        "precision_at_3": 0.29167,
        "precision_at_5": 0.175,
        "precision_at_10": 0.0875,
        "precision_at_20": 0.05,
        "precision_at_100": 0.01,
        "precision_at_1000": 0.001,
        "mrr_at_1": 0.875,
        "mrr_at_3": 0.875,
        "mrr_at_5": 0.875,
        "mrr_at_10": 0.875,
        "mrr_at_20": 0.883929,
        "mrr_at_100": 0.883929,
        "mrr_at_1000": 0.883929,
        "nauc_ndcg_at_1_max": 1.0,
        "nauc_ndcg_at_1_std": -1.597199,
        "nauc_ndcg_at_1_diff1": 1.0,
        "nauc_ndcg_at_3_max": 1.0,
        "nauc_ndcg_at_3_std": -1.597199,
        "nauc_ndcg_at_3_diff1": 1.0,
        "nauc_ndcg_at_5_max": 1.0,
        "nauc_ndcg_at_5_std": -1.597199,
        "nauc_ndcg_at_5_diff1": 1.0,
        "nauc_ndcg_at_10_max": 1.0,
        "nauc_ndcg_at_10_std": -1.597199,
        "nauc_ndcg_at_10_diff1": 1.0,
        "nauc_ndcg_at_20_max": 1.0,
        "nauc_ndcg_at_20_std": -1.597199,
        "nauc_ndcg_at_20_diff1": 1.0,
        "nauc_ndcg_at_100_max": 1.0,
        "nauc_ndcg_at_100_std": -1.597199,
        "nauc_ndcg_at_100_diff1": 1.0,
        "nauc_ndcg_at_1000_max": 1.0,
        "nauc_ndcg_at_1000_std": -1.597199,
        "nauc_ndcg_at_1000_diff1": 1.0,
        "nauc_map_at_1_max": 1.0,
        "nauc_map_at_1_std": -1.597199,
        "nauc_map_at_1_diff1": 1.0,
        "nauc_map_at_3_max": 1.0,
        "nauc_map_at_3_std": -1.597199,