{
  "dataset_revision": "5d958fb6b31055495347724d46431ba41309b03a",
  "task_name": "ChemNQRetrieval",
  "mteb_version": "1.36.29",
  "scores": {
    "test": [
      {
        "ndcg_at_1": 0.37037,
        "ndcg_at_3": 0.50656,
        "ndcg_at_5": 0.53229,
        "ndcg_at_10": 0.57109,
        "ndcg_at_20": 0.61532,
        "ndcg_at_100": 0.62565,
        "ndcg_at_1000": 0.62995,
        "map_at_1": 0.31481,
        "map_at_3": 0.45679,
        "map_at_5": 0.47531,
        "map_at_10": 0.49451,
        "map_at_20": 0.50836,
        "map_at_100": 0.5105,
        "map_at_1000": 0.51059,
        "recall_at_1": 0.31481,
        "recall_at_3": 0.58642,
        "recall_at_5": 0.64198,
        "recall_at_10": 0.74691,
        "recall_at_20": 0.91358,
        "recall_at_100": 0.96296,
        "recall_at_1000": 1.0,
        "precision_at_1": 0.37037,
        "precision_at_3": 0.24691,
        "precision_at_5": 0.16296,
        "precision_at_10": 0.1,
        "precision_at_20": 0.05926,
        "precision_at_100": 0.01259,
        "precision_at_1000": 0.0013,
        "mrr_at_1": 0.37037,
        "mrr_at_3": 0.518519,
        "mrr_at_5": 0.527778,
        "mrr_at_10": 0.538066,
        "mrr_at_20": 0.548825,
        "mrr_at_100": 0.549687,
        "mrr_at_1000": 0.549781,
        "nauc_ndcg_at_1_max": 0.460593,
        "nauc_ndcg_at_1_std": 0.176822,
        "nauc_ndcg_at_1_diff1": 0.433043,
        "nauc_ndcg_at_3_max": 0.386791,
        "nauc_ndcg_at_3_std": 0.110785,
        "nauc_ndcg_at_3_diff1": 0.276829,
        "nauc_ndcg_at_5_max": 0.432442,
        "nauc_ndcg_at_5_std": 0.185755,
        "nauc_ndcg_at_5_diff1": 0.236207,
        "nauc_ndcg_at_10_max": 0.528347,
        "nauc_ndcg_at_10_std": 0.28933,
        "nauc_ndcg_at_10_diff1": 0.267097,
        "nauc_ndcg_at_20_max": 0.485504,
        "nauc_ndcg_at_20_std": 0.214011,
        "nauc_ndcg_at_20_diff1": 0.304498,
        "nauc_ndcg_at_100_max": 0.482179,
        "nauc_ndcg_at_100_std": 0.214304,
        "nauc_ndcg_at_100_diff1": 0.297568,
        "nauc_ndcg_at_1000_max": 0.477733,
        "nauc_ndcg_at_1000_std": 0.221495,
        "nauc_ndcg_at_1000_diff1": 0.289717,
        "nauc_map_at_1_max": 0.349058,
        "nauc_map_at_1_std": 0.165555,
        "nauc_map_at_1_diff1": 0.32013,
        "nauc_map_at_3_max": 0.365184,
        "nauc_map_at_3_std": 0.098464,
        "nauc_map_at_3_diff1": 0.287645,
        "nauc_map_at_5_max": 0.399666,
        "nauc_map_at_5_std": 0.154924,
        "nauc_map_at_5_diff1": 0.258984,
        "nauc_map_at_10_max": 0.448437,
        "nauc_map_at_10_std": 0.210796,
        "nauc_map_at_10_diff1": 0.276461,
        "nauc_map_at_20_max": 0.435498,
        "nauc_map_at_20_std": 0.189141,
        "nauc_map_at_20_diff1": 0.285288,
        "nauc_map_at_100_max": 0.434633,
        "nauc_map_at_100_std": 0.189875,
        "nauc_map_at_100_diff1": 0.282099,
        "nauc_map_at_1000_max": 0.434539,
        "nauc_map_at_1000_std": 0.189994,
        "nauc_map_at_1000_diff1": 0.281955,
        "nauc_recall_at_1_max": 0.349058,
        "nauc_recall_at_1_std": 0.165555,
        "nauc_recall_at_1_diff1": 0.32013,
        "nauc_recall_at_3_max": 0.34804,
        "nauc_recall_at_3_std": 0.051857,
        "nauc_recall_at_3_diff1": 0.21838,
        "nauc_recall_at_5_max": 0.435258,
        "nauc_recall_at_5_std": 0.206295,
        "nauc_recall_at_5_diff1": 0.118926,
        "nauc_recall_at_10_max": 0.711624,
        "nauc_recall_at_10_std": 0.497501,
        "nauc_recall_at_10_diff1": 0.181392,
        "nauc_recall_at_20_max": 0.599368,
        "nauc_recall_at_20_std": 0.052913,
        "nauc_recall_at_20_diff1": 0.501343,
        "nauc_recall_at_100_max": 0.723262,
        "nauc_recall_at_100_std": -0.175564,
        "nauc_recall_at_100_diff1": 0.723262,
        "nauc_recall_at_1000_max": NaN,
        "nauc_recall_at_1000_std": NaN,
        "nauc_recall_at_1000_diff1": NaN,
        "nauc_precision_at_1_max": 0.460593,
        "nauc_precision_at_1_std": 0.176822,
        "nauc_precision_at_1_diff1": 0.433043,
        "nauc_precision_at_3_max": 0.387601,
        "nauc_precision_at_3_std": 0.010657,
        "nauc_precision_at_3_diff1": 0.201996,
        "nauc_precision_at_5_max": 0.411562,
        "nauc_precision_at_5_std": 0.156563,
        "nauc_precision_at_5_diff1": 0.076722,
        "nauc_precision_at_10_max": 0.562021,
        "nauc_precision_at_10_std": 0.42135,
        "nauc_precision_at_10_diff1": 0.094441,
        "nauc_precision_at_20_max": 0.450161,
        "nauc_precision_at_20_std": 0.26052,
        "nauc_precision_at_20_diff1": 0.134417,
        "nauc_precision_at_100_max": 0.34195,
        "nauc_precision_at_100_std": 0.228021,
        "nauc_precision_at_100_diff1": 0.029093,
        "nauc_precision_at_1000_max": 0.305671,
        "nauc_precision_at_1000_std": 0.26642,
        "nauc_precision_at_1000_diff1": -0.036953,
        "nauc_mrr_at_1_max": 0.460593,
        "nauc_mrr_at_1_std": 0.176822,
        "nauc_mrr_at_1_diff1": 0.433043,
        "nauc_mrr_at_3_max": 0.456659,
        "nauc_mrr_at_3_std": 0.199445,
        "nauc_mrr_at_3_diff1": 0.314377,
        "nauc_mrr_at_5_max": 0.469381,
        "nauc_mrr_at_5_std": 0.219692,
        "nauc_mrr_at_5_diff1": 0.303083,
        "nauc_mrr_at_10_max": 0.502485,
        "nauc_mrr_at_10_std": 0.246707,
        "nauc_mrr_at_10_diff1": 0.317235,
        "nauc_mrr_at_20_max": 0.490382,
        "nauc_mrr_at_20_std": 0.228019,
        "nauc_mrr_at_20_diff1": 0.325885,
        "nauc_mrr_at_100_max": 0.490191,
        "nauc_mrr_at_100_std": 0.22764,
        "nauc_mrr_at_100_diff1": 0.326506,
        "nauc_mrr_at_1000_max": 0.490116,
        "nauc_mrr_at_1000_std": 0.22777,
        "nauc_mrr_at_1000_diff1": 0.326379,
        "main_score": 0.57109,
        "hf_subset": "default",
        "languages": [
          "eng-Latn"
        ]
      }
    ]
  },
  "evaluation_time": 29.243959665298462,
  "kg_co2_emissions": null
}