{
  "dataset_revision": "8fae72a2c75530aaaac6920a02622490d923ca98",
  "task_name": "ChemRxivNC2",
  "mteb_version": "1.36.29",
  "scores": {
    "test": [
      {
        "ndcg_at_1": 0.4672,
        "ndcg_at_3": 0.573,
        "ndcg_at_5": 0.60063,
        "ndcg_at_10": 0.62284,
        "ndcg_at_20": 0.63594,
        "ndcg_at_100": 0.65029,
        "ndcg_at_1000": 0.65872,
        "map_at_1": 0.4672,
        "map_at_3": 0.54743,
        "map_at_5": 0.56278,
        "map_at_10": 0.57204,
        "map_at_20": 0.57567,
        "map_at_100": 0.57764,
        "map_at_1000": 0.57796,
        "recall_at_1": 0.4672,
        "recall_at_3": 0.6468,
        "recall_at_5": 0.7138,
        "recall_at_10": 0.782,
        "recall_at_20": 0.8336,
        "recall_at_100": 0.9112,
        "recall_at_1000": 0.9774,
        "precision_at_1": 0.4672,
        "precision_at_3": 0.2156,
        "precision_at_5": 0.14276,
        "precision_at_10": 0.0782,
        "precision_at_20": 0.04168,
        "precision_at_100": 0.00911,
        "precision_at_1000": 0.00098,
        "mrr_at_1": 0.4664,
        "mrr_at_3": 0.547067,
        "mrr_at_5": 0.562417,
        "mrr_at_10": 0.571707,
        "mrr_at_20": 0.575337,
        "mrr_at_100": 0.577305,
        "mrr_at_1000": 0.577626,
        "nauc_ndcg_at_1_max": 0.11934,
        "nauc_ndcg_at_1_std": 0.010509,
        "nauc_ndcg_at_1_diff1": 0.637361,
        "nauc_ndcg_at_3_max": 0.122979,
        "nauc_ndcg_at_3_std": 0.031113,
        "nauc_ndcg_at_3_diff1": 0.588268,
        "nauc_ndcg_at_5_max": 0.119984,
        "nauc_ndcg_at_5_std": 0.042204,
        "nauc_ndcg_at_5_diff1": 0.580675,
        "nauc_ndcg_at_10_max": 0.12166,
        "nauc_ndcg_at_10_std": 0.050422,
        "nauc_ndcg_at_10_diff1": 0.58063,
        "nauc_ndcg_at_20_max": 0.119334,
        "nauc_ndcg_at_20_std": 0.056903,
        "nauc_ndcg_at_20_diff1": 0.583335,
        "nauc_ndcg_at_100_max": 0.117596,
        "nauc_ndcg_at_100_std": 0.056305,
        "nauc_ndcg_at_100_diff1": 0.587449,
        "nauc_ndcg_at_1000_max": 0.119299,
        "nauc_ndcg_at_1000_std": 0.049191,
        "nauc_ndcg_at_1000_diff1": 0.59091,
        "nauc_map_at_1_max": 0.11934,
        "nauc_map_at_1_std": 0.010509,
        "nauc_map_at_1_diff1": 0.637361,
        "nauc_map_at_3_max": 0.122694,
        "nauc_map_at_3_std": 0.025904,
        "nauc_map_at_3_diff1": 0.600639,
        "nauc_map_at_5_max": 0.121041,
        "nauc_map_at_5_std": 0.031671,
        "nauc_map_at_5_diff1": 0.59691,
        "nauc_map_at_10_max": 0.121624,
        "nauc_map_at_10_std": 0.034799,
        "nauc_map_at_10_diff1": 0.59727,
        "nauc_map_at_20_max": 0.120941,
        "nauc_map_at_20_std": 0.036273,
        "nauc_map_at_20_diff1": 0.598087,
        "nauc_map_at_100_max": 0.120703,
        "nauc_map_at_100_std": 0.036225,
        "nauc_map_at_100_diff1": 0.598737,
        "nauc_map_at_1000_max": 0.120759,
        "nauc_map_at_1000_std": 0.035996,
        "nauc_map_at_1000_diff1": 0.598872,
        "nauc_recall_at_1_max": 0.11934,
        "nauc_recall_at_1_std": 0.010509,
        "nauc_recall_at_1_diff1": 0.637361,
        "nauc_recall_at_3_max": 0.1236,
        "nauc_recall_at_3_std": 0.04803,
        "nauc_recall_at_3_diff1": 0.548116,
        "nauc_recall_at_5_max": 0.115304,
        "nauc_recall_at_5_std": 0.082725,
        "nauc_recall_at_5_diff1": 0.519988,
        "nauc_recall_at_10_max": 0.122113,
        "nauc_recall_at_10_std": 0.126803,
        "nauc_recall_at_10_diff1": 0.50459,
        "nauc_recall_at_20_max": 0.107979,
        "nauc_recall_at_20_std": 0.191189,
        "nauc_recall_at_20_diff1": 0.502822,
        "nauc_recall_at_100_max": 0.074261,
        "nauc_recall_at_100_std": 0.278713,
        "nauc_recall_at_100_diff1": 0.501288,
        "nauc_recall_at_1000_max": 0.095151,
        "nauc_recall_at_1000_std": 0.29672,
        "nauc_recall_at_1000_diff1": 0.542595,
        "nauc_precision_at_1_max": 0.11934,
        "nauc_precision_at_1_std": 0.010509,
        "nauc_precision_at_1_diff1": 0.637361,
        "nauc_precision_at_3_max": 0.1236,
        "nauc_precision_at_3_std": 0.04803,
        "nauc_precision_at_3_diff1": 0.548116,
        "nauc_precision_at_5_max": 0.115304,
        "nauc_precision_at_5_std": 0.082725,
        "nauc_precision_at_5_diff1": 0.519988,
        "nauc_precision_at_10_max": 0.122113,
        "nauc_precision_at_10_std": 0.126803,
        "nauc_precision_at_10_diff1": 0.50459,
        "nauc_precision_at_20_max": 0.107979,
        "nauc_precision_at_20_std": 0.191189,
        "nauc_precision_at_20_diff1": 0.502822,
        "nauc_precision_at_100_max": 0.074261,
        "nauc_precision_at_100_std": 0.278713,
        "nauc_precision_at_100_diff1": 0.501288,
        "nauc_precision_at_1000_max": 0.095151,
        "nauc_precision_at_1000_std": 0.29672,
        "nauc_precision_at_1000_diff1": 0.542595,
        "nauc_mrr_at_1_max": 0.118041,
        "nauc_mrr_at_1_std": 0.010338,
        "nauc_mrr_at_1_diff1": 0.639441,
        "nauc_mrr_at_3_max": 0.121874,
        "nauc_mrr_at_3_std": 0.025743,
        "nauc_mrr_at_3_diff1": 0.601789,
        "nauc_mrr_at_5_max": 0.120379,
        "nauc_mrr_at_5_std": 0.031472,
        "nauc_mrr_at_5_diff1": 0.59808,
        "nauc_mrr_at_10_max": 0.120879,
        "nauc_mrr_at_10_std": 0.034659,
        "nauc_mrr_at_10_diff1": 0.598405,
        "nauc_mrr_at_20_max": 0.12019,
        "nauc_mrr_at_20_std": 0.03613,
        "nauc_mrr_at_20_diff1": 0.599232,
        "nauc_mrr_at_100_max": 0.119948,
        "nauc_mrr_at_100_std": 0.036082,
        "nauc_mrr_at_100_diff1": 0.599889,
        "nauc_mrr_at_1000_max": 0.120002,
        "nauc_mrr_at_1000_std": 0.035853,
        "nauc_mrr_at_1000_diff1": 0.600025,
        "main_score": 0.62284,
        "hf_subset": "default",
        "languages": [
          "eng-Latn"
        ]
      }
    ]
  },
  "evaluation_time": 174.52391123771667,
  "kg_co2_emissions": null
}