{
  "dataset_revision": "7fb14716e4106b72f51a16e682e5cd2d67e9bd70",
  "task_name": "PubChemWikiParagraphsPC",
  "mteb_version": "1.36.29",
  "scores": {
    "test": [
      {
        "similarity_accuracy": 0.914551,
        "similarity_accuracy_threshold": 0.474277,
        "similarity_f1": 0.496084,
        "similarity_f1_threshold": 0.393541,
        "similarity_precision": 0.533708,
        "similarity_recall": 0.463415,
        "similarity_ap": 0.447211,
        "cosine_accuracy": 0.914551,
        "cosine_accuracy_threshold": 0.474277,
        "cosine_f1": 0.496084,
        "cosine_f1_threshold": 0.393541,
        "cosine_precision": 0.533708,
        "cosine_recall": 0.463415,
        "cosine_ap": 0.447211,
        "manhattan_accuracy": 0.916016,
        "manhattan_accuracy_threshold": 341.209839,
        "manhattan_f1": 0.432432,
        "manhattan_f1_threshold": 364.806458,
        "manhattan_precision": 0.484848,
        "manhattan_recall": 0.390244,
        "manhattan_ap": 0.403304,
        "euclidean_accuracy": 0.916992,
        "euclidean_accuracy_threshold": 15.761773,
        "euclidean_f1": 0.44375,
        "euclidean_f1_threshold": 16.079456,
        "euclidean_precision": 0.617391,
        "euclidean_recall": 0.346341,
        "euclidean_ap": 0.40722,
        "dot_accuracy": 0.90332,
        "dot_accuracy_threshold": 153.363403,
        "dot_f1": 0.404211,
        "dot_f1_threshold": 89.310028,
        "dot_precision": 0.355556,
        "dot_recall": 0.468293,
        "dot_ap": 0.310588,
        "max_accuracy": 0.916992,
        "max_f1": 0.496084,
        "max_precision": 0.617391,
        "max_recall": 0.468293,
        "max_ap": 0.447211,
        "main_score": 0.447211,
        "hf_subset": "default",
        "languages": [
          "eng-Latn"
        ]
      }
    ]
  },
  "evaluation_time": 7.679713726043701,
  "kg_co2_emissions": null
}