{
  "dataset_revision": "1840e8a5ac6ec752bbdd97d543ead0189bc7c25b",
  "task_name": "ChemHotpotQARetrieval",
  "mteb_version": "1.36.29",
  "scores": {
    "train": [
      {
        "ndcg_at_1": 0.87778,
        "ndcg_at_3": 0.90455,
        "ndcg_at_5": 0.91148,
        "ndcg_at_10": 0.92014,
        "ndcg_at_20": 0.92241,
        "ndcg_at_100": 0.92315,
        "ndcg_at_1000": 0.92571,
        "map_at_1": 0.86111,
        "map_at_3": 0.89491,
        "map_at_5": 0.8988,
        "map_at_10": 0.90217,
        "map_at_20": 0.90294,
        "map_at_100": 0.90318,
        "map_at_1000": 0.9033,
        "recall_at_1": 0.86111,
        "recall_at_3": 0.925,
        "recall_at_5": 0.94167,
        "recall_at_10": 0.96944,
        "recall_at_20": 0.97778,
        "recall_at_100": 0.98056,
        "recall_at_1000": 1.0,
        "precision_at_1": 0.87778,
        "precision_at_3": 0.31852,
        "precision_at_5": 0.19444,
        "precision_at_10": 0.1,
        "precision_at_20": 0.05056,
        "precision_at_100": 0.01017,
        "precision_at_1000": 0.00104,
        "mrr_at_1": 0.877778,
        "mrr_at_3": 0.902778,
        "mrr_at_5": 0.906667,
        "mrr_at_10": 0.910044,
        "mrr_at_20": 0.910441,
        "mrr_at_100": 0.910441,
        "mrr_at_1000": 0.910511,
        "nauc_ndcg_at_1_max": 0.368359,
        "nauc_ndcg_at_1_std": -0.662442,
        "nauc_ndcg_at_1_diff1": 0.877293,
        "nauc_ndcg_at_3_max": 0.195188,
        "nauc_ndcg_at_3_std": -0.842883,
        "nauc_ndcg_at_3_diff1": 0.752833,
        "nauc_ndcg_at_5_max": 0.182579,
        "nauc_ndcg_at_5_std": -0.830654,
        "nauc_ndcg_at_5_diff1": 0.733062,
        "nauc_ndcg_at_10_max": 0.128758,
        "nauc_ndcg_at_10_std": -0.806601,
        "nauc_ndcg_at_10_diff1": 0.70936,
        "nauc_ndcg_at_20_max": 0.118078,
        "nauc_ndcg_at_20_std": -0.812841,
        "nauc_ndcg_at_20_diff1": 0.709386,
        "nauc_ndcg_at_100_max": 0.136303,
        "nauc_ndcg_at_100_std": -0.802771,
        "nauc_ndcg_at_100_diff1": 0.73279,
        "nauc_ndcg_at_1000_max": 0.176477,
        "nauc_ndcg_at_1000_std": -0.795505,
        "nauc_ndcg_at_1000_diff1": 0.751273,
        "nauc_map_at_1_max": 0.187866,
        "nauc_map_at_1_std": -0.715042,
        "nauc_map_at_1_diff1": 0.762037,
        "nauc_map_at_3_max": 0.197195,
        "nauc_map_at_3_std": -0.820332,
        "nauc_map_at_3_diff1": 0.729633,
        "nauc_map_at_5_max": 0.190747,
        "nauc_map_at_5_std": -0.81445,
        "nauc_map_at_5_diff1": 0.718982,
        "nauc_map_at_10_max": 0.17395,
        "nauc_map_at_10_std": -0.804046,
        "nauc_map_at_10_diff1": 0.710962,
        "nauc_map_at_20_max": 0.172296,
        "nauc_map_at_20_std": -0.805585,
        "nauc_map_at_20_diff1": 0.711316,
        "nauc_map_at_100_max": 0.177131,
        "nauc_map_at_100_std": -0.802925,
        "nauc_map_at_100_diff1": 0.717349,
        "nauc_map_at_1000_max": 0.178629,
        "nauc_map_at_1000_std": -0.802391,
        "nauc_map_at_1000_diff1": 0.718672,
        "nauc_recall_at_1_max": 0.187866,
        "nauc_recall_at_1_std": -0.715042,
        "nauc_recall_at_1_diff1": 0.762037,
        "nauc_recall_at_3_max": 0.048881,
        "nauc_recall_at_3_std": -0.978888,
        "nauc_recall_at_3_diff1": 0.670038,
        "nauc_recall_at_5_max": -0.035725,
        "nauc_recall_at_5_std": -0.966853,
        "nauc_recall_at_5_diff1": 0.575764,
        "nauc_recall_at_10_max": -0.677319,
        "nauc_recall_at_10_std": -0.930693,
        "nauc_recall_at_10_diff1": 0.237628,
        "nauc_recall_at_20_max": -1.127218,
        "nauc_recall_at_20_std": -1.068394,
        "nauc_recall_at_20_diff1": 0.064659,
        "nauc_recall_at_100_max": -1.039683,
        "nauc_recall_at_100_std": -0.972456,
        "nauc_recall_at_100_diff1": 0.322462,
        "nauc_recall_at_1000_max": NaN,
        "nauc_recall_at_1000_std": NaN,
        "nauc_recall_at_1000_diff1": NaN,
        "nauc_precision_at_1_max": 0.368359,
        "nauc_precision_at_1_std": -0.662442,
        "nauc_precision_at_1_diff1": 0.877293,
        "nauc_precision_at_3_max": 0.257658,
        "nauc_precision_at_3_std": -0.533611,
        "nauc_precision_at_3_diff1": 0.400399,
        "nauc_precision_at_5_max": 0.241239,
        "nauc_precision_at_5_std": -0.441994,
        "nauc_precision_at_5_diff1": 0.287691,
        "nauc_precision_at_10_max": 0.045621,
        "nauc_precision_at_10_std": -0.184401,
        "nauc_precision_at_10_diff1": -0.013418,
        "nauc_precision_at_20_max": -0.016919,
        "nauc_precision_at_20_std": -0.076414,
        "nauc_precision_at_20_diff1": -0.117473,
        "nauc_precision_at_100_max": 0.114735,
        "nauc_precision_at_100_std": 0.062943,
        "nauc_precision_at_100_diff1": 0.027199,
        "nauc_precision_at_1000_max": 0.496799,
        "nauc_precision_at_1000_std": 0.42033,
        "nauc_precision_at_1000_diff1": 0.008778,
        "nauc_mrr_at_1_max": 0.368359,
        "nauc_mrr_at_1_std": -0.662442,
        "nauc_mrr_at_1_diff1": 0.877293,
        "nauc_mrr_at_3_max": 0.320677,
        "nauc_mrr_at_3_std": -0.757454,
        "nauc_mrr_at_3_diff1": 0.876506,
        "nauc_mrr_at_5_max": 0.318976,
        "nauc_mrr_at_5_std": -0.748473,
        "nauc_mrr_at_5_diff1": 0.87128,
        "nauc_mrr_at_10_max": 0.305773,
        "nauc_mrr_at_10_std": -0.734747,
        "nauc_mrr_at_10_diff1": 0.868451,
        "nauc_mrr_at_20_max": 0.303235,
        "nauc_mrr_at_20_std": -0.735518,
        "nauc_mrr_at_20_diff1": 0.868448,
        "nauc_mrr_at_100_max": 0.303235,
        "nauc_mrr_at_100_std": -0.735518,
        "nauc_mrr_at_100_diff1": 0.868448,
        "nauc_mrr_at_1000_max": 0.303834,
        "nauc_mrr_at_1000_std": -0.735501,
        "nauc_mrr_at_1000_diff1": 0.868605,
        "main_score": 0.92014,
        "hf_subset": "default",
        "languages": [
          "eng-Latn"
        ]
      }
    ],
    "dev": [
      {
        "ndcg_at_1": 0.875,
        "ndcg_at_3": 0.875,
        "ndcg_at_5": 0.875,
        "ndcg_at_10": 0.875,
        "ndcg_at_20": 0.90878,
        "ndcg_at_100": 0.90878,
        "ndcg_at_1000": 0.90878,
        "map_at_1": 0.875,
        "map_at_3": 0.875,
        "map_at_5": 0.875,
        "map_at_10": 0.875,
        "map_at_20": 0.88542,
        "map_at_100": 0.88542,
        "map_at_1000": 0.88542,
        "recall_at_1": 0.875,
        "recall_at_3": 0.875,
        "recall_at_5": 0.875,
        "recall_at_10": 0.875,
        "recall_at_20": 1.0,
        "recall_at_100": 1.0,
        "recall_at_1000": 1.0,
        "precision_at_1": 0.875,
        "precision_at_3": 0.29167,
        "precision_at_5": 0.175,
        "precision_at_10": 0.0875,
        "precision_at_20": 0.05,
        "precision_at_100": 0.01,
        "precision_at_1000": 0.001,
        "mrr_at_1": 0.875,
        "mrr_at_3": 0.875,
        "mrr_at_5": 0.875,
        "mrr_at_10": 0.875,
        "mrr_at_20": 0.885417,
        "mrr_at_100": 0.885417,
        "mrr_at_1000": 0.885417,
        "nauc_ndcg_at_1_max": 1.0,
        "nauc_ndcg_at_1_std": 0.363585,
        "nauc_ndcg_at_1_diff1": 1.0,
        "nauc_ndcg_at_3_max": 1.0,
        "nauc_ndcg_at_3_std": 0.363585,
        "nauc_ndcg_at_3_diff1": 1.0,
        "nauc_ndcg_at_5_max": 1.0,
        "nauc_ndcg_at_5_std": 0.363585,
        "nauc_ndcg_at_5_diff1": 1.0,
        "nauc_ndcg_at_10_max": 1.0,
        "nauc_ndcg_at_10_std": 0.363585,
        "nauc_ndcg_at_10_diff1": 1.0,
        "nauc_ndcg_at_20_max": 1.0,
        "nauc_ndcg_at_20_std": 0.363585,
        "nauc_ndcg_at_20_diff1": 1.0,
        "nauc_ndcg_at_100_max": 1.0,
        "nauc_ndcg_at_100_std": 0.363585,
        "nauc_ndcg_at_100_diff1": 1.0,
        "nauc_ndcg_at_1000_max": 1.0,
        "nauc_ndcg_at_1000_std": 0.363585,
        "nauc_ndcg_at_1000_diff1": 1.0,
        "nauc_map_at_1_max": 1.0,
        "nauc_map_at_1_std": 0.363585,
        "nauc_map_at_1_diff1": 1.0,
        "nauc_map_at_3_max": 1.0,
        "nauc_map_at_3_std": 0.363585,