{
  "dataset_revision": "1840e8a5ac6ec752bbdd97d543ead0189bc7c25b",
  "task_name": "ChemHotpotQARetrieval",
  "mteb_version": "1.36.29",
  "scores": {
    "train": [
      {
        "ndcg_at_1": 0.83333,
        "ndcg_at_3": 0.86882,
        "ndcg_at_5": 0.88029,
        "ndcg_at_10": 0.88914,
        "ndcg_at_20": 0.89199,
        "ndcg_at_100": 0.89589,
        "ndcg_at_1000": 0.8966,
        "map_at_1": 0.81389,
        "map_at_3": 0.85648,
        "map_at_5": 0.86287,
        "map_at_10": 0.86644,
        "map_at_20": 0.86724,
        "map_at_100": 0.86797,
        "map_at_1000": 0.86799,
        "recall_at_1": 0.81389,
        "recall_at_3": 0.89722,
        "recall_at_5": 0.925,
        "recall_at_10": 0.95278,
        "recall_at_20": 0.96389,
        "recall_at_100": 0.98333,
        "recall_at_1000": 0.98889,
        "precision_at_1": 0.83333,
        "precision_at_3": 0.30926,
        "precision_at_5": 0.19111,
        "precision_at_10": 0.09833,
        "precision_at_20": 0.04972,
        "precision_at_100": 0.01022,
        "precision_at_1000": 0.00103,
        "mrr_at_1": 0.833333,
        "mrr_at_3": 0.864815,
        "mrr_at_5": 0.871204,
        "mrr_at_10": 0.874775,
        "mrr_at_20": 0.875573,
        "mrr_at_100": 0.87579,
        "mrr_at_1000": 0.875814,
        "nauc_ndcg_at_1_max": 0.558571,
        "nauc_ndcg_at_1_std": -0.259458,
        "nauc_ndcg_at_1_diff1": 0.889163,
        "nauc_ndcg_at_3_max": 0.456956,
        "nauc_ndcg_at_3_std": -0.375086,
        "nauc_ndcg_at_3_diff1": 0.7762,
        "nauc_ndcg_at_5_max": 0.414422,
        "nauc_ndcg_at_5_std": -0.432469,
        "nauc_ndcg_at_5_diff1": 0.768938,
        "nauc_ndcg_at_10_max": 0.416641,
        "nauc_ndcg_at_10_std": -0.396174,
        "nauc_ndcg_at_10_diff1": 0.760724,
        "nauc_ndcg_at_20_max": 0.404195,
        "nauc_ndcg_at_20_std": -0.383285,
        "nauc_ndcg_at_20_diff1": 0.757738,
        "nauc_ndcg_at_100_max": 0.423883,
        "nauc_ndcg_at_100_std": -0.347759,
        "nauc_ndcg_at_100_diff1": 0.786628,
        "nauc_ndcg_at_1000_max": 0.42435,
        "nauc_ndcg_at_1000_std": -0.346228,
        "nauc_ndcg_at_1000_diff1": 0.787085,
        "nauc_map_at_1_max": 0.437425,
        "nauc_map_at_1_std": -0.329039,
        "nauc_map_at_1_diff1": 0.810488,
        "nauc_map_at_3_max": 0.45112,
        "nauc_map_at_3_std": -0.361444,
        "nauc_map_at_3_diff1": 0.76429,
        "nauc_map_at_5_max": 0.430273,
        "nauc_map_at_5_std": -0.388386,
        "nauc_map_at_5_diff1": 0.760473,
        "nauc_map_at_10_max": 0.431534,
        "nauc_map_at_10_std": -0.37285,
        "nauc_map_at_10_diff1": 0.757394,
        "nauc_map_at_20_max": 0.428781,
        "nauc_map_at_20_std": -0.369669,
        "nauc_map_at_20_diff1": 0.75669,
        "nauc_map_at_100_max": 0.433254,
        "nauc_map_at_100_std": -0.364159,
        "nauc_map_at_100_diff1": 0.762386,
        "nauc_map_at_1000_max": 0.433268,
        "nauc_map_at_1000_std": -0.364122,
        "nauc_map_at_1000_diff1": 0.762394,
        "nauc_recall_at_1_max": 0.437425,
        "nauc_recall_at_1_std": -0.329039,
        "nauc_recall_at_1_diff1": 0.810488,
        "nauc_recall_at_3_max": 0.373688,
        "nauc_recall_at_3_std": -0.504193,
        "nauc_recall_at_3_diff1": 0.696762,
        "nauc_recall_at_5_max": 0.179254,
        "nauc_recall_at_5_std": -0.763928,
        "nauc_recall_at_5_diff1": 0.631307,
        "nauc_recall_at_10_max": 0.05561,
        "nauc_recall_at_10_std": -0.731889,
        "nauc_recall_at_10_diff1": 0.493244,
        "nauc_recall_at_20_max": -0.19475,
        "nauc_recall_at_20_std": -0.693205,
        "nauc_recall_at_20_diff1": 0.377541,
        "nauc_recall_at_100_max": -0.419701,
        "nauc_recall_at_100_std": -0.060224,
        "nauc_recall_at_100_diff1": 0.715219,
        "nauc_recall_at_1000_max": -0.80859,
        "nauc_recall_at_1000_std": 0.19141,
        "nauc_recall_at_1000_diff1": 0.711718,
        "nauc_precision_at_1_max": 0.558571,
        "nauc_precision_at_1_std": -0.259458,
        "nauc_precision_at_1_diff1": 0.889163,
        "nauc_precision_at_3_max": 0.400452,
        "nauc_precision_at_3_std": -0.224251,
        "nauc_precision_at_3_diff1": 0.454893,
        "nauc_precision_at_5_max": 0.271644,
        "nauc_precision_at_5_std": -0.338841,
        "nauc_precision_at_5_diff1": 0.349306,
        "nauc_precision_at_10_max": 0.22945,
        "nauc_precision_at_10_std": -0.167079,
        "nauc_precision_at_10_diff1": 0.164237,
        "nauc_precision_at_20_max": 0.122453,
        "nauc_precision_at_20_std": -0.051604,
        "nauc_precision_at_20_diff1": 0.046335,
        "nauc_precision_at_100_max": 0.199754,
        "nauc_precision_at_100_std": 0.377457,
        "nauc_precision_at_100_diff1": 0.119022,
        "nauc_precision_at_1000_max": 0.188589,
        "nauc_precision_at_1000_std": 0.443815,
        "nauc_precision_at_1000_diff1": 0.076482,
        "nauc_mrr_at_1_max": 0.558571,
        "nauc_mrr_at_1_std": -0.259458,
        "nauc_mrr_at_1_diff1": 0.889163,
        "nauc_mrr_at_3_max": 0.542722,
        "nauc_mrr_at_3_std": -0.295362,
        "nauc_mrr_at_3_diff1": 0.873297,
        "nauc_mrr_at_5_max": 0.525378,
        "nauc_mrr_at_5_std": -0.320472,
        "nauc_mrr_at_5_diff1": 0.874875,
        "nauc_mrr_at_10_max": 0.529537,
        "nauc_mrr_at_10_std": -0.301987,
        "nauc_mrr_at_10_diff1": 0.875005,
        "nauc_mrr_at_20_max": 0.52727,
        "nauc_mrr_at_20_std": -0.29814,
        "nauc_mrr_at_20_diff1": 0.875043,
        "nauc_mrr_at_100_max": 0.527003,
        "nauc_mrr_at_100_std": -0.296093,
        "nauc_mrr_at_100_diff1": 0.874879,
        "nauc_mrr_at_1000_max": 0.527036,
        "nauc_mrr_at_1000_std": -0.29604,
        "nauc_mrr_at_1000_diff1": 0.87491,
        "main_score": 0.88914,
        "hf_subset": "default",
        "languages": [
          "eng-Latn"
        ]
      }
    ],
    "dev": [
      {
        "ndcg_at_1": 0.875,
        "ndcg_at_3": 0.875,
        "ndcg_at_5": 0.875,
        "ndcg_at_10": 0.875,
        "ndcg_at_20": 0.875,
        "ndcg_at_100": 0.89561,
        "ndcg_at_1000": 0.89561,
        "map_at_1": 0.875,
        "map_at_3": 0.875,
        "map_at_5": 0.875,
        "map_at_10": 0.875,
        "map_at_20": 0.875,
        "map_at_100": 0.87689,
        "map_at_1000": 0.87689,
        "recall_at_1": 0.875,
        "recall_at_3": 0.875,
        "recall_at_5": 0.875,
        "recall_at_10": 0.875,
        "recall_at_20": 0.875,
        "recall_at_100": 1.0,
        "recall_at_1000": 1.0,
        "precision_at_1": 0.875,
        "precision_at_3": 0.29167,
        "precision_at_5": 0.175,
        "precision_at_10": 0.0875,
        "precision_at_20": 0.04375,
        "precision_at_100": 0.01,
        "precision_at_1000": 0.001,
        "mrr_at_1": 0.875,
        "mrr_at_3": 0.875,
        "mrr_at_5": 0.875,
        "mrr_at_10": 0.875,
        "mrr_at_20": 0.875,
        "mrr_at_100": 0.876894,
        "mrr_at_1000": 0.876894,
        "nauc_ndcg_at_1_max": 0.865546,
        "nauc_ndcg_at_1_std": 0.865546,
        "nauc_ndcg_at_1_diff1": 0.363585,
        "nauc_ndcg_at_3_max": 0.865546,
        "nauc_ndcg_at_3_std": 0.865546,
        "nauc_ndcg_at_3_diff1": 0.363585,
        "nauc_ndcg_at_5_max": 0.865546,
        "nauc_ndcg_at_5_std": 0.865546,
        "nauc_ndcg_at_5_diff1": 0.363585,
        "nauc_ndcg_at_10_max": 0.865546,
        "nauc_ndcg_at_10_std": 0.865546,
        "nauc_ndcg_at_10_diff1": 0.363585,
        "nauc_ndcg_at_20_max": 0.865546,
        "nauc_ndcg_at_20_std": 0.865546,
        "nauc_ndcg_at_20_diff1": 0.363585,
        "nauc_ndcg_at_100_max": 0.865546,
        "nauc_ndcg_at_100_std": 0.865546,
        "nauc_ndcg_at_100_diff1": 0.363585,
        "nauc_ndcg_at_1000_max": 0.865546,
        "nauc_ndcg_at_1000_std": 0.865546,
        "nauc_ndcg_at_1000_diff1": 0.363585,
        "nauc_map_at_1_max": 0.865546,
        "nauc_map_at_1_std": 0.865546,