{
  "dataset_revision": "1840e8a5ac6ec752bbdd97d543ead0189bc7c25b",
  "task_name": "ChemHotpotQARetrieval",
  "mteb_version": "1.36.29",
  "scores": {
    "train": [
      {
        "ndcg_at_1": 0.83333,
        "ndcg_at_3": 0.87305,
        "ndcg_at_5": 0.8795,
        "ndcg_at_10": 0.88656,
        "ndcg_at_20": 0.89302,
        "ndcg_at_100": 0.8963,
        "ndcg_at_1000": 0.89694,
        "map_at_1": 0.81389,
        "map_at_3": 0.86019,
        "map_at_5": 0.86352,
        "map_at_10": 0.86636,
        "map_at_20": 0.86825,
        "map_at_100": 0.86881,
        "map_at_1000": 0.86882,
        "recall_at_1": 0.81389,
        "recall_at_3": 0.90278,
        "recall_at_5": 0.91944,
        "recall_at_10": 0.94167,
        "recall_at_20": 0.96667,
        "recall_at_100": 0.98333,
        "recall_at_1000": 0.98889,
        "precision_at_1": 0.83333,
        "precision_at_3": 0.31111,
        "precision_at_5": 0.19,
        "precision_at_10": 0.09722,
        "precision_at_20": 0.05,
        "precision_at_100": 0.01022,
        "precision_at_1000": 0.00103,
        "mrr_at_1": 0.833333,
        "mrr_at_3": 0.868519,
        "mrr_at_5": 0.871852,
        "mrr_at_10": 0.874689,
        "mrr_at_20": 0.876239,
        "mrr_at_100": 0.876491,
        "mrr_at_1000": 0.876505,
        "nauc_ndcg_at_1_max": 0.567931,
        "nauc_ndcg_at_1_std": -0.202167,
        "nauc_ndcg_at_1_diff1": 0.893186,
        "nauc_ndcg_at_3_max": 0.440442,
        "nauc_ndcg_at_3_std": -0.366181,
        "nauc_ndcg_at_3_diff1": 0.774032,
        "nauc_ndcg_at_5_max": 0.419679,
        "nauc_ndcg_at_5_std": -0.397036,
        "nauc_ndcg_at_5_diff1": 0.77177,
        "nauc_ndcg_at_10_max": 0.413883,
        "nauc_ndcg_at_10_std": -0.383392,
        "nauc_ndcg_at_10_diff1": 0.773648,
        "nauc_ndcg_at_20_max": 0.402102,
        "nauc_ndcg_at_20_std": -0.375252,
        "nauc_ndcg_at_20_diff1": 0.76557,
        "nauc_ndcg_at_100_max": 0.423477,
        "nauc_ndcg_at_100_std": -0.339833,
        "nauc_ndcg_at_100_diff1": 0.793201,
        "nauc_ndcg_at_1000_max": 0.423904,
        "nauc_ndcg_at_1000_std": -0.338374,
        "nauc_ndcg_at_1000_diff1": 0.794761,
        "nauc_map_at_1_max": 0.4459,
        "nauc_map_at_1_std": -0.277165,
        "nauc_map_at_1_diff1": 0.81413,
        "nauc_map_at_3_max": 0.441843,
        "nauc_map_at_3_std": -0.341876,
        "nauc_map_at_3_diff1": 0.763444,
        "nauc_map_at_5_max": 0.432338,
        "nauc_map_at_5_std": -0.355435,
        "nauc_map_at_5_diff1": 0.762135,
        "nauc_map_at_10_max": 0.430611,
        "nauc_map_at_10_std": -0.35003,
        "nauc_map_at_10_diff1": 0.762613,
        "nauc_map_at_20_max": 0.428382,
        "nauc_map_at_20_std": -0.347891,
        "nauc_map_at_20_diff1": 0.76092,
        "nauc_map_at_100_max": 0.433107,
        "nauc_map_at_100_std": -0.342173,
        "nauc_map_at_100_diff1": 0.766334,
        "nauc_map_at_1000_max": 0.433116,
        "nauc_map_at_1000_std": -0.342148,
        "nauc_map_at_1000_diff1": 0.766359,
        "nauc_recall_at_1_max": 0.4459,
        "nauc_recall_at_1_std": -0.277165,
        "nauc_recall_at_1_diff1": 0.81413,
        "nauc_recall_at_3_max": 0.322868,
        "nauc_recall_at_3_std": -0.540809,
        "nauc_recall_at_3_diff1": 0.681176,
        "nauc_recall_at_5_max": 0.21963,
        "nauc_recall_at_5_std": -0.689607,
        "nauc_recall_at_5_diff1": 0.650456,
        "nauc_recall_at_10_max": 0.109488,
        "nauc_recall_at_10_std": -0.718487,
        "nauc_recall_at_10_diff1": 0.614668,
        "nauc_recall_at_20_max": -0.262605,
        "nauc_recall_at_20_std": -0.867414,
        "nauc_recall_at_20_diff1": 0.400949,
        "nauc_recall_at_100_max": -0.419701,
        "nauc_recall_at_100_std": -0.387021,
        "nauc_recall_at_100_diff1": 0.758792,
        "nauc_recall_at_1000_max": -0.80859,
        "nauc_recall_at_1000_std": -0.298786,
        "nauc_recall_at_1000_diff1": 0.861111,
        "nauc_precision_at_1_max": 0.567931,
        "nauc_precision_at_1_std": -0.202167,
        "nauc_precision_at_1_diff1": 0.893186,
        "nauc_precision_at_3_max": 0.364091,
        "nauc_precision_at_3_std": -0.241297,
        "nauc_precision_at_3_diff1": 0.434506,
        "nauc_precision_at_5_max": 0.296347,
        "nauc_precision_at_5_std": -0.306147,
        "nauc_precision_at_5_diff1": 0.377345,
        "nauc_precision_at_10_max": 0.243111,
        "nauc_precision_at_10_std": -0.229041,
        "nauc_precision_at_10_diff1": 0.285351,
        "nauc_precision_at_20_max": 0.071222,
        "nauc_precision_at_20_std": -0.075481,
        "nauc_precision_at_20_diff1": 0.023854,
        "nauc_precision_at_100_max": 0.199754,
        "nauc_precision_at_100_std": 0.312871,
        "nauc_precision_at_100_diff1": 0.127633,
        "nauc_precision_at_1000_max": 0.188589,
        "nauc_precision_at_1000_std": 0.374675,
        "nauc_precision_at_1000_diff1": 0.097554,
        "nauc_mrr_at_1_max": 0.567931,
        "nauc_mrr_at_1_std": -0.202167,
        "nauc_mrr_at_1_diff1": 0.893186,
        "nauc_mrr_at_3_max": 0.535414,
        "nauc_mrr_at_3_std": -0.272874,
        "nauc_mrr_at_3_diff1": 0.875376,
        "nauc_mrr_at_5_max": 0.527876,
        "nauc_mrr_at_5_std": -0.285367,
        "nauc_mrr_at_5_diff1": 0.87701,
        "nauc_mrr_at_10_max": 0.528291,
        "nauc_mrr_at_10_std": -0.27799,
        "nauc_mrr_at_10_diff1": 0.880217,
        "nauc_mrr_at_20_max": 0.527155,
        "nauc_mrr_at_20_std": -0.275545,
        "nauc_mrr_at_20_diff1": 0.879066,
        "nauc_mrr_at_100_max": 0.526938,
        "nauc_mrr_at_100_std": -0.27304,
        "nauc_mrr_at_100_diff1": 0.878876,
        "nauc_mrr_at_1000_max": 0.526958,
        "nauc_mrr_at_1000_std": -0.273004,
        "nauc_mrr_at_1000_diff1": 0.878916,
        "main_score": 0.88656,
        "hf_subset": "default",
        "languages": [
          "eng-Latn"
        ]
      }
    ],
    "dev": [
      {
        "ndcg_at_1": 0.875,
        "ndcg_at_3": 0.875,
        "ndcg_at_5": 0.875,
        "ndcg_at_10": 0.875,
        "ndcg_at_20": 0.875,
        "ndcg_at_100": 0.89561,
        "ndcg_at_1000": 0.89561,
        "map_at_1": 0.875,
        "map_at_3": 0.875,
        "map_at_5": 0.875,
        "map_at_10": 0.875,
        "map_at_20": 0.875,
        "map_at_100": 0.87689,
        "map_at_1000": 0.87689,
        "recall_at_1": 0.875,
        "recall_at_3": 0.875,
        "recall_at_5": 0.875,
        "recall_at_10": 0.875,
        "recall_at_20": 0.875,
        "recall_at_100": 1.0,
        "recall_at_1000": 1.0,
        "precision_at_1": 0.875,
        "precision_at_3": 0.29167,
        "precision_at_5": 0.175,
        "precision_at_10": 0.0875,
        "precision_at_20": 0.04375,
        "precision_at_100": 0.01,
        "precision_at_1000": 0.001,
        "mrr_at_1": 0.875,
        "mrr_at_3": 0.875,
        "mrr_at_5": 0.875,
        "mrr_at_10": 0.875,
        "mrr_at_20": 0.875,
        "mrr_at_100": 0.876894,
        "mrr_at_1000": 0.876894,
        "nauc_ndcg_at_1_max": 0.865546,
        "nauc_ndcg_at_1_std": 0.363585,
        "nauc_ndcg_at_1_diff1": 0.551821,
        "nauc_ndcg_at_3_max": 0.865546,
        "nauc_ndcg_at_3_std": 0.363585,
        "nauc_ndcg_at_3_diff1": 0.551821,
        "nauc_ndcg_at_5_max": 0.865546,
        "nauc_ndcg_at_5_std": 0.363585,
        "nauc_ndcg_at_5_diff1": 0.551821,
        "nauc_ndcg_at_10_max": 0.865546,
        "nauc_ndcg_at_10_std": 0.363585,
        "nauc_ndcg_at_10_diff1": 0.551821,
        "nauc_ndcg_at_20_max": 0.865546,
        "nauc_ndcg_at_20_std": 0.363585,
        "nauc_ndcg_at_20_diff1": 0.551821,
        "nauc_ndcg_at_100_max": 0.865546,
        "nauc_ndcg_at_100_std": 0.363585,
        "nauc_ndcg_at_100_diff1": 0.551821,
        "nauc_ndcg_at_1000_max": 0.865546,
        "nauc_ndcg_at_1000_std": 0.363585,
        "nauc_ndcg_at_1000_diff1": 0.551821,
        "nauc_map_at_1_max": 0.865546,
        "nauc_map_at_1_std": 0.363585,