{
  "dataset_revision": "7fb14716e4106b72f51a16e682e5cd2d67e9bd70",
  "task_name": "PubChemWikiParagraphsPC",
  "mteb_version": "1.36.29",
  "scores": {
    "test": [
      {
        "similarity_accuracy": 0.899414,
        "similarity_accuracy_threshold": 0.972833,
        "similarity_f1": 0.322795,
        "similarity_f1_threshold": 0.74157,
        "similarity_precision": 0.244949,
        "similarity_recall": 0.473171,
        "similarity_ap": 0.211008,
        "cosine_accuracy": 0.899414,
        "cosine_accuracy_threshold": 0.972833,
        "cosine_f1": 0.322795,
        "cosine_f1_threshold": 0.74157,
        "cosine_precision": 0.244949,
        "cosine_recall": 0.473171,
        "cosine_ap": 0.211008,
        "manhattan_accuracy": 0.899414,
        "manhattan_accuracy_threshold": 111.915382,
        "manhattan_f1": 0.350951,
        "manhattan_f1_threshold": 298.356049,
        "manhattan_precision": 0.309701,
        "manhattan_recall": 0.404878,
        "manhattan_ap": 0.225303,
        "euclidean_accuracy": 0.899414,
        "euclidean_accuracy_threshold": 5.090992,
        "euclidean_f1": 0.352688,
        "euclidean_f1_threshold": 13.460395,
        "euclidean_precision": 0.315385,
        "euclidean_recall": 0.4,
        "euclidean_ap": 0.228419,
        "dot_accuracy": 0.899414,
        "dot_accuracy_threshold": 506.693481,
        "dot_f1": 0.220246,
        "dot_f1_threshold": 248.026505,
        "dot_precision": 0.128083,
        "dot_recall": 0.785366,
        "dot_ap": 0.119253,
        "max_accuracy": 0.899414,
        "max_f1": 0.352688,
        "max_precision": 0.315385,
        "max_recall": 0.785366,
        "max_ap": 0.228419,
        "main_score": 0.228419,
        "hf_subset": "default",
        "languages": [
          "eng-Latn"
        ]
      }
    ]
  },
  "evaluation_time": 3.645808219909668,
  "kg_co2_emissions": null
}