{
  "dataset_revision": "8fae72a2c75530aaaac6920a02622490d923ca98",
  "task_name": "ChemRxivNC2",
  "mteb_version": "1.36.29",
  "scores": {
    "test": [
      {
        "ndcg_at_1": 0.7054,
        "ndcg_at_3": 0.80282,
        "ndcg_at_5": 0.82201,
        "ndcg_at_10": 0.83242,
        "ndcg_at_20": 0.83769,
        "ndcg_at_100": 0.84168,
        "ndcg_at_1000": 0.84285,
        "map_at_1": 0.7054,
        "map_at_3": 0.77963,
        "map_at_5": 0.79038,
        "map_at_10": 0.79467,
        "map_at_20": 0.79615,
        "map_at_100": 0.79674,
        "map_at_1000": 0.79679,
        "recall_at_1": 0.7054,
        "recall_at_3": 0.8696,
        "recall_at_5": 0.9158,
        "recall_at_10": 0.948,
        "recall_at_20": 0.9686,
        "recall_at_100": 0.9896,
        "recall_at_1000": 0.9986,
        "precision_at_1": 0.7054,
        "precision_at_3": 0.28987,
        "precision_at_5": 0.18316,
        "precision_at_10": 0.0948,
        "precision_at_20": 0.04843,
        "precision_at_100": 0.0099,
        "precision_at_1000": 0.001,
        "mrr_at_1": 0.7058,
        "mrr_at_3": 0.779767,
        "mrr_at_5": 0.790567,
        "mrr_at_10": 0.794854,
        "mrr_at_20": 0.796331,
        "mrr_at_100": 0.796918,
        "mrr_at_1000": 0.796967,
        "nauc_ndcg_at_1_max": 0.406561,
        "nauc_ndcg_at_1_std": -0.165453,
        "nauc_ndcg_at_1_diff1": 0.73873,
        "nauc_ndcg_at_3_max": 0.447125,
        "nauc_ndcg_at_3_std": -0.156671,
        "nauc_ndcg_at_3_diff1": 0.700155,
        "nauc_ndcg_at_5_max": 0.46029,
        "nauc_ndcg_at_5_std": -0.141218,
        "nauc_ndcg_at_5_diff1": 0.702968,
        "nauc_ndcg_at_10_max": 0.456965,
        "nauc_ndcg_at_10_std": -0.143282,
        "nauc_ndcg_at_10_diff1": 0.707433,
        "nauc_ndcg_at_20_max": 0.453217,
        "nauc_ndcg_at_20_std": -0.141995,
        "nauc_ndcg_at_20_diff1": 0.710279,
        "nauc_ndcg_at_100_max": 0.448226,
        "nauc_ndcg_at_100_std": -0.145549,
        "nauc_ndcg_at_100_diff1": 0.711521,
        "nauc_ndcg_at_1000_max": 0.445585,
        "nauc_ndcg_at_1000_std": -0.148282,
        "nauc_ndcg_at_1000_diff1": 0.712085,
        "nauc_map_at_1_max": 0.406561,
        "nauc_map_at_1_std": -0.165453,
        "nauc_map_at_1_diff1": 0.73873,
        "nauc_map_at_3_max": 0.435193,
        "nauc_map_at_3_std": -0.160518,
        "nauc_map_at_3_diff1": 0.710436,
        "nauc_map_at_5_max": 0.440972,
        "nauc_map_at_5_std": -0.153142,
        "nauc_map_at_5_diff1": 0.712075,
        "nauc_map_at_10_max": 0.439407,
        "nauc_map_at_10_std": -0.154526,
        "nauc_map_at_10_diff1": 0.713883,
        "nauc_map_at_20_max": 0.438496,
        "nauc_map_at_20_std": -0.154376,
        "nauc_map_at_20_diff1": 0.71464,
        "nauc_map_at_100_max": 0.437832,
        "nauc_map_at_100_std": -0.154703,
        "nauc_map_at_100_diff1": 0.714754,
        "nauc_map_at_1000_max": 0.437753,
        "nauc_map_at_1000_std": -0.154758,
        "nauc_map_at_1000_diff1": 0.71478,
        "nauc_recall_at_1_max": 0.406561,
        "nauc_recall_at_1_std": -0.165453,
        "nauc_recall_at_1_diff1": 0.73873,
        "nauc_recall_at_3_max": 0.500509,
        "nauc_recall_at_3_std": -0.138593,
        "nauc_recall_at_3_diff1": 0.654886,
        "nauc_recall_at_5_max": 0.58775,
        "nauc_recall_at_5_std": -0.059167,
        "nauc_recall_at_5_diff1": 0.647527,
        "nauc_recall_at_10_max": 0.636483,
        "nauc_recall_at_10_std": -0.019286,
        "nauc_recall_at_10_diff1": 0.651995,
        "nauc_recall_at_20_max": 0.682899,
        "nauc_recall_at_20_std": 0.087638,
        "nauc_recall_at_20_diff1": 0.664728,
        "nauc_recall_at_100_max": 0.797035,
        "nauc_recall_at_100_std": 0.263494,
        "nauc_recall_at_100_diff1": 0.673526,
        "nauc_recall_at_1000_max": 0.943978,
        "nauc_recall_at_1000_std": 0.569228,
        "nauc_recall_at_1000_diff1": 0.816593,
        "nauc_precision_at_1_max": 0.406561,
        "nauc_precision_at_1_std": -0.165453,
        "nauc_precision_at_1_diff1": 0.73873,
        "nauc_precision_at_3_max": 0.500509,
        "nauc_precision_at_3_std": -0.138593,
        "nauc_precision_at_3_diff1": 0.654886,
        "nauc_precision_at_5_max": 0.58775,
        "nauc_precision_at_5_std": -0.059167,
        "nauc_precision_at_5_diff1": 0.647527,
        "nauc_precision_at_10_max": 0.636483,
        "nauc_precision_at_10_std": -0.019286,
        "nauc_precision_at_10_diff1": 0.651995,
        "nauc_precision_at_20_max": 0.682899,
        "nauc_precision_at_20_std": 0.087638,
        "nauc_precision_at_20_diff1": 0.664728,
        "nauc_precision_at_100_max": 0.797035,
        "nauc_precision_at_100_std": 0.263494,
        "nauc_precision_at_100_diff1": 0.673526,
        "nauc_precision_at_1000_max": 0.943978,
        "nauc_precision_at_1000_std": 0.569228,
        "nauc_precision_at_1000_diff1": 0.816593,
        "nauc_mrr_at_1_max": 0.407901,
        "nauc_mrr_at_1_std": -0.162781,
        "nauc_mrr_at_1_diff1": 0.737998,
        "nauc_mrr_at_3_max": 0.436138,
        "nauc_mrr_at_3_std": -0.159132,
        "nauc_mrr_at_3_diff1": 0.710072,
        "nauc_mrr_at_5_max": 0.441923,
        "nauc_mrr_at_5_std": -0.151409,
        "nauc_mrr_at_5_diff1": 0.711591,
        "nauc_mrr_at_10_max": 0.440382,
        "nauc_mrr_at_10_std": -0.152758,
        "nauc_mrr_at_10_diff1": 0.713393,
        "nauc_mrr_at_20_max": 0.439479,
        "nauc_mrr_at_20_std": -0.152594,
        "nauc_mrr_at_20_diff1": 0.714147,
        "nauc_mrr_at_100_max": 0.438818,
        "nauc_mrr_at_100_std": -0.152915,
        "nauc_mrr_at_100_diff1": 0.714259,
        "nauc_mrr_at_1000_max": 0.438739,
        "nauc_mrr_at_1000_std": -0.15297,
        "nauc_mrr_at_1000_diff1": 0.714285,
        "main_score": 0.83242,
        "hf_subset": "default",
        "languages": [
          "eng-Latn"
        ]
      }
    ]
  },
  "evaluation_time": 179.40722966194153,
  "kg_co2_emissions": null
}