{
  "dataset_revision": "8fae72a2c75530aaaac6920a02622490d923ca98",
  "task_name": "ChemRxivNC2",
  "mteb_version": "1.36.29",
  "scores": {
    "test": [
      {
        "ndcg_at_1": 0.7392,
        "ndcg_at_3": 0.82645,
        "ndcg_at_5": 0.84328,
        "ndcg_at_10": 0.85302,
        "ndcg_at_20": 0.85735,
        "ndcg_at_100": 0.86068,
        "ndcg_at_1000": 0.86165,
        "map_at_1": 0.7392,
        "map_at_3": 0.80547,
        "map_at_5": 0.81491,
        "map_at_10": 0.81903,
        "map_at_20": 0.82026,
        "map_at_100": 0.82075,
        "map_at_1000": 0.82078,
        "recall_at_1": 0.7392,
        "recall_at_3": 0.887,
        "recall_at_5": 0.9274,
        "recall_at_10": 0.957,
        "recall_at_20": 0.9738,
        "recall_at_100": 0.9914,
        "recall_at_1000": 0.999,
        "precision_at_1": 0.7392,
        "precision_at_3": 0.29567,
        "precision_at_5": 0.18548,
        "precision_at_10": 0.0957,
        "precision_at_20": 0.04869,
        "precision_at_100": 0.00991,
        "precision_at_1000": 0.001,
        "mrr_at_1": 0.7388,
        "mrr_at_3": 0.805233,
        "mrr_at_5": 0.814723,
        "mrr_at_10": 0.818842,
        "mrr_at_20": 0.820074,
        "mrr_at_100": 0.820562,
        "mrr_at_1000": 0.820598,
        "nauc_ndcg_at_1_max": 0.394027,
        "nauc_ndcg_at_1_std": -0.203831,
        "nauc_ndcg_at_1_diff1": 0.77663,
        "nauc_ndcg_at_3_max": 0.446196,
        "nauc_ndcg_at_3_std": -0.187442,
        "nauc_ndcg_at_3_diff1": 0.741808,
        "nauc_ndcg_at_5_max": 0.451606,
        "nauc_ndcg_at_5_std": -0.174229,
        "nauc_ndcg_at_5_diff1": 0.746629,
        "nauc_ndcg_at_10_max": 0.451502,
        "nauc_ndcg_at_10_std": -0.174589,
        "nauc_ndcg_at_10_diff1": 0.747243,
        "nauc_ndcg_at_20_max": 0.446288,
        "nauc_ndcg_at_20_std": -0.172727,
        "nauc_ndcg_at_20_diff1": 0.747822,
        "nauc_ndcg_at_100_max": 0.441348,
        "nauc_ndcg_at_100_std": -0.177978,
        "nauc_ndcg_at_100_diff1": 0.752249,
        "nauc_ndcg_at_1000_max": 0.43845,
        "nauc_ndcg_at_1000_std": -0.180303,
        "nauc_ndcg_at_1000_diff1": 0.752023,
        "nauc_map_at_1_max": 0.394027,
        "nauc_map_at_1_std": -0.203831,
        "nauc_map_at_1_diff1": 0.77663,
        "nauc_map_at_3_max": 0.430717,
        "nauc_map_at_3_std": -0.192976,
        "nauc_map_at_3_diff1": 0.751085,
        "nauc_map_at_5_max": 0.432605,
        "nauc_map_at_5_std": -0.18684,
        "nauc_map_at_5_diff1": 0.753815,
        "nauc_map_at_10_max": 0.432366,
        "nauc_map_at_10_std": -0.187014,
        "nauc_map_at_10_diff1": 0.754303,
        "nauc_map_at_20_max": 0.431005,
        "nauc_map_at_20_std": -0.186717,
        "nauc_map_at_20_diff1": 0.754476,
        "nauc_map_at_100_max": 0.430396,
        "nauc_map_at_100_std": -0.187252,
        "nauc_map_at_100_diff1": 0.755008,
        "nauc_map_at_1000_max": 0.430312,
        "nauc_map_at_1000_std": -0.187309,
        "nauc_map_at_1000_diff1": 0.755002,
        "nauc_recall_at_1_max": 0.394027,
        "nauc_recall_at_1_std": -0.203831,
        "nauc_recall_at_1_diff1": 0.77663,
        "nauc_recall_at_3_max": 0.516943,
        "nauc_recall_at_3_std": -0.161679,
        "nauc_recall_at_3_diff1": 0.700138,
        "nauc_recall_at_5_max": 0.579433,
        "nauc_recall_at_5_std": -0.085515,
        "nauc_recall_at_5_diff1": 0.701789,
        "nauc_recall_at_10_max": 0.660876,
        "nauc_recall_at_10_std": -0.033372,
        "nauc_recall_at_10_diff1": 0.674879,
        "nauc_recall_at_20_max": 0.69595,
        "nauc_recall_at_20_std": 0.095046,
        "nauc_recall_at_20_diff1": 0.640245,
        "nauc_recall_at_100_max": 0.819957,
        "nauc_recall_at_100_std": 0.205861,
        "nauc_recall_at_100_diff1": 0.760026,
        "nauc_recall_at_1000_max": 0.79972,
        "nauc_recall_at_1000_std": 0.710551,
        "nauc_recall_at_1000_diff1": 0.593931,
        "nauc_precision_at_1_max": 0.394027,
        "nauc_precision_at_1_std": -0.203831,
        "nauc_precision_at_1_diff1": 0.77663,
        "nauc_precision_at_3_max": 0.516943,
        "nauc_precision_at_3_std": -0.161679,
        "nauc_precision_at_3_diff1": 0.700138,
        "nauc_precision_at_5_max": 0.579433,
        "nauc_precision_at_5_std": -0.085515,
        "nauc_precision_at_5_diff1": 0.701789,
        "nauc_precision_at_10_max": 0.660876,
        "nauc_precision_at_10_std": -0.033372,
        "nauc_precision_at_10_diff1": 0.674879,
        "nauc_precision_at_20_max": 0.69595,
        "nauc_precision_at_20_std": 0.095046,
        "nauc_precision_at_20_diff1": 0.640245,
        "nauc_precision_at_100_max": 0.819957,
        "nauc_precision_at_100_std": 0.205861,
        "nauc_precision_at_100_diff1": 0.760026,
        "nauc_precision_at_1000_max": 0.79972,
        "nauc_precision_at_1000_std": 0.710551,
        "nauc_precision_at_1000_diff1": 0.593931,
        "nauc_mrr_at_1_max": 0.395427,
        "nauc_mrr_at_1_std": -0.203703,
        "nauc_mrr_at_1_diff1": 0.77739,
        "nauc_mrr_at_3_max": 0.43161,
        "nauc_mrr_at_3_std": -0.193406,
        "nauc_mrr_at_3_diff1": 0.751665,
        "nauc_mrr_at_5_max": 0.433442,
        "nauc_mrr_at_5_std": -0.187006,
        "nauc_mrr_at_5_diff1": 0.75432,
        "nauc_mrr_at_10_max": 0.433223,
        "nauc_mrr_at_10_std": -0.187184,
        "nauc_mrr_at_10_diff1": 0.754821,
        "nauc_mrr_at_20_max": 0.43187,
        "nauc_mrr_at_20_std": -0.186888,
        "nauc_mrr_at_20_diff1": 0.754997,
        "nauc_mrr_at_100_max": 0.431264,
        "nauc_mrr_at_100_std": -0.187424,
        "nauc_mrr_at_100_diff1": 0.755531,
        "nauc_mrr_at_1000_max": 0.43118,
        "nauc_mrr_at_1000_std": -0.187481,
        "nauc_mrr_at_1000_diff1": 0.755525,
        "main_score": 0.85302,
        "hf_subset": "default",
        "languages": [
          "eng-Latn"
        ]
      }
    ]
  },
  "evaluation_time": 173.6350474357605,
  "kg_co2_emissions": null
}