{
  "dataset_revision": "5d958fb6b31055495347724d46431ba41309b03a",
  "task_name": "ChemNQRetrieval",
  "mteb_version": "1.36.29",
  "scores": {
    "test": [
      {
        "ndcg_at_1": 0.40741,
        "ndcg_at_3": 0.52433,
        "ndcg_at_5": 0.54744,
        "ndcg_at_10": 0.57642,
        "ndcg_at_20": 0.61111,
        "ndcg_at_100": 0.62458,
        "ndcg_at_1000": 0.62846,
        "map_at_1": 0.30864,
        "map_at_3": 0.46914,
        "map_at_5": 0.48395,
        "map_at_10": 0.494,
        "map_at_20": 0.50563,
        "map_at_100": 0.50802,
        "map_at_1000": 0.50807,
        "recall_at_1": 0.30864,
        "recall_at_3": 0.62346,
        "recall_at_5": 0.67901,
        "recall_at_10": 0.7716,
        "recall_at_20": 0.90123,
        "recall_at_100": 0.96296,
        "recall_at_1000": 1.0,
        "precision_at_1": 0.40741,
        "precision_at_3": 0.25926,
        "precision_at_5": 0.17037,
        "precision_at_10": 0.0963,
        "precision_at_20": 0.05741,
        "precision_at_100": 0.01259,
        "precision_at_1000": 0.0013,
        "mrr_at_1": 0.407407,
        "mrr_at_3": 0.537037,
        "mrr_at_5": 0.544444,
        "mrr_at_10": 0.557143,
        "mrr_at_20": 0.561561,
        "mrr_at_100": 0.562651,
        "mrr_at_1000": 0.562701,
        "nauc_ndcg_at_1_max": 0.123795,
        "nauc_ndcg_at_1_std": -0.083395,
        "nauc_ndcg_at_1_diff1": 0.551596,
        "nauc_ndcg_at_3_max": 0.109744,
        "nauc_ndcg_at_3_std": -0.108559,
        "nauc_ndcg_at_3_diff1": 0.39391,
        "nauc_ndcg_at_5_max": 0.160819,
        "nauc_ndcg_at_5_std": -0.036895,
        "nauc_ndcg_at_5_diff1": 0.344879,
        "nauc_ndcg_at_10_max": 0.160962,
        "nauc_ndcg_at_10_std": -0.041986,
        "nauc_ndcg_at_10_diff1": 0.345216,
        "nauc_ndcg_at_20_max": 0.187735,
        "nauc_ndcg_at_20_std": -0.034599,
        "nauc_ndcg_at_20_diff1": 0.388039,
        "nauc_ndcg_at_100_max": 0.182662,
        "nauc_ndcg_at_100_std": -0.048347,
        "nauc_ndcg_at_100_diff1": 0.436742,
        "nauc_ndcg_at_1000_max": 0.183819,
        "nauc_ndcg_at_1000_std": -0.039613,
        "nauc_ndcg_at_1000_diff1": 0.43197,
        "nauc_map_at_1_max": 0.007018,
        "nauc_map_at_1_std": -0.072572,
        "nauc_map_at_1_diff1": 0.444073,
        "nauc_map_at_3_max": 0.086075,
        "nauc_map_at_3_std": -0.119218,
        "nauc_map_at_3_diff1": 0.414107,
        "nauc_map_at_5_max": 0.121969,
        "nauc_map_at_5_std": -0.079924,
        "nauc_map_at_5_diff1": 0.384751,
        "nauc_map_at_10_max": 0.121189,
        "nauc_map_at_10_std": -0.082437,
        "nauc_map_at_10_diff1": 0.386007,
        "nauc_map_at_20_max": 0.139324,
        "nauc_map_at_20_std": -0.071639,
        "nauc_map_at_20_diff1": 0.403678,
        "nauc_map_at_100_max": 0.138166,
        "nauc_map_at_100_std": -0.073367,
        "nauc_map_at_100_diff1": 0.410846,
        "nauc_map_at_1000_max": 0.138171,
        "nauc_map_at_1000_std": -0.073282,
        "nauc_map_at_1000_diff1": 0.410793,
        "nauc_recall_at_1_max": 0.007018,
        "nauc_recall_at_1_std": -0.072572,
        "nauc_recall_at_1_diff1": 0.444073,
        "nauc_recall_at_3_max": 0.060093,
        "nauc_recall_at_3_std": -0.143988,
        "nauc_recall_at_3_diff1": 0.2348,
        "nauc_recall_at_5_max": 0.174639,
        "nauc_recall_at_5_std": 0.047201,
        "nauc_recall_at_5_diff1": 0.080252,
        "nauc_recall_at_10_max": 0.103687,
        "nauc_recall_at_10_std": -0.012635,
        "nauc_recall_at_10_diff1": -0.067383,
        "nauc_recall_at_20_max": 0.174292,
        "nauc_recall_at_20_std": -0.050095,
        "nauc_recall_at_20_diff1": -0.086666,
        "nauc_recall_at_100_max": 0.113206,
        "nauc_recall_at_100_std": -0.572623,
        "nauc_recall_at_100_diff1": 0.723262,
        "nauc_recall_at_1000_max": NaN,
        "nauc_recall_at_1000_std": NaN,
        "nauc_recall_at_1000_diff1": NaN,
        "nauc_precision_at_1_max": 0.123795,
        "nauc_precision_at_1_std": -0.083395,
        "nauc_precision_at_1_diff1": 0.551596,
        "nauc_precision_at_3_max": 0.265066,
        "nauc_precision_at_3_std": -0.168465,
        "nauc_precision_at_3_diff1": 0.345162,
        "nauc_precision_at_5_max": 0.362898,
        "nauc_precision_at_5_std": 0.002801,
        "nauc_precision_at_5_diff1": 0.162141,
        "nauc_precision_at_10_max": 0.475354,
        "nauc_precision_at_10_std": 0.053956,
        "nauc_precision_at_10_diff1": 0.165121,
        "nauc_precision_at_20_max": 0.584902,
        "nauc_precision_at_20_std": 0.168625,
        "nauc_precision_at_20_diff1": 0.256741,
        "nauc_precision_at_100_max": 0.446376,
        "nauc_precision_at_100_std": 0.131629,
        "nauc_precision_at_100_diff1": 0.376768,
        "nauc_precision_at_1000_max": 0.478075,
        "nauc_precision_at_1000_std": 0.198634,
        "nauc_precision_at_1000_diff1": 0.343801,
        "nauc_mrr_at_1_max": 0.123795,
        "nauc_mrr_at_1_std": -0.083395,
        "nauc_mrr_at_1_diff1": 0.551596,
        "nauc_mrr_at_3_max": 0.183419,
        "nauc_mrr_at_3_std": -0.044114,
        "nauc_mrr_at_3_diff1": 0.479326,
        "nauc_mrr_at_5_max": 0.190653,
        "nauc_mrr_at_5_std": -0.016515,
        "nauc_mrr_at_5_diff1": 0.4671,
        "nauc_mrr_at_10_max": 0.207919,
        "nauc_mrr_at_10_std": -0.002481,
        "nauc_mrr_at_10_diff1": 0.483992,
        "nauc_mrr_at_20_max": 0.196953,
        "nauc_mrr_at_20_std": -0.013004,
        "nauc_mrr_at_20_diff1": 0.483905,
        "nauc_mrr_at_100_max": 0.197256,
        "nauc_mrr_at_100_std": -0.015066,
        "nauc_mrr_at_100_diff1": 0.487732,
        "nauc_mrr_at_1000_max": 0.19727,
        "nauc_mrr_at_1000_std": -0.014973,
        "nauc_mrr_at_1000_diff1": 0.487693,
        "main_score": 0.57642,
        "hf_subset": "default",
        "languages": [
          "eng-Latn"
        ]
      }
    ]
  },
  "evaluation_time": 145.35515069961548,
  "kg_co2_emissions": null
}