{
  "dataset_revision": "f33a205966ce032f957c3a22f4f9e378f89a2c56",
  "task_name": "PubChemAISentenceParaphrasePC",
  "mteb_version": "1.36.29",
  "scores": {
    "test": [
      {
        "similarity_accuracy": 0.981445,
        "similarity_accuracy_threshold": 0.851953,
        "similarity_f1": 0.908213,
        "similarity_f1_threshold": 0.851953,
        "similarity_precision": 0.899522,
        "similarity_recall": 0.917073,
        "similarity_ap": 0.944151,
        "cosine_accuracy": 0.981445,
        "cosine_accuracy_threshold": 0.851953,
        "cosine_f1": 0.908213,
        "cosine_f1_threshold": 0.851953,
        "cosine_precision": 0.899522,
        "cosine_recall": 0.917073,
        "cosine_ap": 0.944151,
        "manhattan_accuracy": 0.981445,
        "manhattan_accuracy_threshold": 11.661597,
        "manhattan_f1": 0.908213,
        "manhattan_f1_threshold": 11.99539,
        "manhattan_precision": 0.899522,
        "manhattan_recall": 0.917073,
        "manhattan_ap": 0.944224,
        "euclidean_accuracy": 0.981445,
        "euclidean_accuracy_threshold": 0.544144,
        "euclidean_f1": 0.908213,
        "euclidean_f1_threshold": 0.544144,
        "euclidean_precision": 0.899522,
        "euclidean_recall": 0.917073,
        "euclidean_ap": 0.944151,
        "dot_accuracy": 0.981445,
        "dot_accuracy_threshold": 0.851953,
        "dot_f1": 0.908213,
        "dot_f1_threshold": 0.851953,
        "dot_precision": 0.899522,
        "dot_recall": 0.917073,
        "dot_ap": 0.944151,
        "max_accuracy": 0.981445,
        "max_f1": 0.908213,
        "max_precision": 0.899522,
        "max_recall": 0.917073,
        "max_ap": 0.944224,
        "main_score": 0.944224,
        "hf_subset": "default",
        "languages": [
          "eng-Latn"
        ]
      }
    ]
  },
  "evaluation_time": 10.054034233093262,
  "kg_co2_emissions": null
}