{
  "dataset_revision": "080c9ed6267b65029207906e815d44a9240bafca",
  "task_name": "FEVERHardNegatives",
  "mteb_version": "1.36.29",
  "scores": {
    "test": [
      {
        "ndcg_at_1": 0.688,
        "ndcg_at_3": 0.77783,
        "ndcg_at_5": 0.79554,
        "ndcg_at_10": 0.8098,
        "ndcg_at_20": 0.81572,
        "ndcg_at_100": 0.82155,
        "ndcg_at_1000": 0.82396,
        "map_at_1": 0.64959,
        "map_at_3": 0.74328,
        "map_at_5": 0.75441,
        "map_at_10": 0.7611,
        "map_at_20": 0.76323,
        "map_at_100": 0.76432,
        "map_at_1000": 0.76448,
        "recall_at_1": 0.64959,
        "recall_at_3": 0.8425,
        "recall_at_5": 0.88723,
        "recall_at_10": 0.92895,
        "recall_at_20": 0.9496,
        "recall_at_100": 0.97607,
        "recall_at_1000": 0.99024,
        "precision_at_1": 0.688,
        "precision_at_3": 0.30167,
        "precision_at_5": 0.1914,
        "precision_at_10": 0.1015,
        "precision_at_20": 0.0525,
        "precision_at_100": 0.01099,
        "precision_at_1000": 0.00114,
        "mrr_at_1": 0.688,
        "mrr_at_3": 0.774833,
        "mrr_at_5": 0.785033,
        "mrr_at_10": 0.790349,
        "mrr_at_20": 0.791399,
        "mrr_at_100": 0.791937,
        "mrr_at_1000": 0.791971,
        "nauc_ndcg_at_1_max": 0.27077,
        "nauc_ndcg_at_1_std": 0.07864,
        "nauc_ndcg_at_1_diff1": 0.666211,
        "nauc_ndcg_at_3_max": 0.384046,
        "nauc_ndcg_at_3_std": 0.136783,
        "nauc_ndcg_at_3_diff1": 0.655621,
        "nauc_ndcg_at_5_max": 0.373468,
        "nauc_ndcg_at_5_std": 0.151862,
        "nauc_ndcg_at_5_diff1": 0.647462,
        "nauc_ndcg_at_10_max": 0.35474,
        "nauc_ndcg_at_10_std": 0.14554,
        "nauc_ndcg_at_10_diff1": 0.648118,
        "nauc_ndcg_at_20_max": 0.353183,
        "nauc_ndcg_at_20_std": 0.140631,
        "nauc_ndcg_at_20_diff1": 0.648335,
        "nauc_ndcg_at_100_max": 0.351953,
        "nauc_ndcg_at_100_std": 0.134647,
        "nauc_ndcg_at_100_diff1": 0.648789,
        "nauc_ndcg_at_1000_max": 0.350511,
        "nauc_ndcg_at_1000_std": 0.134616,
        "nauc_ndcg_at_1000_diff1": 0.651408,
        "nauc_map_at_1_max": 0.259763,
        "nauc_map_at_1_std": 0.058472,
        "nauc_map_at_1_diff1": 0.647809,
        "nauc_map_at_3_max": 0.351393,
        "nauc_map_at_3_std": 0.113239,
        "nauc_map_at_3_diff1": 0.651209,
        "nauc_map_at_5_max": 0.345229,
        "nauc_map_at_5_std": 0.12098,
        "nauc_map_at_5_diff1": 0.648723,
        "nauc_map_at_10_max": 0.338025,
        "nauc_map_at_10_std": 0.116879,
        "nauc_map_at_10_diff1": 0.649184,
        "nauc_map_at_20_max": 0.338378,
        "nauc_map_at_20_std": 0.11693,
        "nauc_map_at_20_diff1": 0.649298,
        "nauc_map_at_100_max": 0.338258,
        "nauc_map_at_100_std": 0.116268,
        "nauc_map_at_100_diff1": 0.649357,
        "nauc_map_at_1000_max": 0.338234,
        "nauc_map_at_1000_std": 0.116404,
        "nauc_map_at_1000_diff1": 0.649466,
        "nauc_recall_at_1_max": 0.259763,
        "nauc_recall_at_1_std": 0.058472,
        "nauc_recall_at_1_diff1": 0.647809,
        "nauc_recall_at_3_max": 0.494865,
        "nauc_recall_at_3_std": 0.201483,
        "nauc_recall_at_3_diff1": 0.619922,
        "nauc_recall_at_5_max": 0.496275,
        "nauc_recall_at_5_std": 0.28161,
        "nauc_recall_at_5_diff1": 0.578985,
        "nauc_recall_at_10_max": 0.427597,
        "nauc_recall_at_10_std": 0.315019,
        "nauc_recall_at_10_diff1": 0.542635,
        "nauc_recall_at_20_max": 0.439865,
        "nauc_recall_at_20_std": 0.31909,
        "nauc_recall_at_20_diff1": 0.528716,
        "nauc_recall_at_100_max": 0.530825,
        "nauc_recall_at_100_std": 0.321859,
        "nauc_recall_at_100_diff1": 0.452393,
        "nauc_recall_at_1000_max": 0.706004,
        "nauc_recall_at_1000_std": 0.520529,
        "nauc_recall_at_1000_diff1": 0.517066,
        "nauc_precision_at_1_max": 0.27077,
        "nauc_precision_at_1_std": 0.07864,
        "nauc_precision_at_1_diff1": 0.666211,
        "nauc_precision_at_3_max": 0.437864,
        "nauc_precision_at_3_std": 0.237276,
        "nauc_precision_at_3_diff1": 0.453854,
        "nauc_precision_at_5_max": 0.360654,
        "nauc_precision_at_5_std": 0.290793,
        "nauc_precision_at_5_diff1": 0.304778,
        "nauc_precision_at_10_max": 0.148376,
        "nauc_precision_at_10_std": 0.228349,
        "nauc_precision_at_10_diff1": 0.057125,
        "nauc_precision_at_20_max": 0.078859,
        "nauc_precision_at_20_std": 0.178991,
        "nauc_precision_at_20_diff1": -0.072538,
        "nauc_precision_at_100_max": -0.030815,
        "nauc_precision_at_100_std": 0.103469,
        "nauc_precision_at_100_diff1": -0.198214,
        "nauc_precision_at_1000_max": -0.091163,
        "nauc_precision_at_1000_std": 0.086116,
        "nauc_precision_at_1000_diff1": -0.216916,
        "nauc_mrr_at_1_max": 0.27077,
        "nauc_mrr_at_1_std": 0.07864,
        "nauc_mrr_at_1_diff1": 0.666211,
        "nauc_mrr_at_3_max": 0.35027,
        "nauc_mrr_at_3_std": 0.123787,
        "nauc_mrr_at_3_diff1": 0.667714,
        "nauc_mrr_at_5_max": 0.342071,
        "nauc_mrr_at_5_std": 0.128564,
        "nauc_mrr_at_5_diff1": 0.662991,
        "nauc_mrr_at_10_max": 0.334222,
        "nauc_mrr_at_10_std": 0.1284,
        "nauc_mrr_at_10_diff1": 0.663912,
        "nauc_mrr_at_20_max": 0.332357,
        "nauc_mrr_at_20_std": 0.125228,
        "nauc_mrr_at_20_diff1": 0.663823,
        "nauc_mrr_at_100_max": 0.332171,
        "nauc_mrr_at_100_std": 0.124054,
        "nauc_mrr_at_100_diff1": 0.663803,
        "nauc_mrr_at_1000_max": 0.332119,
        "nauc_mrr_at_1000_std": 0.123983,
        "nauc_mrr_at_1000_diff1": 0.663829,
        "main_score": 0.8098,
        "hf_subset": "default",
        "languages": [
          "eng-Latn"
        ]
      }
    ]
  },
  "evaluation_time": 302.08684968948364,
  "kg_co2_emissions": null
}