{
  "dataset_revision": "70970daeab8776df92f5ea462b6173c0b46fd2d1",
  "task_name": "TwitterSemEval2015",
  "mteb_version": "1.36.29",
  "scores": {
    "test": [
      {
        "similarity_accuracy": 0.86404,
        "similarity_accuracy_threshold": 0.789152,
        "similarity_f1": 0.697822,
        "similarity_f1_threshold": 0.766647,
        "similarity_precision": 0.670969,
        "similarity_recall": 0.726913,
        "similarity_ap": 0.755328,
        "cosine_accuracy": 0.86404,
        "cosine_accuracy_threshold": 0.789152,
        "cosine_f1": 0.697822,
        "cosine_f1_threshold": 0.766647,
        "cosine_precision": 0.670969,
        "cosine_recall": 0.726913,
        "cosine_ap": 0.755328,
        "manhattan_accuracy": 0.868987,
        "manhattan_accuracy_threshold": 293.846832,
        "manhattan_f1": 0.70675,
        "manhattan_f1_threshold": 312.940887,
        "manhattan_precision": 0.661755,
        "manhattan_recall": 0.758311,
        "manhattan_ap": 0.761807,
        "euclidean_accuracy": 0.868808,
        "euclidean_accuracy_threshold": 13.423981,
        "euclidean_f1": 0.705926,
        "euclidean_f1_threshold": 14.125707,
        "euclidean_precision": 0.66457,
        "euclidean_recall": 0.75277,
        "euclidean_ap": 0.761848,
        "dot_accuracy": 0.820528,
        "dot_accuracy_threshold": 342.768768,
        "dot_f1": 0.592186,
        "dot_f1_threshold": 314.216095,
        "dot_precision": 0.514291,
        "dot_recall": 0.697889,
        "dot_ap": 0.612623,
        "max_accuracy": 0.868987,
        "max_f1": 0.70675,
        "max_precision": 0.670969,
        "max_recall": 0.758311,
        "max_ap": 0.761848,
        "main_score": 0.761848,
        "hf_subset": "default",
        "languages": [
          "eng-Latn"
        ]
      }
    ]
  },
  "evaluation_time": 15.55795931816101,
  "kg_co2_emissions": null
}