{
  "dataset_revision": "5037d69d177c9628fb79cb57eea1299178b28c1b",
  "task_name": "PubChemSynonymPC",
  "mteb_version": "1.36.29",
  "scores": {
    "test": [
      {
        "similarity_accuracy": 0.941406,
        "similarity_accuracy_threshold": 0.706435,
        "similarity_f1": 0.620482,
        "similarity_f1_threshold": 0.668355,
        "similarity_precision": 0.804688,
        "similarity_recall": 0.504902,
        "similarity_ap": 0.61097,
        "cosine_accuracy": 0.941406,
        "cosine_accuracy_threshold": 0.706435,
        "cosine_f1": 0.620482,
        "cosine_f1_threshold": 0.668355,
        "cosine_precision": 0.804688,
        "cosine_recall": 0.504902,
        "cosine_ap": 0.61097,
        "manhattan_accuracy": 0.937988,
        "manhattan_accuracy_threshold": 340.764404,
        "manhattan_f1": 0.596825,
        "manhattan_f1_threshold": 351.753387,
        "manhattan_precision": 0.846847,
        "manhattan_recall": 0.460784,
        "manhattan_ap": 0.579819,
        "euclidean_accuracy": 0.939453,
        "euclidean_accuracy_threshold": 15.484726,
        "euclidean_f1": 0.597403,
        "euclidean_f1_threshold": 15.484726,
        "euclidean_precision": 0.884615,
        "euclidean_recall": 0.45098,
        "euclidean_ap": 0.582439,
        "dot_accuracy": 0.932129,
        "dot_accuracy_threshold": 328.672546,
        "dot_f1": 0.550409,
        "dot_f1_threshold": 294.995972,
        "dot_precision": 0.619632,
        "dot_recall": 0.495098,
        "dot_ap": 0.55548,
        "max_accuracy": 0.941406,
        "max_f1": 0.620482,
        "max_precision": 0.884615,
        "max_recall": 0.504902,
        "max_ap": 0.61097,
        "main_score": 0.61097,
        "hf_subset": "default",
        "languages": [
          "eng-Latn"
        ]
      }
    ]
  },
  "evaluation_time": 3.617061138153076,
  "kg_co2_emissions": null
}