{
  "dataset_revision": "5037d69d177c9628fb79cb57eea1299178b28c1b",
  "task_name": "PubChemSynonymPC",
  "mteb_version": "1.36.29",
  "scores": {
    "test": [
      {
        "similarity_accuracy": 0.950195,
        "similarity_accuracy_threshold": 0.733077,
        "similarity_f1": 0.686567,
        "similarity_f1_threshold": 0.725767,
        "similarity_precision": 0.877863,
        "similarity_recall": 0.563725,
        "similarity_ap": 0.675857,
        "cosine_accuracy": 0.950195,
        "cosine_accuracy_threshold": 0.733077,
        "cosine_f1": 0.686567,
        "cosine_f1_threshold": 0.725767,
        "cosine_precision": 0.877863,
        "cosine_recall": 0.563725,
        "cosine_ap": 0.675857,
        "manhattan_accuracy": 0.947754,
        "manhattan_accuracy_threshold": 310.297913,
        "manhattan_f1": 0.660494,
        "manhattan_f1_threshold": 326.226166,
        "manhattan_precision": 0.891667,
        "manhattan_recall": 0.52451,
        "manhattan_ap": 0.64077,
        "euclidean_accuracy": 0.94873,
        "euclidean_accuracy_threshold": 14.086599,
        "euclidean_f1": 0.660194,
        "euclidean_f1_threshold": 14.086599,
        "euclidean_precision": 0.971429,
        "euclidean_recall": 0.5,
        "euclidean_ap": 0.641018,
        "dot_accuracy": 0.941895,
        "dot_accuracy_threshold": 336.991516,
        "dot_f1": 0.625731,
        "dot_f1_threshold": 324.149628,
        "dot_precision": 0.775362,
        "dot_recall": 0.52451,
        "dot_ap": 0.616449,
        "max_accuracy": 0.950195,
        "max_f1": 0.686567,
        "max_precision": 0.971429,
        "max_recall": 0.563725,
        "max_ap": 0.675857,
        "main_score": 0.675857,
        "hf_subset": "default",
        "languages": [
          "eng-Latn"
        ]
      }
    ]
  },
  "evaluation_time": 3.514173746109009,
  "kg_co2_emissions": null
}