{
  "dataset_revision": "5d958fb6b31055495347724d46431ba41309b03a",
  "task_name": "ChemNQRetrieval",
  "mteb_version": "1.36.20",
  "scores": {
    "test": [
      {
        "ndcg_at_1": 0.2963,
        "ndcg_at_3": 0.38343,
        "ndcg_at_5": 0.45215,
        "ndcg_at_10": 0.48608,
        "ndcg_at_20": 0.51777,
        "ndcg_at_100": 0.54423,
        "ndcg_at_1000": 0.54873,
        "map_at_1": 0.22222,
        "map_at_3": 0.34259,
        "map_at_5": 0.38333,
        "map_at_10": 0.40108,
        "map_at_20": 0.40946,
        "map_at_100": 0.41368,
        "map_at_1000": 0.4138,
        "recall_at_1": 0.22222,
        "recall_at_3": 0.43827,
        "recall_at_5": 0.60494,
        "recall_at_10": 0.69136,
        "recall_at_20": 0.82099,
        "recall_at_100": 0.96296,
        "recall_at_1000": 1.0,
        "precision_at_1": 0.2963,
        "precision_at_3": 0.19753,
        "precision_at_5": 0.15556,
        "precision_at_10": 0.09259,
        "precision_at_20": 0.0537,
        "precision_at_100": 0.01259,
        "precision_at_1000": 0.0013,
        "mrr_at_1": 0.296296,
        "mrr_at_3": 0.407407,
        "mrr_at_5": 0.438889,
        "mrr_at_10": 0.449691,
        "mrr_at_20": 0.456013,
        "mrr_at_100": 0.457908,
        "mrr_at_1000": 0.458033,
        "nauc_ndcg_at_1_max": 0.342874,
        "nauc_ndcg_at_1_std": -0.225933,
        "nauc_ndcg_at_1_diff1": 0.256354,
        "nauc_ndcg_at_3_max": 0.466275,
        "nauc_ndcg_at_3_std": -0.082045,
        "nauc_ndcg_at_3_diff1": 0.213215,
        "nauc_ndcg_at_5_max": 0.46039,
        "nauc_ndcg_at_5_std": -0.001707,
        "nauc_ndcg_at_5_diff1": 0.156117,
        "nauc_ndcg_at_10_max": 0.446679,
        "nauc_ndcg_at_10_std": -0.004933,
        "nauc_ndcg_at_10_diff1": 0.221403,
        "nauc_ndcg_at_20_max": 0.397146,
        "nauc_ndcg_at_20_std": -0.058691,
        "nauc_ndcg_at_20_diff1": 0.151795,
        "nauc_ndcg_at_100_max": 0.41157,
        "nauc_ndcg_at_100_std": -0.05474,
        "nauc_ndcg_at_100_diff1": 0.219347,
        "nauc_ndcg_at_1000_max": 0.412536,
        "nauc_ndcg_at_1000_std": -0.062112,
        "nauc_ndcg_at_1000_diff1": 0.205388,
        "nauc_map_at_1_max": 0.25603,
        "nauc_map_at_1_std": -0.329345,
        "nauc_map_at_1_diff1": 0.320754,
        "nauc_map_at_3_max": 0.420775,
        "nauc_map_at_3_std": -0.158671,
        "nauc_map_at_3_diff1": 0.238427,
        "nauc_map_at_5_max": 0.418597,
        "nauc_map_at_5_std": -0.104484,
        "nauc_map_at_5_diff1": 0.201011,
        "nauc_map_at_10_max": 0.408916,
        "nauc_map_at_10_std": -0.114199,
        "nauc_map_at_10_diff1": 0.233221,
        "nauc_map_at_20_max": 0.397189,
        "nauc_map_at_20_std": -0.124268,
        "nauc_map_at_20_diff1": 0.21622,
        "nauc_map_at_100_max": 0.396949,
        "nauc_map_at_100_std": -0.12336,
        "nauc_map_at_100_diff1": 0.221727,
        "nauc_map_at_1000_max": 0.396965,
        "nauc_map_at_1000_std": -0.123557,
        "nauc_map_at_1000_diff1": 0.221408,
        "nauc_recall_at_1_max": 0.25603,
        "nauc_recall_at_1_std": -0.329345,
        "nauc_recall_at_1_diff1": 0.320754,
        "nauc_recall_at_3_max": 0.539297,
        "nauc_recall_at_3_std": 0.030029,
        "nauc_recall_at_3_diff1": 0.173225,
        "nauc_recall_at_5_max": 0.525334,
        "nauc_recall_at_5_std": 0.238344,
        "nauc_recall_at_5_diff1": 0.020943,
        "nauc_recall_at_10_max": 0.497705,
        "nauc_recall_at_10_std": 0.275323,
        "nauc_recall_at_10_diff1": 0.184379,
        "nauc_recall_at_20_max": 0.224333,
        "nauc_recall_at_20_std": 0.024079,
        "nauc_recall_at_20_diff1": -0.285062,
        "nauc_recall_at_100_max": 0.35755,
        "nauc_recall_at_100_std": 0.35755,
        "nauc_recall_at_100_diff1": 1.0,
        "nauc_recall_at_1000_max": NaN,
        "nauc_recall_at_1000_std": NaN,
        "nauc_recall_at_1000_diff1": NaN,
        "nauc_precision_at_1_max": 0.342874,
        "nauc_precision_at_1_std": -0.225933,
        "nauc_precision_at_1_diff1": 0.256354,
        "nauc_precision_at_3_max": 0.529285,
        "nauc_precision_at_3_std": -0.008835,
        "nauc_precision_at_3_diff1": 0.175071,
        "nauc_precision_at_5_max": 0.492732,
        "nauc_precision_at_5_std": 0.172011,
        "nauc_precision_at_5_diff1": 0.03091,
        "nauc_precision_at_10_max": 0.381574,
        "nauc_precision_at_10_std": 0.163568,
        "nauc_precision_at_10_diff1": 0.18107,
        "nauc_precision_at_20_max": 0.239382,
        "nauc_precision_at_20_std": 0.086427,
        "nauc_precision_at_20_diff1": -0.037119,
        "nauc_precision_at_100_max": 0.176495,
        "nauc_precision_at_100_std": 0.147217,
        "nauc_precision_at_100_diff1": 0.194037,
        "nauc_precision_at_1000_max": 0.159268,
        "nauc_precision_at_1000_std": 0.127206,
        "nauc_precision_at_1000_diff1": 0.117355,
        "nauc_mrr_at_1_max": 0.342874,
        "nauc_mrr_at_1_std": -0.225933,
        "nauc_mrr_at_1_diff1": 0.256354,
        "nauc_mrr_at_3_max": 0.447329,
        "nauc_mrr_at_3_std": -0.041737,
        "nauc_mrr_at_3_diff1": 0.185091,
        "nauc_mrr_at_5_max": 0.437411,
        "nauc_mrr_at_5_std": -0.021245,
        "nauc_mrr_at_5_diff1": 0.171176,
        "nauc_mrr_at_10_max": 0.435697,
        "nauc_mrr_at_10_std": -0.015666,
        "nauc_mrr_at_10_diff1": 0.197419,
        "nauc_mrr_at_20_max": 0.425229,
        "nauc_mrr_at_20_std": -0.032036,
        "nauc_mrr_at_20_diff1": 0.186085,
        "nauc_mrr_at_100_max": 0.425588,
        "nauc_mrr_at_100_std": -0.032548,
        "nauc_mrr_at_100_diff1": 0.189173,
        "nauc_mrr_at_1000_max": 0.425615,
        "nauc_mrr_at_1000_std": -0.032701,
        "nauc_mrr_at_1000_diff1": 0.188856,
        "main_score": 0.48608,
        "hf_subset": "default",
        "languages": [
          "eng-Latn"
        ]
      }
    ]
  },
  "evaluation_time": 35.35197448730469,
  "kg_co2_emissions": null
}