{
  "dataset_revision": "8fae72a2c75530aaaac6920a02622490d923ca98",
  "task_name": "ChemRxivNC2",
  "mteb_version": "1.36.29",
  "scores": {
    "test": [
      {
        "ndcg_at_1": 0.6814,
        "ndcg_at_3": 0.77842,
        "ndcg_at_5": 0.79855,
        "ndcg_at_10": 0.81249,
        "ndcg_at_20": 0.8182,
        "ndcg_at_100": 0.82367,
        "ndcg_at_1000": 0.82506,
        "map_at_1": 0.6814,
        "map_at_3": 0.75543,
        "map_at_5": 0.76671,
        "map_at_10": 0.77264,
        "map_at_20": 0.77423,
        "map_at_100": 0.77501,
        "map_at_1000": 0.77507,
        "recall_at_1": 0.6814,
        "recall_at_3": 0.8446,
        "recall_at_5": 0.893,
        "recall_at_10": 0.9352,
        "recall_at_20": 0.9576,
        "recall_at_100": 0.9868,
        "recall_at_1000": 0.9976,
        "precision_at_1": 0.6814,
        "precision_at_3": 0.28153,
        "precision_at_5": 0.1786,
        "precision_at_10": 0.09352,
        "precision_at_20": 0.04788,
        "precision_at_100": 0.00987,
        "precision_at_1000": 0.001,
        "mrr_at_1": 0.6814,
        "mrr_at_3": 0.755433,
        "mrr_at_5": 0.766713,
        "mrr_at_10": 0.772643,
        "mrr_at_20": 0.774233,
        "mrr_at_100": 0.77501,
        "mrr_at_1000": 0.775066,
        "nauc_ndcg_at_1_max": 0.425034,
        "nauc_ndcg_at_1_std": -0.124344,
        "nauc_ndcg_at_1_diff1": 0.736967,
        "nauc_ndcg_at_3_max": 0.466455,
        "nauc_ndcg_at_3_std": -0.113788,
        "nauc_ndcg_at_3_diff1": 0.697322,
        "nauc_ndcg_at_5_max": 0.472734,
        "nauc_ndcg_at_5_std": -0.094535,
        "nauc_ndcg_at_5_diff1": 0.697316,
        "nauc_ndcg_at_10_max": 0.473924,
        "nauc_ndcg_at_10_std": -0.091567,
        "nauc_ndcg_at_10_diff1": 0.703152,
        "nauc_ndcg_at_20_max": 0.471351,
        "nauc_ndcg_at_20_std": -0.088873,
        "nauc_ndcg_at_20_diff1": 0.705141,
        "nauc_ndcg_at_100_max": 0.465944,
        "nauc_ndcg_at_100_std": -0.095217,
        "nauc_ndcg_at_100_diff1": 0.70759,
        "nauc_ndcg_at_1000_max": 0.463397,
        "nauc_ndcg_at_1000_std": -0.098399,
        "nauc_ndcg_at_1000_diff1": 0.708149,
        "nauc_map_at_1_max": 0.425034,
        "nauc_map_at_1_std": -0.124344,
        "nauc_map_at_1_diff1": 0.736967,
        "nauc_map_at_3_max": 0.454112,
        "nauc_map_at_3_std": -0.117345,
        "nauc_map_at_3_diff1": 0.707789,
        "nauc_map_at_5_max": 0.456801,
        "nauc_map_at_5_std": -0.107762,
        "nauc_map_at_5_diff1": 0.708307,
        "nauc_map_at_10_max": 0.456872,
        "nauc_map_at_10_std": -0.107205,
        "nauc_map_at_10_diff1": 0.710771,
        "nauc_map_at_20_max": 0.456251,
        "nauc_map_at_20_std": -0.106704,
        "nauc_map_at_20_diff1": 0.711336,
        "nauc_map_at_100_max": 0.455525,
        "nauc_map_at_100_std": -0.107388,
        "nauc_map_at_100_diff1": 0.711562,
        "nauc_map_at_1000_max": 0.455456,
        "nauc_map_at_1000_std": -0.107453,
        "nauc_map_at_1000_diff1": 0.71159,
        "nauc_recall_at_1_max": 0.425034,
        "nauc_recall_at_1_std": -0.124344,
        "nauc_recall_at_1_diff1": 0.736967,
        "nauc_recall_at_3_max": 0.518138,
        "nauc_recall_at_3_std": -0.098644,
        "nauc_recall_at_3_diff1": 0.654313,
        "nauc_recall_at_5_max": 0.562845,
        "nauc_recall_at_5_std": -0.016016,
        "nauc_recall_at_5_diff1": 0.637056,
        "nauc_recall_at_10_max": 0.627869,
        "nauc_recall_at_10_std": 0.059093,
        "nauc_recall_at_10_diff1": 0.643072,
        "nauc_recall_at_20_max": 0.667453,
        "nauc_recall_at_20_std": 0.178318,
        "nauc_recall_at_20_diff1": 0.639301,
        "nauc_recall_at_100_max": 0.77654,
        "nauc_recall_at_100_std": 0.348181,
        "nauc_recall_at_100_diff1": 0.664898,
        "nauc_recall_at_1000_max": 0.844382,
        "nauc_recall_at_1000_std": 0.606326,
        "nauc_recall_at_1000_diff1": 0.706271,
        "nauc_precision_at_1_max": 0.425034,
        "nauc_precision_at_1_std": -0.124344,
        "nauc_precision_at_1_diff1": 0.736967,
        "nauc_precision_at_3_max": 0.518138,
        "nauc_precision_at_3_std": -0.098644,
        "nauc_precision_at_3_diff1": 0.654313,
        "nauc_precision_at_5_max": 0.562845,
        "nauc_precision_at_5_std": -0.016016,
        "nauc_precision_at_5_diff1": 0.637056,
        "nauc_precision_at_10_max": 0.627869,
        "nauc_precision_at_10_std": 0.059093,
        "nauc_precision_at_10_diff1": 0.643072,
        "nauc_precision_at_20_max": 0.667453,
        "nauc_precision_at_20_std": 0.178318,
        "nauc_precision_at_20_diff1": 0.639301,
        "nauc_precision_at_100_max": 0.77654,
        "nauc_precision_at_100_std": 0.348181,
        "nauc_precision_at_100_diff1": 0.664898,
        "nauc_precision_at_1000_max": 0.844382,
        "nauc_precision_at_1000_std": 0.606326,
        "nauc_precision_at_1000_diff1": 0.706271,
        "nauc_mrr_at_1_max": 0.424095,
        "nauc_mrr_at_1_std": -0.124998,
        "nauc_mrr_at_1_diff1": 0.736967,
        "nauc_mrr_at_3_max": 0.453366,
        "nauc_mrr_at_3_std": -0.117755,
        "nauc_mrr_at_3_diff1": 0.707789,
        "nauc_mrr_at_5_max": 0.456119,
        "nauc_mrr_at_5_std": -0.108556,
        "nauc_mrr_at_5_diff1": 0.708307,
        "nauc_mrr_at_10_max": 0.456192,
        "nauc_mrr_at_10_std": -0.10771,
        "nauc_mrr_at_10_diff1": 0.710771,
        "nauc_mrr_at_20_max": 0.455565,
        "nauc_mrr_at_20_std": -0.107214,
        "nauc_mrr_at_20_diff1": 0.711336,
        "nauc_mrr_at_100_max": 0.454837,
        "nauc_mrr_at_100_std": -0.1079,
        "nauc_mrr_at_100_diff1": 0.711563,
        "nauc_mrr_at_1000_max": 0.454768,
        "nauc_mrr_at_1000_std": -0.107965,
        "nauc_mrr_at_1000_diff1": 0.71159,
        "main_score": 0.81249,
        "hf_subset": "default",
        "languages": [
          "eng-Latn"
        ]
      }
    ]
  },
  "evaluation_time": 174.6003806591034,
  "kg_co2_emissions": null
}