{
  "dataset_revision": "5d958fb6b31055495347724d46431ba41309b03a",
  "task_name": "ChemNQRetrieval",
  "mteb_version": "1.36.29",
  "scores": {
    "test": [
      {
        "ndcg_at_1": 0.40741,
        "ndcg_at_3": 0.45916,
        "ndcg_at_5": 0.509,
        "ndcg_at_10": 0.55326,
        "ndcg_at_20": 0.60135,
        "ndcg_at_100": 0.61291,
        "ndcg_at_1000": 0.61839,
        "map_at_1": 0.35185,
        "map_at_3": 0.42593,
        "map_at_5": 0.46111,
        "map_at_10": 0.48193,
        "map_at_20": 0.49647,
        "map_at_100": 0.49927,
        "map_at_1000": 0.49962,
        "recall_at_1": 0.35185,
        "recall_at_3": 0.49383,
        "recall_at_5": 0.60494,
        "recall_at_10": 0.7284,
        "recall_at_20": 0.91358,
        "recall_at_100": 0.96296,
        "recall_at_1000": 1.0,
        "precision_at_1": 0.40741,
        "precision_at_3": 0.20988,
        "precision_at_5": 0.15556,
        "precision_at_10": 0.0963,
        "precision_at_20": 0.05926,
        "precision_at_100": 0.01259,
        "precision_at_1000": 0.0013,
        "mrr_at_1": 0.407407,
        "mrr_at_3": 0.487654,
        "mrr_at_5": 0.504321,
        "mrr_at_10": 0.518871,
        "mrr_at_20": 0.528814,
        "mrr_at_100": 0.530424,
        "mrr_at_1000": 0.53077,
        "nauc_ndcg_at_1_max": 0.171704,
        "nauc_ndcg_at_1_std": 0.079076,
        "nauc_ndcg_at_1_diff1": 0.487986,
        "nauc_ndcg_at_3_max": 0.082979,
        "nauc_ndcg_at_3_std": -0.072366,
        "nauc_ndcg_at_3_diff1": 0.308674,
        "nauc_ndcg_at_5_max": 0.162922,
        "nauc_ndcg_at_5_std": -0.024539,
        "nauc_ndcg_at_5_diff1": 0.28177,
        "nauc_ndcg_at_10_max": 0.200124,
        "nauc_ndcg_at_10_std": -0.021187,
        "nauc_ndcg_at_10_diff1": 0.275446,
        "nauc_ndcg_at_20_max": 0.215971,
        "nauc_ndcg_at_20_std": 0.013404,
        "nauc_ndcg_at_20_diff1": 0.308346,
        "nauc_ndcg_at_100_max": 0.193439,
        "nauc_ndcg_at_100_std": 0.001061,
        "nauc_ndcg_at_100_diff1": 0.352876,
        "nauc_ndcg_at_1000_max": 0.185495,
        "nauc_ndcg_at_1000_std": 0.00493,
        "nauc_ndcg_at_1000_diff1": 0.341598,
        "nauc_map_at_1_max": 0.123027,
        "nauc_map_at_1_std": 0.073624,
        "nauc_map_at_1_diff1": 0.33897,
        "nauc_map_at_3_max": 0.068557,
        "nauc_map_at_3_std": -0.056558,
        "nauc_map_at_3_diff1": 0.305876,
        "nauc_map_at_5_max": 0.122806,
        "nauc_map_at_5_std": -0.030941,
        "nauc_map_at_5_diff1": 0.295698,
        "nauc_map_at_10_max": 0.13767,
        "nauc_map_at_10_std": -0.037216,
        "nauc_map_at_10_diff1": 0.283235,
        "nauc_map_at_20_max": 0.148253,
        "nauc_map_at_20_std": -0.018834,
        "nauc_map_at_20_diff1": 0.300264,
        "nauc_map_at_100_max": 0.143436,
        "nauc_map_at_100_std": -0.021218,
        "nauc_map_at_100_diff1": 0.307092,
        "nauc_map_at_1000_max": 0.142982,
        "nauc_map_at_1000_std": -0.021048,
        "nauc_map_at_1000_diff1": 0.306475,
        "nauc_recall_at_1_max": 0.123027,
        "nauc_recall_at_1_std": 0.073624,
        "nauc_recall_at_1_diff1": 0.33897,
        "nauc_recall_at_3_max": 0.05139,
        "nauc_recall_at_3_std": -0.151566,
        "nauc_recall_at_3_diff1": 0.223555,
        "nauc_recall_at_5_max": 0.225028,
        "nauc_recall_at_5_std": -0.045021,
        "nauc_recall_at_5_diff1": 0.128595,
        "nauc_recall_at_10_max": 0.336525,
        "nauc_recall_at_10_std": -0.057792,
        "nauc_recall_at_10_diff1": 0.036838,
        "nauc_recall_at_20_max": 0.627729,
        "nauc_recall_at_20_std": 0.094166,
        "nauc_recall_at_20_diff1": -0.094751,
        "nauc_recall_at_100_max": 0.556079,
        "nauc_recall_at_100_std": -0.175564,
        "nauc_recall_at_100_diff1": 0.867647,
        "nauc_recall_at_1000_max": NaN,
        "nauc_recall_at_1000_std": NaN,
        "nauc_recall_at_1000_diff1": NaN,
        "nauc_precision_at_1_max": 0.171704,
        "nauc_precision_at_1_std": 0.079076,
        "nauc_precision_at_1_diff1": 0.487986,
        "nauc_precision_at_3_max": 0.098259,
        "nauc_precision_at_3_std": -0.170942,
        "nauc_precision_at_3_diff1": 0.241009,
        "nauc_precision_at_5_max": 0.218996,
        "nauc_precision_at_5_std": -0.069146,
        "nauc_precision_at_5_diff1": 0.124647,
        "nauc_precision_at_10_max": 0.293218,
        "nauc_precision_at_10_std": -0.0272,
        "nauc_precision_at_10_diff1": 0.067141,
        "nauc_precision_at_20_max": 0.42994,
        "nauc_precision_at_20_std": 0.182777,
        "nauc_precision_at_20_diff1": 0.20053,
        "nauc_precision_at_100_max": 0.291252,
        "nauc_precision_at_100_std": 0.130171,
        "nauc_precision_at_100_diff1": 0.261562,
        "nauc_precision_at_1000_max": 0.266055,
        "nauc_precision_at_1000_std": 0.159259,
        "nauc_precision_at_1000_diff1": 0.203897,
        "nauc_mrr_at_1_max": 0.171704,
        "nauc_mrr_at_1_std": 0.079076,
        "nauc_mrr_at_1_diff1": 0.487986,
        "nauc_mrr_at_3_max": 0.143655,
        "nauc_mrr_at_3_std": -0.014136,
        "nauc_mrr_at_3_diff1": 0.417127,
        "nauc_mrr_at_5_max": 0.17947,
        "nauc_mrr_at_5_std": 0.021015,
        "nauc_mrr_at_5_diff1": 0.403497,
        "nauc_mrr_at_10_max": 0.203066,
        "nauc_mrr_at_10_std": 0.041985,
        "nauc_mrr_at_10_diff1": 0.428193,
        "nauc_mrr_at_20_max": 0.194262,
        "nauc_mrr_at_20_std": 0.037429,
        "nauc_mrr_at_20_diff1": 0.423083,
        "nauc_mrr_at_100_max": 0.191575,
        "nauc_mrr_at_100_std": 0.035803,
        "nauc_mrr_at_100_diff1": 0.431367,
        "nauc_mrr_at_1000_max": 0.191176,
        "nauc_mrr_at_1000_std": 0.036034,
        "nauc_mrr_at_1000_diff1": 0.43089,
        "main_score": 0.55326,
        "hf_subset": "default",
        "languages": [
          "eng-Latn"
        ]
      }
    ]
  },
  "evaluation_time": 51.3505961894989,
  "kg_co2_emissions": null
}