{
  "dataset_revision": "1840e8a5ac6ec752bbdd97d543ead0189bc7c25b",
  "task_name": "ChemHotpotQARetrieval",
  "mteb_version": "1.36.29",
  "scores": {
    "train": [
      {
        "ndcg_at_1": 0.25556,
        "ndcg_at_3": 0.31835,
        "ndcg_at_5": 0.34106,
        "ndcg_at_10": 0.36992,
        "ndcg_at_20": 0.38724,
        "ndcg_at_100": 0.41725,
        "ndcg_at_1000": 0.44625,
        "map_at_1": 0.24167,
        "map_at_3": 0.3,
        "map_at_5": 0.3125,
        "map_at_10": 0.32447,
        "map_at_20": 0.32941,
        "map_at_100": 0.33323,
        "map_at_1000": 0.33431,
        "recall_at_1": 0.24167,
        "recall_at_3": 0.36389,
        "recall_at_5": 0.41944,
        "recall_at_10": 0.50833,
        "recall_at_20": 0.575,
        "recall_at_100": 0.74167,
        "recall_at_1000": 0.96944,
        "precision_at_1": 0.25556,
        "precision_at_3": 0.12778,
        "precision_at_5": 0.08778,
        "precision_at_10": 0.05278,
        "precision_at_20": 0.03,
        "precision_at_100": 0.00772,
        "precision_at_1000": 0.00101,
        "mrr_at_1": 0.255556,
        "mrr_at_3": 0.308333,
        "mrr_at_5": 0.320833,
        "mrr_at_10": 0.332802,
        "mrr_at_20": 0.337526,
        "mrr_at_100": 0.341283,
        "mrr_at_1000": 0.342315,
        "nauc_ndcg_at_1_max": 0.378636,
        "nauc_ndcg_at_1_std": 0.354535,
        "nauc_ndcg_at_1_diff1": 0.431557,
        "nauc_ndcg_at_3_max": 0.405862,
        "nauc_ndcg_at_3_std": 0.313237,
        "nauc_ndcg_at_3_diff1": 0.411128,
        "nauc_ndcg_at_5_max": 0.417359,
        "nauc_ndcg_at_5_std": 0.300539,
        "nauc_ndcg_at_5_diff1": 0.42451,
        "nauc_ndcg_at_10_max": 0.432031,
        "nauc_ndcg_at_10_std": 0.31049,
        "nauc_ndcg_at_10_diff1": 0.403671,
        "nauc_ndcg_at_20_max": 0.437831,
        "nauc_ndcg_at_20_std": 0.321767,
        "nauc_ndcg_at_20_diff1": 0.394863,
        "nauc_ndcg_at_100_max": 0.419342,
        "nauc_ndcg_at_100_std": 0.327172,
        "nauc_ndcg_at_100_diff1": 0.392392,
        "nauc_ndcg_at_1000_max": 0.420527,
        "nauc_ndcg_at_1000_std": 0.324743,
        "nauc_ndcg_at_1000_diff1": 0.402133,
        "nauc_map_at_1_max": 0.367263,
        "nauc_map_at_1_std": 0.331409,
        "nauc_map_at_1_diff1": 0.435719,
        "nauc_map_at_3_max": 0.402095,
        "nauc_map_at_3_std": 0.316031,
        "nauc_map_at_3_diff1": 0.420369,
        "nauc_map_at_5_max": 0.408306,
        "nauc_map_at_5_std": 0.308739,
        "nauc_map_at_5_diff1": 0.427219,
        "nauc_map_at_10_max": 0.41471,
        "nauc_map_at_10_std": 0.312453,
        "nauc_map_at_10_diff1": 0.417927,
        "nauc_map_at_20_max": 0.416677,
        "nauc_map_at_20_std": 0.316657,
        "nauc_map_at_20_diff1": 0.415469,
        "nauc_map_at_100_max": 0.414546,
        "nauc_map_at_100_std": 0.317392,
        "nauc_map_at_100_diff1": 0.415443,
        "nauc_map_at_1000_max": 0.414352,
        "nauc_map_at_1000_std": 0.317292,
        "nauc_map_at_1000_diff1": 0.415563,
        "nauc_recall_at_1_max": 0.367263,
        "nauc_recall_at_1_std": 0.331409,
        "nauc_recall_at_1_diff1": 0.435719,
        "nauc_recall_at_3_max": 0.409605,
        "nauc_recall_at_3_std": 0.289952,
        "nauc_recall_at_3_diff1": 0.386809,
        "nauc_recall_at_5_max": 0.434334,
        "nauc_recall_at_5_std": 0.259328,
        "nauc_recall_at_5_diff1": 0.417696,
        "nauc_recall_at_10_max": 0.474651,
        "nauc_recall_at_10_std": 0.288276,
        "nauc_recall_at_10_diff1": 0.355873,
        "nauc_recall_at_20_max": 0.498443,
        "nauc_recall_at_20_std": 0.326856,
        "nauc_recall_at_20_diff1": 0.321885,
        "nauc_recall_at_100_max": 0.376485,
        "nauc_recall_at_100_std": 0.360916,
        "nauc_recall_at_100_diff1": 0.275761,
        "nauc_recall_at_1000_max": 0.341864,
        "nauc_recall_at_1000_std": 0.406375,
        "nauc_recall_at_1000_diff1": 0.414608,
        "nauc_precision_at_1_max": 0.378636,
        "nauc_precision_at_1_std": 0.354535,
        "nauc_precision_at_1_diff1": 0.431557,
        "nauc_precision_at_3_max": 0.41452,
        "nauc_precision_at_3_std": 0.308815,
        "nauc_precision_at_3_diff1": 0.376436,
        "nauc_precision_at_5_max": 0.440687,
        "nauc_precision_at_5_std": 0.281482,
        "nauc_precision_at_5_diff1": 0.408371,
        "nauc_precision_at_10_max": 0.481792,
        "nauc_precision_at_10_std": 0.311431,
        "nauc_precision_at_10_diff1": 0.351198,
        "nauc_precision_at_20_max": 0.509283,
        "nauc_precision_at_20_std": 0.358414,
        "nauc_precision_at_20_diff1": 0.305329,
        "nauc_precision_at_100_max": 0.397183,
        "nauc_precision_at_100_std": 0.41082,
        "nauc_precision_at_100_diff1": 0.248001,
        "nauc_precision_at_1000_max": 0.322176,
        "nauc_precision_at_1000_std": 0.50898,
        "nauc_precision_at_1000_diff1": 0.116413,
        "nauc_mrr_at_1_max": 0.378636,
        "nauc_mrr_at_1_std": 0.354535,
        "nauc_mrr_at_1_diff1": 0.431557,
        "nauc_mrr_at_3_max": 0.404438,
        "nauc_mrr_at_3_std": 0.331968,
        "nauc_mrr_at_3_diff1": 0.414637,
        "nauc_mrr_at_5_max": 0.41056,
        "nauc_mrr_at_5_std": 0.324753,
        "nauc_mrr_at_5_diff1": 0.4214,
        "nauc_mrr_at_10_max": 0.416886,
        "nauc_mrr_at_10_std": 0.328504,
        "nauc_mrr_at_10_diff1": 0.412205,
        "nauc_mrr_at_20_max": 0.418497,
        "nauc_mrr_at_20_std": 0.331171,
        "nauc_mrr_at_20_diff1": 0.409467,
        "nauc_mrr_at_100_max": 0.416573,
        "nauc_mrr_at_100_std": 0.332629,
        "nauc_mrr_at_100_diff1": 0.409022,
        "nauc_mrr_at_1000_max": 0.416367,
        "nauc_mrr_at_1000_std": 0.332324,
        "nauc_mrr_at_1000_diff1": 0.409245,
        "main_score": 0.36992,
        "hf_subset": "default",
        "languages": [
          "eng-Latn"
        ]
      }
    ],
    "dev": [
      {
        "ndcg_at_1": 0.0,
        "ndcg_at_3": 0.0,
        "ndcg_at_5": 0.0,
        "ndcg_at_10": 0.03763,
        "ndcg_at_20": 0.03763,
        "ndcg_at_100": 0.15267,
        "ndcg_at_1000": 0.16923,
        "map_at_1": 0.0,
        "map_at_3": 0.0,
        "map_at_5": 0.0,
        "map_at_10": 0.01389,
        "map_at_20": 0.01389,
        "map_at_100": 0.02905,
        "map_at_1000": 0.02972,
        "recall_at_1": 0.0,
        "recall_at_3": 0.0,
        "recall_at_5": 0.0,
        "recall_at_10": 0.125,
        "recall_at_20": 0.125,
        "recall_at_100": 0.75,
        "recall_at_1000": 0.875,
        "precision_at_1": 0.0,
        "precision_at_3": 0.0,
        "precision_at_5": 0.0,
        "precision_at_10": 0.0125,
        "precision_at_20": 0.00625,
        "precision_at_100": 0.0075,
        "precision_at_1000": 0.00088,
        "mrr_at_1": 0.0,
        "mrr_at_3": 0.0,
        "mrr_at_5": 0.0,
        "mrr_at_10": 0.013889,
        "mrr_at_20": 0.013889,
        "mrr_at_100": 0.029048,
        "mrr_at_1000": 0.02972,
        "nauc_ndcg_at_1_max": NaN,
        "nauc_ndcg_at_1_std": NaN,
        "nauc_ndcg_at_1_diff1": NaN,
        "nauc_ndcg_at_3_max": NaN,
        "nauc_ndcg_at_3_std": NaN,
        "nauc_ndcg_at_3_diff1": NaN,
        "nauc_ndcg_at_5_max": NaN,
        "nauc_ndcg_at_5_std": NaN,
        "nauc_ndcg_at_5_diff1": NaN,
        "nauc_ndcg_at_10_max": -0.345493,
        "nauc_ndcg_at_10_std": -0.541915,
        "nauc_ndcg_at_10_diff1": -0.541915,
        "nauc_ndcg_at_20_max": -0.345493,
        "nauc_ndcg_at_20_std": -0.541915,
        "nauc_ndcg_at_20_diff1": -0.541915,
        "nauc_ndcg_at_100_max": 0.17353,
        "nauc_ndcg_at_100_std": 0.078797,
        "nauc_ndcg_at_100_diff1": -0.348311,
        "nauc_ndcg_at_1000_max": -0.038517,
        "nauc_ndcg_at_1000_std": 0.060985,
        "nauc_ndcg_at_1000_diff1": -0.734102,
        "nauc_map_at_1_max": NaN,
        "nauc_map_at_1_std": NaN,
        "nauc_map_at_1_diff1": NaN,
        "nauc_map_at_3_max": NaN,
        "nauc_map_at_3_std": NaN,