{
  "dataset_revision": "5d958fb6b31055495347724d46431ba41309b03a",
  "task_name": "ChemNQRetrieval",
  "mteb_version": "1.36.29",
  "scores": {
    "test": [
      {
        "ndcg_at_1": 0.37037,
        "ndcg_at_3": 0.45685,
        "ndcg_at_5": 0.47541,
        "ndcg_at_10": 0.54286,
        "ndcg_at_20": 0.57077,
        "ndcg_at_100": 0.58969,
        "ndcg_at_1000": 0.59492,
        "map_at_1": 0.2963,
        "map_at_3": 0.40741,
        "map_at_5": 0.42407,
        "map_at_10": 0.45323,
        "map_at_20": 0.46162,
        "map_at_100": 0.46537,
        "map_at_1000": 0.46565,
        "recall_at_1": 0.2963,
        "recall_at_3": 0.53086,
        "recall_at_5": 0.5679,
        "recall_at_10": 0.7716,
        "recall_at_20": 0.87654,
        "recall_at_100": 0.96296,
        "recall_at_1000": 1.0,
        "precision_at_1": 0.37037,
        "precision_at_3": 0.22222,
        "precision_at_5": 0.14815,
        "precision_at_10": 0.1,
        "precision_at_20": 0.05741,
        "precision_at_100": 0.01259,
        "precision_at_1000": 0.0013,
        "mrr_at_1": 0.37037,
        "mrr_at_3": 0.481481,
        "mrr_at_5": 0.481481,
        "mrr_at_10": 0.504733,
        "mrr_at_20": 0.509639,
        "mrr_at_100": 0.512694,
        "mrr_at_1000": 0.512971,
        "nauc_ndcg_at_1_max": 0.435394,
        "nauc_ndcg_at_1_std": 0.126556,
        "nauc_ndcg_at_1_diff1": 0.676761,
        "nauc_ndcg_at_3_max": 0.314469,
        "nauc_ndcg_at_3_std": 0.068633,
        "nauc_ndcg_at_3_diff1": 0.488245,
        "nauc_ndcg_at_5_max": 0.327481,
        "nauc_ndcg_at_5_std": 0.070575,
        "nauc_ndcg_at_5_diff1": 0.471629,
        "nauc_ndcg_at_10_max": 0.380995,
        "nauc_ndcg_at_10_std": 0.065571,
        "nauc_ndcg_at_10_diff1": 0.510824,
        "nauc_ndcg_at_20_max": 0.384557,
        "nauc_ndcg_at_20_std": 0.069539,
        "nauc_ndcg_at_20_diff1": 0.561022,
        "nauc_ndcg_at_100_max": 0.392791,
        "nauc_ndcg_at_100_std": 0.085263,
        "nauc_ndcg_at_100_diff1": 0.551232,
        "nauc_ndcg_at_1000_max": 0.385737,
        "nauc_ndcg_at_1000_std": 0.090831,
        "nauc_ndcg_at_1000_diff1": 0.551129,
        "nauc_map_at_1_max": 0.369033,
        "nauc_map_at_1_std": 0.131525,
        "nauc_map_at_1_diff1": 0.650342,
        "nauc_map_at_3_max": 0.294666,
        "nauc_map_at_3_std": 0.048275,
        "nauc_map_at_3_diff1": 0.532661,
        "nauc_map_at_5_max": 0.307455,
        "nauc_map_at_5_std": 0.051749,
        "nauc_map_at_5_diff1": 0.515829,
        "nauc_map_at_10_max": 0.337465,
        "nauc_map_at_10_std": 0.054263,
        "nauc_map_at_10_diff1": 0.53039,
        "nauc_map_at_20_max": 0.341498,
        "nauc_map_at_20_std": 0.059235,
        "nauc_map_at_20_diff1": 0.545714,
        "nauc_map_at_100_max": 0.342742,
        "nauc_map_at_100_std": 0.062475,
        "nauc_map_at_100_diff1": 0.543897,
        "nauc_map_at_1000_max": 0.342397,
        "nauc_map_at_1000_std": 0.062691,
        "nauc_map_at_1000_diff1": 0.543886,
        "nauc_recall_at_1_max": 0.369033,
        "nauc_recall_at_1_std": 0.131525,
        "nauc_recall_at_1_diff1": 0.650342,
        "nauc_recall_at_3_max": 0.249242,
        "nauc_recall_at_3_std": 0.065861,
        "nauc_recall_at_3_diff1": 0.310719,
        "nauc_recall_at_5_max": 0.282216,
        "nauc_recall_at_5_std": 0.068579,
        "nauc_recall_at_5_diff1": 0.294647,
        "nauc_recall_at_10_max": 0.372178,
        "nauc_recall_at_10_std": -0.04607,
        "nauc_recall_at_10_diff1": 0.300289,
        "nauc_recall_at_20_max": 0.406176,
        "nauc_recall_at_20_std": -0.134379,
        "nauc_recall_at_20_diff1": 0.631308,
        "nauc_recall_at_100_max": 0.723262,
        "nauc_recall_at_100_std": -0.175564,
        "nauc_recall_at_100_diff1": 0.556079,
        "nauc_recall_at_1000_max": NaN,
        "nauc_recall_at_1000_std": NaN,
        "nauc_recall_at_1000_diff1": NaN,
        "nauc_precision_at_1_max": 0.435394,
        "nauc_precision_at_1_std": 0.126556,
        "nauc_precision_at_1_diff1": 0.676761,
        "nauc_precision_at_3_max": 0.296767,
        "nauc_precision_at_3_std": 0.070063,
        "nauc_precision_at_3_diff1": 0.270529,
        "nauc_precision_at_5_max": 0.253548,
        "nauc_precision_at_5_std": 0.052911,
        "nauc_precision_at_5_diff1": 0.167169,
        "nauc_precision_at_10_max": 0.403311,
        "nauc_precision_at_10_std": 0.113381,
        "nauc_precision_at_10_diff1": 0.206044,
        "nauc_precision_at_20_max": 0.402929,
        "nauc_precision_at_20_std": 0.187077,
        "nauc_precision_at_20_diff1": 0.283274,
        "nauc_precision_at_100_max": 0.326683,
        "nauc_precision_at_100_std": 0.224662,
        "nauc_precision_at_100_diff1": 0.115756,
        "nauc_precision_at_1000_max": 0.288951,
        "nauc_precision_at_1000_std": 0.262742,
        "nauc_precision_at_1000_diff1": 0.073862,
        "nauc_mrr_at_1_max": 0.435394,
        "nauc_mrr_at_1_std": 0.126556,
        "nauc_mrr_at_1_diff1": 0.676761,
        "nauc_mrr_at_3_max": 0.397741,
        "nauc_mrr_at_3_std": 0.109334,
        "nauc_mrr_at_3_diff1": 0.545237,
        "nauc_mrr_at_5_max": 0.397741,
        "nauc_mrr_at_5_std": 0.109334,
        "nauc_mrr_at_5_diff1": 0.545237,
        "nauc_mrr_at_10_max": 0.419027,
        "nauc_mrr_at_10_std": 0.117129,
        "nauc_mrr_at_10_diff1": 0.574911,
        "nauc_mrr_at_20_max": 0.414019,
        "nauc_mrr_at_20_std": 0.110086,
        "nauc_mrr_at_20_diff1": 0.580887,
        "nauc_mrr_at_100_max": 0.416753,
        "nauc_mrr_at_100_std": 0.113269,
        "nauc_mrr_at_100_diff1": 0.580397,
        "nauc_mrr_at_1000_max": 0.416483,
        "nauc_mrr_at_1000_std": 0.113524,
        "nauc_mrr_at_1000_diff1": 0.580419,
        "main_score": 0.54286,
        "hf_subset": "default",
        "languages": [
          "eng-Latn"
        ]
      }
    ]
  },
  "evaluation_time": 30.11566400527954,
  "kg_co2_emissions": null
}