{
  "dataset_revision": "1840e8a5ac6ec752bbdd97d543ead0189bc7c25b",
  "task_name": "ChemHotpotQARetrieval",
  "mteb_version": "1.36.29",
  "scores": {
    "train": [
      {
        "ndcg_at_1": 0.78889,
        "ndcg_at_3": 0.81414,
        "ndcg_at_5": 0.82586,
        "ndcg_at_10": 0.83667,
        "ndcg_at_20": 0.84092,
        "ndcg_at_100": 0.85113,
        "ndcg_at_1000": 0.85537,
        "map_at_1": 0.76944,
        "map_at_3": 0.8037,
        "map_at_5": 0.81037,
        "map_at_10": 0.81485,
        "map_at_20": 0.81604,
        "map_at_100": 0.81766,
        "map_at_1000": 0.8178,
        "recall_at_1": 0.76944,
        "recall_at_3": 0.83611,
        "recall_at_5": 0.86389,
        "recall_at_10": 0.89722,
        "recall_at_20": 0.91389,
        "recall_at_100": 0.96667,
        "recall_at_1000": 1.0,
        "precision_at_1": 0.78889,
        "precision_at_3": 0.28889,
        "precision_at_5": 0.17889,
        "precision_at_10": 0.09278,
        "precision_at_20": 0.04722,
        "precision_at_100": 0.01,
        "precision_at_1000": 0.00104,
        "mrr_at_1": 0.788889,
        "mrr_at_3": 0.812963,
        "mrr_at_5": 0.81963,
        "mrr_at_10": 0.824105,
        "mrr_at_20": 0.825299,
        "mrr_at_100": 0.826805,
        "mrr_at_1000": 0.82691,
        "nauc_ndcg_at_1_max": 0.678512,
        "nauc_ndcg_at_1_std": -0.094072,
        "nauc_ndcg_at_1_diff1": 0.869635,
        "nauc_ndcg_at_3_max": 0.58325,
        "nauc_ndcg_at_3_std": -0.208459,
        "nauc_ndcg_at_3_diff1": 0.773641,
        "nauc_ndcg_at_5_max": 0.573114,
        "nauc_ndcg_at_5_std": -0.215788,
        "nauc_ndcg_at_5_diff1": 0.76851,
        "nauc_ndcg_at_10_max": 0.568864,
        "nauc_ndcg_at_10_std": -0.209176,
        "nauc_ndcg_at_10_diff1": 0.756481,
        "nauc_ndcg_at_20_max": 0.562311,
        "nauc_ndcg_at_20_std": -0.222368,
        "nauc_ndcg_at_20_diff1": 0.758006,
        "nauc_ndcg_at_100_max": 0.550692,
        "nauc_ndcg_at_100_std": -0.203377,
        "nauc_ndcg_at_100_diff1": 0.758997,
        "nauc_ndcg_at_1000_max": 0.575633,
        "nauc_ndcg_at_1000_std": -0.194985,
        "nauc_ndcg_at_1000_diff1": 0.773632,
        "nauc_map_at_1_max": 0.564225,
        "nauc_map_at_1_std": -0.17673,
        "nauc_map_at_1_diff1": 0.795298,
        "nauc_map_at_3_max": 0.579732,
        "nauc_map_at_3_std": -0.199315,
        "nauc_map_at_3_diff1": 0.767386,
        "nauc_map_at_5_max": 0.57433,
        "nauc_map_at_5_std": -0.202141,
        "nauc_map_at_5_diff1": 0.764327,
        "nauc_map_at_10_max": 0.573264,
        "nauc_map_at_10_std": -0.199599,
        "nauc_map_at_10_diff1": 0.759872,
        "nauc_map_at_20_max": 0.57182,
        "nauc_map_at_20_std": -0.2023,
        "nauc_map_at_20_diff1": 0.760276,
        "nauc_map_at_100_max": 0.570749,
        "nauc_map_at_100_std": -0.198698,
        "nauc_map_at_100_diff1": 0.760624,
        "nauc_map_at_1000_max": 0.571409,
        "nauc_map_at_1000_std": -0.19847,
        "nauc_map_at_1000_diff1": 0.761092,
        "nauc_recall_at_1_max": 0.564225,
        "nauc_recall_at_1_std": -0.17673,
        "nauc_recall_at_1_diff1": 0.795298,
        "nauc_recall_at_3_max": 0.520427,
        "nauc_recall_at_3_std": -0.28659,
        "nauc_recall_at_3_diff1": 0.711393,
        "nauc_recall_at_5_max": 0.47878,
        "nauc_recall_at_5_std": -0.326566,
        "nauc_recall_at_5_diff1": 0.685693,
        "nauc_recall_at_10_max": 0.425865,
        "nauc_recall_at_10_std": -0.325069,
        "nauc_recall_at_10_diff1": 0.602702,
        "nauc_recall_at_20_max": 0.348348,
        "nauc_recall_at_20_std": -0.440725,
        "nauc_recall_at_20_diff1": 0.578251,
        "nauc_recall_at_100_max": -0.257158,
        "nauc_recall_at_100_std": -0.449969,
        "nauc_recall_at_100_diff1": 0.315749,
        "nauc_recall_at_1000_max": NaN,
        "nauc_recall_at_1000_std": NaN,
        "nauc_recall_at_1000_diff1": NaN,
        "nauc_precision_at_1_max": 0.678512,
        "nauc_precision_at_1_std": -0.094072,
        "nauc_precision_at_1_diff1": 0.869635,
        "nauc_precision_at_3_max": 0.536666,
        "nauc_precision_at_3_std": -0.099564,
        "nauc_precision_at_3_diff1": 0.577507,
        "nauc_precision_at_5_max": 0.505464,
        "nauc_precision_at_5_std": -0.104088,
        "nauc_precision_at_5_diff1": 0.53691,
        "nauc_precision_at_10_max": 0.472156,
        "nauc_precision_at_10_std": -0.054187,
        "nauc_precision_at_10_diff1": 0.441955,
        "nauc_precision_at_20_max": 0.424114,
        "nauc_precision_at_20_std": -0.102971,
        "nauc_precision_at_20_diff1": 0.404624,
        "nauc_precision_at_100_max": 0.137638,
        "nauc_precision_at_100_std": 0.164594,
        "nauc_precision_at_100_diff1": 0.09862,
        "nauc_precision_at_1000_max": 0.424355,
        "nauc_precision_at_1000_std": 0.549657,
        "nauc_precision_at_1000_diff1": 0.098241,
        "nauc_mrr_at_1_max": 0.678512,
        "nauc_mrr_at_1_std": -0.094072,
        "nauc_mrr_at_1_diff1": 0.869635,
        "nauc_mrr_at_3_max": 0.651416,
        "nauc_mrr_at_3_std": -0.147995,
        "nauc_mrr_at_3_diff1": 0.846247,
        "nauc_mrr_at_5_max": 0.648258,
        "nauc_mrr_at_5_std": -0.149173,
        "nauc_mrr_at_5_diff1": 0.845771,
        "nauc_mrr_at_10_max": 0.648927,
        "nauc_mrr_at_10_std": -0.145254,
        "nauc_mrr_at_10_diff1": 0.843095,
        "nauc_mrr_at_20_max": 0.647976,
        "nauc_mrr_at_20_std": -0.14767,
        "nauc_mrr_at_20_diff1": 0.844121,
        "nauc_mrr_at_100_max": 0.647357,
        "nauc_mrr_at_100_std": -0.143718,
        "nauc_mrr_at_100_diff1": 0.844951,
        "nauc_mrr_at_1000_max": 0.647625,
        "nauc_mrr_at_1000_std": -0.143793,
        "nauc_mrr_at_1000_diff1": 0.844995,
        "main_score": 0.83667,
        "hf_subset": "default",
        "languages": [
          "eng-Latn"
        ]
      }
    ],
    "dev": [
      {
        "ndcg_at_1": 0.875,
        "ndcg_at_3": 0.875,
        "ndcg_at_5": 0.875,
        "ndcg_at_10": 0.875,
        "ndcg_at_20": 0.90443,
        "ndcg_at_100": 0.90443,
        "ndcg_at_1000": 0.90443,
        "map_at_1": 0.875,
        "map_at_3": 0.875,
        "map_at_5": 0.875,
        "map_at_10": 0.875,
        "map_at_20": 0.88194,
        "map_at_100": 0.88194,
        "map_at_1000": 0.88194,
        "recall_at_1": 0.875,
        "recall_at_3": 0.875,
        "recall_at_5": 0.875,
        "recall_at_10": 0.875,
        "recall_at_20": 1.0,
        "recall_at_100": 1.0,
        "recall_at_1000": 1.0,
        "precision_at_1": 0.875,
        "precision_at_3": 0.29167,
        "precision_at_5": 0.175,
        "precision_at_10": 0.0875,
        "precision_at_20": 0.05,
        "precision_at_100": 0.01,
        "precision_at_1000": 0.001,
        "mrr_at_1": 0.875,
        "mrr_at_3": 0.875,
        "mrr_at_5": 0.875,
        "mrr_at_10": 0.875,
        "mrr_at_20": 0.881944,
        "mrr_at_100": 0.881944,
        "mrr_at_1000": 0.881944,
        "nauc_ndcg_at_1_max": 1.0,
        "nauc_ndcg_at_1_std": -0.185434,
        "nauc_ndcg_at_1_diff1": 1.0,
        "nauc_ndcg_at_3_max": 1.0,
        "nauc_ndcg_at_3_std": -0.185434,
        "nauc_ndcg_at_3_diff1": 1.0,
        "nauc_ndcg_at_5_max": 1.0,
        "nauc_ndcg_at_5_std": -0.185434,
        "nauc_ndcg_at_5_diff1": 1.0,
        "nauc_ndcg_at_10_max": 1.0,
        "nauc_ndcg_at_10_std": -0.185434,
        "nauc_ndcg_at_10_diff1": 1.0,
        "nauc_ndcg_at_20_max": 1.0,
        "nauc_ndcg_at_20_std": -0.185434,
        "nauc_ndcg_at_20_diff1": 1.0,
        "nauc_ndcg_at_100_max": 1.0,
        "nauc_ndcg_at_100_std": -0.185434,
        "nauc_ndcg_at_100_diff1": 1.0,
        "nauc_ndcg_at_1000_max": 1.0,
        "nauc_ndcg_at_1000_std": -0.185434,
        "nauc_ndcg_at_1000_diff1": 1.0,
        "nauc_map_at_1_max": 1.0,
        "nauc_map_at_1_std": -0.185434,
        "nauc_map_at_1_diff1": 1.0,
        "nauc_map_at_3_max": 1.0,
        "nauc_map_at_3_std": -0.185434,