{
  "dataset_revision": "8fae72a2c75530aaaac6920a02622490d923ca98",
  "task_name": "ChemRxivNC2",
  "mteb_version": "1.36.29",
  "scores": {
    "test": [
      {
        "ndcg_at_1": 0.6642,
        "ndcg_at_3": 0.76595,
        "ndcg_at_5": 0.78691,
        "ndcg_at_10": 0.80043,
        "ndcg_at_20": 0.80656,
        "ndcg_at_100": 0.81276,
        "ndcg_at_1000": 0.81433,
        "map_at_1": 0.6642,
        "map_at_3": 0.7417,
        "map_at_5": 0.7534,
        "map_at_10": 0.75902,
        "map_at_20": 0.76073,
        "map_at_100": 0.76166,
        "map_at_1000": 0.76172,
        "recall_at_1": 0.6642,
        "recall_at_3": 0.8358,
        "recall_at_5": 0.8864,
        "recall_at_10": 0.928,
        "recall_at_20": 0.952,
        "recall_at_100": 0.9844,
        "recall_at_1000": 0.9968,
        "precision_at_1": 0.6642,
        "precision_at_3": 0.2786,
        "precision_at_5": 0.17728,
        "precision_at_10": 0.0928,
        "precision_at_20": 0.0476,
        "precision_at_100": 0.00984,
        "precision_at_1000": 0.001,
        "mrr_at_1": 0.6646,
        "mrr_at_3": 0.741833,
        "mrr_at_5": 0.753583,
        "mrr_at_10": 0.759198,
        "mrr_at_20": 0.760911,
        "mrr_at_100": 0.761839,
        "mrr_at_1000": 0.761896,
        "nauc_ndcg_at_1_max": 0.399256,
        "nauc_ndcg_at_1_std": -0.143355,
        "nauc_ndcg_at_1_diff1": 0.713604,
        "nauc_ndcg_at_3_max": 0.441068,
        "nauc_ndcg_at_3_std": -0.111812,
        "nauc_ndcg_at_3_diff1": 0.671908,
        "nauc_ndcg_at_5_max": 0.455289,
        "nauc_ndcg_at_5_std": -0.096428,
        "nauc_ndcg_at_5_diff1": 0.672119,
        "nauc_ndcg_at_10_max": 0.454129,
        "nauc_ndcg_at_10_std": -0.094919,
        "nauc_ndcg_at_10_diff1": 0.680976,
        "nauc_ndcg_at_20_max": 0.451592,
        "nauc_ndcg_at_20_std": -0.089956,
        "nauc_ndcg_at_20_diff1": 0.682147,
        "nauc_ndcg_at_100_max": 0.442131,
        "nauc_ndcg_at_100_std": -0.098048,
        "nauc_ndcg_at_100_diff1": 0.683772,
        "nauc_ndcg_at_1000_max": 0.44073,
        "nauc_ndcg_at_1000_std": -0.103057,
        "nauc_ndcg_at_1000_diff1": 0.684692,
        "nauc_map_at_1_max": 0.399256,
        "nauc_map_at_1_std": -0.143355,
        "nauc_map_at_1_diff1": 0.713604,
        "nauc_map_at_3_max": 0.428771,
        "nauc_map_at_3_std": -0.121347,
        "nauc_map_at_3_diff1": 0.683434,
        "nauc_map_at_5_max": 0.435391,
        "nauc_map_at_5_std": -0.114293,
        "nauc_map_at_5_diff1": 0.684171,
        "nauc_map_at_10_max": 0.434252,
        "nauc_map_at_10_std": -0.114386,
        "nauc_map_at_10_diff1": 0.687436,
        "nauc_map_at_20_max": 0.433491,
        "nauc_map_at_20_std": -0.113449,
        "nauc_map_at_20_diff1": 0.687775,
        "nauc_map_at_100_max": 0.432241,
        "nauc_map_at_100_std": -0.11449,
        "nauc_map_at_100_diff1": 0.687964,
        "nauc_map_at_1000_max": 0.432213,
        "nauc_map_at_1000_std": -0.114627,
        "nauc_map_at_1000_diff1": 0.687985,
        "nauc_recall_at_1_max": 0.399256,
        "nauc_recall_at_1_std": -0.143355,
        "nauc_recall_at_1_diff1": 0.713604,
        "nauc_recall_at_3_max": 0.492002,
        "nauc_recall_at_3_std": -0.072162,
        "nauc_recall_at_3_diff1": 0.624614,
        "nauc_recall_at_5_max": 0.568175,
        "nauc_recall_at_5_std": 0.006434,
        "nauc_recall_at_5_diff1": 0.606187,
        "nauc_recall_at_10_max": 0.625363,
        "nauc_recall_at_10_std": 0.077005,
        "nauc_recall_at_10_diff1": 0.638307,
        "nauc_recall_at_20_max": 0.676422,
        "nauc_recall_at_20_std": 0.2328,
        "nauc_recall_at_20_diff1": 0.632614,
        "nauc_recall_at_100_max": 0.634484,
        "nauc_recall_at_100_std": 0.458312,
        "nauc_recall_at_100_diff1": 0.621807,
        "nauc_recall_at_1000_max": 0.768762,
        "nauc_recall_at_1000_std": 0.580474,
        "nauc_recall_at_1000_diff1": 0.771096,
        "nauc_precision_at_1_max": 0.399256,
        "nauc_precision_at_1_std": -0.143355,
        "nauc_precision_at_1_diff1": 0.713604,
        "nauc_precision_at_3_max": 0.492002,
        "nauc_precision_at_3_std": -0.072162,
        "nauc_precision_at_3_diff1": 0.624614,
        "nauc_precision_at_5_max": 0.568175,
        "nauc_precision_at_5_std": 0.006434,
        "nauc_precision_at_5_diff1": 0.606187,
        "nauc_precision_at_10_max": 0.625363,
        "nauc_precision_at_10_std": 0.077005,
        "nauc_precision_at_10_diff1": 0.638307,
        "nauc_precision_at_20_max": 0.676422,
        "nauc_precision_at_20_std": 0.2328,
        "nauc_precision_at_20_diff1": 0.632614,
        "nauc_precision_at_100_max": 0.634484,
        "nauc_precision_at_100_std": 0.458312,
        "nauc_precision_at_100_diff1": 0.621807,
        "nauc_precision_at_1000_max": 0.768762,
        "nauc_precision_at_1000_std": 0.580474,
        "nauc_precision_at_1000_diff1": 0.771096,
        "nauc_mrr_at_1_max": 0.398564,
        "nauc_mrr_at_1_std": -0.144405,
        "nauc_mrr_at_1_diff1": 0.712737,
        "nauc_mrr_at_3_max": 0.428281,
        "nauc_mrr_at_3_std": -0.12192,
        "nauc_mrr_at_3_diff1": 0.683001,
        "nauc_mrr_at_5_max": 0.434939,
        "nauc_mrr_at_5_std": -0.114945,
        "nauc_mrr_at_5_diff1": 0.683622,
        "nauc_mrr_at_10_max": 0.433793,
        "nauc_mrr_at_10_std": -0.115072,
        "nauc_mrr_at_10_diff1": 0.686881,
        "nauc_mrr_at_20_max": 0.433028,
        "nauc_mrr_at_20_std": -0.11414,
        "nauc_mrr_at_20_diff1": 0.687215,
        "nauc_mrr_at_100_max": 0.431775,
        "nauc_mrr_at_100_std": -0.115184,
        "nauc_mrr_at_100_diff1": 0.687402,
        "nauc_mrr_at_1000_max": 0.431747,
        "nauc_mrr_at_1000_std": -0.115322,
        "nauc_mrr_at_1000_diff1": 0.687422,
        "main_score": 0.80043,
        "hf_subset": "default",
        "languages": [
          "eng-Latn"
        ]
      }
    ]
  },
  "evaluation_time": 177.14182019233704,
  "kg_co2_emissions": null
}