{
  "dataset_revision": "5d958fb6b31055495347724d46431ba41309b03a",
  "task_name": "ChemNQRetrieval",
  "mteb_version": "1.36.29",
  "scores": {
    "test": [
      {
        "ndcg_at_1": 0.44444,
        "ndcg_at_3": 0.55067,
        "ndcg_at_5": 0.58518,
        "ndcg_at_10": 0.61664,
        "ndcg_at_20": 0.63652,
        "ndcg_at_100": 0.644,
        "ndcg_at_1000": 0.65729,
        "map_at_1": 0.34568,
        "map_at_3": 0.50309,
        "map_at_5": 0.52901,
        "map_at_10": 0.54136,
        "map_at_20": 0.54821,
        "map_at_100": 0.54945,
        "map_at_1000": 0.54998,
        "recall_at_1": 0.34568,
        "recall_at_3": 0.62346,
        "recall_at_5": 0.69753,
        "recall_at_10": 0.79012,
        "recall_at_20": 0.8642,
        "recall_at_100": 0.90123,
        "recall_at_1000": 1.0,
        "precision_at_1": 0.44444,
        "precision_at_3": 0.25926,
        "precision_at_5": 0.17778,
        "precision_at_10": 0.1,
        "precision_at_20": 0.05556,
        "precision_at_100": 0.01148,
        "precision_at_1000": 0.0013,
        "mrr_at_1": 0.444444,
        "mrr_at_3": 0.574074,
        "mrr_at_5": 0.583333,
        "mrr_at_10": 0.598765,
        "mrr_at_20": 0.600715,
        "mrr_at_100": 0.601949,
        "mrr_at_1000": 0.602197,
        "nauc_ndcg_at_1_max": 0.397204,
        "nauc_ndcg_at_1_std": 0.160744,
        "nauc_ndcg_at_1_diff1": 0.307838,
        "nauc_ndcg_at_3_max": 0.250638,
        "nauc_ndcg_at_3_std": 0.01173,
        "nauc_ndcg_at_3_diff1": 0.197732,
        "nauc_ndcg_at_5_max": 0.360684,
        "nauc_ndcg_at_5_std": 0.114947,
        "nauc_ndcg_at_5_diff1": 0.231534,
        "nauc_ndcg_at_10_max": 0.335003,
        "nauc_ndcg_at_10_std": 0.115576,
        "nauc_ndcg_at_10_diff1": 0.234843,
        "nauc_ndcg_at_20_max": 0.362247,
        "nauc_ndcg_at_20_std": 0.147149,
        "nauc_ndcg_at_20_diff1": 0.262126,
        "nauc_ndcg_at_100_max": 0.351223,
        "nauc_ndcg_at_100_std": 0.134662,
        "nauc_ndcg_at_100_diff1": 0.239594,
        "nauc_ndcg_at_1000_max": 0.349817,
        "nauc_ndcg_at_1000_std": 0.122787,
        "nauc_ndcg_at_1000_diff1": 0.237824,
        "nauc_map_at_1_max": 0.294359,
        "nauc_map_at_1_std": 0.155904,
        "nauc_map_at_1_diff1": 0.120484,
        "nauc_map_at_3_max": 0.225187,
        "nauc_map_at_3_std": 0.007384,
        "nauc_map_at_3_diff1": 0.181239,
        "nauc_map_at_5_max": 0.311039,
        "nauc_map_at_5_std": 0.083439,
        "nauc_map_at_5_diff1": 0.213695,
        "nauc_map_at_10_max": 0.300042,
        "nauc_map_at_10_std": 0.081947,
        "nauc_map_at_10_diff1": 0.214371,
        "nauc_map_at_20_max": 0.310977,
        "nauc_map_at_20_std": 0.09126,
        "nauc_map_at_20_diff1": 0.215104,
        "nauc_map_at_100_max": 0.309242,
        "nauc_map_at_100_std": 0.089305,
        "nauc_map_at_100_diff1": 0.211801,
        "nauc_map_at_1000_max": 0.308743,
        "nauc_map_at_1000_std": 0.088499,
        "nauc_map_at_1000_diff1": 0.211932,
        "nauc_recall_at_1_max": 0.294359,
        "nauc_recall_at_1_std": 0.155904,
        "nauc_recall_at_1_diff1": 0.120484,
        "nauc_recall_at_3_max": 0.14496,
        "nauc_recall_at_3_std": -0.065837,
        "nauc_recall_at_3_diff1": 0.141102,
        "nauc_recall_at_5_max": 0.404696,
        "nauc_recall_at_5_std": 0.172889,
        "nauc_recall_at_5_diff1": 0.220495,
        "nauc_recall_at_10_max": 0.2655,
        "nauc_recall_at_10_std": 0.124801,
        "nauc_recall_at_10_diff1": 0.232383,
        "nauc_recall_at_20_max": 0.388161,
        "nauc_recall_at_20_std": 0.341441,
        "nauc_recall_at_20_diff1": 0.50206,
        "nauc_recall_at_100_max": 0.249654,
        "nauc_recall_at_100_std": 0.249654,
        "nauc_recall_at_100_diff1": 0.29872,
        "nauc_recall_at_1000_max": NaN,
        "nauc_recall_at_1000_std": NaN,
        "nauc_recall_at_1000_diff1": NaN,
        "nauc_precision_at_1_max": 0.397204,
        "nauc_precision_at_1_std": 0.160744,
        "nauc_precision_at_1_diff1": 0.307838,
        "nauc_precision_at_3_max": 0.240835,
        "nauc_precision_at_3_std": -0.132997,
        "nauc_precision_at_3_diff1": 0.326993,
        "nauc_precision_at_5_max": 0.44602,
        "nauc_precision_at_5_std": 0.119198,
        "nauc_precision_at_5_diff1": 0.377005,
        "nauc_precision_at_10_max": 0.434504,
        "nauc_precision_at_10_std": 0.176495,
        "nauc_precision_at_10_diff1": 0.412414,
        "nauc_precision_at_20_max": 0.451691,
        "nauc_precision_at_20_std": 0.275192,
        "nauc_precision_at_20_diff1": 0.377257,
        "nauc_precision_at_100_max": 0.425068,
        "nauc_precision_at_100_std": 0.247656,
        "nauc_precision_at_100_diff1": 0.316207,
        "nauc_precision_at_1000_max": 0.303833,
        "nauc_precision_at_1000_std": 0.131653,
        "nauc_precision_at_1000_diff1": 0.253363,
        "nauc_mrr_at_1_max": 0.397204,
        "nauc_mrr_at_1_std": 0.160744,
        "nauc_mrr_at_1_diff1": 0.307838,
        "nauc_mrr_at_3_max": 0.393547,
        "nauc_mrr_at_3_std": 0.106765,
        "nauc_mrr_at_3_diff1": 0.286495,
        "nauc_mrr_at_5_max": 0.407662,
        "nauc_mrr_at_5_std": 0.126696,
        "nauc_mrr_at_5_diff1": 0.275795,
        "nauc_mrr_at_10_max": 0.408969,
        "nauc_mrr_at_10_std": 0.146111,
        "nauc_mrr_at_10_diff1": 0.27703,
        "nauc_mrr_at_20_max": 0.407609,
        "nauc_mrr_at_20_std": 0.146202,
        "nauc_mrr_at_20_diff1": 0.28682,
        "nauc_mrr_at_100_max": 0.406252,
        "nauc_mrr_at_100_std": 0.14444,
        "nauc_mrr_at_100_diff1": 0.283753,
        "nauc_mrr_at_1000_max": 0.406011,
        "nauc_mrr_at_1000_std": 0.143974,
        "nauc_mrr_at_1000_diff1": 0.283655,
        "main_score": 0.61664,
        "hf_subset": "default",
        "languages": [
          "eng-Latn"
        ]
      }
    ]
  },
  "evaluation_time": 29.22472858428955,
  "kg_co2_emissions": null
}