{
  "dataset_revision": "5d958fb6b31055495347724d46431ba41309b03a",
  "task_name": "ChemNQRetrieval",
  "mteb_version": "1.36.29",
  "scores": {
    "test": [
      {
        "ndcg_at_1": 0.48148,
        "ndcg_at_3": 0.54935,
        "ndcg_at_5": 0.59004,
        "ndcg_at_10": 0.60444,
        "ndcg_at_20": 0.62516,
        "ndcg_at_100": 0.6496,
        "ndcg_at_1000": 0.65599,
        "map_at_1": 0.3642,
        "map_at_3": 0.5,
        "map_at_5": 0.52593,
        "map_at_10": 0.53269,
        "map_at_20": 0.54065,
        "map_at_100": 0.54433,
        "map_at_1000": 0.54463,
        "recall_at_1": 0.3642,
        "recall_at_3": 0.62346,
        "recall_at_5": 0.71605,
        "recall_at_10": 0.75309,
        "recall_at_20": 0.82716,
        "recall_at_100": 0.95062,
        "recall_at_1000": 1.0,
        "precision_at_1": 0.48148,
        "precision_at_3": 0.25926,
        "precision_at_5": 0.17778,
        "precision_at_10": 0.0963,
        "precision_at_20": 0.0537,
        "precision_at_100": 0.01222,
        "precision_at_1000": 0.0013,
        "mrr_at_1": 0.481481,
        "mrr_at_3": 0.580247,
        "mrr_at_5": 0.598765,
        "mrr_at_10": 0.604056,
        "mrr_at_20": 0.606006,
        "mrr_at_100": 0.609415,
        "mrr_at_1000": 0.609477,
        "nauc_ndcg_at_1_max": 0.509001,
        "nauc_ndcg_at_1_std": 0.132292,
        "nauc_ndcg_at_1_diff1": 0.310416,
        "nauc_ndcg_at_3_max": 0.194751,
        "nauc_ndcg_at_3_std": -0.11427,
        "nauc_ndcg_at_3_diff1": 0.260096,
        "nauc_ndcg_at_5_max": 0.343799,
        "nauc_ndcg_at_5_std": -0.003425,
        "nauc_ndcg_at_5_diff1": 0.279438,
        "nauc_ndcg_at_10_max": 0.387842,
        "nauc_ndcg_at_10_std": 0.089609,
        "nauc_ndcg_at_10_diff1": 0.299691,
        "nauc_ndcg_at_20_max": 0.425387,
        "nauc_ndcg_at_20_std": 0.12007,
        "nauc_ndcg_at_20_diff1": 0.353863,
        "nauc_ndcg_at_100_max": 0.380329,
        "nauc_ndcg_at_100_std": 0.058776,
        "nauc_ndcg_at_100_diff1": 0.333989,
        "nauc_ndcg_at_1000_max": 0.386392,
        "nauc_ndcg_at_1000_std": 0.066337,
        "nauc_ndcg_at_1000_diff1": 0.323537,
        "nauc_map_at_1_max": 0.341267,
        "nauc_map_at_1_std": 0.122225,
        "nauc_map_at_1_diff1": 0.277575,
        "nauc_map_at_3_max": 0.203124,
        "nauc_map_at_3_std": -0.085089,
        "nauc_map_at_3_diff1": 0.287466,
        "nauc_map_at_5_max": 0.296167,
        "nauc_map_at_5_std": -0.019945,
        "nauc_map_at_5_diff1": 0.291775,
        "nauc_map_at_10_max": 0.314047,
        "nauc_map_at_10_std": 0.019207,
        "nauc_map_at_10_diff1": 0.300561,
        "nauc_map_at_20_max": 0.334691,
        "nauc_map_at_20_std": 0.035688,
        "nauc_map_at_20_diff1": 0.318475,
        "nauc_map_at_100_max": 0.328081,
        "nauc_map_at_100_std": 0.027242,
        "nauc_map_at_100_diff1": 0.316142,
        "nauc_map_at_1000_max": 0.327892,
        "nauc_map_at_1000_std": 0.027099,
        "nauc_map_at_1000_diff1": 0.315754,
        "nauc_recall_at_1_max": 0.341267,
        "nauc_recall_at_1_std": 0.122225,
        "nauc_recall_at_1_diff1": 0.277575,
        "nauc_recall_at_3_max": -0.0407,
        "nauc_recall_at_3_std": -0.288816,
        "nauc_recall_at_3_diff1": 0.169224,
        "nauc_recall_at_5_max": 0.292705,
        "nauc_recall_at_5_std": -0.037498,
        "nauc_recall_at_5_diff1": 0.209894,
        "nauc_recall_at_10_max": 0.420611,
        "nauc_recall_at_10_std": 0.250907,
        "nauc_recall_at_10_diff1": 0.262047,
        "nauc_recall_at_20_max": 0.626634,
        "nauc_recall_at_20_std": 0.437483,
        "nauc_recall_at_20_diff1": 0.602043,
        "nauc_recall_at_100_max": 0.007347,
        "nauc_recall_at_100_std": -0.34008,
        "nauc_recall_at_100_diff1": 0.681466,
        "nauc_recall_at_1000_max": NaN,
        "nauc_recall_at_1000_std": NaN,
        "nauc_recall_at_1000_diff1": NaN,
        "nauc_precision_at_1_max": 0.509001,
        "nauc_precision_at_1_std": 0.132292,
        "nauc_precision_at_1_diff1": 0.310416,
        "nauc_precision_at_3_max": 0.148555,
        "nauc_precision_at_3_std": -0.277206,
        "nauc_precision_at_3_diff1": 0.238752,
        "nauc_precision_at_5_max": 0.436976,
        "nauc_precision_at_5_std": -0.049123,
        "nauc_precision_at_5_diff1": 0.193988,
        "nauc_precision_at_10_max": 0.520656,
        "nauc_precision_at_10_std": 0.264495,
        "nauc_precision_at_10_diff1": 0.217036,
        "nauc_precision_at_20_max": 0.600784,
        "nauc_precision_at_20_std": 0.349439,
        "nauc_precision_at_20_diff1": 0.338779,
        "nauc_precision_at_100_max": 0.419861,
        "nauc_precision_at_100_std": 0.161687,
        "nauc_precision_at_100_diff1": 0.199486,
        "nauc_precision_at_1000_max": 0.354203,
        "nauc_precision_at_1000_std": 0.170807,
        "nauc_precision_at_1000_diff1": 0.06377,
        "nauc_mrr_at_1_max": 0.509001,
        "nauc_mrr_at_1_std": 0.132292,
        "nauc_mrr_at_1_diff1": 0.310416,
        "nauc_mrr_at_3_max": 0.399213,
        "nauc_mrr_at_3_std": 0.016251,
        "nauc_mrr_at_3_diff1": 0.258099,
        "nauc_mrr_at_5_max": 0.459741,
        "nauc_mrr_at_5_std": 0.071937,
        "nauc_mrr_at_5_diff1": 0.283803,
        "nauc_mrr_at_10_max": 0.475913,
        "nauc_mrr_at_10_std": 0.103906,
        "nauc_mrr_at_10_diff1": 0.290607,
        "nauc_mrr_at_20_max": 0.472903,
        "nauc_mrr_at_20_std": 0.102136,
        "nauc_mrr_at_20_diff1": 0.296067,
        "nauc_mrr_at_100_max": 0.468124,
        "nauc_mrr_at_100_std": 0.094694,
        "nauc_mrr_at_100_diff1": 0.293834,
        "nauc_mrr_at_1000_max": 0.468261,
        "nauc_mrr_at_1000_std": 0.094837,
        "nauc_mrr_at_1000_diff1": 0.293742,
        "main_score": 0.60444,
        "hf_subset": "default",
        "languages": [
          "eng-Latn"
        ]
      }
    ]
  },
  "evaluation_time": 29.191866874694824,
  "kg_co2_emissions": null
}