{
  "dataset_revision": "8fae72a2c75530aaaac6920a02622490d923ca98",
  "task_name": "ChemRxivNC2",
  "mteb_version": "1.36.29",
  "scores": {
    "test": [
      {
        "ndcg_at_1": 0.6792,
        "ndcg_at_3": 0.77346,
        "ndcg_at_5": 0.79494,
        "ndcg_at_10": 0.80679,
        "ndcg_at_20": 0.81272,
        "ndcg_at_100": 0.81894,
        "ndcg_at_1000": 0.82062,
        "map_at_1": 0.6792,
        "map_at_3": 0.75087,
        "map_at_5": 0.76287,
        "map_at_10": 0.76784,
        "map_at_20": 0.7695,
        "map_at_100": 0.77044,
        "map_at_1000": 0.7705,
        "recall_at_1": 0.6792,
        "recall_at_3": 0.8386,
        "recall_at_5": 0.8904,
        "recall_at_10": 0.9266,
        "recall_at_20": 0.9498,
        "recall_at_100": 0.9824,
        "recall_at_1000": 0.9956,
        "precision_at_1": 0.6792,
        "precision_at_3": 0.27953,
        "precision_at_5": 0.17808,
        "precision_at_10": 0.09266,
        "precision_at_20": 0.04749,
        "precision_at_100": 0.00982,
        "precision_at_1000": 0.001,
        "mrr_at_1": 0.6794,
        "mrr_at_3": 0.750833,
        "mrr_at_5": 0.762903,
        "mrr_at_10": 0.767878,
        "mrr_at_20": 0.769539,
        "mrr_at_100": 0.770474,
        "mrr_at_1000": 0.770538,
        "nauc_ndcg_at_1_max": 0.382273,
        "nauc_ndcg_at_1_std": -0.146055,
        "nauc_ndcg_at_1_diff1": 0.733445,
        "nauc_ndcg_at_3_max": 0.422042,
        "nauc_ndcg_at_3_std": -0.113418,
        "nauc_ndcg_at_3_diff1": 0.692045,
        "nauc_ndcg_at_5_max": 0.434752,
        "nauc_ndcg_at_5_std": -0.101712,
        "nauc_ndcg_at_5_diff1": 0.695256,
        "nauc_ndcg_at_10_max": 0.435052,
        "nauc_ndcg_at_10_std": -0.09694,
        "nauc_ndcg_at_10_diff1": 0.701135,
        "nauc_ndcg_at_20_max": 0.432353,
        "nauc_ndcg_at_20_std": -0.09536,
        "nauc_ndcg_at_20_diff1": 0.703985,
        "nauc_ndcg_at_100_max": 0.425882,
        "nauc_ndcg_at_100_std": -0.101866,
        "nauc_ndcg_at_100_diff1": 0.705415,
        "nauc_ndcg_at_1000_max": 0.423312,
        "nauc_ndcg_at_1000_std": -0.104687,
        "nauc_ndcg_at_1000_diff1": 0.705368,
        "nauc_map_at_1_max": 0.382273,
        "nauc_map_at_1_std": -0.146055,
        "nauc_map_at_1_diff1": 0.733445,
        "nauc_map_at_3_max": 0.410516,
        "nauc_map_at_3_std": -0.122977,
        "nauc_map_at_3_diff1": 0.703372,
        "nauc_map_at_5_max": 0.416324,
        "nauc_map_at_5_std": -0.117757,
        "nauc_map_at_5_diff1": 0.705359,
        "nauc_map_at_10_max": 0.416148,
        "nauc_map_at_10_std": -0.116467,
        "nauc_map_at_10_diff1": 0.707554,
        "nauc_map_at_20_max": 0.415395,
        "nauc_map_at_20_std": -0.116263,
        "nauc_map_at_20_diff1": 0.708266,
        "nauc_map_at_100_max": 0.414461,
        "nauc_map_at_100_std": -0.117024,
        "nauc_map_at_100_diff1": 0.708363,
        "nauc_map_at_1000_max": 0.414394,
        "nauc_map_at_1000_std": -0.117089,
        "nauc_map_at_1000_diff1": 0.708368,
        "nauc_recall_at_1_max": 0.382273,
        "nauc_recall_at_1_std": -0.146055,
        "nauc_recall_at_1_diff1": 0.733445,
        "nauc_recall_at_3_max": 0.469282,
        "nauc_recall_at_3_std": -0.07418,
        "nauc_recall_at_3_diff1": 0.646025,
        "nauc_recall_at_5_max": 0.539692,
        "nauc_recall_at_5_std": -0.009655,
        "nauc_recall_at_5_diff1": 0.641265,
        "nauc_recall_at_10_max": 0.589683,
        "nauc_recall_at_10_std": 0.068868,
        "nauc_recall_at_10_diff1": 0.65944,
        "nauc_recall_at_20_max": 0.625671,
        "nauc_recall_at_20_std": 0.166014,
        "nauc_recall_at_20_diff1": 0.677069,
        "nauc_recall_at_100_max": 0.689463,
        "nauc_recall_at_100_std": 0.321588,
        "nauc_recall_at_100_diff1": 0.710036,
        "nauc_recall_at_1000_max": 0.724068,
        "nauc_recall_at_1000_std": 0.737947,
        "nauc_recall_at_1000_diff1": 0.695718,
        "nauc_precision_at_1_max": 0.382273,
        "nauc_precision_at_1_std": -0.146055,
        "nauc_precision_at_1_diff1": 0.733445,
        "nauc_precision_at_3_max": 0.469282,
        "nauc_precision_at_3_std": -0.07418,
        "nauc_precision_at_3_diff1": 0.646025,
        "nauc_precision_at_5_max": 0.539692,
        "nauc_precision_at_5_std": -0.009655,
        "nauc_precision_at_5_diff1": 0.641265,
        "nauc_precision_at_10_max": 0.589683,
        "nauc_precision_at_10_std": 0.068868,
        "nauc_precision_at_10_diff1": 0.65944,
        "nauc_precision_at_20_max": 0.625671,
        "nauc_precision_at_20_std": 0.166014,
        "nauc_precision_at_20_diff1": 0.677069,
        "nauc_precision_at_100_max": 0.689463,
        "nauc_precision_at_100_std": 0.321588,
        "nauc_precision_at_100_diff1": 0.710036,
        "nauc_precision_at_1000_max": 0.724068,
        "nauc_precision_at_1000_std": 0.737947,
        "nauc_precision_at_1000_diff1": 0.695718,
        "nauc_mrr_at_1_max": 0.387064,
        "nauc_mrr_at_1_std": -0.144104,
        "nauc_mrr_at_1_diff1": 0.733006,
        "nauc_mrr_at_3_max": 0.413486,
        "nauc_mrr_at_3_std": -0.122282,
        "nauc_mrr_at_3_diff1": 0.70333,
        "nauc_mrr_at_5_max": 0.419498,
        "nauc_mrr_at_5_std": -0.116695,
        "nauc_mrr_at_5_diff1": 0.705177,
        "nauc_mrr_at_10_max": 0.419397,
        "nauc_mrr_at_10_std": -0.11538,
        "nauc_mrr_at_10_diff1": 0.707369,
        "nauc_mrr_at_20_max": 0.41867,
        "nauc_mrr_at_20_std": -0.115167,
        "nauc_mrr_at_20_diff1": 0.708079,
        "nauc_mrr_at_100_max": 0.417751,
        "nauc_mrr_at_100_std": -0.115923,
        "nauc_mrr_at_100_diff1": 0.708175,
        "nauc_mrr_at_1000_max": 0.417685,
        "nauc_mrr_at_1000_std": -0.115987,
        "nauc_mrr_at_1000_diff1": 0.70818,
        "main_score": 0.80679,
        "hf_subset": "default",
        "languages": [
          "eng-Latn"
        ]
      }
    ]
  },
  "evaluation_time": 175.67018055915833,
  "kg_co2_emissions": null
}