{
  "dataset_revision": "431886eaecc48f067a3975b70d0949ea2862463c",
  "task_name": "Touche2020Retrieval.v3",
  "mteb_version": "1.36.29",
  "scores": {
    "test": [
      {
        "ndcg_at_1": 0.45918,
        "ndcg_at_3": 0.47971,
        "ndcg_at_5": 0.46056,
        "ndcg_at_10": 0.46523,
        "ndcg_at_20": 0.42799,
        "ndcg_at_100": 0.50232,
        "ndcg_at_1000": 0.6272,
        "map_at_1": 0.01818,
        "map_at_3": 0.05045,
        "map_at_5": 0.077,
        "map_at_10": 0.14367,
        "map_at_20": 0.20574,
        "map_at_100": 0.28987,
        "map_at_1000": 0.32135,
        "recall_at_1": 0.01818,
        "recall_at_3": 0.05882,
        "recall_at_5": 0.09392,
        "recall_at_10": 0.1907,
        "recall_at_20": 0.29892,
        "recall_at_100": 0.5595,
        "recall_at_1000": 0.8591,
        "precision_at_1": 0.55102,
        "precision_at_3": 0.57143,
        "precision_at_5": 0.53061,
        "precision_at_10": 0.53265,
        "precision_at_20": 0.43469,
        "precision_at_100": 0.17571,
        "precision_at_1000": 0.02959,
        "mrr_at_1": 0.55102,
        "mrr_at_3": 0.707483,
        "mrr_at_5": 0.720748,
        "mrr_at_10": 0.72415,
        "mrr_at_20": 0.72415,
        "mrr_at_100": 0.72415,
        "mrr_at_1000": 0.724251,
        "nauc_ndcg_at_1_max": 0.137409,
        "nauc_ndcg_at_1_std": 0.09121,
        "nauc_ndcg_at_1_diff1": -0.130257,
        "nauc_ndcg_at_3_max": 0.170661,
        "nauc_ndcg_at_3_std": 0.213256,
        "nauc_ndcg_at_3_diff1": 0.04435,
        "nauc_ndcg_at_5_max": 0.158826,
        "nauc_ndcg_at_5_std": 0.199048,
        "nauc_ndcg_at_5_diff1": 0.06269,
        "nauc_ndcg_at_10_max": 0.101078,
        "nauc_ndcg_at_10_std": 0.179599,
        "nauc_ndcg_at_10_diff1": 0.080048,
        "nauc_ndcg_at_20_max": 0.135678,
        "nauc_ndcg_at_20_std": 0.199884,
        "nauc_ndcg_at_20_diff1": 0.07646,
        "nauc_ndcg_at_100_max": -0.037376,
        "nauc_ndcg_at_100_std": 0.235581,
        "nauc_ndcg_at_100_diff1": 0.089432,
        "nauc_ndcg_at_1000_max": 0.119236,
        "nauc_ndcg_at_1000_std": 0.433887,
        "nauc_ndcg_at_1000_diff1": 0.161369,
        "nauc_map_at_1_max": -0.047623,
        "nauc_map_at_1_std": -0.047037,
        "nauc_map_at_1_diff1": -0.079985,
        "nauc_map_at_3_max": -0.052871,
        "nauc_map_at_3_std": -0.04668,
        "nauc_map_at_3_diff1": 0.033797,
        "nauc_map_at_5_max": -0.058376,
        "nauc_map_at_5_std": -0.055197,
        "nauc_map_at_5_diff1": 0.074626,
        "nauc_map_at_10_max": -0.122357,
        "nauc_map_at_10_std": -0.102041,
        "nauc_map_at_10_diff1": 0.106039,
        "nauc_map_at_20_max": -0.027565,
        "nauc_map_at_20_std": -0.027011,
        "nauc_map_at_20_diff1": 0.09377,
        "nauc_map_at_100_max": -0.02494,
        "nauc_map_at_100_std": 0.094784,
        "nauc_map_at_100_diff1": 0.097824,
        "nauc_map_at_1000_max": 0.015794,
        "nauc_map_at_1000_std": 0.155348,
        "nauc_map_at_1000_diff1": 0.122749,
        "nauc_recall_at_1_max": -0.047623,
        "nauc_recall_at_1_std": -0.047037,
        "nauc_recall_at_1_diff1": -0.079985,
        "nauc_recall_at_3_max": -0.11178,
        "nauc_recall_at_3_std": -0.096193,
        "nauc_recall_at_3_diff1": 0.092408,
        "nauc_recall_at_5_max": -0.127578,
        "nauc_recall_at_5_std": -0.113704,
        "nauc_recall_at_5_diff1": 0.104563,
        "nauc_recall_at_10_max": -0.187916,
        "nauc_recall_at_10_std": -0.165733,
        "nauc_recall_at_10_diff1": 0.118342,
        "nauc_recall_at_20_max": -0.085589,
        "nauc_recall_at_20_std": -0.068104,
        "nauc_recall_at_20_diff1": 0.097323,
        "nauc_recall_at_100_max": -0.142232,
        "nauc_recall_at_100_std": 0.1674,
        "nauc_recall_at_100_diff1": 0.105595,
        "nauc_recall_at_1000_max": 0.078474,
        "nauc_recall_at_1000_std": 0.575529,
        "nauc_recall_at_1000_diff1": 0.306331,
        "nauc_precision_at_1_max": 0.176469,
        "nauc_precision_at_1_std": 0.028013,
        "nauc_precision_at_1_diff1": -0.141371,
        "nauc_precision_at_3_max": 0.160137,
        "nauc_precision_at_3_std": 0.146833,
        "nauc_precision_at_3_diff1": 0.137179,
        "nauc_precision_at_5_max": 0.129352,
        "nauc_precision_at_5_std": 0.110588,
        "nauc_precision_at_5_diff1": 0.138241,
        "nauc_precision_at_10_max": 0.029681,
        "nauc_precision_at_10_std": 0.083353,
        "nauc_precision_at_10_diff1": 0.168049,
        "nauc_precision_at_20_max": 0.241686,
        "nauc_precision_at_20_std": 0.278577,
        "nauc_precision_at_20_diff1": 0.112503,
        "nauc_precision_at_100_max": 0.294474,
        "nauc_precision_at_100_std": 0.652779,
        "nauc_precision_at_100_diff1": 0.115894,
        "nauc_precision_at_1000_max": 0.506081,
        "nauc_precision_at_1000_std": 0.507431,
        "nauc_precision_at_1000_diff1": 0.125694,
        "nauc_mrr_at_1_max": 0.176469,
        "nauc_mrr_at_1_std": 0.028013,
        "nauc_mrr_at_1_diff1": -0.141371,
        "nauc_mrr_at_3_max": 0.168923,
        "nauc_mrr_at_3_std": 0.082756,
        "nauc_mrr_at_3_diff1": 0.026055,
        "nauc_mrr_at_5_max": 0.176985,
        "nauc_mrr_at_5_std": 0.065241,
        "nauc_mrr_at_5_diff1": -0.001474,
        "nauc_mrr_at_10_max": 0.18237,
        "nauc_mrr_at_10_std": 0.083957,
        "nauc_mrr_at_10_diff1": -0.015141,
        "nauc_mrr_at_20_max": 0.18237,
        "nauc_mrr_at_20_std": 0.083957,
        "nauc_mrr_at_20_diff1": -0.015141,
        "nauc_mrr_at_100_max": 0.18237,
        "nauc_mrr_at_100_std": 0.083957,
        "nauc_mrr_at_100_diff1": -0.015141,
        "nauc_mrr_at_1000_max": 0.181987,
        "nauc_mrr_at_1000_std": 0.083528,
        "nauc_mrr_at_1000_diff1": -0.015487,
        "main_score": 0.46523,
        "hf_subset": "default",
        "languages": [
          "eng-Latn"
        ]
      }
    ]
  },
  "evaluation_time": 4290.068933010101,
  "kg_co2_emissions": null
}