{
  "dataset_revision": "f33a205966ce032f957c3a22f4f9e378f89a2c56",
  "task_name": "PubChemAISentenceParaphrasePC",
  "mteb_version": "1.36.29",
  "scores": {
    "test": [
      {
        "similarity_accuracy": 0.984375,
        "similarity_accuracy_threshold": 0.854177,
        "similarity_f1": 0.917526,
        "similarity_f1_threshold": 0.854177,
        "similarity_precision": 0.972678,
        "similarity_recall": 0.868293,
        "similarity_ap": 0.943559,
        "cosine_accuracy": 0.984375,
        "cosine_accuracy_threshold": 0.854177,
        "cosine_f1": 0.917526,
        "cosine_f1_threshold": 0.854177,
        "cosine_precision": 0.972678,
        "cosine_recall": 0.868293,
        "cosine_ap": 0.943559,
        "manhattan_accuracy": 0.981445,
        "manhattan_accuracy_threshold": 218.448059,
        "manhattan_f1": 0.904523,
        "manhattan_f1_threshold": 218.448059,
        "manhattan_precision": 0.932642,
        "manhattan_recall": 0.878049,
        "manhattan_ap": 0.917563,
        "euclidean_accuracy": 0.980957,
        "euclidean_accuracy_threshold": 9.796421,
        "euclidean_f1": 0.902743,
        "euclidean_f1_threshold": 10.009686,
        "euclidean_precision": 0.923469,
        "euclidean_recall": 0.882927,
        "euclidean_ap": 0.91726,
        "dot_accuracy": 0.952637,
        "dot_accuracy_threshold": 243.428802,
        "dot_f1": 0.776786,
        "dot_f1_threshold": 220.280426,
        "dot_precision": 0.716049,
        "dot_recall": 0.84878,
        "dot_ap": 0.81848,
        "max_accuracy": 0.984375,
        "max_f1": 0.917526,
        "max_precision": 0.972678,
        "max_recall": 0.882927,
        "max_ap": 0.943559,
        "main_score": 0.943559,
        "hf_subset": "default",
        "languages": [
          "eng-Latn"
        ]
      }
    ]
  },
  "evaluation_time": 3.4224584102630615,
  "kg_co2_emissions": null
}