{
  "dataset_revision": "bb9466bac8153a0349341eb1b22e06409e78ef4e",
  "task_name": "TRECCOVID",
  "mteb_version": "1.36.29",
  "scores": {
    "test": [
      {
        "ndcg_at_1": 0.76,
        "ndcg_at_3": 0.73408,
        "ndcg_at_5": 0.69997,
        "ndcg_at_10": 0.66513,
        "ndcg_at_20": 0.62049,
        "ndcg_at_100": 0.45855,
        "ndcg_at_1000": 0.40699,
        "map_at_1": 0.00219,
        "map_at_3": 0.00562,
        "map_at_5": 0.0088,
        "map_at_10": 0.01532,
        "map_at_20": 0.02639,
        "map_at_100": 0.07624,
        "map_at_1000": 0.17821,
        "recall_at_1": 0.00219,
        "recall_at_3": 0.00598,
        "recall_at_5": 0.00967,
        "recall_at_10": 0.01761,
        "recall_at_20": 0.03174,
        "recall_at_100": 0.1079,
        "recall_at_1000": 0.38155,
        "precision_at_1": 0.82,
        "precision_at_3": 0.79333,
        "precision_at_5": 0.756,
        "precision_at_10": 0.706,
        "precision_at_20": 0.652,
        "precision_at_100": 0.4648,
        "precision_at_1000": 0.18146,
        "mrr_at_1": 0.82,
        "mrr_at_3": 0.883333,
        "mrr_at_5": 0.883333,
        "mrr_at_10": 0.886667,
        "mrr_at_20": 0.886667,
        "mrr_at_100": 0.887576,
        "mrr_at_1000": 0.887576,
        "nauc_ndcg_at_1_max": 0.345371,
        "nauc_ndcg_at_1_std": 0.553068,
        "nauc_ndcg_at_1_diff1": 0.470237,
        "nauc_ndcg_at_3_max": 0.429083,
        "nauc_ndcg_at_3_std": 0.628982,
        "nauc_ndcg_at_3_diff1": 0.259631,
        "nauc_ndcg_at_5_max": 0.398768,
        "nauc_ndcg_at_5_std": 0.6584,
        "nauc_ndcg_at_5_diff1": 0.159345,
        "nauc_ndcg_at_10_max": 0.38563,
        "nauc_ndcg_at_10_std": 0.745931,
        "nauc_ndcg_at_10_diff1": 0.072406,
        "nauc_ndcg_at_20_max": 0.34651,
        "nauc_ndcg_at_20_std": 0.757569,
        "nauc_ndcg_at_20_diff1": 0.03248,
        "nauc_ndcg_at_100_max": 0.367586,
        "nauc_ndcg_at_100_std": 0.851297,
        "nauc_ndcg_at_100_diff1": -0.082804,
        "nauc_ndcg_at_1000_max": 0.291379,
        "nauc_ndcg_at_1000_std": 0.768573,
        "nauc_ndcg_at_1000_diff1": 0.03074,
        "nauc_map_at_1_max": 0.020414,
        "nauc_map_at_1_std": -0.045101,
        "nauc_map_at_1_diff1": 0.411562,
        "nauc_map_at_3_max": 0.156424,
        "nauc_map_at_3_std": 0.096027,
        "nauc_map_at_3_diff1": 0.464969,
        "nauc_map_at_5_max": 0.120937,
        "nauc_map_at_5_std": 0.139399,
        "nauc_map_at_5_diff1": 0.386979,
        "nauc_map_at_10_max": 0.119181,
        "nauc_map_at_10_std": 0.258274,
        "nauc_map_at_10_diff1": 0.307433,
        "nauc_map_at_20_max": 0.136733,
        "nauc_map_at_20_std": 0.377033,
        "nauc_map_at_20_diff1": 0.278,
        "nauc_map_at_100_max": 0.230314,
        "nauc_map_at_100_std": 0.697047,
        "nauc_map_at_100_diff1": 0.1175,
        "nauc_map_at_1000_max": 0.325045,
        "nauc_map_at_1000_std": 0.8345,
        "nauc_map_at_1000_diff1": -0.039845,
        "nauc_recall_at_1_max": 0.020414,
        "nauc_recall_at_1_std": -0.045101,
        "nauc_recall_at_1_diff1": 0.411562,
        "nauc_recall_at_3_max": 0.093648,
        "nauc_recall_at_3_std": 0.029145,
        "nauc_recall_at_3_diff1": 0.410255,
        "nauc_recall_at_5_max": 0.029876,
        "nauc_recall_at_5_std": 0.038693,
        "nauc_recall_at_5_diff1": 0.33079,
        "nauc_recall_at_10_max": 0.041343,
        "nauc_recall_at_10_std": 0.133087,
        "nauc_recall_at_10_diff1": 0.296594,
        "nauc_recall_at_20_max": 0.042792,
        "nauc_recall_at_20_std": 0.226006,
        "nauc_recall_at_20_diff1": 0.2933,
        "nauc_recall_at_100_max": 0.138757,
        "nauc_recall_at_100_std": 0.552576,
        "nauc_recall_at_100_diff1": 0.165843,
        "nauc_recall_at_1000_max": 0.226479,
        "nauc_recall_at_1000_std": 0.681956,
        "nauc_recall_at_1000_diff1": 0.053841,
        "nauc_precision_at_1_max": 0.701894,
        "nauc_precision_at_1_std": 0.745622,
        "nauc_precision_at_1_diff1": 0.649851,
        "nauc_precision_at_3_max": 0.613842,
        "nauc_precision_at_3_std": 0.731726,
        "nauc_precision_at_3_diff1": 0.255192,
        "nauc_precision_at_5_max": 0.4667,
        "nauc_precision_at_5_std": 0.7012,
        "nauc_precision_at_5_diff1": 0.12483,
        "nauc_precision_at_10_max": 0.445586,
        "nauc_precision_at_10_std": 0.759818,
        "nauc_precision_at_10_diff1": 0.041708,
        "nauc_precision_at_20_max": 0.36316,
        "nauc_precision_at_20_std": 0.75682,
        "nauc_precision_at_20_diff1": -0.00384,
        "nauc_precision_at_100_max": 0.359921,
        "nauc_precision_at_100_std": 0.862942,
        "nauc_precision_at_100_diff1": -0.122916,
        "nauc_precision_at_1000_max": 0.339542,
        "nauc_precision_at_1000_std": 0.708716,
        "nauc_precision_at_1000_diff1": -0.192697,
        "nauc_mrr_at_1_max": 0.701894,
        "nauc_mrr_at_1_std": 0.745622,
        "nauc_mrr_at_1_diff1": 0.649851,
        "nauc_mrr_at_3_max": 0.713266,
        "nauc_mrr_at_3_std": 0.782544,
        "nauc_mrr_at_3_diff1": 0.598631,
        "nauc_mrr_at_5_max": 0.713266,
        "nauc_mrr_at_5_std": 0.782544,
        "nauc_mrr_at_5_diff1": 0.598631,
        "nauc_mrr_at_10_max": 0.71299,
        "nauc_mrr_at_10_std": 0.775839,
        "nauc_mrr_at_10_diff1": 0.594821,
        "nauc_mrr_at_20_max": 0.71299,
        "nauc_mrr_at_20_std": 0.775839,
        "nauc_mrr_at_20_diff1": 0.594821,
        "nauc_mrr_at_100_max": 0.710556,
        "nauc_mrr_at_100_std": 0.775047,
        "nauc_mrr_at_100_diff1": 0.596828,
        "nauc_mrr_at_1000_max": 0.710556,
        "nauc_mrr_at_1000_std": 0.775047,
        "nauc_mrr_at_1000_diff1": 0.596828,
        "main_score": 0.66513,
        "hf_subset": "default",
        "languages": [
          "eng-Latn"
        ]
      }
    ]
  },
  "evaluation_time": 457.2609097957611,
  "kg_co2_emissions": null
}