{
  "dataset_revision": "6c6430d3a6d36f8d2a829195bc5dc94d7e063e53",
  "task_name": "CQADupstackUnixRetrieval",
  "mteb_version": "1.36.29",
  "scores": {
    "test": [
      {
        "ndcg_at_1": 0.28545,
        "ndcg_at_3": 0.31761,
        "ndcg_at_5": 0.33375,
        "ndcg_at_10": 0.35909,
        "ndcg_at_20": 0.37965,
        "ndcg_at_100": 0.41012,
        "ndcg_at_1000": 0.43713,
        "map_at_1": 0.24132,
        "map_at_3": 0.29067,
        "map_at_5": 0.3025,
        "map_at_10": 0.31367,
        "map_at_20": 0.31981,
        "map_at_100": 0.32432,
        "map_at_1000": 0.32542,
        "recall_at_1": 0.24132,
        "recall_at_3": 0.33936,
        "recall_at_5": 0.38277,
        "recall_at_10": 0.45777,
        "recall_at_20": 0.53297,
        "recall_at_100": 0.68395,
        "recall_at_1000": 0.87701,
        "precision_at_1": 0.28545,
        "precision_at_3": 0.14397,
        "precision_at_5": 0.09869,
        "precision_at_10": 0.05979,
        "precision_at_20": 0.03549,
        "precision_at_100": 0.00949,
        "precision_at_1000": 0.0013,
        "mrr_at_1": 0.285448,
        "mrr_at_3": 0.334733,
        "mrr_at_5": 0.344248,
        "mrr_at_10": 0.355071,
        "mrr_at_20": 0.360424,
        "mrr_at_100": 0.364064,
        "mrr_at_1000": 0.36474,
        "nauc_ndcg_at_1_max": 0.478965,
        "nauc_ndcg_at_1_std": 0.012681,
        "nauc_ndcg_at_1_diff1": 0.572874,
        "nauc_ndcg_at_3_max": 0.449293,
        "nauc_ndcg_at_3_std": 0.019686,
        "nauc_ndcg_at_3_diff1": 0.514951,
        "nauc_ndcg_at_5_max": 0.439073,
        "nauc_ndcg_at_5_std": 0.022033,
        "nauc_ndcg_at_5_diff1": 0.498075,
        "nauc_ndcg_at_10_max": 0.434456,
        "nauc_ndcg_at_10_std": 0.030655,
        "nauc_ndcg_at_10_diff1": 0.489552,
        "nauc_ndcg_at_20_max": 0.427813,
        "nauc_ndcg_at_20_std": 0.032885,
        "nauc_ndcg_at_20_diff1": 0.480766,
        "nauc_ndcg_at_100_max": 0.439086,
        "nauc_ndcg_at_100_std": 0.046219,
        "nauc_ndcg_at_100_diff1": 0.480359,
        "nauc_ndcg_at_1000_max": 0.446872,
        "nauc_ndcg_at_1000_std": 0.050058,
        "nauc_ndcg_at_1000_diff1": 0.486299,
        "nauc_map_at_1_max": 0.478524,
        "nauc_map_at_1_std": -0.009893,
        "nauc_map_at_1_diff1": 0.602604,
        "nauc_map_at_3_max": 0.455643,
        "nauc_map_at_3_std": 0.00996,
        "nauc_map_at_3_diff1": 0.542079,
        "nauc_map_at_5_max": 0.451706,
        "nauc_map_at_5_std": 0.015197,
        "nauc_map_at_5_diff1": 0.527601,
        "nauc_map_at_10_max": 0.450024,
        "nauc_map_at_10_std": 0.019134,
        "nauc_map_at_10_diff1": 0.523348,
        "nauc_map_at_20_max": 0.448362,
        "nauc_map_at_20_std": 0.020223,
        "nauc_map_at_20_diff1": 0.520444,
        "nauc_map_at_100_max": 0.449897,
        "nauc_map_at_100_std": 0.021699,
        "nauc_map_at_100_diff1": 0.520447,
        "nauc_map_at_1000_max": 0.450341,
        "nauc_map_at_1000_std": 0.022046,
        "nauc_map_at_1000_diff1": 0.520654,
        "nauc_recall_at_1_max": 0.478524,
        "nauc_recall_at_1_std": -0.009893,
        "nauc_recall_at_1_diff1": 0.602604,
        "nauc_recall_at_3_max": 0.413049,
        "nauc_recall_at_3_std": 0.021657,
        "nauc_recall_at_3_diff1": 0.479927,
        "nauc_recall_at_5_max": 0.388617,
        "nauc_recall_at_5_std": 0.031929,
        "nauc_recall_at_5_diff1": 0.426064,
        "nauc_recall_at_10_max": 0.362684,
        "nauc_recall_at_10_std": 0.054061,
        "nauc_recall_at_10_diff1": 0.389803,
        "nauc_recall_at_20_max": 0.330664,
        "nauc_recall_at_20_std": 0.062445,
        "nauc_recall_at_20_diff1": 0.353054,
        "nauc_recall_at_100_max": 0.370608,
        "nauc_recall_at_100_std": 0.155829,
        "nauc_recall_at_100_diff1": 0.316145,
        "nauc_recall_at_1000_max": 0.44996,
        "nauc_recall_at_1000_std": 0.350682,
        "nauc_recall_at_1000_diff1": 0.274974,
        "nauc_precision_at_1_max": 0.478965,
        "nauc_precision_at_1_std": 0.012681,
        "nauc_precision_at_1_diff1": 0.572874,
        "nauc_precision_at_3_max": 0.390076,
        "nauc_precision_at_3_std": 0.04765,
        "nauc_precision_at_3_diff1": 0.381334,
        "nauc_precision_at_5_max": 0.355019,
        "nauc_precision_at_5_std": 0.059774,
        "nauc_precision_at_5_diff1": 0.310222,
        "nauc_precision_at_10_max": 0.320421,
        "nauc_precision_at_10_std": 0.081222,
        "nauc_precision_at_10_diff1": 0.252284,
        "nauc_precision_at_20_max": 0.259872,
        "nauc_precision_at_20_std": 0.07524,
        "nauc_precision_at_20_diff1": 0.174702,
        "nauc_precision_at_100_max": 0.212957,
        "nauc_precision_at_100_std": 0.135266,
        "nauc_precision_at_100_diff1": 0.066713,
        "nauc_precision_at_1000_max": 0.075722,
        "nauc_precision_at_1000_std": 0.09029,
        "nauc_precision_at_1000_diff1": -0.071068,
        "nauc_mrr_at_1_max": 0.478965,
        "nauc_mrr_at_1_std": 0.012681,
        "nauc_mrr_at_1_diff1": 0.572874,
        "nauc_mrr_at_3_max": 0.455635,
        "nauc_mrr_at_3_std": 0.022718,
        "nauc_mrr_at_3_diff1": 0.512947,
        "nauc_mrr_at_5_max": 0.449654,
        "nauc_mrr_at_5_std": 0.023215,
        "nauc_mrr_at_5_diff1": 0.504146,
        "nauc_mrr_at_10_max": 0.448119,
        "nauc_mrr_at_10_std": 0.026633,
        "nauc_mrr_at_10_diff1": 0.501187,
        "nauc_mrr_at_20_max": 0.446748,
        "nauc_mrr_at_20_std": 0.026801,
        "nauc_mrr_at_20_diff1": 0.499185,
        "nauc_mrr_at_100_max": 0.44817,
        "nauc_mrr_at_100_std": 0.027575,
        "nauc_mrr_at_100_diff1": 0.499615,
        "nauc_mrr_at_1000_max": 0.448376,
        "nauc_mrr_at_1000_std": 0.027631,
        "nauc_mrr_at_1000_diff1": 0.499939,
        "main_score": 0.35909,
        "hf_subset": "default",
        "languages": [
          "eng-Latn"
        ]
      }
    ]
  },
  "evaluation_time": 150.53227591514587,
  "kg_co2_emissions": null
}