{
  "dataset_revision": "6c6430d3a6d36f8d2a829195bc5dc94d7e063e53",
  "task_name": "CQADupstackUnixRetrieval",
  "mteb_version": "1.36.29",
  "scores": {
    "test": [
      {
        "ndcg_at_1": 0.30504,
        "ndcg_at_3": 0.34559,
        "ndcg_at_5": 0.36842,
        "ndcg_at_10": 0.39196,
        "ndcg_at_20": 0.40902,
        "ndcg_at_100": 0.44144,
        "ndcg_at_1000": 0.46608,
        "map_at_1": 0.25508,
        "map_at_3": 0.3145,
        "map_at_5": 0.32963,
        "map_at_10": 0.34053,
        "map_at_20": 0.34572,
        "map_at_100": 0.35096,
        "map_at_1000": 0.35205,
        "recall_at_1": 0.25508,
        "recall_at_3": 0.37828,
        "recall_at_5": 0.4356,
        "recall_at_10": 0.50499,
        "recall_at_20": 0.56596,
        "recall_at_100": 0.72343,
        "recall_at_1000": 0.89488,
        "precision_at_1": 0.30504,
        "precision_at_3": 0.15454,
        "precision_at_5": 0.1097,
        "precision_at_10": 0.06521,
        "precision_at_20": 0.03745,
        "precision_at_100": 0.01008,
        "precision_at_1000": 0.00134,
        "mrr_at_1": 0.305037,
        "mrr_at_3": 0.362873,
        "mrr_at_5": 0.376446,
        "mrr_at_10": 0.385621,
        "mrr_at_20": 0.389891,
        "mrr_at_100": 0.393581,
        "mrr_at_1000": 0.394241,
        "nauc_ndcg_at_1_max": 0.461811,
        "nauc_ndcg_at_1_std": 0.020396,
        "nauc_ndcg_at_1_diff1": 0.519092,
        "nauc_ndcg_at_3_max": 0.418235,
        "nauc_ndcg_at_3_std": 0.031508,
        "nauc_ndcg_at_3_diff1": 0.453239,
        "nauc_ndcg_at_5_max": 0.415671,
        "nauc_ndcg_at_5_std": 0.034158,
        "nauc_ndcg_at_5_diff1": 0.450016,
        "nauc_ndcg_at_10_max": 0.412685,
        "nauc_ndcg_at_10_std": 0.034052,
        "nauc_ndcg_at_10_diff1": 0.442656,
        "nauc_ndcg_at_20_max": 0.417378,
        "nauc_ndcg_at_20_std": 0.041425,
        "nauc_ndcg_at_20_diff1": 0.446323,
        "nauc_ndcg_at_100_max": 0.421066,
        "nauc_ndcg_at_100_std": 0.05479,
        "nauc_ndcg_at_100_diff1": 0.44672,
        "nauc_ndcg_at_1000_max": 0.429596,
        "nauc_ndcg_at_1000_std": 0.0582,
        "nauc_ndcg_at_1000_diff1": 0.450113,
        "nauc_map_at_1_max": 0.448064,
        "nauc_map_at_1_std": 0.004689,
        "nauc_map_at_1_diff1": 0.530859,
        "nauc_map_at_3_max": 0.425196,
        "nauc_map_at_3_std": 0.023767,
        "nauc_map_at_3_diff1": 0.475816,
        "nauc_map_at_5_max": 0.424104,
        "nauc_map_at_5_std": 0.026088,
        "nauc_map_at_5_diff1": 0.472945,
        "nauc_map_at_10_max": 0.423017,
        "nauc_map_at_10_std": 0.026263,
        "nauc_map_at_10_diff1": 0.469457,
        "nauc_map_at_20_max": 0.424186,
        "nauc_map_at_20_std": 0.027914,
        "nauc_map_at_20_diff1": 0.469995,
        "nauc_map_at_100_max": 0.4255,
        "nauc_map_at_100_std": 0.030215,
        "nauc_map_at_100_diff1": 0.470269,
        "nauc_map_at_1000_max": 0.425753,
        "nauc_map_at_1000_std": 0.030413,
        "nauc_map_at_1000_diff1": 0.470213,
        "nauc_recall_at_1_max": 0.448064,
        "nauc_recall_at_1_std": 0.004689,
        "nauc_recall_at_1_diff1": 0.530859,
        "nauc_recall_at_3_max": 0.373378,
        "nauc_recall_at_3_std": 0.038743,
        "nauc_recall_at_3_diff1": 0.394263,
        "nauc_recall_at_5_max": 0.363523,
        "nauc_recall_at_5_std": 0.048438,
        "nauc_recall_at_5_diff1": 0.378641,
        "nauc_recall_at_10_max": 0.345792,
        "nauc_recall_at_10_std": 0.044416,
        "nauc_recall_at_10_diff1": 0.352006,
        "nauc_recall_at_20_max": 0.358039,
        "nauc_recall_at_20_std": 0.071537,
        "nauc_recall_at_20_diff1": 0.360052,
        "nauc_recall_at_100_max": 0.353211,
        "nauc_recall_at_100_std": 0.162732,
        "nauc_recall_at_100_diff1": 0.338694,
        "nauc_recall_at_1000_max": 0.494138,
        "nauc_recall_at_1000_std": 0.379928,
        "nauc_recall_at_1000_diff1": 0.351292,
        "nauc_precision_at_1_max": 0.461811,
        "nauc_precision_at_1_std": 0.020396,
        "nauc_precision_at_1_diff1": 0.519092,
        "nauc_precision_at_3_max": 0.37624,
        "nauc_precision_at_3_std": 0.058861,
        "nauc_precision_at_3_diff1": 0.344361,
        "nauc_precision_at_5_max": 0.343506,
        "nauc_precision_at_5_std": 0.053203,
        "nauc_precision_at_5_diff1": 0.296954,
        "nauc_precision_at_10_max": 0.301518,
        "nauc_precision_at_10_std": 0.051113,
        "nauc_precision_at_10_diff1": 0.238033,
        "nauc_precision_at_20_max": 0.279164,
        "nauc_precision_at_20_std": 0.075487,
        "nauc_precision_at_20_diff1": 0.212655,
        "nauc_precision_at_100_max": 0.191688,
        "nauc_precision_at_100_std": 0.119872,
        "nauc_precision_at_100_diff1": 0.093535,
        "nauc_precision_at_1000_max": 0.058325,
        "nauc_precision_at_1000_std": 0.073649,
        "nauc_precision_at_1000_diff1": -0.055881,
        "nauc_mrr_at_1_max": 0.461811,
        "nauc_mrr_at_1_std": 0.020396,
        "nauc_mrr_at_1_diff1": 0.519092,
        "nauc_mrr_at_3_max": 0.434431,
        "nauc_mrr_at_3_std": 0.035699,
        "nauc_mrr_at_3_diff1": 0.465095,
        "nauc_mrr_at_5_max": 0.433766,
        "nauc_mrr_at_5_std": 0.036795,
        "nauc_mrr_at_5_diff1": 0.461997,
        "nauc_mrr_at_10_max": 0.432337,
        "nauc_mrr_at_10_std": 0.036665,
        "nauc_mrr_at_10_diff1": 0.458668,
        "nauc_mrr_at_20_max": 0.433775,
        "nauc_mrr_at_20_std": 0.038751,
        "nauc_mrr_at_20_diff1": 0.46019,
        "nauc_mrr_at_100_max": 0.433529,
        "nauc_mrr_at_100_std": 0.039386,
        "nauc_mrr_at_100_diff1": 0.460032,
        "nauc_mrr_at_1000_max": 0.433777,
        "nauc_mrr_at_1000_std": 0.039562,
        "nauc_mrr_at_1000_diff1": 0.460209,
        "main_score": 0.39196,
        "hf_subset": "default",
        "languages": [
          "eng-Latn"
        ]
      }
    ]
  },
  "evaluation_time": 517.8226251602173,
  "kg_co2_emissions": null
}