{
  "dataset_revision": "f8c2fcf00f625baaa80f62ec5bd9e1fff3b8ae88",
  "task_name": "SCIDOCS",
  "mteb_version": "1.36.29",
  "scores": {
    "test": [
      {
        "ndcg_at_1": 0.231,
        "ndcg_at_3": 0.19315,
        "ndcg_at_5": 0.16573,
        "ndcg_at_10": 0.19968,
        "ndcg_at_20": 0.22908,
        "ndcg_at_100": 0.27872,
        "ndcg_at_1000": 0.32986,
        "map_at_1": 0.04683,
        "map_at_3": 0.08619,
        "map_at_5": 0.10206,
        "map_at_10": 0.11988,
        "map_at_20": 0.1306,
        "map_at_100": 0.14045,
        "map_at_1000": 0.14324,
        "recall_at_1": 0.04683,
        "recall_at_3": 0.11023,
        "recall_at_5": 0.14647,
        "recall_at_10": 0.20867,
        "recall_at_20": 0.2775,
        "recall_at_100": 0.43757,
        "recall_at_1000": 0.68915,
        "precision_at_1": 0.231,
        "precision_at_3": 0.18133,
        "precision_at_5": 0.1444,
        "precision_at_10": 0.1028,
        "precision_at_20": 0.06845,
        "precision_at_100": 0.02157,
        "precision_at_1000": 0.00339,
        "mrr_at_1": 0.231,
        "mrr_at_3": 0.314333,
        "mrr_at_5": 0.329483,
        "mrr_at_10": 0.342756,
        "mrr_at_20": 0.349477,
        "mrr_at_100": 0.354077,
        "mrr_at_1000": 0.354588,
        "nauc_ndcg_at_1_max": 0.240954,
        "nauc_ndcg_at_1_std": 0.043533,
        "nauc_ndcg_at_1_diff1": 0.25267,
        "nauc_ndcg_at_3_max": 0.272647,
        "nauc_ndcg_at_3_std": 0.071916,
        "nauc_ndcg_at_3_diff1": 0.209373,
        "nauc_ndcg_at_5_max": 0.282044,
        "nauc_ndcg_at_5_std": 0.102966,
        "nauc_ndcg_at_5_diff1": 0.187438,
        "nauc_ndcg_at_10_max": 0.287313,
        "nauc_ndcg_at_10_std": 0.117336,
        "nauc_ndcg_at_10_diff1": 0.189003,
        "nauc_ndcg_at_20_max": 0.301758,
        "nauc_ndcg_at_20_std": 0.154047,
        "nauc_ndcg_at_20_diff1": 0.19418,
        "nauc_ndcg_at_100_max": 0.324494,
        "nauc_ndcg_at_100_std": 0.213558,
        "nauc_ndcg_at_100_diff1": 0.200006,
        "nauc_ndcg_at_1000_max": 0.319116,
        "nauc_ndcg_at_1000_std": 0.217745,
        "nauc_ndcg_at_1000_diff1": 0.196123,
        "nauc_map_at_1_max": 0.239284,
        "nauc_map_at_1_std": 0.043034,
        "nauc_map_at_1_diff1": 0.253076,
        "nauc_map_at_3_max": 0.275656,
        "nauc_map_at_3_std": 0.045795,
        "nauc_map_at_3_diff1": 0.216846,
        "nauc_map_at_5_max": 0.289068,
        "nauc_map_at_5_std": 0.077178,
        "nauc_map_at_5_diff1": 0.199259,
        "nauc_map_at_10_max": 0.293661,
        "nauc_map_at_10_std": 0.093259,
        "nauc_map_at_10_diff1": 0.19599,
        "nauc_map_at_20_max": 0.300242,
        "nauc_map_at_20_std": 0.116881,
        "nauc_map_at_20_diff1": 0.197381,
        "nauc_map_at_100_max": 0.310171,
        "nauc_map_at_100_std": 0.138365,
        "nauc_map_at_100_diff1": 0.199614,
        "nauc_map_at_1000_max": 0.31005,
        "nauc_map_at_1000_std": 0.140458,
        "nauc_map_at_1000_diff1": 0.199207,
        "nauc_recall_at_1_max": 0.239284,
        "nauc_recall_at_1_std": 0.043034,
        "nauc_recall_at_1_diff1": 0.253076,
        "nauc_recall_at_3_max": 0.276889,
        "nauc_recall_at_3_std": 0.083039,
        "nauc_recall_at_3_diff1": 0.189155,
        "nauc_recall_at_5_max": 0.283749,
        "nauc_recall_at_5_std": 0.132864,
        "nauc_recall_at_5_diff1": 0.147731,
        "nauc_recall_at_10_max": 0.277261,
        "nauc_recall_at_10_std": 0.147246,
        "nauc_recall_at_10_diff1": 0.152244,
        "nauc_recall_at_20_max": 0.292396,
        "nauc_recall_at_20_std": 0.212775,
        "nauc_recall_at_20_diff1": 0.15692,
        "nauc_recall_at_100_max": 0.313067,
        "nauc_recall_at_100_std": 0.344478,
        "nauc_recall_at_100_diff1": 0.150612,
        "nauc_recall_at_1000_max": 0.25491,
        "nauc_recall_at_1000_std": 0.359839,
        "nauc_recall_at_1000_diff1": 0.1042,
        "nauc_precision_at_1_max": 0.240954,
        "nauc_precision_at_1_std": 0.043533,
        "nauc_precision_at_1_diff1": 0.25267,
        "nauc_precision_at_3_max": 0.277237,
        "nauc_precision_at_3_std": 0.083434,
        "nauc_precision_at_3_diff1": 0.188556,
        "nauc_precision_at_5_max": 0.286165,
        "nauc_precision_at_5_std": 0.133457,
        "nauc_precision_at_5_diff1": 0.148959,
        "nauc_precision_at_10_max": 0.280623,
        "nauc_precision_at_10_std": 0.146626,
        "nauc_precision_at_10_diff1": 0.153955,
        "nauc_precision_at_20_max": 0.295298,
        "nauc_precision_at_20_std": 0.211509,
        "nauc_precision_at_20_diff1": 0.15875,
        "nauc_precision_at_100_max": 0.314682,
        "nauc_precision_at_100_std": 0.338614,
        "nauc_precision_at_100_diff1": 0.152661,
        "nauc_precision_at_1000_max": 0.259366,
        "nauc_precision_at_1000_std": 0.346184,
        "nauc_precision_at_1000_diff1": 0.10737,
        "nauc_mrr_at_1_max": 0.240954,
        "nauc_mrr_at_1_std": 0.043533,
        "nauc_mrr_at_1_diff1": 0.25267,
        "nauc_mrr_at_3_max": 0.255666,
        "nauc_mrr_at_3_std": 0.088381,
        "nauc_mrr_at_3_diff1": 0.220909,
        "nauc_mrr_at_5_max": 0.254456,
        "nauc_mrr_at_5_std": 0.09066,
        "nauc_mrr_at_5_diff1": 0.212904,
        "nauc_mrr_at_10_max": 0.253548,
        "nauc_mrr_at_10_std": 0.093125,
        "nauc_mrr_at_10_diff1": 0.210086,
        "nauc_mrr_at_20_max": 0.255609,
        "nauc_mrr_at_20_std": 0.096263,
        "nauc_mrr_at_20_diff1": 0.212281,
        "nauc_mrr_at_100_max": 0.255263,
        "nauc_mrr_at_100_std": 0.095802,
        "nauc_mrr_at_100_diff1": 0.213215,
        "nauc_mrr_at_1000_max": 0.255107,
        "nauc_mrr_at_1000_std": 0.095452,
        "nauc_mrr_at_1000_diff1": 0.213322,
        "main_score": 0.19968,
        "hf_subset": "default",
        "languages": [
          "eng-Latn"
        ]
      }
    ]
  },
  "evaluation_time": 173.27883863449097,
  "kg_co2_emissions": null
}