{
  "dataset_revision": "f33a205966ce032f957c3a22f4f9e378f89a2c56",
  "task_name": "PubChemAISentenceParaphrasePC",
  "mteb_version": "1.36.29",
  "scores": {
    "test": [
      {
        "similarity_accuracy": 0.984863,
        "similarity_accuracy_threshold": 0.791096,
        "similarity_f1": 0.923077,
        "similarity_f1_threshold": 0.791096,
        "similarity_precision": 0.939394,
        "similarity_recall": 0.907317,
        "similarity_ap": 0.947001,
        "cosine_accuracy": 0.984863,
        "cosine_accuracy_threshold": 0.791096,
        "cosine_f1": 0.923077,
        "cosine_f1_threshold": 0.791096,
        "cosine_precision": 0.939394,
        "cosine_recall": 0.907317,
        "cosine_ap": 0.947001,
        "manhattan_accuracy": 0.983887,
        "manhattan_accuracy_threshold": 236.064362,
        "manhattan_f1": 0.914729,
        "manhattan_f1_threshold": 236.064362,
        "manhattan_precision": 0.972527,
        "manhattan_recall": 0.863415,
        "manhattan_ap": 0.924357,
        "euclidean_accuracy": 0.984375,
        "euclidean_accuracy_threshold": 10.760139,
        "euclidean_f1": 0.918367,
        "euclidean_f1_threshold": 10.809596,
        "euclidean_precision": 0.962567,
        "euclidean_recall": 0.878049,
        "euclidean_ap": 0.924223,
        "dot_accuracy": 0.939941,
        "dot_accuracy_threshold": 250.490173,
        "dot_f1": 0.679157,
        "dot_f1_threshold": 228.248108,
        "dot_precision": 0.653153,
        "dot_recall": 0.707317,
        "dot_ap": 0.730804,
        "max_accuracy": 0.984863,
        "max_f1": 0.923077,
        "max_precision": 0.972527,
        "max_recall": 0.907317,
        "max_ap": 0.947001,
        "main_score": 0.947001,
        "hf_subset": "default",
        "languages": [
          "eng-Latn"
        ]
      }
    ]
  },
  "evaluation_time": 3.341615676879883,
  "kg_co2_emissions": null
}