{
  "dataset_revision": "7fb14716e4106b72f51a16e682e5cd2d67e9bd70",
  "task_name": "PubChemWikiParagraphsPC",
  "mteb_version": "1.36.29",
  "scores": {
    "test": [
      {
        "similarity_accuracy": 0.899414,
        "similarity_accuracy_threshold": 0.957296,
        "similarity_f1": 0.302658,
        "similarity_f1_threshold": 0.651233,
        "similarity_precision": 0.260563,
        "similarity_recall": 0.360976,
        "similarity_ap": 0.191354,
        "cosine_accuracy": 0.899414,
        "cosine_accuracy_threshold": 0.957296,
        "cosine_f1": 0.302658,
        "cosine_f1_threshold": 0.651233,
        "cosine_precision": 0.260563,
        "cosine_recall": 0.360976,
        "cosine_ap": 0.191354,
        "manhattan_accuracy": 0.899414,
        "manhattan_accuracy_threshold": 129.687759,
        "manhattan_f1": 0.33,
        "manhattan_f1_threshold": 321.044067,
        "manhattan_precision": 0.338462,
        "manhattan_recall": 0.321951,
        "manhattan_ap": 0.215639,
        "euclidean_accuracy": 0.899414,
        "euclidean_accuracy_threshold": 5.937684,
        "euclidean_f1": 0.326957,
        "euclidean_f1_threshold": 15.438189,
        "euclidean_precision": 0.254054,
        "euclidean_recall": 0.458537,
        "euclidean_ap": 0.216901,
        "dot_accuracy": 0.899414,
        "dot_accuracy_threshold": 460.913452,
        "dot_f1": 0.223881,
        "dot_f1_threshold": 182.310516,
        "dot_precision": 0.134865,
        "dot_recall": 0.658537,
        "dot_ap": 0.120684,
        "max_accuracy": 0.899414,
        "max_f1": 0.33,
        "max_precision": 0.338462,
        "max_recall": 0.658537,
        "max_ap": 0.216901,
        "main_score": 0.216901,
        "hf_subset": "default",
        "languages": [
          "eng-Latn"
        ]
      }
    ]
  },
  "evaluation_time": 3.6266355514526367,
  "kg_co2_emissions": null
}