{
  "dataset_revision": "5d958fb6b31055495347724d46431ba41309b03a",
  "task_name": "ChemNQRetrieval",
  "mteb_version": "1.36.20",
  "scores": {
    "test": [
      {
        "ndcg_at_1": 0.40741,
        "ndcg_at_3": 0.51407,
        "ndcg_at_5": 0.5398,
        "ndcg_at_10": 0.59634,
        "ndcg_at_20": 0.62418,
        "ndcg_at_100": 0.64258,
        "ndcg_at_1000": 0.64258,
        "map_at_1": 0.32716,
        "map_at_3": 0.46914,
        "map_at_5": 0.48765,
        "map_at_10": 0.51358,
        "map_at_20": 0.52109,
        "map_at_100": 0.52545,
        "map_at_1000": 0.52545,
        "recall_at_1": 0.32716,
        "recall_at_3": 0.58642,
        "recall_at_5": 0.64198,
        "recall_at_10": 0.80864,
        "recall_at_20": 0.91975,
        "recall_at_100": 1.0,
        "recall_at_1000": 1.0,
        "precision_at_1": 0.40741,
        "precision_at_3": 0.24691,
        "precision_at_5": 0.16296,
        "precision_at_10": 0.1037,
        "precision_at_20": 0.05741,
        "precision_at_100": 0.01296,
        "precision_at_1000": 0.0013,
        "mrr_at_1": 0.407407,
        "mrr_at_3": 0.530864,
        "mrr_at_5": 0.540123,
        "mrr_at_10": 0.55823,
        "mrr_at_20": 0.565735,
        "mrr_at_100": 0.566385,
        "mrr_at_1000": 0.566385,
        "nauc_ndcg_at_1_max": 0.339765,
        "nauc_ndcg_at_1_std": 0.011691,
        "nauc_ndcg_at_1_diff1": 0.391201,
        "nauc_ndcg_at_3_max": 0.200367,
        "nauc_ndcg_at_3_std": -0.109096,
        "nauc_ndcg_at_3_diff1": 0.221879,
        "nauc_ndcg_at_5_max": 0.197919,
        "nauc_ndcg_at_5_std": -0.124261,
        "nauc_ndcg_at_5_diff1": 0.257221,
        "nauc_ndcg_at_10_max": 0.276807,
        "nauc_ndcg_at_10_std": -0.044065,
        "nauc_ndcg_at_10_diff1": 0.310133,
        "nauc_ndcg_at_20_max": 0.24529,
        "nauc_ndcg_at_20_std": -0.102979,
        "nauc_ndcg_at_20_diff1": 0.290085,
        "nauc_ndcg_at_100_max": 0.259691,
        "nauc_ndcg_at_100_std": -0.068836,
        "nauc_ndcg_at_100_diff1": 0.306491,
        "nauc_ndcg_at_1000_max": 0.259691,
        "nauc_ndcg_at_1000_std": -0.068836,
        "nauc_ndcg_at_1000_diff1": 0.306491,
        "nauc_map_at_1_max": 0.247358,
        "nauc_map_at_1_std": 0.018359,
        "nauc_map_at_1_diff1": 0.3152,
        "nauc_map_at_3_max": 0.208881,
        "nauc_map_at_3_std": -0.108147,
        "nauc_map_at_3_diff1": 0.2493,
        "nauc_map_at_5_max": 0.215279,
        "nauc_map_at_5_std": -0.110733,
        "nauc_map_at_5_diff1": 0.269653,
        "nauc_map_at_10_max": 0.240104,
        "nauc_map_at_10_std": -0.088229,
        "nauc_map_at_10_diff1": 0.289472,
        "nauc_map_at_20_max": 0.231179,
        "nauc_map_at_20_std": -0.10316,
        "nauc_map_at_20_diff1": 0.284617,
        "nauc_map_at_100_max": 0.23655,
        "nauc_map_at_100_std": -0.093902,
        "nauc_map_at_100_diff1": 0.289603,
        "nauc_map_at_1000_max": 0.23655,
        "nauc_map_at_1000_std": -0.093902,
        "nauc_map_at_1000_diff1": 0.289603,
        "nauc_recall_at_1_max": 0.247358,
        "nauc_recall_at_1_std": 0.018359,
        "nauc_recall_at_1_diff1": 0.3152,
        "nauc_recall_at_3_max": 0.082674,
        "nauc_recall_at_3_std": -0.175856,
        "nauc_recall_at_3_diff1": 0.08672,
        "nauc_recall_at_5_max": 0.054938,
        "nauc_recall_at_5_std": -0.224572,
        "nauc_recall_at_5_diff1": 0.159645,
        "nauc_recall_at_10_max": 0.361541,
        "nauc_recall_at_10_std": 0.105667,
        "nauc_recall_at_10_diff1": 0.320247,
        "nauc_recall_at_20_max": 0.087917,
        "nauc_recall_at_20_std": -0.402693,
        "nauc_recall_at_20_diff1": 0.057374,
        "nauc_recall_at_100_max": NaN,
        "nauc_recall_at_100_std": NaN,
        "nauc_recall_at_100_diff1": NaN,
        "nauc_recall_at_1000_max": NaN,
        "nauc_recall_at_1000_std": NaN,
        "nauc_recall_at_1000_diff1": NaN,
        "nauc_precision_at_1_max": 0.339765,
        "nauc_precision_at_1_std": 0.011691,
        "nauc_precision_at_1_diff1": 0.391201,
        "nauc_precision_at_3_max": 0.209243,
        "nauc_precision_at_3_std": -0.197515,
        "nauc_precision_at_3_diff1": 0.161605,
        "nauc_precision_at_5_max": 0.19021,
        "nauc_precision_at_5_std": -0.176894,
        "nauc_precision_at_5_diff1": 0.183766,
        "nauc_precision_at_10_max": 0.426824,
        "nauc_precision_at_10_std": 0.072628,
        "nauc_precision_at_10_diff1": 0.32279,
        "nauc_precision_at_20_max": 0.389304,
        "nauc_precision_at_20_std": -0.06324,
        "nauc_precision_at_20_diff1": 0.266032,
        "nauc_precision_at_100_max": 0.313555,
        "nauc_precision_at_100_std": 0.161206,
        "nauc_precision_at_100_diff1": 0.193474,
        "nauc_precision_at_1000_max": 0.313555,
        "nauc_precision_at_1000_std": 0.161206,
        "nauc_precision_at_1000_diff1": 0.193474,
        "nauc_mrr_at_1_max": 0.339765,
        "nauc_mrr_at_1_std": 0.011691,
        "nauc_mrr_at_1_diff1": 0.391201,
        "nauc_mrr_at_3_max": 0.290051,
        "nauc_mrr_at_3_std": -0.027334,
        "nauc_mrr_at_3_diff1": 0.290716,
        "nauc_mrr_at_5_max": 0.278602,
        "nauc_mrr_at_5_std": -0.043901,
        "nauc_mrr_at_5_diff1": 0.31201,
        "nauc_mrr_at_10_max": 0.300272,
        "nauc_mrr_at_10_std": -0.009812,
        "nauc_mrr_at_10_diff1": 0.331664,
        "nauc_mrr_at_20_max": 0.292808,
        "nauc_mrr_at_20_std": -0.022918,
        "nauc_mrr_at_20_diff1": 0.327857,
        "nauc_mrr_at_100_max": 0.292234,
        "nauc_mrr_at_100_std": -0.023215,
        "nauc_mrr_at_100_diff1": 0.327792,
        "nauc_mrr_at_1000_max": 0.292234,
        "nauc_mrr_at_1000_std": -0.023215,
        "nauc_mrr_at_1000_diff1": 0.327792,
        "main_score": 0.59634,
        "hf_subset": "default",
        "languages": [
          "eng-Latn"
        ]
      }
    ]
  },
  "evaluation_time": 29.613144874572754,
  "kg_co2_emissions": null
}