{
  "dataset_revision": "7ba40b69f5fe6ffe4cc189aac9e1710913c73c8a",
  "task_name": "PubChemSMILESPC",
  "mteb_version": "1.36.20",
  "scores": {
    "test": [
      {
        "similarity_accuracy": 0.899902,
        "similarity_accuracy_threshold": 0.507373,
        "similarity_f1": 0.193866,
        "similarity_f1_threshold": 0.20352,
        "similarity_precision": 0.109125,
        "similarity_recall": 0.867647,
        "similarity_ap": 0.106891,
        "cosine_accuracy": 0.899902,
        "cosine_accuracy_threshold": 0.507373,
        "cosine_f1": 0.193866,
        "cosine_f1_threshold": 0.20352,
        "cosine_precision": 0.109125,
        "cosine_recall": 0.867647,
        "cosine_ap": 0.106891,
        "manhattan_accuracy": 0.899902,
        "manhattan_accuracy_threshold": 396.607422,
        "manhattan_f1": 0.184731,
        "manhattan_f1_threshold": 565.597473,
        "manhattan_precision": 0.10219,
        "manhattan_recall": 0.960784,
        "manhattan_ap": 0.100748,
        "euclidean_accuracy": 0.899902,
        "euclidean_accuracy_threshold": 17.830946,
        "euclidean_f1": 0.185396,
        "euclidean_f1_threshold": 24.776583,
        "euclidean_precision": 0.103648,
        "euclidean_recall": 0.877451,
        "euclidean_ap": 0.099567,
        "dot_accuracy": 0.900879,
        "dot_accuracy_threshold": 211.488022,
        "dot_f1": 0.196764,
        "dot_f1_threshold": 83.942001,
        "dot_precision": 0.113348,
        "dot_recall": 0.745098,
        "dot_ap": 0.111174,
        "max_accuracy": 0.900879,
        "max_f1": 0.196764,
        "max_precision": 0.113348,
        "max_recall": 0.960784,
        "max_ap": 0.111174,
        "main_score": 0.111174,
        "hf_subset": "default",
        "languages": [
          "eng-Latn"
        ]
      }
    ]
  },
  "evaluation_time": 3.8072545528411865,
  "kg_co2_emissions": null
}