{
  "dataset_revision": "5037d69d177c9628fb79cb57eea1299178b28c1b",
  "task_name": "PubChemSynonymPC",
  "mteb_version": "1.36.29",
  "scores": {
    "test": [
      {
        "similarity_accuracy": 0.953125,
        "similarity_accuracy_threshold": 0.778067,
        "similarity_f1": 0.716667,
        "similarity_f1_threshold": 0.708787,
        "similarity_precision": 0.826923,
        "similarity_recall": 0.632353,
        "similarity_ap": 0.742661,
        "cosine_accuracy": 0.953125,
        "cosine_accuracy_threshold": 0.778067,
        "cosine_f1": 0.716667,
        "cosine_f1_threshold": 0.708787,
        "cosine_precision": 0.826923,
        "cosine_recall": 0.632353,
        "cosine_ap": 0.742661,
        "manhattan_accuracy": 0.953125,
        "manhattan_accuracy_threshold": 14.995179,
        "manhattan_f1": 0.714286,
        "manhattan_f1_threshold": 16.965168,
        "manhattan_precision": 0.8125,
        "manhattan_recall": 0.637255,
        "manhattan_ap": 0.741733,
        "euclidean_accuracy": 0.953125,
        "euclidean_accuracy_threshold": 0.666248,
        "euclidean_f1": 0.716253,
        "euclidean_f1_threshold": 0.767357,
        "euclidean_precision": 0.81761,
        "euclidean_recall": 0.637255,
        "euclidean_ap": 0.742376,
        "dot_accuracy": 0.953125,
        "dot_accuracy_threshold": 0.778685,
        "dot_f1": 0.721763,
        "dot_f1_threshold": 0.706375,
        "dot_precision": 0.823899,
        "dot_recall": 0.642157,
        "dot_ap": 0.743491,
        "max_accuracy": 0.953125,
        "max_f1": 0.721763,
        "max_precision": 0.826923,
        "max_recall": 0.642157,
        "max_ap": 0.743491,
        "main_score": 0.743491,
        "hf_subset": "default",
        "languages": [
          "eng-Latn"
        ]
      }
    ]
  },
  "evaluation_time": 3.174530029296875,
  "kg_co2_emissions": null
}